capture_id,commit,dirty_hash,toolchain,target,os,cpu,filesystem,benchmark_root,implementation,policy,store_family,storage_mode,workload,workers,payload_bytes,warmup_count,sample_index,operations,elapsed_ns,ops_per_second,p95_latency_ns,failed_operations
"baseline-pre-feature","6d7edc7c29a60a94c59effeeb2b78d8b95038135","default-hasher:f4a984dc06afd081","rustc 1.97.0 (2d8144b78 2026-07-07)","x86_64-unknown-linux-gnu","Linux 7.0.11-76070011-generic x86_64","Intel(R) Core(TM) Ultra 7 155H","/dev/nvme0n1p3[/tmp] ext4   rw,nosuid,nodev,noatime,errors=remount-ro","/tmp/pigment-db-durability-bench","pigment_db","buffered","key_value","vector","ordinary_write","1","32","5","0","193280","100019447","1932424.201466","500","0"
"baseline-pre-feature","6d7edc7c29a60a94c59effeeb2b78d8b95038135","default-hasher:f4a984dc06afd081","rustc 1.97.0 (2d8144b78 2026-07-07)","x86_64-unknown-linux-gnu","Linux 7.0.11-76070011-generic x86_64","Intel(R) Core(TM) Ultra 7 155H","/dev/nvme0n1p3[/tmp] ext4   rw,nosuid,nodev,noatime,errors=remount-ro","/tmp/pigment-db-durability-bench","pigment_db","buffered","key_value","vector","ordinary_write","1","32","5","1","197184","100020798","1971429.981992","495","0"
"baseline-pre-feature","6d7edc7c29a60a94c59effeeb2b78d8b95038135","default-hasher:f4a984dc06afd081","rustc 1.97.0 (2d8144b78 2026-07-07)","x86_64-unknown-linux-gnu","Linux 7.0.11-76070011-generic x86_64","Intel(R) Core(TM) Ultra 7 155H","/dev/nvme0n1p3[/tmp] ext4   rw,nosuid,nodev,noatime,errors=remount-ro","/tmp/pigment-db-durability-bench","pigment_db","buffered","key_value","vector","ordinary_write","1","32","5","2","197376","100029321","1973181.443469","498","0"
"baseline-pre-feature","6d7edc7c29a60a94c59effeeb2b78d8b95038135","default-hasher:f4a984dc06afd081","rustc 1.97.0 (2d8144b78 2026-07-07)","x86_64-unknown-linux-gnu","Linux 7.0.11-76070011-generic x86_64","Intel(R) Core(TM) Ultra 7 155H","/dev/nvme0n1p3[/tmp] ext4   rw,nosuid,nodev,noatime,errors=remount-ro","/tmp/pigment-db-durability-bench","pigment_db","buffered","key_value","vector","ordinary_write","1","32","5","3","197760","100008664","1977428.675580","495","0"
"baseline-pre-feature","6d7edc7c29a60a94c59effeeb2b78d8b95038135","default-hasher:f4a984dc06afd081","rustc 1.97.0 (2d8144b78 2026-07-07)","x86_64-unknown-linux-gnu","Linux 7.0.11-76070011-generic x86_64","Intel(R) Core(TM) Ultra 7 155H","/dev/nvme0n1p3[/tmp] ext4   rw,nosuid,nodev,noatime,errors=remount-ro","/tmp/pigment-db-durability-bench","pigment_db","buffered","key_value","vector","ordinary_write","1","32","5","4","198272","100018840","1982346.525915","495","0"
"baseline-pre-feature","6d7edc7c29a60a94c59effeeb2b78d8b95038135","default-hasher:f4a984dc06afd081","rustc 1.97.0 (2d8144b78 2026-07-07)","x86_64-unknown-linux-gnu","Linux 7.0.11-76070011-generic x86_64","Intel(R) Core(TM) Ultra 7 155H","/dev/nvme0n1p3[/tmp] ext4   rw,nosuid,nodev,noatime,errors=remount-ro","/tmp/pigment-db-durability-bench","pigment_db","buffered","key_value","vector","ordinary_write","1","32","5","5","197760","100022175","1977161.564423","495","0"
"baseline-pre-feature","6d7edc7c29a60a94c59effeeb2b78d8b95038135","default-hasher:f4a984dc06afd081","rustc 1.97.0 (2d8144b78 2026-07-07)","x86_64-unknown-linux-gnu","Linux 7.0.11-76070011-generic x86_64","Intel(R) Core(TM) Ultra 7 155H","/dev/nvme0n1p3[/tmp] ext4   rw,nosuid,nodev,noatime,errors=remount-ro","/tmp/pigment-db-durability-bench","pigment_db","buffered","key_value","vector","ordinary_write","1","32","5","6","198208","100030731","1981471.074124","495","0"
"baseline-pre-feature","6d7edc7c29a60a94c59effeeb2b78d8b95038135","default-hasher:f4a984dc06afd081","rustc 1.97.0 (2d8144b78 2026-07-07)","x86_64-unknown-linux-gnu","Linux 7.0.11-76070011-generic x86_64","Intel(R) Core(TM) Ultra 7 155H","/dev/nvme0n1p3[/tmp] ext4   rw,nosuid,nodev,noatime,errors=remount-ro","/tmp/pigment-db-durability-bench","pigment_db","buffered","key_value","vector","ordinary_write","1","32","5","7","192896","100005901","1928846.178787","513","0"
"baseline-pre-feature","6d7edc7c29a60a94c59effeeb2b78d8b95038135","default-hasher:f4a984dc06afd081","rustc 1.97.0 (2d8144b78 2026-07-07)","x86_64-unknown-linux-gnu","Linux 7.0.11-76070011-generic x86_64","Intel(R) Core(TM) Ultra 7 155H","/dev/nvme0n1p3[/tmp] ext4   rw,nosuid,nodev,noatime,errors=remount-ro","/tmp/pigment-db-durability-bench","pigment_db","buffered","key_value","vector","ordinary_write","1","32","5","8","196416","100012708","1963910.426263","504","0"
"baseline-pre-feature","6d7edc7c29a60a94c59effeeb2b78d8b95038135","default-hasher:f4a984dc06afd081","rustc 1.97.0 (2d8144b78 2026-07-07)","x86_64-unknown-linux-gnu","Linux 7.0.11-76070011-generic x86_64","Intel(R) Core(TM) Ultra 7 155H","/dev/nvme0n1p3[/tmp] ext4   rw,nosuid,nodev,noatime,errors=remount-ro","/tmp/pigment-db-durability-bench","pigment_db","buffered","key_value","vector","ordinary_write","1","32","5","9","197056","100022885","1970109.140523","499","0"
"baseline-pre-feature","6d7edc7c29a60a94c59effeeb2b78d8b95038135","default-hasher:f4a984dc06afd081","rustc 1.97.0 (2d8144b78 2026-07-07)","x86_64-unknown-linux-gnu","Linux 7.0.11-76070011-generic x86_64","Intel(R) Core(TM) Ultra 7 155H","/dev/nvme0n1p3[/tmp] ext4   rw,nosuid,nodev,noatime,errors=remount-ro","/tmp/pigment-db-durability-bench","pigment_db","buffered","key_value","vector","ordinary_write","1","32","5","10","195968","100009307","1959497.629556","499","0"
"baseline-pre-feature","6d7edc7c29a60a94c59effeeb2b78d8b95038135","default-hasher:f4a984dc06afd081","rustc 1.97.0 (2d8144b78 2026-07-07)","x86_64-unknown-linux-gnu","Linux 7.0.11-76070011-generic x86_64","Intel(R) Core(TM) Ultra 7 155H","/dev/nvme0n1p3[/tmp] ext4   rw,nosuid,nodev,noatime,errors=remount-ro","/tmp/pigment-db-durability-bench","pigment_db","buffered","key_value","vector","ordinary_write","8","32","5","0","84992","100374104","846752.265903","20873","0"
"baseline-pre-feature","6d7edc7c29a60a94c59effeeb2b78d8b95038135","default-hasher:f4a984dc06afd081","rustc 1.97.0 (2d8144b78 2026-07-07)","x86_64-unknown-linux-gnu","Linux 7.0.11-76070011-generic x86_64","Intel(R) Core(TM) Ultra 7 155H","/dev/nvme0n1p3[/tmp] ext4   rw,nosuid,nodev,noatime,errors=remount-ro","/tmp/pigment-db-durability-bench","pigment_db","buffered","key_value","vector","ordinary_write","8","32","5","1","85504","100283780","852620.433733","21418","0"
"baseline-pre-feature","6d7edc7c29a60a94c59effeeb2b78d8b95038135","default-hasher:f4a984dc06afd081","rustc 1.97.0 (2d8144b78 2026-07-07)","x86_64-unknown-linux-gnu","Linux 7.0.11-76070011-generic x86_64","Intel(R) Core(TM) Ultra 7 155H","/dev/nvme0n1p3[/tmp] ext4   rw,nosuid,nodev,noatime,errors=remount-ro","/tmp/pigment-db-durability-bench","pigment_db","buffered","key_value","vector","ordinary_write","8","32","5","2","76800","100578025","763586.280403","21855","0"
"baseline-pre-feature","6d7edc7c29a60a94c59effeeb2b78d8b95038135","default-hasher:f4a984dc06afd081","rustc 1.97.0 (2d8144b78 2026-07-07)","x86_64-unknown-linux-gnu","Linux 7.0.11-76070011-generic x86_64","Intel(R) Core(TM) Ultra 7 155H","/dev/nvme0n1p3[/tmp] ext4   rw,nosuid,nodev,noatime,errors=remount-ro","/tmp/pigment-db-durability-bench","pigment_db","buffered","key_value","vector","ordinary_write","8","32","5","3","83456","100201479","832881.917841","21280","0"
"baseline-pre-feature","6d7edc7c29a60a94c59effeeb2b78d8b95038135","default-hasher:f4a984dc06afd081","rustc 1.97.0 (2d8144b78 2026-07-07)","x86_64-unknown-linux-gnu","Linux 7.0.11-76070011-generic x86_64","Intel(R) Core(TM) Ultra 7 155H","/dev/nvme0n1p3[/tmp] ext4   rw,nosuid,nodev,noatime,errors=remount-ro","/tmp/pigment-db-durability-bench","pigment_db","buffered","key_value","vector","ordinary_write","8","32","5","4","86528","100161240","863887.068491","20878","0"
"baseline-pre-feature","6d7edc7c29a60a94c59effeeb2b78d8b95038135","default-hasher:f4a984dc06afd081","rustc 1.97.0 (2d8144b78 2026-07-07)","x86_64-unknown-linux-gnu","Linux 7.0.11-76070011-generic x86_64","Intel(R) Core(TM) Ultra 7 155H","/dev/nvme0n1p3[/tmp] ext4   rw,nosuid,nodev,noatime,errors=remount-ro","/tmp/pigment-db-durability-bench","pigment_db","buffered","key_value","vector","ordinary_write","8","32","5","5","90624","100033084","905940.278718","20516","0"
"baseline-pre-feature","6d7edc7c29a60a94c59effeeb2b78d8b95038135","default-hasher:f4a984dc06afd081","rustc 1.97.0 (2d8144b78 2026-07-07)","x86_64-unknown-linux-gnu","Linux 7.0.11-76070011-generic x86_64","Intel(R) Core(TM) Ultra 7 155H","/dev/nvme0n1p3[/tmp] ext4   rw,nosuid,nodev,noatime,errors=remount-ro","/tmp/pigment-db-durability-bench","pigment_db","buffered","key_value","vector","ordinary_write","8","32","5","6","83456","100332470","831794.532717","20779","0"
"baseline-pre-feature","6d7edc7c29a60a94c59effeeb2b78d8b95038135","default-hasher:f4a984dc06afd081","rustc 1.97.0 (2d8144b78 2026-07-07)","x86_64-unknown-linux-gnu","Linux 7.0.11-76070011-generic x86_64","Intel(R) Core(TM) Ultra 7 155H","/dev/nvme0n1p3[/tmp] ext4   rw,nosuid,nodev,noatime,errors=remount-ro","/tmp/pigment-db-durability-bench","pigment_db","buffered","key_value","vector","ordinary_write","8","32","5","7","84480","100298366","842286.902261","20882","0"
"baseline-pre-feature","6d7edc7c29a60a94c59effeeb2b78d8b95038135","default-hasher:f4a984dc06afd081","rustc 1.97.0 (2d8144b78 2026-07-07)","x86_64-unknown-linux-gnu","Linux 7.0.11-76070011-generic x86_64","Intel(R) Core(TM) Ultra 7 155H","/dev/nvme0n1p3[/tmp] ext4   rw,nosuid,nodev,noatime,errors=remount-ro","/tmp/pigment-db-durability-bench","pigment_db","buffered","key_value","vector","ordinary_write","8","32","5","8","75264","100571267","748364.838637","23195","0"
"baseline-pre-feature","6d7edc7c29a60a94c59effeeb2b78d8b95038135","default-hasher:f4a984dc06afd081","rustc 1.97.0 (2d8144b78 2026-07-07)","x86_64-unknown-linux-gnu","Linux 7.0.11-76070011-generic x86_64","Intel(R) Core(TM) Ultra 7 155H","/dev/nvme0n1p3[/tmp] ext4   rw,nosuid,nodev,noatime,errors=remount-ro","/tmp/pigment-db-durability-bench","pigment_db","buffered","key_value","vector","ordinary_write","8","32","5","9","84480","100505416","840551.717133","21323","0"
"baseline-pre-feature","6d7edc7c29a60a94c59effeeb2b78d8b95038135","default-hasher:f4a984dc06afd081","rustc 1.97.0 (2d8144b78 2026-07-07)","x86_64-unknown-linux-gnu","Linux 7.0.11-76070011-generic x86_64","Intel(R) Core(TM) Ultra 7 155H","/dev/nvme0n1p3[/tmp] ext4   rw,nosuid,nodev,noatime,errors=remount-ro","/tmp/pigment-db-durability-bench","pigment_db","buffered","key_value","vector","ordinary_write","8","32","5","10","89600","100253872","893731.067065","19480","0"
"baseline-pre-feature","6d7edc7c29a60a94c59effeeb2b78d8b95038135","default-hasher:f4a984dc06afd081","rustc 1.97.0 (2d8144b78 2026-07-07)","x86_64-unknown-linux-gnu","Linux 7.0.11-76070011-generic x86_64","Intel(R) Core(TM) Ultra 7 155H","/dev/nvme0n1p3[/tmp] ext4   rw,nosuid,nodev,noatime,errors=remount-ro","/tmp/pigment-db-durability-bench","pigment_db","buffered","key_value","vector","successful_remove","1","32","5","0","180608","100004578","1805997.321443","591","0"
"baseline-pre-feature","6d7edc7c29a60a94c59effeeb2b78d8b95038135","default-hasher:f4a984dc06afd081","rustc 1.97.0 (2d8144b78 2026-07-07)","x86_64-unknown-linux-gnu","Linux 7.0.11-76070011-generic x86_64","Intel(R) Core(TM) Ultra 7 155H","/dev/nvme0n1p3[/tmp] ext4   rw,nosuid,nodev,noatime,errors=remount-ro","/tmp/pigment-db-durability-bench","pigment_db","buffered","key_value","vector","successful_remove","1","32","5","1","189056","100017436","1890230.419424","524","0"
"baseline-pre-feature","6d7edc7c29a60a94c59effeeb2b78d8b95038135","default-hasher:f4a984dc06afd081","rustc 1.97.0 (2d8144b78 2026-07-07)","x86_64-unknown-linux-gnu","Linux 7.0.11-76070011-generic x86_64","Intel(R) Core(TM) Ultra 7 155H","/dev/nvme0n1p3[/tmp] ext4   rw,nosuid,nodev,noatime,errors=remount-ro","/tmp/pigment-db-durability-bench","pigment_db","buffered","key_value","vector","successful_remove","1","32","5","2","188672","100024180","1886263.901389","531","0"
"baseline-pre-feature","6d7edc7c29a60a94c59effeeb2b78d8b95038135","default-hasher:f4a984dc06afd081","rustc 1.97.0 (2d8144b78 2026-07-07)","x86_64-unknown-linux-gnu","Linux 7.0.11-76070011-generic x86_64","Intel(R) Core(TM) Ultra 7 155H","/dev/nvme0n1p3[/tmp] ext4   rw,nosuid,nodev,noatime,errors=remount-ro","/tmp/pigment-db-durability-bench","pigment_db","buffered","key_value","vector","successful_remove","1","32","5","3","185024","100015188","1849959.028223","578","0"
"baseline-pre-feature","6d7edc7c29a60a94c59effeeb2b78d8b95038135","default-hasher:f4a984dc06afd081","rustc 1.97.0 (2d8144b78 2026-07-07)","x86_64-unknown-linux-gnu","Linux 7.0.11-76070011-generic x86_64","Intel(R) Core(TM) Ultra 7 155H","/dev/nvme0n1p3[/tmp] ext4   rw,nosuid,nodev,noatime,errors=remount-ro","/tmp/pigment-db-durability-bench","pigment_db","buffered","key_value","vector","successful_remove","1","32","5","4","189184","100021800","1891427.668768","525","0"
"baseline-pre-feature","6d7edc7c29a60a94c59effeeb2b78d8b95038135","default-hasher:f4a984dc06afd081","rustc 1.97.0 (2d8144b78 2026-07-07)","x86_64-unknown-linux-gnu","Linux 7.0.11-76070011-generic x86_64","Intel(R) Core(TM) Ultra 7 155H","/dev/nvme0n1p3[/tmp] ext4   rw,nosuid,nodev,noatime,errors=remount-ro","/tmp/pigment-db-durability-bench","pigment_db","buffered","key_value","vector","successful_remove","1","32","5","5","186432","100018965","1863966.498754","560","0"
"baseline-pre-feature","6d7edc7c29a60a94c59effeeb2b78d8b95038135","default-hasher:f4a984dc06afd081","rustc 1.97.0 (2d8144b78 2026-07-07)","x86_64-unknown-linux-gnu","Linux 7.0.11-76070011-generic x86_64","Intel(R) Core(TM) Ultra 7 155H","/dev/nvme0n1p3[/tmp] ext4   rw,nosuid,nodev,noatime,errors=remount-ro","/tmp/pigment-db-durability-bench","pigment_db","buffered","key_value","vector","successful_remove","1","32","5","6","187904","100017395","1878713.197839","542","0"
"baseline-pre-feature","6d7edc7c29a60a94c59effeeb2b78d8b95038135","default-hasher:f4a984dc06afd081","rustc 1.97.0 (2d8144b78 2026-07-07)","x86_64-unknown-linux-gnu","Linux 7.0.11-76070011-generic x86_64","Intel(R) Core(TM) Ultra 7 155H","/dev/nvme0n1p3[/tmp] ext4   rw,nosuid,nodev,noatime,errors=remount-ro","/tmp/pigment-db-durability-bench","pigment_db","buffered","key_value","vector","successful_remove","1","32","5","7","186880","100035648","1868134.047575","565","0"
"baseline-pre-feature","6d7edc7c29a60a94c59effeeb2b78d8b95038135","default-hasher:f4a984dc06afd081","rustc 1.97.0 (2d8144b78 2026-07-07)","x86_64-unknown-linux-gnu","Linux 7.0.11-76070011-generic x86_64","Intel(R) Core(TM) Ultra 7 155H","/dev/nvme0n1p3[/tmp] ext4   rw,nosuid,nodev,noatime,errors=remount-ro","/tmp/pigment-db-durability-bench","pigment_db","buffered","key_value","vector","successful_remove","1","32","5","8","186560","100024894","1865135.693121","570","0"
"baseline-pre-feature","6d7edc7c29a60a94c59effeeb2b78d8b95038135","default-hasher:f4a984dc06afd081","rustc 1.97.0 (2d8144b78 2026-07-07)","x86_64-unknown-linux-gnu","Linux 7.0.11-76070011-generic x86_64","Intel(R) Core(TM) Ultra 7 155H","/dev/nvme0n1p3[/tmp] ext4   rw,nosuid,nodev,noatime,errors=remount-ro","/tmp/pigment-db-durability-bench","pigment_db","buffered","key_value","vector","successful_remove","1","32","5","9","182912","100040683","1828376.161726","581","0"
"baseline-pre-feature","6d7edc7c29a60a94c59effeeb2b78d8b95038135","default-hasher:f4a984dc06afd081","rustc 1.97.0 (2d8144b78 2026-07-07)","x86_64-unknown-linux-gnu","Linux 7.0.11-76070011-generic x86_64","Intel(R) Core(TM) Ultra 7 155H","/dev/nvme0n1p3[/tmp] ext4   rw,nosuid,nodev,noatime,errors=remount-ro","/tmp/pigment-db-durability-bench","pigment_db","buffered","key_value","vector","successful_remove","1","32","5","10","179968","100017583","1799363.617895","565","0"
"baseline-pre-feature","6d7edc7c29a60a94c59effeeb2b78d8b95038135","default-hasher:f4a984dc06afd081","rustc 1.97.0 (2d8144b78 2026-07-07)","x86_64-unknown-linux-gnu","Linux 7.0.11-76070011-generic x86_64","Intel(R) Core(TM) Ultra 7 155H","/dev/nvme0n1p3[/tmp] ext4   rw,nosuid,nodev,noatime,errors=remount-ro","/tmp/pigment-db-durability-bench","pigment_db","buffered","key_value","vector","successful_remove","8","32","5","0","80896","100417187","805599.145095","19675","0"
"baseline-pre-feature","6d7edc7c29a60a94c59effeeb2b78d8b95038135","default-hasher:f4a984dc06afd081","rustc 1.97.0 (2d8144b78 2026-07-07)","x86_64-unknown-linux-gnu","Linux 7.0.11-76070011-generic x86_64","Intel(R) Core(TM) Ultra 7 155H","/dev/nvme0n1p3[/tmp] ext4   rw,nosuid,nodev,noatime,errors=remount-ro","/tmp/pigment-db-durability-bench","pigment_db","buffered","key_value","vector","successful_remove","8","32","5","1","79360","100272322","791444.721904","19408","0"
"baseline-pre-feature","6d7edc7c29a60a94c59effeeb2b78d8b95038135","default-hasher:f4a984dc06afd081","rustc 1.97.0 (2d8144b78 2026-07-07)","x86_64-unknown-linux-gnu","Linux 7.0.11-76070011-generic x86_64","Intel(R) Core(TM) Ultra 7 155H","/dev/nvme0n1p3[/tmp] ext4   rw,nosuid,nodev,noatime,errors=remount-ro","/tmp/pigment-db-durability-bench","pigment_db","buffered","key_value","vector","successful_remove","8","32","5","2","77312","100086324","772453.187510","19734","0"
"baseline-pre-feature","6d7edc7c29a60a94c59effeeb2b78d8b95038135","default-hasher:f4a984dc06afd081","rustc 1.97.0 (2d8144b78 2026-07-07)","x86_64-unknown-linux-gnu","Linux 7.0.11-76070011-generic x86_64","Intel(R) Core(TM) Ultra 7 155H","/dev/nvme0n1p3[/tmp] ext4   rw,nosuid,nodev,noatime,errors=remount-ro","/tmp/pigment-db-durability-bench","pigment_db","buffered","key_value","vector","successful_remove","8","32","5","3","71680","100671711","712017.301464","20116","0"
"baseline-pre-feature","6d7edc7c29a60a94c59effeeb2b78d8b95038135","default-hasher:f4a984dc06afd081","rustc 1.97.0 (2d8144b78 2026-07-07)","x86_64-unknown-linux-gnu","Linux 7.0.11-76070011-generic x86_64","Intel(R) Core(TM) Ultra 7 155H","/dev/nvme0n1p3[/tmp] ext4   rw,nosuid,nodev,noatime,errors=remount-ro","/tmp/pigment-db-durability-bench","pigment_db","buffered","key_value","vector","successful_remove","8","32","5","4","77824","100452849","774731.635536","19564","0"
"baseline-pre-feature","6d7edc7c29a60a94c59effeeb2b78d8b95038135","default-hasher:f4a984dc06afd081","rustc 1.97.0 (2d8144b78 2026-07-07)","x86_64-unknown-linux-gnu","Linux 7.0.11-76070011-generic x86_64","Intel(R) Core(TM) Ultra 7 155H","/dev/nvme0n1p3[/tmp] ext4   rw,nosuid,nodev,noatime,errors=remount-ro","/tmp/pigment-db-durability-bench","pigment_db","buffered","key_value","vector","successful_remove","8","32","5","5","77312","100490293","769347.940900","19484","0"
"baseline-pre-feature","6d7edc7c29a60a94c59effeeb2b78d8b95038135","default-hasher:f4a984dc06afd081","rustc 1.97.0 (2d8144b78 2026-07-07)","x86_64-unknown-linux-gnu","Linux 7.0.11-76070011-generic x86_64","Intel(R) Core(TM) Ultra 7 155H","/dev/nvme0n1p3[/tmp] ext4   rw,nosuid,nodev,noatime,errors=remount-ro","/tmp/pigment-db-durability-bench","pigment_db","buffered","key_value","vector","successful_remove","8","32","5","6","81920","100089258","818469.450538","19443","0"
"baseline-pre-feature","6d7edc7c29a60a94c59effeeb2b78d8b95038135","default-hasher:f4a984dc06afd081","rustc 1.97.0 (2d8144b78 2026-07-07)","x86_64-unknown-linux-gnu","Linux 7.0.11-76070011-generic x86_64","Intel(R) Core(TM) Ultra 7 155H","/dev/nvme0n1p3[/tmp] ext4   rw,nosuid,nodev,noatime,errors=remount-ro","/tmp/pigment-db-durability-bench","pigment_db","buffered","key_value","vector","successful_remove","8","32","5","7","70656","100067336","706084.550907","19583","0"
"baseline-pre-feature","6d7edc7c29a60a94c59effeeb2b78d8b95038135","default-hasher:f4a984dc06afd081","rustc 1.97.0 (2d8144b78 2026-07-07)","x86_64-unknown-linux-gnu","Linux 7.0.11-76070011-generic x86_64","Intel(R) Core(TM) Ultra 7 155H","/dev/nvme0n1p3[/tmp] ext4   rw,nosuid,nodev,noatime,errors=remount-ro","/tmp/pigment-db-durability-bench","pigment_db","buffered","key_value","vector","successful_remove","8","32","5","8","83968","100457937","835852.322948","19664","0"
"baseline-pre-feature","6d7edc7c29a60a94c59effeeb2b78d8b95038135","default-hasher:f4a984dc06afd081","rustc 1.97.0 (2d8144b78 2026-07-07)","x86_64-unknown-linux-gnu","Linux 7.0.11-76070011-generic x86_64","Intel(R) Core(TM) Ultra 7 155H","/dev/nvme0n1p3[/tmp] ext4   rw,nosuid,nodev,noatime,errors=remount-ro","/tmp/pigment-db-durability-bench","pigment_db","buffered","key_value","vector","successful_remove","8","32","5","9","65024","100332485","648085.213877","21117","0"
"baseline-pre-feature","6d7edc7c29a60a94c59effeeb2b78d8b95038135","default-hasher:f4a984dc06afd081","rustc 1.97.0 (2d8144b78 2026-07-07)","x86_64-unknown-linux-gnu","Linux 7.0.11-76070011-generic x86_64","Intel(R) Core(TM) Ultra 7 155H","/dev/nvme0n1p3[/tmp] ext4   rw,nosuid,nodev,noatime,errors=remount-ro","/tmp/pigment-db-durability-bench","pigment_db","buffered","key_value","vector","successful_remove","8","32","5","10","75264","100446472","749294.609372","19788","0"
"baseline-pre-feature","6d7edc7c29a60a94c59effeeb2b78d8b95038135","default-hasher:f4a984dc06afd081","rustc 1.97.0 (2d8144b78 2026-07-07)","x86_64-unknown-linux-gnu","Linux 7.0.11-76070011-generic x86_64","Intel(R) Core(TM) Ultra 7 155H","/dev/nvme0n1p3[/tmp] ext4   rw,nosuid,nodev,noatime,errors=remount-ro","/tmp/pigment-db-durability-bench","pigment_db","buffered","key_value","vector","minimal_callback","1","32","5","0","187840","100001548","1878370.922818","523","0"
"baseline-pre-feature","6d7edc7c29a60a94c59effeeb2b78d8b95038135","default-hasher:f4a984dc06afd081","rustc 1.97.0 (2d8144b78 2026-07-07)","x86_64-unknown-linux-gnu","Linux 7.0.11-76070011-generic x86_64","Intel(R) Core(TM) Ultra 7 155H","/dev/nvme0n1p3[/tmp] ext4   rw,nosuid,nodev,noatime,errors=remount-ro","/tmp/pigment-db-durability-bench","pigment_db","buffered","key_value","vector","minimal_callback","1","32","5","1","187200","100023892","1871552.848593","526","0"
"baseline-pre-feature","6d7edc7c29a60a94c59effeeb2b78d8b95038135","default-hasher:f4a984dc06afd081","rustc 1.97.0 (2d8144b78 2026-07-07)","x86_64-unknown-linux-gnu","Linux 7.0.11-76070011-generic x86_64","Intel(R) Core(TM) Ultra 7 155H","/dev/nvme0n1p3[/tmp] ext4   rw,nosuid,nodev,noatime,errors=remount-ro","/tmp/pigment-db-durability-bench","pigment_db","buffered","key_value","vector","minimal_callback","1","32","5","2","188160","100024449","1881140.080062","521","0"
"baseline-pre-feature","6d7edc7c29a60a94c59effeeb2b78d8b95038135","default-hasher:f4a984dc06afd081","rustc 1.97.0 (2d8144b78 2026-07-07)","x86_64-unknown-linux-gnu","Linux 7.0.11-76070011-generic x86_64","Intel(R) Core(TM) Ultra 7 155H","/dev/nvme0n1p3[/tmp] ext4   rw,nosuid,nodev,noatime,errors=remount-ro","/tmp/pigment-db-durability-bench","pigment_db","buffered","key_value","vector","minimal_callback","1","32","5","3","183680","100000082","1836798.493825","533","0"
"baseline-pre-feature","6d7edc7c29a60a94c59effeeb2b78d8b95038135","default-hasher:f4a984dc06afd081","rustc 1.97.0 (2d8144b78 2026-07-07)","x86_64-unknown-linux-gnu","Linux 7.0.11-76070011-generic x86_64","Intel(R) Core(TM) Ultra 7 155H","/dev/nvme0n1p3[/tmp] ext4   rw,nosuid,nodev,noatime,errors=remount-ro","/tmp/pigment-db-durability-bench","pigment_db","buffered","key_value","vector","minimal_callback","1","32","5","4","187008","100000233","1870075.642724","524","0"
"baseline-pre-feature","6d7edc7c29a60a94c59effeeb2b78d8b95038135","default-hasher:f4a984dc06afd081","rustc 1.97.0 (2d8144b78 2026-07-07)","x86_64-unknown-linux-gnu","Linux 7.0.11-76070011-generic x86_64","Intel(R) Core(TM) Ultra 7 155H","/dev/nvme0n1p3[/tmp] ext4   rw,nosuid,nodev,noatime,errors=remount-ro","/tmp/pigment-db-durability-bench","pigment_db","buffered","key_value","vector","minimal_callback","1","32","5","5","188224","100010263","1882046.845532","525","0"
"baseline-pre-feature","6d7edc7c29a60a94c59effeeb2b78d8b95038135","default-hasher:f4a984dc06afd081","rustc 1.97.0 (2d8144b78 2026-07-07)","x86_64-unknown-linux-gnu","Linux 7.0.11-76070011-generic x86_64","Intel(R) Core(TM) Ultra 7 155H","/dev/nvme0n1p3[/tmp] ext4   rw,nosuid,nodev,noatime,errors=remount-ro","/tmp/pigment-db-durability-bench","pigment_db","buffered","key_value","vector","minimal_callback","1","32","5","6","189056","100031997","1889955.271012","519","0"
"baseline-pre-feature","6d7edc7c29a60a94c59effeeb2b78d8b95038135","default-hasher:f4a984dc06afd081","rustc 1.97.0 (2d8144b78 2026-07-07)","x86_64-unknown-linux-gnu","Linux 7.0.11-76070011-generic x86_64","Intel(R) Core(TM) Ultra 7 155H","/dev/nvme0n1p3[/tmp] ext4   rw,nosuid,nodev,noatime,errors=remount-ro","/tmp/pigment-db-durability-bench","pigment_db","buffered","key_value","vector","minimal_callback","1","32","5","7","184448","100014947","1844204.346776","528","0"
"baseline-pre-feature","6d7edc7c29a60a94c59effeeb2b78d8b95038135","default-hasher:f4a984dc06afd081","rustc 1.97.0 (2d8144b78 2026-07-07)","x86_64-unknown-linux-gnu","Linux 7.0.11-76070011-generic x86_64","Intel(R) Core(TM) Ultra 7 155H","/dev/nvme0n1p3[/tmp] ext4   rw,nosuid,nodev,noatime,errors=remount-ro","/tmp/pigment-db-durability-bench","pigment_db","buffered","key_value","vector","minimal_callback","1","32","5","8","186880","100011272","1868589.372606","530","0"
"baseline-pre-feature","6d7edc7c29a60a94c59effeeb2b78d8b95038135","default-hasher:f4a984dc06afd081","rustc 1.97.0 (2d8144b78 2026-07-07)","x86_64-unknown-linux-gnu","Linux 7.0.11-76070011-generic x86_64","Intel(R) Core(TM) Ultra 7 155H","/dev/nvme0n1p3[/tmp] ext4   rw,nosuid,nodev,noatime,errors=remount-ro","/tmp/pigment-db-durability-bench","pigment_db","buffered","key_value","vector","minimal_callback","1","32","5","9","188608","100016836","1885762.513023","521","0"
"baseline-pre-feature","6d7edc7c29a60a94c59effeeb2b78d8b95038135","default-hasher:f4a984dc06afd081","rustc 1.97.0 (2d8144b78 2026-07-07)","x86_64-unknown-linux-gnu","Linux 7.0.11-76070011-generic x86_64","Intel(R) Core(TM) Ultra 7 155H","/dev/nvme0n1p3[/tmp] ext4   rw,nosuid,nodev,noatime,errors=remount-ro","/tmp/pigment-db-durability-bench","pigment_db","buffered","key_value","vector","minimal_callback","1","32","5","10","187072","100024438","1870262.945141","526","0"
"baseline-pre-feature","6d7edc7c29a60a94c59effeeb2b78d8b95038135","default-hasher:f4a984dc06afd081","rustc 1.97.0 (2d8144b78 2026-07-07)","x86_64-unknown-linux-gnu","Linux 7.0.11-76070011-generic x86_64","Intel(R) Core(TM) Ultra 7 155H","/dev/nvme0n1p3[/tmp] ext4   rw,nosuid,nodev,noatime,errors=remount-ro","/tmp/pigment-db-durability-bench","pigment_db","buffered","key_value","vector","minimal_callback","8","32","5","0","77312","100385789","770148.850451","22582","0"
"baseline-pre-feature","6d7edc7c29a60a94c59effeeb2b78d8b95038135","default-hasher:f4a984dc06afd081","rustc 1.97.0 (2d8144b78 2026-07-07)","x86_64-unknown-linux-gnu","Linux 7.0.11-76070011-generic x86_64","Intel(R) Core(TM) Ultra 7 155H","/dev/nvme0n1p3[/tmp] ext4   rw,nosuid,nodev,noatime,errors=remount-ro","/tmp/pigment-db-durability-bench","pigment_db","buffered","key_value","vector","minimal_callback","8","32","5","1","85504","100344416","852105.213309","21174","0"
"baseline-pre-feature","6d7edc7c29a60a94c59effeeb2b78d8b95038135","default-hasher:f4a984dc06afd081","rustc 1.97.0 (2d8144b78 2026-07-07)","x86_64-unknown-linux-gnu","Linux 7.0.11-76070011-generic x86_64","Intel(R) Core(TM) Ultra 7 155H","/dev/nvme0n1p3[/tmp] ext4   rw,nosuid,nodev,noatime,errors=remount-ro","/tmp/pigment-db-durability-bench","pigment_db","buffered","key_value","vector","minimal_callback","8","32","5","2","86016","101048434","851235.359075","21183","0"
"baseline-pre-feature","6d7edc7c29a60a94c59effeeb2b78d8b95038135","default-hasher:f4a984dc06afd081","rustc 1.97.0 (2d8144b78 2026-07-07)","x86_64-unknown-linux-gnu","Linux 7.0.11-76070011-generic x86_64","Intel(R) Core(TM) Ultra 7 155H","/dev/nvme0n1p3[/tmp] ext4   rw,nosuid,nodev,noatime,errors=remount-ro","/tmp/pigment-db-durability-bench","pigment_db","buffered","key_value","vector","minimal_callback","8","32","5","3","86016","100279501","857762.545109","20740","0"
"baseline-pre-feature","6d7edc7c29a60a94c59effeeb2b78d8b95038135","default-hasher:f4a984dc06afd081","rustc 1.97.0 (2d8144b78 2026-07-07)","x86_64-unknown-linux-gnu","Linux 7.0.11-76070011-generic x86_64","Intel(R) Core(TM) Ultra 7 155H","/dev/nvme0n1p3[/tmp] ext4   rw,nosuid,nodev,noatime,errors=remount-ro","/tmp/pigment-db-durability-bench","pigment_db","buffered","key_value","vector","minimal_callback","8","32","5","4","89088","100412980","887215.975465","20611","0"
"baseline-pre-feature","6d7edc7c29a60a94c59effeeb2b78d8b95038135","default-hasher:f4a984dc06afd081","rustc 1.97.0 (2d8144b78 2026-07-07)","x86_64-unknown-linux-gnu","Linux 7.0.11-76070011-generic x86_64","Intel(R) Core(TM) Ultra 7 155H","/dev/nvme0n1p3[/tmp] ext4   rw,nosuid,nodev,noatime,errors=remount-ro","/tmp/pigment-db-durability-bench","pigment_db","buffered","key_value","vector","minimal_callback","8","32","5","5","95232","100337667","949115.151342","20079","0"
"baseline-pre-feature","6d7edc7c29a60a94c59effeeb2b78d8b95038135","default-hasher:f4a984dc06afd081","rustc 1.97.0 (2d8144b78 2026-07-07)","x86_64-unknown-linux-gnu","Linux 7.0.11-76070011-generic x86_64","Intel(R) Core(TM) Ultra 7 155H","/dev/nvme0n1p3[/tmp] ext4   rw,nosuid,nodev,noatime,errors=remount-ro","/tmp/pigment-db-durability-bench","pigment_db","buffered","key_value","vector","minimal_callback","8","32","5","6","92160","100199408","919765.913188","20391","0"
"baseline-pre-feature","6d7edc7c29a60a94c59effeeb2b78d8b95038135","default-hasher:f4a984dc06afd081","rustc 1.97.0 (2d8144b78 2026-07-07)","x86_64-unknown-linux-gnu","Linux 7.0.11-76070011-generic x86_64","Intel(R) Core(TM) Ultra 7 155H","/dev/nvme0n1p3[/tmp] ext4   rw,nosuid,nodev,noatime,errors=remount-ro","/tmp/pigment-db-durability-bench","pigment_db","buffered","key_value","vector","minimal_callback","8","32","5","7","87552","100158826","874131.651663","20855","0"
"baseline-pre-feature","6d7edc7c29a60a94c59effeeb2b78d8b95038135","default-hasher:f4a984dc06afd081","rustc 1.97.0 (2d8144b78 2026-07-07)","x86_64-unknown-linux-gnu","Linux 7.0.11-76070011-generic x86_64","Intel(R) Core(TM) Ultra 7 155H","/dev/nvme0n1p3[/tmp] ext4   rw,nosuid,nodev,noatime,errors=remount-ro","/tmp/pigment-db-durability-bench","pigment_db","buffered","key_value","vector","minimal_callback","8","32","5","8","67072","100530852","667178.270806","21253","0"
"baseline-pre-feature","6d7edc7c29a60a94c59effeeb2b78d8b95038135","default-hasher:f4a984dc06afd081","rustc 1.97.0 (2d8144b78 2026-07-07)","x86_64-unknown-linux-gnu","Linux 7.0.11-76070011-generic x86_64","Intel(R) Core(TM) Ultra 7 155H","/dev/nvme0n1p3[/tmp] ext4   rw,nosuid,nodev,noatime,errors=remount-ro","/tmp/pigment-db-durability-bench","pigment_db","buffered","key_value","vector","minimal_callback","8","32","5","9","87040","100566403","865497.794527","20778","0"
"baseline-pre-feature","6d7edc7c29a60a94c59effeeb2b78d8b95038135","default-hasher:f4a984dc06afd081","rustc 1.97.0 (2d8144b78 2026-07-07)","x86_64-unknown-linux-gnu","Linux 7.0.11-76070011-generic x86_64","Intel(R) Core(TM) Ultra 7 155H","/dev/nvme0n1p3[/tmp] ext4   rw,nosuid,nodev,noatime,errors=remount-ro","/tmp/pigment-db-durability-bench","pigment_db","buffered","key_value","vector","minimal_callback","8","32","5","10","95232","100164344","950757.487115","19290","0"
"baseline-pre-feature","6d7edc7c29a60a94c59effeeb2b78d8b95038135","default-hasher:f4a984dc06afd081","rustc 1.97.0 (2d8144b78 2026-07-07)","x86_64-unknown-linux-gnu","Linux 7.0.11-76070011-generic x86_64","Intel(R) Core(TM) Ultra 7 155H","/dev/nvme0n1p3[/tmp] ext4   rw,nosuid,nodev,noatime,errors=remount-ro","/tmp/pigment-db-durability-bench","pigment_db","buffered","key_value","file","ordinary_write","1","32","5","0","44800","100056902","447745.224013","3087","0"
"baseline-pre-feature","6d7edc7c29a60a94c59effeeb2b78d8b95038135","default-hasher:f4a984dc06afd081","rustc 1.97.0 (2d8144b78 2026-07-07)","x86_64-unknown-linux-gnu","Linux 7.0.11-76070011-generic x86_64","Intel(R) Core(TM) Ultra 7 155H","/dev/nvme0n1p3[/tmp] ext4   rw,nosuid,nodev,noatime,errors=remount-ro","/tmp/pigment-db-durability-bench","pigment_db","buffered","key_value","file","ordinary_write","1","32","5","1","44608","100099861","445634.984448","2795","0"
"baseline-pre-feature","6d7edc7c29a60a94c59effeeb2b78d8b95038135","default-hasher:f4a984dc06afd081","rustc 1.97.0 (2d8144b78 2026-07-07)","x86_64-unknown-linux-gnu","Linux 7.0.11-76070011-generic x86_64","Intel(R) Core(TM) Ultra 7 155H","/dev/nvme0n1p3[/tmp] ext4   rw,nosuid,nodev,noatime,errors=remount-ro","/tmp/pigment-db-durability-bench","pigment_db","buffered","key_value","file","ordinary_write","1","32","5","2","41600","100114487","415524.278719","2622","0"
"baseline-pre-feature","6d7edc7c29a60a94c59effeeb2b78d8b95038135","default-hasher:f4a984dc06afd081","rustc 1.97.0 (2d8144b78 2026-07-07)","x86_64-unknown-linux-gnu","Linux 7.0.11-76070011-generic x86_64","Intel(R) Core(TM) Ultra 7 155H","/dev/nvme0n1p3[/tmp] ext4   rw,nosuid,nodev,noatime,errors=remount-ro","/tmp/pigment-db-durability-bench","pigment_db","buffered","key_value","file","ordinary_write","1","32","5","3","45760","100125065","457028.417410","2721","0"
"baseline-pre-feature","6d7edc7c29a60a94c59effeeb2b78d8b95038135","default-hasher:f4a984dc06afd081","rustc 1.97.0 (2d8144b78 2026-07-07)","x86_64-unknown-linux-gnu","Linux 7.0.11-76070011-generic x86_64","Intel(R) Core(TM) Ultra 7 155H","/dev/nvme0n1p3[/tmp] ext4   rw,nosuid,nodev,noatime,errors=remount-ro","/tmp/pigment-db-durability-bench","pigment_db","buffered","key_value","file","ordinary_write","1","32","5","4","43456","100074015","434238.598301","2737","0"
"baseline-pre-feature","6d7edc7c29a60a94c59effeeb2b78d8b95038135","default-hasher:f4a984dc06afd081","rustc 1.97.0 (2d8144b78 2026-07-07)","x86_64-unknown-linux-gnu","Linux 7.0.11-76070011-generic x86_64","Intel(R) Core(TM) Ultra 7 155H","/dev/nvme0n1p3[/tmp] ext4   rw,nosuid,nodev,noatime,errors=remount-ro","/tmp/pigment-db-durability-bench","pigment_db","buffered","key_value","file","ordinary_write","1","32","5","5","44352","100060227","443253.041990","2874","0"
"baseline-pre-feature","6d7edc7c29a60a94c59effeeb2b78d8b95038135","default-hasher:f4a984dc06afd081","rustc 1.97.0 (2d8144b78 2026-07-07)","x86_64-unknown-linux-gnu","Linux 7.0.11-76070011-generic x86_64","Intel(R) Core(TM) Ultra 7 155H","/dev/nvme0n1p3[/tmp] ext4   rw,nosuid,nodev,noatime,errors=remount-ro","/tmp/pigment-db-durability-bench","pigment_db","buffered","key_value","file","ordinary_write","1","32","5","6","45440","100062946","454114.153305","2563","0"
"baseline-pre-feature","6d7edc7c29a60a94c59effeeb2b78d8b95038135","default-hasher:f4a984dc06afd081","rustc 1.97.0 (2d8144b78 2026-07-07)","x86_64-unknown-linux-gnu","Linux 7.0.11-76070011-generic x86_64","Intel(R) Core(TM) Ultra 7 155H","/dev/nvme0n1p3[/tmp] ext4   rw,nosuid,nodev,noatime,errors=remount-ro","/tmp/pigment-db-durability-bench","pigment_db","buffered","key_value","file","ordinary_write","1","32","5","7","46912","100063483","468822.377490","2562","0"
"baseline-pre-feature","6d7edc7c29a60a94c59effeeb2b78d8b95038135","default-hasher:f4a984dc06afd081","rustc 1.97.0 (2d8144b78 2026-07-07)","x86_64-unknown-linux-gnu","Linux 7.0.11-76070011-generic x86_64","Intel(R) Core(TM) Ultra 7 155H","/dev/nvme0n1p3[/tmp] ext4   rw,nosuid,nodev,noatime,errors=remount-ro","/tmp/pigment-db-durability-bench","pigment_db","buffered","key_value","file","ordinary_write","1","32","5","8","44096","100095049","440541.269928","2805","0"
"baseline-pre-feature","6d7edc7c29a60a94c59effeeb2b78d8b95038135","default-hasher:f4a984dc06afd081","rustc 1.97.0 (2d8144b78 2026-07-07)","x86_64-unknown-linux-gnu","Linux 7.0.11-76070011-generic x86_64","Intel(R) Core(TM) Ultra 7 155H","/dev/nvme0n1p3[/tmp] ext4   rw,nosuid,nodev,noatime,errors=remount-ro","/tmp/pigment-db-durability-bench","pigment_db","buffered","key_value","file","ordinary_write","1","32","5","9","45824","100031535","458095.539572","2659","0"
"baseline-pre-feature","6d7edc7c29a60a94c59effeeb2b78d8b95038135","default-hasher:f4a984dc06afd081","rustc 1.97.0 (2d8144b78 2026-07-07)","x86_64-unknown-linux-gnu","Linux 7.0.11-76070011-generic x86_64","Intel(R) Core(TM) Ultra 7 155H","/dev/nvme0n1p3[/tmp] ext4   rw,nosuid,nodev,noatime,errors=remount-ro","/tmp/pigment-db-durability-bench","pigment_db","buffered","key_value","file","ordinary_write","1","32","5","10","45184","100126772","451267.918634","2432","0"
"baseline-pre-feature","6d7edc7c29a60a94c59effeeb2b78d8b95038135","default-hasher:f4a984dc06afd081","rustc 1.97.0 (2d8144b78 2026-07-07)","x86_64-unknown-linux-gnu","Linux 7.0.11-76070011-generic x86_64","Intel(R) Core(TM) Ultra 7 155H","/dev/nvme0n1p3[/tmp] ext4   rw,nosuid,nodev,noatime,errors=remount-ro","/tmp/pigment-db-durability-bench","pigment_db","buffered","key_value","file","ordinary_write","8","32","5","0","23040","101973960","225940.034103","106184","0"
"baseline-pre-feature","6d7edc7c29a60a94c59effeeb2b78d8b95038135","default-hasher:f4a984dc06afd081","rustc 1.97.0 (2d8144b78 2026-07-07)","x86_64-unknown-linux-gnu","Linux 7.0.11-76070011-generic x86_64","Intel(R) Core(TM) Ultra 7 155H","/dev/nvme0n1p3[/tmp] ext4   rw,nosuid,nodev,noatime,errors=remount-ro","/tmp/pigment-db-durability-bench","pigment_db","buffered","key_value","file","ordinary_write","8","32","5","1","22528","100595671","223946.018512","102931","0"
"baseline-pre-feature","6d7edc7c29a60a94c59effeeb2b78d8b95038135","default-hasher:f4a984dc06afd081","rustc 1.97.0 (2d8144b78 2026-07-07)","x86_64-unknown-linux-gnu","Linux 7.0.11-76070011-generic x86_64","Intel(R) Core(TM) Ultra 7 155H","/dev/nvme0n1p3[/tmp] ext4   rw,nosuid,nodev,noatime,errors=remount-ro","/tmp/pigment-db-durability-bench","pigment_db","buffered","key_value","file","ordinary_write","8","32","5","2","23040","101803726","226317.846166","92579","0"
"baseline-pre-feature","6d7edc7c29a60a94c59effeeb2b78d8b95038135","default-hasher:f4a984dc06afd081","rustc 1.97.0 (2d8144b78 2026-07-07)","x86_64-unknown-linux-gnu","Linux 7.0.11-76070011-generic x86_64","Intel(R) Core(TM) Ultra 7 155H","/dev/nvme0n1p3[/tmp] ext4   rw,nosuid,nodev,noatime,errors=remount-ro","/tmp/pigment-db-durability-bench","pigment_db","buffered","key_value","file","ordinary_write","8","32","5","3","23040","100402898","229475.448009","101892","0"
"baseline-pre-feature","6d7edc7c29a60a94c59effeeb2b78d8b95038135","default-hasher:f4a984dc06afd081","rustc 1.97.0 (2d8144b78 2026-07-07)","x86_64-unknown-linux-gnu","Linux 7.0.11-76070011-generic x86_64","Intel(R) Core(TM) Ultra 7 155H","/dev/nvme0n1p3[/tmp] ext4   rw,nosuid,nodev,noatime,errors=remount-ro","/tmp/pigment-db-durability-bench","pigment_db","buffered","key_value","file","ordinary_write","8","32","5","4","23040","100101912","230165.433803","99988","0"
"baseline-pre-feature","6d7edc7c29a60a94c59effeeb2b78d8b95038135","default-hasher:f4a984dc06afd081","rustc 1.97.0 (2d8144b78 2026-07-07)","x86_64-unknown-linux-gnu","Linux 7.0.11-76070011-generic x86_64","Intel(R) Core(TM) Ultra 7 155H","/dev/nvme0n1p3[/tmp] ext4   rw,nosuid,nodev,noatime,errors=remount-ro","/tmp/pigment-db-durability-bench","pigment_db","buffered","key_value","file","ordinary_write","8","32","5","5","22528","100072228","225117.402203","103771","0"
"baseline-pre-feature","6d7edc7c29a60a94c59effeeb2b78d8b95038135","default-hasher:f4a984dc06afd081","rustc 1.97.0 (2d8144b78 2026-07-07)","x86_64-unknown-linux-gnu","Linux 7.0.11-76070011-generic x86_64","Intel(R) Core(TM) Ultra 7 155H","/dev/nvme0n1p3[/tmp] ext4   rw,nosuid,nodev,noatime,errors=remount-ro","/tmp/pigment-db-durability-bench","pigment_db","buffered","key_value","file","ordinary_write","8","32","5","6","23040","100930310","228276.322544","93031","0"
"baseline-pre-feature","6d7edc7c29a60a94c59effeeb2b78d8b95038135","default-hasher:f4a984dc06afd081","rustc 1.97.0 (2d8144b78 2026-07-07)","x86_64-unknown-linux-gnu","Linux 7.0.11-76070011-generic x86_64","Intel(R) Core(TM) Ultra 7 155H","/dev/nvme0n1p3[/tmp] ext4   rw,nosuid,nodev,noatime,errors=remount-ro","/tmp/pigment-db-durability-bench","pigment_db","buffered","key_value","file","ordinary_write","8","32","5","7","23040","100375328","229538.477822","91844","0"
"baseline-pre-feature","6d7edc7c29a60a94c59effeeb2b78d8b95038135","default-hasher:f4a984dc06afd081","rustc 1.97.0 (2d8144b78 2026-07-07)","x86_64-unknown-linux-gnu","Linux 7.0.11-76070011-generic x86_64","Intel(R) Core(TM) Ultra 7 155H","/dev/nvme0n1p3[/tmp] ext4   rw,nosuid,nodev,noatime,errors=remount-ro","/tmp/pigment-db-durability-bench","pigment_db","buffered","key_value","file","ordinary_write","8","32","5","8","23040","102176948","225491.174389","95482","0"
"baseline-pre-feature","6d7edc7c29a60a94c59effeeb2b78d8b95038135","default-hasher:f4a984dc06afd081","rustc 1.97.0 (2d8144b78 2026-07-07)","x86_64-unknown-linux-gnu","Linux 7.0.11-76070011-generic x86_64","Intel(R) Core(TM) Ultra 7 155H","/dev/nvme0n1p3[/tmp] ext4   rw,nosuid,nodev,noatime,errors=remount-ro","/tmp/pigment-db-durability-bench","pigment_db","buffered","key_value","file","ordinary_write","8","32","5","9","22528","102004912","220852.109553","94574","0"
"baseline-pre-feature","6d7edc7c29a60a94c59effeeb2b78d8b95038135","default-hasher:f4a984dc06afd081","rustc 1.97.0 (2d8144b78 2026-07-07)","x86_64-unknown-linux-gnu","Linux 7.0.11-76070011-generic x86_64","Intel(R) Core(TM) Ultra 7 155H","/dev/nvme0n1p3[/tmp] ext4   rw,nosuid,nodev,noatime,errors=remount-ro","/tmp/pigment-db-durability-bench","pigment_db","buffered","key_value","file","ordinary_write","8","32","5","10","23040","100135096","230089.158750","101593","0"
"baseline-pre-feature","6d7edc7c29a60a94c59effeeb2b78d8b95038135","default-hasher:f4a984dc06afd081","rustc 1.97.0 (2d8144b78 2026-07-07)","x86_64-unknown-linux-gnu","Linux 7.0.11-76070011-generic x86_64","Intel(R) Core(TM) Ultra 7 155H","/dev/nvme0n1p3[/tmp] ext4   rw,nosuid,nodev,noatime,errors=remount-ro","/tmp/pigment-db-durability-bench","pigment_db","buffered","key_value","file","successful_remove","1","32","5","0","53184","100096059","531329.610090","2031","0"
"baseline-pre-feature","6d7edc7c29a60a94c59effeeb2b78d8b95038135","default-hasher:f4a984dc06afd081","rustc 1.97.0 (2d8144b78 2026-07-07)","x86_64-unknown-linux-gnu","Linux 7.0.11-76070011-generic x86_64","Intel(R) Core(TM) Ultra 7 155H","/dev/nvme0n1p3[/tmp] ext4   rw,nosuid,nodev,noatime,errors=remount-ro","/tmp/pigment-db-durability-bench","pigment_db","buffered","key_value","file","successful_remove","1","32","5","1","53888","100046354","538630.323300","1907","0"
"baseline-pre-feature","6d7edc7c29a60a94c59effeeb2b78d8b95038135","default-hasher:f4a984dc06afd081","rustc 1.97.0 (2d8144b78 2026-07-07)","x86_64-unknown-linux-gnu","Linux 7.0.11-76070011-generic x86_64","Intel(R) Core(TM) Ultra 7 155H","/dev/nvme0n1p3[/tmp] ext4   rw,nosuid,nodev,noatime,errors=remount-ro","/tmp/pigment-db-durability-bench","pigment_db","buffered","key_value","file","successful_remove","1","32","5","2","53632","100040330","536103.789342","2252","0"
"baseline-pre-feature","6d7edc7c29a60a94c59effeeb2b78d8b95038135","default-hasher:f4a984dc06afd081","rustc 1.97.0 (2d8144b78 2026-07-07)","x86_64-unknown-linux-gnu","Linux 7.0.11-76070011-generic x86_64","Intel(R) Core(TM) Ultra 7 155H","/dev/nvme0n1p3[/tmp] ext4   rw,nosuid,nodev,noatime,errors=remount-ro","/tmp/pigment-db-durability-bench","pigment_db","buffered","key_value","file","successful_remove","1","32","5","3","54144","100088390","540961.843826","1982","0"
"baseline-pre-feature","6d7edc7c29a60a94c59effeeb2b78d8b95038135","default-hasher:f4a984dc06afd081","rustc 1.97.0 (2d8144b78 2026-07-07)","x86_64-unknown-linux-gnu","Linux 7.0.11-76070011-generic x86_64","Intel(R) Core(TM) Ultra 7 155H","/dev/nvme0n1p3[/tmp] ext4   rw,nosuid,nodev,noatime,errors=remount-ro","/tmp/pigment-db-durability-bench","pigment_db","buffered","key_value","file","successful_remove","1","32","5","4","54208","100063311","541737.020875","1875","0"
"baseline-pre-feature","6d7edc7c29a60a94c59effeeb2b78d8b95038135","default-hasher:f4a984dc06afd081","rustc 1.97.0 (2d8144b78 2026-07-07)","x86_64-unknown-linux-gnu","Linux 7.0.11-76070011-generic x86_64","Intel(R) Core(TM) Ultra 7 155H","/dev/nvme0n1p3[/tmp] ext4   rw,nosuid,nodev,noatime,errors=remount-ro","/tmp/pigment-db-durability-bench","pigment_db","buffered","key_value","file","successful_remove","1","32","5","5","48000","100018219","479912.564730","2607","0"
"baseline-pre-feature","6d7edc7c29a60a94c59effeeb2b78d8b95038135","default-hasher:f4a984dc06afd081","rustc 1.97.0 (2d8144b78 2026-07-07)","x86_64-unknown-linux-gnu","Linux 7.0.11-76070011-generic x86_64","Intel(R) Core(TM) Ultra 7 155H","/dev/nvme0n1p3[/tmp] ext4   rw,nosuid,nodev,noatime,errors=remount-ro","/tmp/pigment-db-durability-bench","pigment_db","buffered","key_value","file","successful_remove","1","32","5","6","52096","100017943","520866.540917","2517","0"
"baseline-pre-feature","6d7edc7c29a60a94c59effeeb2b78d8b95038135","default-hasher:f4a984dc06afd081","rustc 1.97.0 (2d8144b78 2026-07-07)","x86_64-unknown-linux-gnu","Linux 7.0.11-76070011-generic x86_64","Intel(R) Core(TM) Ultra 7 155H","/dev/nvme0n1p3[/tmp] ext4   rw,nosuid,nodev,noatime,errors=remount-ro","/tmp/pigment-db-durability-bench","pigment_db","buffered","key_value","file","successful_remove","1","32","5","7","52672","100070515","526348.845112","2173","0"
"baseline-pre-feature","6d7edc7c29a60a94c59effeeb2b78d8b95038135","default-hasher:f4a984dc06afd081","rustc 1.97.0 (2d8144b78 2026-07-07)","x86_64-unknown-linux-gnu","Linux 7.0.11-76070011-generic x86_64","Intel(R) Core(TM) Ultra 7 155H","/dev/nvme0n1p3[/tmp] ext4   rw,nosuid,nodev,noatime,errors=remount-ro","/tmp/pigment-db-durability-bench","pigment_db","buffered","key_value","file","successful_remove","1","32","5","8","50560","100108549","505051.771353","2772","0"
"baseline-pre-feature","6d7edc7c29a60a94c59effeeb2b78d8b95038135","default-hasher:f4a984dc06afd081","rustc 1.97.0 (2d8144b78 2026-07-07)","x86_64-unknown-linux-gnu","Linux 7.0.11-76070011-generic x86_64","Intel(R) Core(TM) Ultra 7 155H","/dev/nvme0n1p3[/tmp] ext4   rw,nosuid,nodev,noatime,errors=remount-ro","/tmp/pigment-db-durability-bench","pigment_db","buffered","key_value","file","successful_remove","1","32","5","9","53760","100010658","537542.708698","2135","0"
"baseline-pre-feature","6d7edc7c29a60a94c59effeeb2b78d8b95038135","default-hasher:f4a984dc06afd081","rustc 1.97.0 (2d8144b78 2026-07-07)","x86_64-unknown-linux-gnu","Linux 7.0.11-76070011-generic x86_64","Intel(R) Core(TM) Ultra 7 155H","/dev/nvme0n1p3[/tmp] ext4   rw,nosuid,nodev,noatime,errors=remount-ro","/tmp/pigment-db-durability-bench","pigment_db","buffered","key_value","file","successful_remove","1","32","5","10","53440","100078241","533982.206981","2339","0"
"baseline-pre-feature","6d7edc7c29a60a94c59effeeb2b78d8b95038135","default-hasher:f4a984dc06afd081","rustc 1.97.0 (2d8144b78 2026-07-07)","x86_64-unknown-linux-gnu","Linux 7.0.11-76070011-generic x86_64","Intel(R) Core(TM) Ultra 7 155H","/dev/nvme0n1p3[/tmp] ext4   rw,nosuid,nodev,noatime,errors=remount-ro","/tmp/pigment-db-durability-bench","pigment_db","buffered","key_value","file","successful_remove","8","32","5","0","21504","101277621","212327.262308","99472","0"
"baseline-pre-feature","6d7edc7c29a60a94c59effeeb2b78d8b95038135","default-hasher:f4a984dc06afd081","rustc 1.97.0 (2d8144b78 2026-07-07)","x86_64-unknown-linux-gnu","Linux 7.0.11-76070011-generic x86_64","Intel(R) Core(TM) Ultra 7 155H","/dev/nvme0n1p3[/tmp] ext4   rw,nosuid,nodev,noatime,errors=remount-ro","/tmp/pigment-db-durability-bench","pigment_db","buffered","key_value","file","successful_remove","8","32","5","1","20480","100038217","204721.761484","99853","0"
"baseline-pre-feature","6d7edc7c29a60a94c59effeeb2b78d8b95038135","default-hasher:f4a984dc06afd081","rustc 1.97.0 (2d8144b78 2026-07-07)","x86_64-unknown-linux-gnu","Linux 7.0.11-76070011-generic x86_64","Intel(R) Core(TM) Ultra 7 155H","/dev/nvme0n1p3[/tmp] ext4   rw,nosuid,nodev,noatime,errors=remount-ro","/tmp/pigment-db-durability-bench","pigment_db","buffered","key_value","file","successful_remove","8","32","5","2","22016","101345391","217237.308799","103064","0"
"baseline-pre-feature","6d7edc7c29a60a94c59effeeb2b78d8b95038135","default-hasher:f4a984dc06afd081","rustc 1.97.0 (2d8144b78 2026-07-07)","x86_64-unknown-linux-gnu","Linux 7.0.11-76070011-generic x86_64","Intel(R) Core(TM) Ultra 7 155H","/dev/nvme0n1p3[/tmp] ext4   rw,nosuid,nodev,noatime,errors=remount-ro","/tmp/pigment-db-durability-bench","pigment_db","buffered","key_value","file","successful_remove","8","32","5","3","22016","100588412","218872.130122","96078","0"
"baseline-pre-feature","6d7edc7c29a60a94c59effeeb2b78d8b95038135","default-hasher:f4a984dc06afd081","rustc 1.97.0 (2d8144b78 2026-07-07)","x86_64-unknown-linux-gnu","Linux 7.0.11-76070011-generic x86_64","Intel(R) Core(TM) Ultra 7 155H","/dev/nvme0n1p3[/tmp] ext4   rw,nosuid,nodev,noatime,errors=remount-ro","/tmp/pigment-db-durability-bench","pigment_db","buffered","key_value","file","successful_remove","8","32","5","4","21504","101825690","211184.427034","100182","0"
"baseline-pre-feature","6d7edc7c29a60a94c59effeeb2b78d8b95038135","default-hasher:f4a984dc06afd081","rustc 1.97.0 (2d8144b78 2026-07-07)","x86_64-unknown-linux-gnu","Linux 7.0.11-76070011-generic x86_64","Intel(R) Core(TM) Ultra 7 155H","/dev/nvme0n1p3[/tmp] ext4   rw,nosuid,nodev,noatime,errors=remount-ro","/tmp/pigment-db-durability-bench","pigment_db","buffered","key_value","file","successful_remove","8","32","5","5","20992","100216971","209465.520565","101627","0"
"baseline-pre-feature","6d7edc7c29a60a94c59effeeb2b78d8b95038135","default-hasher:f4a984dc06afd081","rustc 1.97.0 (2d8144b78 2026-07-07)","x86_64-unknown-linux-gnu","Linux 7.0.11-76070011-generic x86_64","Intel(R) Core(TM) Ultra 7 155H","/dev/nvme0n1p3[/tmp] ext4   rw,nosuid,nodev,noatime,errors=remount-ro","/tmp/pigment-db-durability-bench","pigment_db","buffered","key_value","file","successful_remove","8","32","5","6","22528","101171578","222671.232824","95342","0"
"baseline-pre-feature","6d7edc7c29a60a94c59effeeb2b78d8b95038135","default-hasher:f4a984dc06afd081","rustc 1.97.0 (2d8144b78 2026-07-07)","x86_64-unknown-linux-gnu","Linux 7.0.11-76070011-generic x86_64","Intel(R) Core(TM) Ultra 7 155H","/dev/nvme0n1p3[/tmp] ext4   rw,nosuid,nodev,noatime,errors=remount-ro","/tmp/pigment-db-durability-bench","pigment_db","buffered","key_value","file","successful_remove","8","32","5","7","22016","100551527","218952.418296","102166","0"
"baseline-pre-feature","6d7edc7c29a60a94c59effeeb2b78d8b95038135","default-hasher:f4a984dc06afd081","rustc 1.97.0 (2d8144b78 2026-07-07)","x86_64-unknown-linux-gnu","Linux 7.0.11-76070011-generic x86_64","Intel(R) Core(TM) Ultra 7 155H","/dev/nvme0n1p3[/tmp] ext4   rw,nosuid,nodev,noatime,errors=remount-ro","/tmp/pigment-db-durability-bench","pigment_db","buffered","key_value","file","successful_remove","8","32","5","8","21504","100650224","213650.791279","106114","0"
"baseline-pre-feature","6d7edc7c29a60a94c59effeeb2b78d8b95038135","default-hasher:f4a984dc06afd081","rustc 1.97.0 (2d8144b78 2026-07-07)","x86_64-unknown-linux-gnu","Linux 7.0.11-76070011-generic x86_64","Intel(R) Core(TM) Ultra 7 155H","/dev/nvme0n1p3[/tmp] ext4   rw,nosuid,nodev,noatime,errors=remount-ro","/tmp/pigment-db-durability-bench","pigment_db","buffered","key_value","file","successful_remove","8","32","5","9","22016","101223457","217498.993341","102516","0"
"baseline-pre-feature","6d7edc7c29a60a94c59effeeb2b78d8b95038135","default-hasher:f4a984dc06afd081","rustc 1.97.0 (2d8144b78 2026-07-07)","x86_64-unknown-linux-gnu","Linux 7.0.11-76070011-generic x86_64","Intel(R) Core(TM) Ultra 7 155H","/dev/nvme0n1p3[/tmp] ext4   rw,nosuid,nodev,noatime,errors=remount-ro","/tmp/pigment-db-durability-bench","pigment_db","buffered","key_value","file","successful_remove","8","32","5","10","21504","100279898","214439.787324","101199","0"
"baseline-pre-feature","6d7edc7c29a60a94c59effeeb2b78d8b95038135","default-hasher:f4a984dc06afd081","rustc 1.97.0 (2d8144b78 2026-07-07)","x86_64-unknown-linux-gnu","Linux 7.0.11-76070011-generic x86_64","Intel(R) Core(TM) Ultra 7 155H","/dev/nvme0n1p3[/tmp] ext4   rw,nosuid,nodev,noatime,errors=remount-ro","/tmp/pigment-db-durability-bench","pigment_db","buffered","key_value","file","minimal_callback","1","32","5","0","44672","100000419","446718.128251","2950","0"
"baseline-pre-feature","6d7edc7c29a60a94c59effeeb2b78d8b95038135","default-hasher:f4a984dc06afd081","rustc 1.97.0 (2d8144b78 2026-07-07)","x86_64-unknown-linux-gnu","Linux 7.0.11-76070011-generic x86_64","Intel(R) Core(TM) Ultra 7 155H","/dev/nvme0n1p3[/tmp] ext4   rw,nosuid,nodev,noatime,errors=remount-ro","/tmp/pigment-db-durability-bench","pigment_db","buffered","key_value","file","minimal_callback","1","32","5","1","45312","100157542","452407.268541","2963","0"
"baseline-pre-feature","6d7edc7c29a60a94c59effeeb2b78d8b95038135","default-hasher:f4a984dc06afd081","rustc 1.97.0 (2d8144b78 2026-07-07)","x86_64-unknown-linux-gnu","Linux 7.0.11-76070011-generic x86_64","Intel(R) Core(TM) Ultra 7 155H","/dev/nvme0n1p3[/tmp] ext4   rw,nosuid,nodev,noatime,errors=remount-ro","/tmp/pigment-db-durability-bench","pigment_db","buffered","key_value","file","minimal_callback","1","32","5","2","45696","100024261","456849.163824","2882","0"
"baseline-pre-feature","6d7edc7c29a60a94c59effeeb2b78d8b95038135","default-hasher:f4a984dc06afd081","rustc 1.97.0 (2d8144b78 2026-07-07)","x86_64-unknown-linux-gnu","Linux 7.0.11-76070011-generic x86_64","Intel(R) Core(TM) Ultra 7 155H","/dev/nvme0n1p3[/tmp] ext4   rw,nosuid,nodev,noatime,errors=remount-ro","/tmp/pigment-db-durability-bench","pigment_db","buffered","key_value","file","minimal_callback","1","32","5","3","46144","100079927","461071.479399","2404","0"
"baseline-pre-feature","6d7edc7c29a60a94c59effeeb2b78d8b95038135","default-hasher:f4a984dc06afd081","rustc 1.97.0 (2d8144b78 2026-07-07)","x86_64-unknown-linux-gnu","Linux 7.0.11-76070011-generic x86_64","Intel(R) Core(TM) Ultra 7 155H","/dev/nvme0n1p3[/tmp] ext4   rw,nosuid,nodev,noatime,errors=remount-ro","/tmp/pigment-db-durability-bench","pigment_db","buffered","key_value","file","minimal_callback","1","32","5","4","41600","100146134","415392.969638","3110","0"
"baseline-pre-feature","6d7edc7c29a60a94c59effeeb2b78d8b95038135","default-hasher:f4a984dc06afd081","rustc 1.97.0 (2d8144b78 2026-07-07)","x86_64-unknown-linux-gnu","Linux 7.0.11-76070011-generic x86_64","Intel(R) Core(TM) Ultra 7 155H","/dev/nvme0n1p3[/tmp] ext4   rw,nosuid,nodev,noatime,errors=remount-ro","/tmp/pigment-db-durability-bench","pigment_db","buffered","key_value","file","minimal_callback","1","32","5","5","45568","100097648","455235.471667","2597","0"
"baseline-pre-feature","6d7edc7c29a60a94c59effeeb2b78d8b95038135","default-hasher:f4a984dc06afd081","rustc 1.97.0 (2d8144b78 2026-07-07)","x86_64-unknown-linux-gnu","Linux 7.0.11-76070011-generic x86_64","Intel(R) Core(TM) Ultra 7 155H","/dev/nvme0n1p3[/tmp] ext4   rw,nosuid,nodev,noatime,errors=remount-ro","/tmp/pigment-db-durability-bench","pigment_db","buffered","key_value","file","minimal_callback","1","32","5","6","46720","100133562","466576.830653","2255","0"
"baseline-pre-feature","6d7edc7c29a60a94c59effeeb2b78d8b95038135","default-hasher:f4a984dc06afd081","rustc 1.97.0 (2d8144b78 2026-07-07)","x86_64-unknown-linux-gnu","Linux 7.0.11-76070011-generic x86_64","Intel(R) Core(TM) Ultra 7 155H","/dev/nvme0n1p3[/tmp] ext4   rw,nosuid,nodev,noatime,errors=remount-ro","/tmp/pigment-db-durability-bench","pigment_db","buffered","key_value","file","minimal_callback","1","32","5","7","45056","100087397","450166.567925","2969","0"
"baseline-pre-feature","6d7edc7c29a60a94c59effeeb2b78d8b95038135","default-hasher:f4a984dc06afd081","rustc 1.97.0 (2d8144b78 2026-07-07)","x86_64-unknown-linux-gnu","Linux 7.0.11-76070011-generic x86_64","Intel(R) Core(TM) Ultra 7 155H","/dev/nvme0n1p3[/tmp] ext4   rw,nosuid,nodev,noatime,errors=remount-ro","/tmp/pigment-db-durability-bench","pigment_db","buffered","key_value","file","minimal_callback","1","32","5","8","41408","100107894","413633.714041","2757","0"
"baseline-pre-feature","6d7edc7c29a60a94c59effeeb2b78d8b95038135","default-hasher:f4a984dc06afd081","rustc 1.97.0 (2d8144b78 2026-07-07)","x86_64-unknown-linux-gnu","Linux 7.0.11-76070011-generic x86_64","Intel(R) Core(TM) Ultra 7 155H","/dev/nvme0n1p3[/tmp] ext4   rw,nosuid,nodev,noatime,errors=remount-ro","/tmp/pigment-db-durability-bench","pigment_db","buffered","key_value","file","minimal_callback","1","32","5","9","42112","100004794","421099.812475","3004","0"
"baseline-pre-feature","6d7edc7c29a60a94c59effeeb2b78d8b95038135","default-hasher:f4a984dc06afd081","rustc 1.97.0 (2d8144b78 2026-07-07)","x86_64-unknown-linux-gnu","Linux 7.0.11-76070011-generic x86_64","Intel(R) Core(TM) Ultra 7 155H","/dev/nvme0n1p3[/tmp] ext4   rw,nosuid,nodev,noatime,errors=remount-ro","/tmp/pigment-db-durability-bench","pigment_db","buffered","key_value","file","minimal_callback","1","32","5","10","42304","100028497","422919.480636","2629","0"
"baseline-pre-feature","6d7edc7c29a60a94c59effeeb2b78d8b95038135","default-hasher:f4a984dc06afd081","rustc 1.97.0 (2d8144b78 2026-07-07)","x86_64-unknown-linux-gnu","Linux 7.0.11-76070011-generic x86_64","Intel(R) Core(TM) Ultra 7 155H","/dev/nvme0n1p3[/tmp] ext4   rw,nosuid,nodev,noatime,errors=remount-ro","/tmp/pigment-db-durability-bench","pigment_db","buffered","key_value","file","minimal_callback","8","32","5","0","22016","100890429","218216.933144","100686","0"
"baseline-pre-feature","6d7edc7c29a60a94c59effeeb2b78d8b95038135","default-hasher:f4a984dc06afd081","rustc 1.97.0 (2d8144b78 2026-07-07)","x86_64-unknown-linux-gnu","Linux 7.0.11-76070011-generic x86_64","Intel(R) Core(TM) Ultra 7 155H","/dev/nvme0n1p3[/tmp] ext4   rw,nosuid,nodev,noatime,errors=remount-ro","/tmp/pigment-db-durability-bench","pigment_db","buffered","key_value","file","minimal_callback","8","32","5","1","20992","102296994","205206.420826","102533","0"
"baseline-pre-feature","6d7edc7c29a60a94c59effeeb2b78d8b95038135","default-hasher:f4a984dc06afd081","rustc 1.97.0 (2d8144b78 2026-07-07)","x86_64-unknown-linux-gnu","Linux 7.0.11-76070011-generic x86_64","Intel(R) Core(TM) Ultra 7 155H","/dev/nvme0n1p3[/tmp] ext4   rw,nosuid,nodev,noatime,errors=remount-ro","/tmp/pigment-db-durability-bench","pigment_db","buffered","key_value","file","minimal_callback","8","32","5","2","22016","101924368","216003.301585","105862","0"
"baseline-pre-feature","6d7edc7c29a60a94c59effeeb2b78d8b95038135","default-hasher:f4a984dc06afd081","rustc 1.97.0 (2d8144b78 2026-07-07)","x86_64-unknown-linux-gnu","Linux 7.0.11-76070011-generic x86_64","Intel(R) Core(TM) Ultra 7 155H","/dev/nvme0n1p3[/tmp] ext4   rw,nosuid,nodev,noatime,errors=remount-ro","/tmp/pigment-db-durability-bench","pigment_db","buffered","key_value","file","minimal_callback","8","32","5","3","22528","100959465","223139.058829","99955","0"
"baseline-pre-feature","6d7edc7c29a60a94c59effeeb2b78d8b95038135","default-hasher:f4a984dc06afd081","rustc 1.97.0 (2d8144b78 2026-07-07)","x86_64-unknown-linux-gnu","Linux 7.0.11-76070011-generic x86_64","Intel(R) Core(TM) Ultra 7 155H","/dev/nvme0n1p3[/tmp] ext4   rw,nosuid,nodev,noatime,errors=remount-ro","/tmp/pigment-db-durability-bench","pigment_db","buffered","key_value","file","minimal_callback","8","32","5","4","23040","100140232","230077.357919","102901","0"
"baseline-pre-feature","6d7edc7c29a60a94c59effeeb2b78d8b95038135","default-hasher:f4a984dc06afd081","rustc 1.97.0 (2d8144b78 2026-07-07)","x86_64-unknown-linux-gnu","Linux 7.0.11-76070011-generic x86_64","Intel(R) Core(TM) Ultra 7 155H","/dev/nvme0n1p3[/tmp] ext4   rw,nosuid,nodev,noatime,errors=remount-ro","/tmp/pigment-db-durability-bench","pigment_db","buffered","key_value","file","minimal_callback","8","32","5","5","23040","101577778","226821.263997","102562","0"
"baseline-pre-feature","6d7edc7c29a60a94c59effeeb2b78d8b95038135","default-hasher:f4a984dc06afd081","rustc 1.97.0 (2d8144b78 2026-07-07)","x86_64-unknown-linux-gnu","Linux 7.0.11-76070011-generic x86_64","Intel(R) Core(TM) Ultra 7 155H","/dev/nvme0n1p3[/tmp] ext4   rw,nosuid,nodev,noatime,errors=remount-ro","/tmp/pigment-db-durability-bench","pigment_db","buffered","key_value","file","minimal_callback","8","32","5","6","22016","100801374","218409.721280","103611","0"
"baseline-pre-feature","6d7edc7c29a60a94c59effeeb2b78d8b95038135","default-hasher:f4a984dc06afd081","rustc 1.97.0 (2d8144b78 2026-07-07)","x86_64-unknown-linux-gnu","Linux 7.0.11-76070011-generic x86_64","Intel(R) Core(TM) Ultra 7 155H","/dev/nvme0n1p3[/tmp] ext4   rw,nosuid,nodev,noatime,errors=remount-ro","/tmp/pigment-db-durability-bench","pigment_db","buffered","key_value","file","minimal_callback","8","32","5","7","22528","101707382","221498.179945","102888","0"
"baseline-pre-feature","6d7edc7c29a60a94c59effeeb2b78d8b95038135","default-hasher:f4a984dc06afd081","rustc 1.97.0 (2d8144b78 2026-07-07)","x86_64-unknown-linux-gnu","Linux 7.0.11-76070011-generic x86_64","Intel(R) Core(TM) Ultra 7 155H","/dev/nvme0n1p3[/tmp] ext4   rw,nosuid,nodev,noatime,errors=remount-ro","/tmp/pigment-db-durability-bench","pigment_db","buffered","key_value","file","minimal_callback","8","32","5","8","22528","101064904","222906.262297","102752","0"
"baseline-pre-feature","6d7edc7c29a60a94c59effeeb2b78d8b95038135","default-hasher:f4a984dc06afd081","rustc 1.97.0 (2d8144b78 2026-07-07)","x86_64-unknown-linux-gnu","Linux 7.0.11-76070011-generic x86_64","Intel(R) Core(TM) Ultra 7 155H","/dev/nvme0n1p3[/tmp] ext4   rw,nosuid,nodev,noatime,errors=remount-ro","/tmp/pigment-db-durability-bench","pigment_db","buffered","key_value","file","minimal_callback","8","32","5","9","21504","100277412","214445.103549","105456","0"
"baseline-pre-feature","6d7edc7c29a60a94c59effeeb2b78d8b95038135","default-hasher:f4a984dc06afd081","rustc 1.97.0 (2d8144b78 2026-07-07)","x86_64-unknown-linux-gnu","Linux 7.0.11-76070011-generic x86_64","Intel(R) Core(TM) Ultra 7 155H","/dev/nvme0n1p3[/tmp] ext4   rw,nosuid,nodev,noatime,errors=remount-ro","/tmp/pigment-db-durability-bench","pigment_db","buffered","key_value","file","minimal_callback","8","32","5","10","22016","102144066","215538.707848","105646","0"
"baseline-pre-feature","6d7edc7c29a60a94c59effeeb2b78d8b95038135","default-hasher:f4a984dc06afd081","rustc 1.97.0 (2d8144b78 2026-07-07)","x86_64-unknown-linux-gnu","Linux 7.0.11-76070011-generic x86_64","Intel(R) Core(TM) Ultra 7 155H","/dev/nvme0n1p3[/tmp] ext4   rw,nosuid,nodev,noatime,errors=remount-ro","/tmp/pigment-db-durability-bench","pigment_db","buffered","key_set","vector","ordinary_write","1","32","5","0","144768","100022792","1447350.119961","704","0"
"baseline-pre-feature","6d7edc7c29a60a94c59effeeb2b78d8b95038135","default-hasher:f4a984dc06afd081","rustc 1.97.0 (2d8144b78 2026-07-07)","x86_64-unknown-linux-gnu","Linux 7.0.11-76070011-generic x86_64","Intel(R) Core(TM) Ultra 7 155H","/dev/nvme0n1p3[/tmp] ext4   rw,nosuid,nodev,noatime,errors=remount-ro","/tmp/pigment-db-durability-bench","pigment_db","buffered","key_set","vector","ordinary_write","1","32","5","1","134656","100013554","1346377.511992","707","0"
"baseline-pre-feature","6d7edc7c29a60a94c59effeeb2b78d8b95038135","default-hasher:f4a984dc06afd081","rustc 1.97.0 (2d8144b78 2026-07-07)","x86_64-unknown-linux-gnu","Linux 7.0.11-76070011-generic x86_64","Intel(R) Core(TM) Ultra 7 155H","/dev/nvme0n1p3[/tmp] ext4   rw,nosuid,nodev,noatime,errors=remount-ro","/tmp/pigment-db-durability-bench","pigment_db","buffered","key_set","vector","ordinary_write","1","32","5","2","140416","100040323","1403594.028780","706","0"
"baseline-pre-feature","6d7edc7c29a60a94c59effeeb2b78d8b95038135","default-hasher:f4a984dc06afd081","rustc 1.97.0 (2d8144b78 2026-07-07)","x86_64-unknown-linux-gnu","Linux 7.0.11-76070011-generic x86_64","Intel(R) Core(TM) Ultra 7 155H","/dev/nvme0n1p3[/tmp] ext4   rw,nosuid,nodev,noatime,errors=remount-ro","/tmp/pigment-db-durability-bench","pigment_db","buffered","key_set","vector","ordinary_write","1","32","5","3","142848","100030693","1428041.691164","707","0"
"baseline-pre-feature","6d7edc7c29a60a94c59effeeb2b78d8b95038135","default-hasher:f4a984dc06afd081","rustc 1.97.0 (2d8144b78 2026-07-07)","x86_64-unknown-linux-gnu","Linux 7.0.11-76070011-generic x86_64","Intel(R) Core(TM) Ultra 7 155H","/dev/nvme0n1p3[/tmp] ext4   rw,nosuid,nodev,noatime,errors=remount-ro","/tmp/pigment-db-durability-bench","pigment_db","buffered","key_set","vector","ordinary_write","1","32","5","4","141504","100012510","1414863.000639","731","0"
"baseline-pre-feature","6d7edc7c29a60a94c59effeeb2b78d8b95038135","default-hasher:f4a984dc06afd081","rustc 1.97.0 (2d8144b78 2026-07-07)","x86_64-unknown-linux-gnu","Linux 7.0.11-76070011-generic x86_64","Intel(R) Core(TM) Ultra 7 155H","/dev/nvme0n1p3[/tmp] ext4   rw,nosuid,nodev,noatime,errors=remount-ro","/tmp/pigment-db-durability-bench","pigment_db","buffered","key_set","vector","ordinary_write","1","32","5","5","140736","100014145","1407160.957083","730","0"
"baseline-pre-feature","6d7edc7c29a60a94c59effeeb2b78d8b95038135","default-hasher:f4a984dc06afd081","rustc 1.97.0 (2d8144b78 2026-07-07)","x86_64-unknown-linux-gnu","Linux 7.0.11-76070011-generic x86_64","Intel(R) Core(TM) Ultra 7 155H","/dev/nvme0n1p3[/tmp] ext4   rw,nosuid,nodev,noatime,errors=remount-ro","/tmp/pigment-db-durability-bench","pigment_db","buffered","key_set","vector","ordinary_write","1","32","5","6","143872","100010092","1438574.819029","701","0"
"baseline-pre-feature","6d7edc7c29a60a94c59effeeb2b78d8b95038135","default-hasher:f4a984dc06afd081","rustc 1.97.0 (2d8144b78 2026-07-07)","x86_64-unknown-linux-gnu","Linux 7.0.11-76070011-generic x86_64","Intel(R) Core(TM) Ultra 7 155H","/dev/nvme0n1p3[/tmp] ext4   rw,nosuid,nodev,noatime,errors=remount-ro","/tmp/pigment-db-durability-bench","pigment_db","buffered","key_set","vector","ordinary_write","1","32","5","7","145024","100037369","1449698.262256","716","0"
"baseline-pre-feature","6d7edc7c29a60a94c59effeeb2b78d8b95038135","default-hasher:f4a984dc06afd081","rustc 1.97.0 (2d8144b78 2026-07-07)","x86_64-unknown-linux-gnu","Linux 7.0.11-76070011-generic x86_64","Intel(R) Core(TM) Ultra 7 155H","/dev/nvme0n1p3[/tmp] ext4   rw,nosuid,nodev,noatime,errors=remount-ro","/tmp/pigment-db-durability-bench","pigment_db","buffered","key_set","vector","ordinary_write","1","32","5","8","139648","100036764","1395966.786771","724","0"
"baseline-pre-feature","6d7edc7c29a60a94c59effeeb2b78d8b95038135","default-hasher:f4a984dc06afd081","rustc 1.97.0 (2d8144b78 2026-07-07)","x86_64-unknown-linux-gnu","Linux 7.0.11-76070011-generic x86_64","Intel(R) Core(TM) Ultra 7 155H","/dev/nvme0n1p3[/tmp] ext4   rw,nosuid,nodev,noatime,errors=remount-ro","/tmp/pigment-db-durability-bench","pigment_db","buffered","key_set","vector","ordinary_write","1","32","5","9","141696","100018390","1416699.468968","719","0"
"baseline-pre-feature","6d7edc7c29a60a94c59effeeb2b78d8b95038135","default-hasher:f4a984dc06afd081","rustc 1.97.0 (2d8144b78 2026-07-07)","x86_64-unknown-linux-gnu","Linux 7.0.11-76070011-generic x86_64","Intel(R) Core(TM) Ultra 7 155H","/dev/nvme0n1p3[/tmp] ext4   rw,nosuid,nodev,noatime,errors=remount-ro","/tmp/pigment-db-durability-bench","pigment_db","buffered","key_set","vector","ordinary_write","1","32","5","10","142336","100017290","1423113.943599","717","0"
"baseline-pre-feature","6d7edc7c29a60a94c59effeeb2b78d8b95038135","default-hasher:f4a984dc06afd081","rustc 1.97.0 (2d8144b78 2026-07-07)","x86_64-unknown-linux-gnu","Linux 7.0.11-76070011-generic x86_64","Intel(R) Core(TM) Ultra 7 155H","/dev/nvme0n1p3[/tmp] ext4   rw,nosuid,nodev,noatime,errors=remount-ro","/tmp/pigment-db-durability-bench","pigment_db","buffered","key_set","vector","ordinary_write","8","32","5","0","83968","100093363","838896.780799","20562","0"
"baseline-pre-feature","6d7edc7c29a60a94c59effeeb2b78d8b95038135","default-hasher:f4a984dc06afd081","rustc 1.97.0 (2d8144b78 2026-07-07)","x86_64-unknown-linux-gnu","Linux 7.0.11-76070011-generic x86_64","Intel(R) Core(TM) Ultra 7 155H","/dev/nvme0n1p3[/tmp] ext4   rw,nosuid,nodev,noatime,errors=remount-ro","/tmp/pigment-db-durability-bench","pigment_db","buffered","key_set","vector","ordinary_write","8","32","5","1","74240","100662591","737513.303229","28835","0"
"baseline-pre-feature","6d7edc7c29a60a94c59effeeb2b78d8b95038135","default-hasher:f4a984dc06afd081","rustc 1.97.0 (2d8144b78 2026-07-07)","x86_64-unknown-linux-gnu","Linux 7.0.11-76070011-generic x86_64","Intel(R) Core(TM) Ultra 7 155H","/dev/nvme0n1p3[/tmp] ext4   rw,nosuid,nodev,noatime,errors=remount-ro","/tmp/pigment-db-durability-bench","pigment_db","buffered","key_set","vector","ordinary_write","8","32","5","2","79360","100216366","791886.626582","21762","0"
"baseline-pre-feature","6d7edc7c29a60a94c59effeeb2b78d8b95038135","default-hasher:f4a984dc06afd081","rustc 1.97.0 (2d8144b78 2026-07-07)","x86_64-unknown-linux-gnu","Linux 7.0.11-76070011-generic x86_64","Intel(R) Core(TM) Ultra 7 155H","/dev/nvme0n1p3[/tmp] ext4   rw,nosuid,nodev,noatime,errors=remount-ro","/tmp/pigment-db-durability-bench","pigment_db","buffered","key_set","vector","ordinary_write","8","32","5","3","85504","100229337","853083.563747","20446","0"
"baseline-pre-feature","6d7edc7c29a60a94c59effeeb2b78d8b95038135","default-hasher:f4a984dc06afd081","rustc 1.97.0 (2d8144b78 2026-07-07)","x86_64-unknown-linux-gnu","Linux 7.0.11-76070011-generic x86_64","Intel(R) Core(TM) Ultra 7 155H","/dev/nvme0n1p3[/tmp] ext4   rw,nosuid,nodev,noatime,errors=remount-ro","/tmp/pigment-db-durability-bench","pigment_db","buffered","key_set","vector","ordinary_write","8","32","5","4","89088","100097924","890008.468108","19923","0"
"baseline-pre-feature","6d7edc7c29a60a94c59effeeb2b78d8b95038135","default-hasher:f4a984dc06afd081","rustc 1.97.0 (2d8144b78 2026-07-07)","x86_64-unknown-linux-gnu","Linux 7.0.11-76070011-generic x86_64","Intel(R) Core(TM) Ultra 7 155H","/dev/nvme0n1p3[/tmp] ext4   rw,nosuid,nodev,noatime,errors=remount-ro","/tmp/pigment-db-durability-bench","pigment_db","buffered","key_set","vector","ordinary_write","8","32","5","5","82944","100558883","824830.164432","20471","0"
"baseline-pre-feature","6d7edc7c29a60a94c59effeeb2b78d8b95038135","default-hasher:f4a984dc06afd081","rustc 1.97.0 (2d8144b78 2026-07-07)","x86_64-unknown-linux-gnu","Linux 7.0.11-76070011-generic x86_64","Intel(R) Core(TM) Ultra 7 155H","/dev/nvme0n1p3[/tmp] ext4   rw,nosuid,nodev,noatime,errors=remount-ro","/tmp/pigment-db-durability-bench","pigment_db","buffered","key_set","vector","ordinary_write","8","32","5","6","84992","100102574","849049.096380","20415","0"
"baseline-pre-feature","6d7edc7c29a60a94c59effeeb2b78d8b95038135","default-hasher:f4a984dc06afd081","rustc 1.97.0 (2d8144b78 2026-07-07)","x86_64-unknown-linux-gnu","Linux 7.0.11-76070011-generic x86_64","Intel(R) Core(TM) Ultra 7 155H","/dev/nvme0n1p3[/tmp] ext4   rw,nosuid,nodev,noatime,errors=remount-ro","/tmp/pigment-db-durability-bench","pigment_db","buffered","key_set","vector","ordinary_write","8","32","5","7","77312","100557191","768836.114366","21145","0"
"baseline-pre-feature","6d7edc7c29a60a94c59effeeb2b78d8b95038135","default-hasher:f4a984dc06afd081","rustc 1.97.0 (2d8144b78 2026-07-07)","x86_64-unknown-linux-gnu","Linux 7.0.11-76070011-generic x86_64","Intel(R) Core(TM) Ultra 7 155H","/dev/nvme0n1p3[/tmp] ext4   rw,nosuid,nodev,noatime,errors=remount-ro","/tmp/pigment-db-durability-bench","pigment_db","buffered","key_set","vector","ordinary_write","8","32","5","8","88064","100286786","878121.669988","19975","0"
"baseline-pre-feature","6d7edc7c29a60a94c59effeeb2b78d8b95038135","default-hasher:f4a984dc06afd081","rustc 1.97.0 (2d8144b78 2026-07-07)","x86_64-unknown-linux-gnu","Linux 7.0.11-76070011-generic x86_64","Intel(R) Core(TM) Ultra 7 155H","/dev/nvme0n1p3[/tmp] ext4   rw,nosuid,nodev,noatime,errors=remount-ro","/tmp/pigment-db-durability-bench","pigment_db","buffered","key_set","vector","ordinary_write","8","32","5","9","87040","100343361","867421.612477","20284","0"
"baseline-pre-feature","6d7edc7c29a60a94c59effeeb2b78d8b95038135","default-hasher:f4a984dc06afd081","rustc 1.97.0 (2d8144b78 2026-07-07)","x86_64-unknown-linux-gnu","Linux 7.0.11-76070011-generic x86_64","Intel(R) Core(TM) Ultra 7 155H","/dev/nvme0n1p3[/tmp] ext4   rw,nosuid,nodev,noatime,errors=remount-ro","/tmp/pigment-db-durability-bench","pigment_db","buffered","key_set","vector","ordinary_write","8","32","5","10","88576","100459479","881708.733528","20324","0"
"baseline-pre-feature","6d7edc7c29a60a94c59effeeb2b78d8b95038135","default-hasher:f4a984dc06afd081","rustc 1.97.0 (2d8144b78 2026-07-07)","x86_64-unknown-linux-gnu","Linux 7.0.11-76070011-generic x86_64","Intel(R) Core(TM) Ultra 7 155H","/dev/nvme0n1p3[/tmp] ext4   rw,nosuid,nodev,noatime,errors=remount-ro","/tmp/pigment-db-durability-bench","pigment_db","buffered","key_set","vector","successful_remove","1","32","5","0","125952","101929808","1235673.866863","701","0"
"baseline-pre-feature","6d7edc7c29a60a94c59effeeb2b78d8b95038135","default-hasher:f4a984dc06afd081","rustc 1.97.0 (2d8144b78 2026-07-07)","x86_64-unknown-linux-gnu","Linux 7.0.11-76070011-generic x86_64","Intel(R) Core(TM) Ultra 7 155H","/dev/nvme0n1p3[/tmp] ext4   rw,nosuid,nodev,noatime,errors=remount-ro","/tmp/pigment-db-durability-bench","pigment_db","buffered","key_set","vector","successful_remove","1","32","5","1","125952","101360255","1242617.236904","746","0"
"baseline-pre-feature","6d7edc7c29a60a94c59effeeb2b78d8b95038135","default-hasher:f4a984dc06afd081","rustc 1.97.0 (2d8144b78 2026-07-07)","x86_64-unknown-linux-gnu","Linux 7.0.11-76070011-generic x86_64","Intel(R) Core(TM) Ultra 7 155H","/dev/nvme0n1p3[/tmp] ext4   rw,nosuid,nodev,noatime,errors=remount-ro","/tmp/pigment-db-durability-bench","pigment_db","buffered","key_set","vector","successful_remove","1","32","5","2","125952","101296522","1243399.057670","745","0"
"baseline-pre-feature","6d7edc7c29a60a94c59effeeb2b78d8b95038135","default-hasher:f4a984dc06afd081","rustc 1.97.0 (2d8144b78 2026-07-07)","x86_64-unknown-linux-gnu","Linux 7.0.11-76070011-generic x86_64","Intel(R) Core(TM) Ultra 7 155H","/dev/nvme0n1p3[/tmp] ext4   rw,nosuid,nodev,noatime,errors=remount-ro","/tmp/pigment-db-durability-bench","pigment_db","buffered","key_set","vector","successful_remove","1","32","5","3","125952","102775318","1225508.248975","754","0"
"baseline-pre-feature","6d7edc7c29a60a94c59effeeb2b78d8b95038135","default-hasher:f4a984dc06afd081","rustc 1.97.0 (2d8144b78 2026-07-07)","x86_64-unknown-linux-gnu","Linux 7.0.11-76070011-generic x86_64","Intel(R) Core(TM) Ultra 7 155H","/dev/nvme0n1p3[/tmp] ext4   rw,nosuid,nodev,noatime,errors=remount-ro","/tmp/pigment-db-durability-bench","pigment_db","buffered","key_set","vector","successful_remove","1","32","5","4","125952","103026733","1222517.654714","654","0"
"baseline-pre-feature","6d7edc7c29a60a94c59effeeb2b78d8b95038135","default-hasher:f4a984dc06afd081","rustc 1.97.0 (2d8144b78 2026-07-07)","x86_64-unknown-linux-gnu","Linux 7.0.11-76070011-generic x86_64","Intel(R) Core(TM) Ultra 7 155H","/dev/nvme0n1p3[/tmp] ext4   rw,nosuid,nodev,noatime,errors=remount-ro","/tmp/pigment-db-durability-bench","pigment_db","buffered","key_set","vector","successful_remove","1","32","5","5","125952","100046602","1258933.311898","642","0"
"baseline-pre-feature","6d7edc7c29a60a94c59effeeb2b78d8b95038135","default-hasher:f4a984dc06afd081","rustc 1.97.0 (2d8144b78 2026-07-07)","x86_64-unknown-linux-gnu","Linux 7.0.11-76070011-generic x86_64","Intel(R) Core(TM) Ultra 7 155H","/dev/nvme0n1p3[/tmp] ext4   rw,nosuid,nodev,noatime,errors=remount-ro","/tmp/pigment-db-durability-bench","pigment_db","buffered","key_set","vector","successful_remove","1","32","5","6","126400","100009220","1263883.469944","629","0"
"baseline-pre-feature","6d7edc7c29a60a94c59effeeb2b78d8b95038135","default-hasher:f4a984dc06afd081","rustc 1.97.0 (2d8144b78 2026-07-07)","x86_64-unknown-linux-gnu","Linux 7.0.11-76070011-generic x86_64","Intel(R) Core(TM) Ultra 7 155H","/dev/nvme0n1p3[/tmp] ext4   rw,nosuid,nodev,noatime,errors=remount-ro","/tmp/pigment-db-durability-bench","pigment_db","buffered","key_set","vector","successful_remove","1","32","5","7","125952","100137841","1257786.254848","632","0"
"baseline-pre-feature","6d7edc7c29a60a94c59effeeb2b78d8b95038135","default-hasher:f4a984dc06afd081","rustc 1.97.0 (2d8144b78 2026-07-07)","x86_64-unknown-linux-gnu","Linux 7.0.11-76070011-generic x86_64","Intel(R) Core(TM) Ultra 7 155H","/dev/nvme0n1p3[/tmp] ext4   rw,nosuid,nodev,noatime,errors=remount-ro","/tmp/pigment-db-durability-bench","pigment_db","buffered","key_set","vector","successful_remove","1","32","5","8","125952","100245265","1256438.396367","638","0"
"baseline-pre-feature","6d7edc7c29a60a94c59effeeb2b78d8b95038135","default-hasher:f4a984dc06afd081","rustc 1.97.0 (2d8144b78 2026-07-07)","x86_64-unknown-linux-gnu","Linux 7.0.11-76070011-generic x86_64","Intel(R) Core(TM) Ultra 7 155H","/dev/nvme0n1p3[/tmp] ext4   rw,nosuid,nodev,noatime,errors=remount-ro","/tmp/pigment-db-durability-bench","pigment_db","buffered","key_set","vector","successful_remove","1","32","5","9","126336","100009011","1263246.168888","638","0"
"baseline-pre-feature","6d7edc7c29a60a94c59effeeb2b78d8b95038135","default-hasher:f4a984dc06afd081","rustc 1.97.0 (2d8144b78 2026-07-07)","x86_64-unknown-linux-gnu","Linux 7.0.11-76070011-generic x86_64","Intel(R) Core(TM) Ultra 7 155H","/dev/nvme0n1p3[/tmp] ext4   rw,nosuid,nodev,noatime,errors=remount-ro","/tmp/pigment-db-durability-bench","pigment_db","buffered","key_set","vector","successful_remove","1","32","5","10","126592","100043113","1265374.459109","618","0"
"baseline-pre-feature","6d7edc7c29a60a94c59effeeb2b78d8b95038135","default-hasher:f4a984dc06afd081","rustc 1.97.0 (2d8144b78 2026-07-07)","x86_64-unknown-linux-gnu","Linux 7.0.11-76070011-generic x86_64","Intel(R) Core(TM) Ultra 7 155H","/dev/nvme0n1p3[/tmp] ext4   rw,nosuid,nodev,noatime,errors=remount-ro","/tmp/pigment-db-durability-bench","pigment_db","buffered","key_set","vector","successful_remove","8","32","5","0","87552","100293317","872959.461496","20164","0"
"baseline-pre-feature","6d7edc7c29a60a94c59effeeb2b78d8b95038135","default-hasher:f4a984dc06afd081","rustc 1.97.0 (2d8144b78 2026-07-07)","x86_64-unknown-linux-gnu","Linux 7.0.11-76070011-generic x86_64","Intel(R) Core(TM) Ultra 7 155H","/dev/nvme0n1p3[/tmp] ext4   rw,nosuid,nodev,noatime,errors=remount-ro","/tmp/pigment-db-durability-bench","pigment_db","buffered","key_set","vector","successful_remove","8","32","5","1","88576","100354064","882634.907541","20178","0"
"baseline-pre-feature","6d7edc7c29a60a94c59effeeb2b78d8b95038135","default-hasher:f4a984dc06afd081","rustc 1.97.0 (2d8144b78 2026-07-07)","x86_64-unknown-linux-gnu","Linux 7.0.11-76070011-generic x86_64","Intel(R) Core(TM) Ultra 7 155H","/dev/nvme0n1p3[/tmp] ext4   rw,nosuid,nodev,noatime,errors=remount-ro","/tmp/pigment-db-durability-bench","pigment_db","buffered","key_set","vector","successful_remove","8","32","5","2","89088","100300954","888206.905789","20201","0"
"baseline-pre-feature","6d7edc7c29a60a94c59effeeb2b78d8b95038135","default-hasher:f4a984dc06afd081","rustc 1.97.0 (2d8144b78 2026-07-07)","x86_64-unknown-linux-gnu","Linux 7.0.11-76070011-generic x86_64","Intel(R) Core(TM) Ultra 7 155H","/dev/nvme0n1p3[/tmp] ext4   rw,nosuid,nodev,noatime,errors=remount-ro","/tmp/pigment-db-durability-bench","pigment_db","buffered","key_set","vector","successful_remove","8","32","5","3","84992","100455471","846066.412849","20428","0"
"baseline-pre-feature","6d7edc7c29a60a94c59effeeb2b78d8b95038135","default-hasher:f4a984dc06afd081","rustc 1.97.0 (2d8144b78 2026-07-07)","x86_64-unknown-linux-gnu","Linux 7.0.11-76070011-generic x86_64","Intel(R) Core(TM) Ultra 7 155H","/dev/nvme0n1p3[/tmp] ext4   rw,nosuid,nodev,noatime,errors=remount-ro","/tmp/pigment-db-durability-bench","pigment_db","buffered","key_set","vector","successful_remove","8","32","5","4","87040","100021384","870213.913457","20320","0"
"baseline-pre-feature","6d7edc7c29a60a94c59effeeb2b78d8b95038135","default-hasher:f4a984dc06afd081","rustc 1.97.0 (2d8144b78 2026-07-07)","x86_64-unknown-linux-gnu","Linux 7.0.11-76070011-generic x86_64","Intel(R) Core(TM) Ultra 7 155H","/dev/nvme0n1p3[/tmp] ext4   rw,nosuid,nodev,noatime,errors=remount-ro","/tmp/pigment-db-durability-bench","pigment_db","buffered","key_set","vector","successful_remove","8","32","5","5","94720","100475883","942713.785357","19739","0"
"baseline-pre-feature","6d7edc7c29a60a94c59effeeb2b78d8b95038135","default-hasher:f4a984dc06afd081","rustc 1.97.0 (2d8144b78 2026-07-07)","x86_64-unknown-linux-gnu","Linux 7.0.11-76070011-generic x86_64","Intel(R) Core(TM) Ultra 7 155H","/dev/nvme0n1p3[/tmp] ext4   rw,nosuid,nodev,noatime,errors=remount-ro","/tmp/pigment-db-durability-bench","pigment_db","buffered","key_set","vector","successful_remove","8","32","5","6","85504","100444569","851255.581574","19698","0"
"baseline-pre-feature","6d7edc7c29a60a94c59effeeb2b78d8b95038135","default-hasher:f4a984dc06afd081","rustc 1.97.0 (2d8144b78 2026-07-07)","x86_64-unknown-linux-gnu","Linux 7.0.11-76070011-generic x86_64","Intel(R) Core(TM) Ultra 7 155H","/dev/nvme0n1p3[/tmp] ext4   rw,nosuid,nodev,noatime,errors=remount-ro","/tmp/pigment-db-durability-bench","pigment_db","buffered","key_set","vector","successful_remove","8","32","5","7","85504","100395551","851671.206028","20573","0"
"baseline-pre-feature","6d7edc7c29a60a94c59effeeb2b78d8b95038135","default-hasher:f4a984dc06afd081","rustc 1.97.0 (2d8144b78 2026-07-07)","x86_64-unknown-linux-gnu","Linux 7.0.11-76070011-generic x86_64","Intel(R) Core(TM) Ultra 7 155H","/dev/nvme0n1p3[/tmp] ext4   rw,nosuid,nodev,noatime,errors=remount-ro","/tmp/pigment-db-durability-bench","pigment_db","buffered","key_set","vector","successful_remove","8","32","5","8","84992","100176010","848426.684193","20304","0"
"baseline-pre-feature","6d7edc7c29a60a94c59effeeb2b78d8b95038135","default-hasher:f4a984dc06afd081","rustc 1.97.0 (2d8144b78 2026-07-07)","x86_64-unknown-linux-gnu","Linux 7.0.11-76070011-generic x86_64","Intel(R) Core(TM) Ultra 7 155H","/dev/nvme0n1p3[/tmp] ext4   rw,nosuid,nodev,noatime,errors=remount-ro","/tmp/pigment-db-durability-bench","pigment_db","buffered","key_set","vector","successful_remove","8","32","5","9","88064","100289636","878096.715796","20530","0"
"baseline-pre-feature","6d7edc7c29a60a94c59effeeb2b78d8b95038135","default-hasher:f4a984dc06afd081","rustc 1.97.0 (2d8144b78 2026-07-07)","x86_64-unknown-linux-gnu","Linux 7.0.11-76070011-generic x86_64","Intel(R) Core(TM) Ultra 7 155H","/dev/nvme0n1p3[/tmp] ext4   rw,nosuid,nodev,noatime,errors=remount-ro","/tmp/pigment-db-durability-bench","pigment_db","buffered","key_set","vector","successful_remove","8","32","5","10","89088","100187818","889209.903743","19784","0"
"baseline-pre-feature","6d7edc7c29a60a94c59effeeb2b78d8b95038135","default-hasher:f4a984dc06afd081","rustc 1.97.0 (2d8144b78 2026-07-07)","x86_64-unknown-linux-gnu","Linux 7.0.11-76070011-generic x86_64","Intel(R) Core(TM) Ultra 7 155H","/dev/nvme0n1p3[/tmp] ext4   rw,nosuid,nodev,noatime,errors=remount-ro","/tmp/pigment-db-durability-bench","pigment_db","buffered","key_set","vector","minimal_callback","1","32","5","0","74752","100028845","747304.440034","1582","0"
"baseline-pre-feature","6d7edc7c29a60a94c59effeeb2b78d8b95038135","default-hasher:f4a984dc06afd081","rustc 1.97.0 (2d8144b78 2026-07-07)","x86_64-unknown-linux-gnu","Linux 7.0.11-76070011-generic x86_64","Intel(R) Core(TM) Ultra 7 155H","/dev/nvme0n1p3[/tmp] ext4   rw,nosuid,nodev,noatime,errors=remount-ro","/tmp/pigment-db-durability-bench","pigment_db","buffered","key_set","vector","minimal_callback","1","32","5","1","75264","100607631","748094.346839","1541","0"
"baseline-pre-feature","6d7edc7c29a60a94c59effeeb2b78d8b95038135","default-hasher:f4a984dc06afd081","rustc 1.97.0 (2d8144b78 2026-07-07)","x86_64-unknown-linux-gnu","Linux 7.0.11-76070011-generic x86_64","Intel(R) Core(TM) Ultra 7 155H","/dev/nvme0n1p3[/tmp] ext4   rw,nosuid,nodev,noatime,errors=remount-ro","/tmp/pigment-db-durability-bench","pigment_db","buffered","key_set","vector","minimal_callback","1","32","5","2","72832","100072930","727789.223319","1864","0"
"baseline-pre-feature","6d7edc7c29a60a94c59effeeb2b78d8b95038135","default-hasher:f4a984dc06afd081","rustc 1.97.0 (2d8144b78 2026-07-07)","x86_64-unknown-linux-gnu","Linux 7.0.11-76070011-generic x86_64","Intel(R) Core(TM) Ultra 7 155H","/dev/nvme0n1p3[/tmp] ext4   rw,nosuid,nodev,noatime,errors=remount-ro","/tmp/pigment-db-durability-bench","pigment_db","buffered","key_set","vector","minimal_callback","1","32","5","3","66624","100094420","665611.529594","2316","0"
"baseline-pre-feature","6d7edc7c29a60a94c59effeeb2b78d8b95038135","default-hasher:f4a984dc06afd081","rustc 1.97.0 (2d8144b78 2026-07-07)","x86_64-unknown-linux-gnu","Linux 7.0.11-76070011-generic x86_64","Intel(R) Core(TM) Ultra 7 155H","/dev/nvme0n1p3[/tmp] ext4   rw,nosuid,nodev,noatime,errors=remount-ro","/tmp/pigment-db-durability-bench","pigment_db","buffered","key_set","vector","minimal_callback","1","32","5","4","64256","100033486","642344.904385","2370","0"
"baseline-pre-feature","6d7edc7c29a60a94c59effeeb2b78d8b95038135","default-hasher:f4a984dc06afd081","rustc 1.97.0 (2d8144b78 2026-07-07)","x86_64-unknown-linux-gnu","Linux 7.0.11-76070011-generic x86_64","Intel(R) Core(TM) Ultra 7 155H","/dev/nvme0n1p3[/tmp] ext4   rw,nosuid,nodev,noatime,errors=remount-ro","/tmp/pigment-db-durability-bench","pigment_db","buffered","key_set","vector","minimal_callback","1","32","5","5","64384","100017114","643729.832077","2058","0"
"baseline-pre-feature","6d7edc7c29a60a94c59effeeb2b78d8b95038135","default-hasher:f4a984dc06afd081","rustc 1.97.0 (2d8144b78 2026-07-07)","x86_64-unknown-linux-gnu","Linux 7.0.11-76070011-generic x86_64","Intel(R) Core(TM) Ultra 7 155H","/dev/nvme0n1p3[/tmp] ext4   rw,nosuid,nodev,noatime,errors=remount-ro","/tmp/pigment-db-durability-bench","pigment_db","buffered","key_set","vector","minimal_callback","1","32","5","6","65024","100016287","650134.112657","2119","0"
"baseline-pre-feature","6d7edc7c29a60a94c59effeeb2b78d8b95038135","default-hasher:f4a984dc06afd081","rustc 1.97.0 (2d8144b78 2026-07-07)","x86_64-unknown-linux-gnu","Linux 7.0.11-76070011-generic x86_64","Intel(R) Core(TM) Ultra 7 155H","/dev/nvme0n1p3[/tmp] ext4   rw,nosuid,nodev,noatime,errors=remount-ro","/tmp/pigment-db-durability-bench","pigment_db","buffered","key_set","vector","minimal_callback","1","32","5","7","70080","100073576","700284.758486","1689","0"
"baseline-pre-feature","6d7edc7c29a60a94c59effeeb2b78d8b95038135","default-hasher:f4a984dc06afd081","rustc 1.97.0 (2d8144b78 2026-07-07)","x86_64-unknown-linux-gnu","Linux 7.0.11-76070011-generic x86_64","Intel(R) Core(TM) Ultra 7 155H","/dev/nvme0n1p3[/tmp] ext4   rw,nosuid,nodev,noatime,errors=remount-ro","/tmp/pigment-db-durability-bench","pigment_db","buffered","key_set","vector","minimal_callback","1","32","5","8","75264","100436813","749366.668972","1567","0"
"baseline-pre-feature","6d7edc7c29a60a94c59effeeb2b78d8b95038135","default-hasher:f4a984dc06afd081","rustc 1.97.0 (2d8144b78 2026-07-07)","x86_64-unknown-linux-gnu","Linux 7.0.11-76070011-generic x86_64","Intel(R) Core(TM) Ultra 7 155H","/dev/nvme0n1p3[/tmp] ext4   rw,nosuid,nodev,noatime,errors=remount-ro","/tmp/pigment-db-durability-bench","pigment_db","buffered","key_set","vector","minimal_callback","1","32","5","9","72000","100006638","719952.209572","1686","0"
"baseline-pre-feature","6d7edc7c29a60a94c59effeeb2b78d8b95038135","default-hasher:f4a984dc06afd081","rustc 1.97.0 (2d8144b78 2026-07-07)","x86_64-unknown-linux-gnu","Linux 7.0.11-76070011-generic x86_64","Intel(R) Core(TM) Ultra 7 155H","/dev/nvme0n1p3[/tmp] ext4   rw,nosuid,nodev,noatime,errors=remount-ro","/tmp/pigment-db-durability-bench","pigment_db","buffered","key_set","vector","minimal_callback","1","32","5","10","74432","100065520","743832.640854","1596","0"
"baseline-pre-feature","6d7edc7c29a60a94c59effeeb2b78d8b95038135","default-hasher:f4a984dc06afd081","rustc 1.97.0 (2d8144b78 2026-07-07)","x86_64-unknown-linux-gnu","Linux 7.0.11-76070011-generic x86_64","Intel(R) Core(TM) Ultra 7 155H","/dev/nvme0n1p3[/tmp] ext4   rw,nosuid,nodev,noatime,errors=remount-ro","/tmp/pigment-db-durability-bench","pigment_db","buffered","key_set","vector","minimal_callback","8","32","5","0","33792","101124107","334163.643096","75996","0"
"baseline-pre-feature","6d7edc7c29a60a94c59effeeb2b78d8b95038135","default-hasher:f4a984dc06afd081","rustc 1.97.0 (2d8144b78 2026-07-07)","x86_64-unknown-linux-gnu","Linux 7.0.11-76070011-generic x86_64","Intel(R) Core(TM) Ultra 7 155H","/dev/nvme0n1p3[/tmp] ext4   rw,nosuid,nodev,noatime,errors=remount-ro","/tmp/pigment-db-durability-bench","pigment_db","buffered","key_set","vector","minimal_callback","8","32","5","1","34304","100278119","342088.586644","75674","0"
"baseline-pre-feature","6d7edc7c29a60a94c59effeeb2b78d8b95038135","default-hasher:f4a984dc06afd081","rustc 1.97.0 (2d8144b78 2026-07-07)","x86_64-unknown-linux-gnu","Linux 7.0.11-76070011-generic x86_64","Intel(R) Core(TM) Ultra 7 155H","/dev/nvme0n1p3[/tmp] ext4   rw,nosuid,nodev,noatime,errors=remount-ro","/tmp/pigment-db-durability-bench","pigment_db","buffered","key_set","vector","minimal_callback","8","32","5","2","33280","100298279","331810.279616","69250","0"
"baseline-pre-feature","6d7edc7c29a60a94c59effeeb2b78d8b95038135","default-hasher:f4a984dc06afd081","rustc 1.97.0 (2d8144b78 2026-07-07)","x86_64-unknown-linux-gnu","Linux 7.0.11-76070011-generic x86_64","Intel(R) Core(TM) Ultra 7 155H","/dev/nvme0n1p3[/tmp] ext4   rw,nosuid,nodev,noatime,errors=remount-ro","/tmp/pigment-db-durability-bench","pigment_db","buffered","key_set","vector","minimal_callback","8","32","5","3","33792","100481230","336301.615735","76614","0"
"baseline-pre-feature","6d7edc7c29a60a94c59effeeb2b78d8b95038135","default-hasher:f4a984dc06afd081","rustc 1.97.0 (2d8144b78 2026-07-07)","x86_64-unknown-linux-gnu","Linux 7.0.11-76070011-generic x86_64","Intel(R) Core(TM) Ultra 7 155H","/dev/nvme0n1p3[/tmp] ext4   rw,nosuid,nodev,noatime,errors=remount-ro","/tmp/pigment-db-durability-bench","pigment_db","buffered","key_set","vector","minimal_callback","8","32","5","4","32256","100343622","321455.408496","78191","0"
"baseline-pre-feature","6d7edc7c29a60a94c59effeeb2b78d8b95038135","default-hasher:f4a984dc06afd081","rustc 1.97.0 (2d8144b78 2026-07-07)","x86_64-unknown-linux-gnu","Linux 7.0.11-76070011-generic x86_64","Intel(R) Core(TM) Ultra 7 155H","/dev/nvme0n1p3[/tmp] ext4   rw,nosuid,nodev,noatime,errors=remount-ro","/tmp/pigment-db-durability-bench","pigment_db","buffered","key_set","vector","minimal_callback","8","32","5","5","33280","100818504","330098.133573","76992","0"
"baseline-pre-feature","6d7edc7c29a60a94c59effeeb2b78d8b95038135","default-hasher:f4a984dc06afd081","rustc 1.97.0 (2d8144b78 2026-07-07)","x86_64-unknown-linux-gnu","Linux 7.0.11-76070011-generic x86_64","Intel(R) Core(TM) Ultra 7 155H","/dev/nvme0n1p3[/tmp] ext4   rw,nosuid,nodev,noatime,errors=remount-ro","/tmp/pigment-db-durability-bench","pigment_db","buffered","key_set","vector","minimal_callback","8","32","5","6","33792","100547999","336078.294308","76932","0"
"baseline-pre-feature","6d7edc7c29a60a94c59effeeb2b78d8b95038135","default-hasher:f4a984dc06afd081","rustc 1.97.0 (2d8144b78 2026-07-07)","x86_64-unknown-linux-gnu","Linux 7.0.11-76070011-generic x86_64","Intel(R) Core(TM) Ultra 7 155H","/dev/nvme0n1p3[/tmp] ext4   rw,nosuid,nodev,noatime,errors=remount-ro","/tmp/pigment-db-durability-bench","pigment_db","buffered","key_set","vector","minimal_callback","8","32","5","7","33792","100701684","335565.391339","74230","0"
"baseline-pre-feature","6d7edc7c29a60a94c59effeeb2b78d8b95038135","default-hasher:f4a984dc06afd081","rustc 1.97.0 (2d8144b78 2026-07-07)","x86_64-unknown-linux-gnu","Linux 7.0.11-76070011-generic x86_64","Intel(R) Core(TM) Ultra 7 155H","/dev/nvme0n1p3[/tmp] ext4   rw,nosuid,nodev,noatime,errors=remount-ro","/tmp/pigment-db-durability-bench","pigment_db","buffered","key_set","vector","minimal_callback","8","32","5","8","35328","100057014","353078.695712","73260","0"
"baseline-pre-feature","6d7edc7c29a60a94c59effeeb2b78d8b95038135","default-hasher:f4a984dc06afd081","rustc 1.97.0 (2d8144b78 2026-07-07)","x86_64-unknown-linux-gnu","Linux 7.0.11-76070011-generic x86_64","Intel(R) Core(TM) Ultra 7 155H","/dev/nvme0n1p3[/tmp] ext4   rw,nosuid,nodev,noatime,errors=remount-ro","/tmp/pigment-db-durability-bench","pigment_db","buffered","key_set","vector","minimal_callback","8","32","5","9","31744","101196787","313685.848544","76358","0"
"baseline-pre-feature","6d7edc7c29a60a94c59effeeb2b78d8b95038135","default-hasher:f4a984dc06afd081","rustc 1.97.0 (2d8144b78 2026-07-07)","x86_64-unknown-linux-gnu","Linux 7.0.11-76070011-generic x86_64","Intel(R) Core(TM) Ultra 7 155H","/dev/nvme0n1p3[/tmp] ext4   rw,nosuid,nodev,noatime,errors=remount-ro","/tmp/pigment-db-durability-bench","pigment_db","buffered","key_set","vector","minimal_callback","8","32","5","10","32768","100019243","327616.956669","77794","0"
"baseline-pre-feature","6d7edc7c29a60a94c59effeeb2b78d8b95038135","default-hasher:f4a984dc06afd081","rustc 1.97.0 (2d8144b78 2026-07-07)","x86_64-unknown-linux-gnu","Linux 7.0.11-76070011-generic x86_64","Intel(R) Core(TM) Ultra 7 155H","/dev/nvme0n1p3[/tmp] ext4   rw,nosuid,nodev,noatime,errors=remount-ro","/tmp/pigment-db-durability-bench","pigment_db","buffered","key_set","file","ordinary_write","1","32","5","0","41856","100124895","418037.891575","2973","0"
"baseline-pre-feature","6d7edc7c29a60a94c59effeeb2b78d8b95038135","default-hasher:f4a984dc06afd081","rustc 1.97.0 (2d8144b78 2026-07-07)","x86_64-unknown-linux-gnu","Linux 7.0.11-76070011-generic x86_64","Intel(R) Core(TM) Ultra 7 155H","/dev/nvme0n1p3[/tmp] ext4   rw,nosuid,nodev,noatime,errors=remount-ro","/tmp/pigment-db-durability-bench","pigment_db","buffered","key_set","file","ordinary_write","1","32","5","1","42496","100044735","424769.979150","2598","0"
"baseline-pre-feature","6d7edc7c29a60a94c59effeeb2b78d8b95038135","default-hasher:f4a984dc06afd081","rustc 1.97.0 (2d8144b78 2026-07-07)","x86_64-unknown-linux-gnu","Linux 7.0.11-76070011-generic x86_64","Intel(R) Core(TM) Ultra 7 155H","/dev/nvme0n1p3[/tmp] ext4   rw,nosuid,nodev,noatime,errors=remount-ro","/tmp/pigment-db-durability-bench","pigment_db","buffered","key_set","file","ordinary_write","1","32","5","2","42176","100137003","421182.966700","2709","0"
"baseline-pre-feature","6d7edc7c29a60a94c59effeeb2b78d8b95038135","default-hasher:f4a984dc06afd081","rustc 1.97.0 (2d8144b78 2026-07-07)","x86_64-unknown-linux-gnu","Linux 7.0.11-76070011-generic x86_64","Intel(R) Core(TM) Ultra 7 155H","/dev/nvme0n1p3[/tmp] ext4   rw,nosuid,nodev,noatime,errors=remount-ro","/tmp/pigment-db-durability-bench","pigment_db","buffered","key_set","file","ordinary_write","1","32","5","3","40256","100083023","402226.059858","3205","0"
"baseline-pre-feature","6d7edc7c29a60a94c59effeeb2b78d8b95038135","default-hasher:f4a984dc06afd081","rustc 1.97.0 (2d8144b78 2026-07-07)","x86_64-unknown-linux-gnu","Linux 7.0.11-76070011-generic x86_64","Intel(R) Core(TM) Ultra 7 155H","/dev/nvme0n1p3[/tmp] ext4   rw,nosuid,nodev,noatime,errors=remount-ro","/tmp/pigment-db-durability-bench","pigment_db","buffered","key_set","file","ordinary_write","1","32","5","4","40832","100083013","407981.322465","3121","0"
"baseline-pre-feature","6d7edc7c29a60a94c59effeeb2b78d8b95038135","default-hasher:f4a984dc06afd081","rustc 1.97.0 (2d8144b78 2026-07-07)","x86_64-unknown-linux-gnu","Linux 7.0.11-76070011-generic x86_64","Intel(R) Core(TM) Ultra 7 155H","/dev/nvme0n1p3[/tmp] ext4   rw,nosuid,nodev,noatime,errors=remount-ro","/tmp/pigment-db-durability-bench","pigment_db","buffered","key_set","file","ordinary_write","1","32","5","5","42432","100035125","424171.009933","2488","0"
"baseline-pre-feature","6d7edc7c29a60a94c59effeeb2b78d8b95038135","default-hasher:f4a984dc06afd081","rustc 1.97.0 (2d8144b78 2026-07-07)","x86_64-unknown-linux-gnu","Linux 7.0.11-76070011-generic x86_64","Intel(R) Core(TM) Ultra 7 155H","/dev/nvme0n1p3[/tmp] ext4   rw,nosuid,nodev,noatime,errors=remount-ro","/tmp/pigment-db-durability-bench","pigment_db","buffered","key_set","file","ordinary_write","1","32","5","6","42432","100081362","423975.045424","2757","0"
"baseline-pre-feature","6d7edc7c29a60a94c59effeeb2b78d8b95038135","default-hasher:f4a984dc06afd081","rustc 1.97.0 (2d8144b78 2026-07-07)","x86_64-unknown-linux-gnu","Linux 7.0.11-76070011-generic x86_64","Intel(R) Core(TM) Ultra 7 155H","/dev/nvme0n1p3[/tmp] ext4   rw,nosuid,nodev,noatime,errors=remount-ro","/tmp/pigment-db-durability-bench","pigment_db","buffered","key_set","file","ordinary_write","1","32","5","7","40832","100131426","407784.065714","3087","0"
"baseline-pre-feature","6d7edc7c29a60a94c59effeeb2b78d8b95038135","default-hasher:f4a984dc06afd081","rustc 1.97.0 (2d8144b78 2026-07-07)","x86_64-unknown-linux-gnu","Linux 7.0.11-76070011-generic x86_64","Intel(R) Core(TM) Ultra 7 155H","/dev/nvme0n1p3[/tmp] ext4   rw,nosuid,nodev,noatime,errors=remount-ro","/tmp/pigment-db-durability-bench","pigment_db","buffered","key_set","file","ordinary_write","1","32","5","8","41152","100019512","411439.719882","3010","0"
"baseline-pre-feature","6d7edc7c29a60a94c59effeeb2b78d8b95038135","default-hasher:f4a984dc06afd081","rustc 1.97.0 (2d8144b78 2026-07-07)","x86_64-unknown-linux-gnu","Linux 7.0.11-76070011-generic x86_64","Intel(R) Core(TM) Ultra 7 155H","/dev/nvme0n1p3[/tmp] ext4   rw,nosuid,nodev,noatime,errors=remount-ro","/tmp/pigment-db-durability-bench","pigment_db","buffered","key_set","file","ordinary_write","1","32","5","9","41536","100037713","415203.414336","2964","0"
"baseline-pre-feature","6d7edc7c29a60a94c59effeeb2b78d8b95038135","default-hasher:f4a984dc06afd081","rustc 1.97.0 (2d8144b78 2026-07-07)","x86_64-unknown-linux-gnu","Linux 7.0.11-76070011-generic x86_64","Intel(R) Core(TM) Ultra 7 155H","/dev/nvme0n1p3[/tmp] ext4   rw,nosuid,nodev,noatime,errors=remount-ro","/tmp/pigment-db-durability-bench","pigment_db","buffered","key_set","file","ordinary_write","1","32","5","10","41792","100130896","417373.674555","2889","0"
"baseline-pre-feature","6d7edc7c29a60a94c59effeeb2b78d8b95038135","default-hasher:f4a984dc06afd081","rustc 1.97.0 (2d8144b78 2026-07-07)","x86_64-unknown-linux-gnu","Linux 7.0.11-76070011-generic x86_64","Intel(R) Core(TM) Ultra 7 155H","/dev/nvme0n1p3[/tmp] ext4   rw,nosuid,nodev,noatime,errors=remount-ro","/tmp/pigment-db-durability-bench","pigment_db","buffered","key_set","file","ordinary_write","8","32","5","0","20480","101740453","201296.528530","104432","0"
"baseline-pre-feature","6d7edc7c29a60a94c59effeeb2b78d8b95038135","default-hasher:f4a984dc06afd081","rustc 1.97.0 (2d8144b78 2026-07-07)","x86_64-unknown-linux-gnu","Linux 7.0.11-76070011-generic x86_64","Intel(R) Core(TM) Ultra 7 155H","/dev/nvme0n1p3[/tmp] ext4   rw,nosuid,nodev,noatime,errors=remount-ro","/tmp/pigment-db-durability-bench","pigment_db","buffered","key_set","file","ordinary_write","8","32","5","1","20992","101914489","205976.600638","102762","0"
"baseline-pre-feature","6d7edc7c29a60a94c59effeeb2b78d8b95038135","default-hasher:f4a984dc06afd081","rustc 1.97.0 (2d8144b78 2026-07-07)","x86_64-unknown-linux-gnu","Linux 7.0.11-76070011-generic x86_64","Intel(R) Core(TM) Ultra 7 155H","/dev/nvme0n1p3[/tmp] ext4   rw,nosuid,nodev,noatime,errors=remount-ro","/tmp/pigment-db-durability-bench","pigment_db","buffered","key_set","file","ordinary_write","8","32","5","2","20992","100228638","209441.137971","104071","0"
"baseline-pre-feature","6d7edc7c29a60a94c59effeeb2b78d8b95038135","default-hasher:f4a984dc06afd081","rustc 1.97.0 (2d8144b78 2026-07-07)","x86_64-unknown-linux-gnu","Linux 7.0.11-76070011-generic x86_64","Intel(R) Core(TM) Ultra 7 155H","/dev/nvme0n1p3[/tmp] ext4   rw,nosuid,nodev,noatime,errors=remount-ro","/tmp/pigment-db-durability-bench","pigment_db","buffered","key_set","file","ordinary_write","8","32","5","3","21504","102294799","210215.966112","98728","0"
"baseline-pre-feature","6d7edc7c29a60a94c59effeeb2b78d8b95038135","default-hasher:f4a984dc06afd081","rustc 1.97.0 (2d8144b78 2026-07-07)","x86_64-unknown-linux-gnu","Linux 7.0.11-76070011-generic x86_64","Intel(R) Core(TM) Ultra 7 155H","/dev/nvme0n1p3[/tmp] ext4   rw,nosuid,nodev,noatime,errors=remount-ro","/tmp/pigment-db-durability-bench","pigment_db","buffered","key_set","file","ordinary_write","8","32","5","4","20992","103195601","203419.523667","100727","0"
"baseline-pre-feature","6d7edc7c29a60a94c59effeeb2b78d8b95038135","default-hasher:f4a984dc06afd081","rustc 1.97.0 (2d8144b78 2026-07-07)","x86_64-unknown-linux-gnu","Linux 7.0.11-76070011-generic x86_64","Intel(R) Core(TM) Ultra 7 155H","/dev/nvme0n1p3[/tmp] ext4   rw,nosuid,nodev,noatime,errors=remount-ro","/tmp/pigment-db-durability-bench","pigment_db","buffered","key_set","file","ordinary_write","8","32","5","5","20992","102033368","205736.617456","106926","0"
"baseline-pre-feature","6d7edc7c29a60a94c59effeeb2b78d8b95038135","default-hasher:f4a984dc06afd081","rustc 1.97.0 (2d8144b78 2026-07-07)","x86_64-unknown-linux-gnu","Linux 7.0.11-76070011-generic x86_64","Intel(R) Core(TM) Ultra 7 155H","/dev/nvme0n1p3[/tmp] ext4   rw,nosuid,nodev,noatime,errors=remount-ro","/tmp/pigment-db-durability-bench","pigment_db","buffered","key_set","file","ordinary_write","8","32","5","6","20992","100750015","208357.289078","102119","0"
"baseline-pre-feature","6d7edc7c29a60a94c59effeeb2b78d8b95038135","default-hasher:f4a984dc06afd081","rustc 1.97.0 (2d8144b78 2026-07-07)","x86_64-unknown-linux-gnu","Linux 7.0.11-76070011-generic x86_64","Intel(R) Core(TM) Ultra 7 155H","/dev/nvme0n1p3[/tmp] ext4   rw,nosuid,nodev,noatime,errors=remount-ro","/tmp/pigment-db-durability-bench","pigment_db","buffered","key_set","file","ordinary_write","8","32","5","7","20480","100463691","203854.743899","102693","0"
"baseline-pre-feature","6d7edc7c29a60a94c59effeeb2b78d8b95038135","default-hasher:f4a984dc06afd081","rustc 1.97.0 (2d8144b78 2026-07-07)","x86_64-unknown-linux-gnu","Linux 7.0.11-76070011-generic x86_64","Intel(R) Core(TM) Ultra 7 155H","/dev/nvme0n1p3[/tmp] ext4   rw,nosuid,nodev,noatime,errors=remount-ro","/tmp/pigment-db-durability-bench","pigment_db","buffered","key_set","file","ordinary_write","8","32","5","8","21504","102397869","210004.370306","105409","0"
"baseline-pre-feature","6d7edc7c29a60a94c59effeeb2b78d8b95038135","default-hasher:f4a984dc06afd081","rustc 1.97.0 (2d8144b78 2026-07-07)","x86_64-unknown-linux-gnu","Linux 7.0.11-76070011-generic x86_64","Intel(R) Core(TM) Ultra 7 155H","/dev/nvme0n1p3[/tmp] ext4   rw,nosuid,nodev,noatime,errors=remount-ro","/tmp/pigment-db-durability-bench","pigment_db","buffered","key_set","file","ordinary_write","8","32","5","9","20992","102200812","205399.542227","110546","0"
"baseline-pre-feature","6d7edc7c29a60a94c59effeeb2b78d8b95038135","default-hasher:f4a984dc06afd081","rustc 1.97.0 (2d8144b78 2026-07-07)","x86_64-unknown-linux-gnu","Linux 7.0.11-76070011-generic x86_64","Intel(R) Core(TM) Ultra 7 155H","/dev/nvme0n1p3[/tmp] ext4   rw,nosuid,nodev,noatime,errors=remount-ro","/tmp/pigment-db-durability-bench","pigment_db","buffered","key_set","file","ordinary_write","8","32","5","10","20992","100679483","208503.255822","104254","0"
"baseline-pre-feature","6d7edc7c29a60a94c59effeeb2b78d8b95038135","default-hasher:f4a984dc06afd081","rustc 1.97.0 (2d8144b78 2026-07-07)","x86_64-unknown-linux-gnu","Linux 7.0.11-76070011-generic x86_64","Intel(R) Core(TM) Ultra 7 155H","/dev/nvme0n1p3[/tmp] ext4   rw,nosuid,nodev,noatime,errors=remount-ro","/tmp/pigment-db-durability-bench","pigment_db","buffered","key_set","file","successful_remove","1","32","5","0","44224","100084846","441865.095141","2739","0"
"baseline-pre-feature","6d7edc7c29a60a94c59effeeb2b78d8b95038135","default-hasher:f4a984dc06afd081","rustc 1.97.0 (2d8144b78 2026-07-07)","x86_64-unknown-linux-gnu","Linux 7.0.11-76070011-generic x86_64","Intel(R) Core(TM) Ultra 7 155H","/dev/nvme0n1p3[/tmp] ext4   rw,nosuid,nodev,noatime,errors=remount-ro","/tmp/pigment-db-durability-bench","pigment_db","buffered","key_set","file","successful_remove","1","32","5","1","42752","100044903","427328.116856","2909","0"
"baseline-pre-feature","6d7edc7c29a60a94c59effeeb2b78d8b95038135","default-hasher:f4a984dc06afd081","rustc 1.97.0 (2d8144b78 2026-07-07)","x86_64-unknown-linux-gnu","Linux 7.0.11-76070011-generic x86_64","Intel(R) Core(TM) Ultra 7 155H","/dev/nvme0n1p3[/tmp] ext4   rw,nosuid,nodev,noatime,errors=remount-ro","/tmp/pigment-db-durability-bench","pigment_db","buffered","key_set","file","successful_remove","1","32","5","2","44160","100098996","441163.266013","2363","0"
"baseline-pre-feature","6d7edc7c29a60a94c59effeeb2b78d8b95038135","default-hasher:f4a984dc06afd081","rustc 1.97.0 (2d8144b78 2026-07-07)","x86_64-unknown-linux-gnu","Linux 7.0.11-76070011-generic x86_64","Intel(R) Core(TM) Ultra 7 155H","/dev/nvme0n1p3[/tmp] ext4   rw,nosuid,nodev,noatime,errors=remount-ro","/tmp/pigment-db-durability-bench","pigment_db","buffered","key_set","file","successful_remove","1","32","5","3","43904","100133066","438456.563389","2652","0"
"baseline-pre-feature","6d7edc7c29a60a94c59effeeb2b78d8b95038135","default-hasher:f4a984dc06afd081","rustc 1.97.0 (2d8144b78 2026-07-07)","x86_64-unknown-linux-gnu","Linux 7.0.11-76070011-generic x86_64","Intel(R) Core(TM) Ultra 7 155H","/dev/nvme0n1p3[/tmp] ext4   rw,nosuid,nodev,noatime,errors=remount-ro","/tmp/pigment-db-durability-bench","pigment_db","buffered","key_set","file","successful_remove","1","32","5","4","39488","100147728","394297.512171","3238","0"
"baseline-pre-feature","6d7edc7c29a60a94c59effeeb2b78d8b95038135","default-hasher:f4a984dc06afd081","rustc 1.97.0 (2d8144b78 2026-07-07)","x86_64-unknown-linux-gnu","Linux 7.0.11-76070011-generic x86_64","Intel(R) Core(TM) Ultra 7 155H","/dev/nvme0n1p3[/tmp] ext4   rw,nosuid,nodev,noatime,errors=remount-ro","/tmp/pigment-db-durability-bench","pigment_db","buffered","key_set","file","successful_remove","1","32","5","5","39808","100060819","397838.038883","2884","0"
"baseline-pre-feature","6d7edc7c29a60a94c59effeeb2b78d8b95038135","default-hasher:f4a984dc06afd081","rustc 1.97.0 (2d8144b78 2026-07-07)","x86_64-unknown-linux-gnu","Linux 7.0.11-76070011-generic x86_64","Intel(R) Core(TM) Ultra 7 155H","/dev/nvme0n1p3[/tmp] ext4   rw,nosuid,nodev,noatime,errors=remount-ro","/tmp/pigment-db-durability-bench","pigment_db","buffered","key_set","file","successful_remove","1","32","5","6","39616","100122663","395674.653600","3047","0"
"baseline-pre-feature","6d7edc7c29a60a94c59effeeb2b78d8b95038135","default-hasher:f4a984dc06afd081","rustc 1.97.0 (2d8144b78 2026-07-07)","x86_64-unknown-linux-gnu","Linux 7.0.11-76070011-generic x86_64","Intel(R) Core(TM) Ultra 7 155H","/dev/nvme0n1p3[/tmp] ext4   rw,nosuid,nodev,noatime,errors=remount-ro","/tmp/pigment-db-durability-bench","pigment_db","buffered","key_set","file","successful_remove","1","32","5","7","42240","100080457","422060.422846","3071","0"
"baseline-pre-feature","6d7edc7c29a60a94c59effeeb2b78d8b95038135","default-hasher:f4a984dc06afd081","rustc 1.97.0 (2d8144b78 2026-07-07)","x86_64-unknown-linux-gnu","Linux 7.0.11-76070011-generic x86_64","Intel(R) Core(TM) Ultra 7 155H","/dev/nvme0n1p3[/tmp] ext4   rw,nosuid,nodev,noatime,errors=remount-ro","/tmp/pigment-db-durability-bench","pigment_db","buffered","key_set","file","successful_remove","1","32","5","8","42240","100067647","422114.452236","3037","0"
"baseline-pre-feature","6d7edc7c29a60a94c59effeeb2b78d8b95038135","default-hasher:f4a984dc06afd081","rustc 1.97.0 (2d8144b78 2026-07-07)","x86_64-unknown-linux-gnu","Linux 7.0.11-76070011-generic x86_64","Intel(R) Core(TM) Ultra 7 155H","/dev/nvme0n1p3[/tmp] ext4   rw,nosuid,nodev,noatime,errors=remount-ro","/tmp/pigment-db-durability-bench","pigment_db","buffered","key_set","file","successful_remove","1","32","5","9","43328","100095086","432868.402751","3026","0"
"baseline-pre-feature","6d7edc7c29a60a94c59effeeb2b78d8b95038135","default-hasher:f4a984dc06afd081","rustc 1.97.0 (2d8144b78 2026-07-07)","x86_64-unknown-linux-gnu","Linux 7.0.11-76070011-generic x86_64","Intel(R) Core(TM) Ultra 7 155H","/dev/nvme0n1p3[/tmp] ext4   rw,nosuid,nodev,noatime,errors=remount-ro","/tmp/pigment-db-durability-bench","pigment_db","buffered","key_set","file","successful_remove","1","32","5","10","39168","100083658","391352.602240","3141","0"
"baseline-pre-feature","6d7edc7c29a60a94c59effeeb2b78d8b95038135","default-hasher:f4a984dc06afd081","rustc 1.97.0 (2d8144b78 2026-07-07)","x86_64-unknown-linux-gnu","Linux 7.0.11-76070011-generic x86_64","Intel(R) Core(TM) Ultra 7 155H","/dev/nvme0n1p3[/tmp] ext4   rw,nosuid,nodev,noatime,errors=remount-ro","/tmp/pigment-db-durability-bench","pigment_db","buffered","key_set","file","successful_remove","8","32","5","0","19456","101197524","192257.668281","111682","0"
"baseline-pre-feature","6d7edc7c29a60a94c59effeeb2b78d8b95038135","default-hasher:f4a984dc06afd081","rustc 1.97.0 (2d8144b78 2026-07-07)","x86_64-unknown-linux-gnu","Linux 7.0.11-76070011-generic x86_64","Intel(R) Core(TM) Ultra 7 155H","/dev/nvme0n1p3[/tmp] ext4   rw,nosuid,nodev,noatime,errors=remount-ro","/tmp/pigment-db-durability-bench","pigment_db","buffered","key_set","file","successful_remove","8","32","5","1","19968","101277199","197161.850813","113254","0"
"baseline-pre-feature","6d7edc7c29a60a94c59effeeb2b78d8b95038135","default-hasher:f4a984dc06afd081","rustc 1.97.0 (2d8144b78 2026-07-07)","x86_64-unknown-linux-gnu","Linux 7.0.11-76070011-generic x86_64","Intel(R) Core(TM) Ultra 7 155H","/dev/nvme0n1p3[/tmp] ext4   rw,nosuid,nodev,noatime,errors=remount-ro","/tmp/pigment-db-durability-bench","pigment_db","buffered","key_set","file","successful_remove","8","32","5","2","20992","100923392","207999.350636","104517","0"
"baseline-pre-feature","6d7edc7c29a60a94c59effeeb2b78d8b95038135","default-hasher:f4a984dc06afd081","rustc 1.97.0 (2d8144b78 2026-07-07)","x86_64-unknown-linux-gnu","Linux 7.0.11-76070011-generic x86_64","Intel(R) Core(TM) Ultra 7 155H","/dev/nvme0n1p3[/tmp] ext4   rw,nosuid,nodev,noatime,errors=remount-ro","/tmp/pigment-db-durability-bench","pigment_db","buffered","key_set","file","successful_remove","8","32","5","3","19968","101088000","197530.864198","104936","0"
"baseline-pre-feature","6d7edc7c29a60a94c59effeeb2b78d8b95038135","default-hasher:f4a984dc06afd081","rustc 1.97.0 (2d8144b78 2026-07-07)","x86_64-unknown-linux-gnu","Linux 7.0.11-76070011-generic x86_64","Intel(R) Core(TM) Ultra 7 155H","/dev/nvme0n1p3[/tmp] ext4   rw,nosuid,nodev,noatime,errors=remount-ro","/tmp/pigment-db-durability-bench","pigment_db","buffered","key_set","file","successful_remove","8","32","5","4","20992","101026690","207786.674987","107605","0"
"baseline-pre-feature","6d7edc7c29a60a94c59effeeb2b78d8b95038135","default-hasher:f4a984dc06afd081","rustc 1.97.0 (2d8144b78 2026-07-07)","x86_64-unknown-linux-gnu","Linux 7.0.11-76070011-generic x86_64","Intel(R) Core(TM) Ultra 7 155H","/dev/nvme0n1p3[/tmp] ext4   rw,nosuid,nodev,noatime,errors=remount-ro","/tmp/pigment-db-durability-bench","pigment_db","buffered","key_set","file","successful_remove","8","32","5","5","20992","101911354","205982.936896","106193","0"
"baseline-pre-feature","6d7edc7c29a60a94c59effeeb2b78d8b95038135","default-hasher:f4a984dc06afd081","rustc 1.97.0 (2d8144b78 2026-07-07)","x86_64-unknown-linux-gnu","Linux 7.0.11-76070011-generic x86_64","Intel(R) Core(TM) Ultra 7 155H","/dev/nvme0n1p3[/tmp] ext4   rw,nosuid,nodev,noatime,errors=remount-ro","/tmp/pigment-db-durability-bench","pigment_db","buffered","key_set","file","successful_remove","8","32","5","6","19968","101046136","197612.702380","105670","0"
"baseline-pre-feature","6d7edc7c29a60a94c59effeeb2b78d8b95038135","default-hasher:f4a984dc06afd081","rustc 1.97.0 (2d8144b78 2026-07-07)","x86_64-unknown-linux-gnu","Linux 7.0.11-76070011-generic x86_64","Intel(R) Core(TM) Ultra 7 155H","/dev/nvme0n1p3[/tmp] ext4   rw,nosuid,nodev,noatime,errors=remount-ro","/tmp/pigment-db-durability-bench","pigment_db","buffered","key_set","file","successful_remove","8","32","5","7","19456","101808041","191104.747807","113877","0"
"baseline-pre-feature","6d7edc7c29a60a94c59effeeb2b78d8b95038135","default-hasher:f4a984dc06afd081","rustc 1.97.0 (2d8144b78 2026-07-07)","x86_64-unknown-linux-gnu","Linux 7.0.11-76070011-generic x86_64","Intel(R) Core(TM) Ultra 7 155H","/dev/nvme0n1p3[/tmp] ext4   rw,nosuid,nodev,noatime,errors=remount-ro","/tmp/pigment-db-durability-bench","pigment_db","buffered","key_set","file","successful_remove","8","32","5","8","18944","100118980","189214.872145","112001","0"
"baseline-pre-feature","6d7edc7c29a60a94c59effeeb2b78d8b95038135","default-hasher:f4a984dc06afd081","rustc 1.97.0 (2d8144b78 2026-07-07)","x86_64-unknown-linux-gnu","Linux 7.0.11-76070011-generic x86_64","Intel(R) Core(TM) Ultra 7 155H","/dev/nvme0n1p3[/tmp] ext4   rw,nosuid,nodev,noatime,errors=remount-ro","/tmp/pigment-db-durability-bench","pigment_db","buffered","key_set","file","successful_remove","8","32","5","9","18432","101039913","182422.959925","120708","0"
"baseline-pre-feature","6d7edc7c29a60a94c59effeeb2b78d8b95038135","default-hasher:f4a984dc06afd081","rustc 1.97.0 (2d8144b78 2026-07-07)","x86_64-unknown-linux-gnu","Linux 7.0.11-76070011-generic x86_64","Intel(R) Core(TM) Ultra 7 155H","/dev/nvme0n1p3[/tmp] ext4   rw,nosuid,nodev,noatime,errors=remount-ro","/tmp/pigment-db-durability-bench","pigment_db","buffered","key_set","file","successful_remove","8","32","5","10","17920","100190617","178859.064218","120171","0"
"baseline-pre-feature","6d7edc7c29a60a94c59effeeb2b78d8b95038135","default-hasher:f4a984dc06afd081","rustc 1.97.0 (2d8144b78 2026-07-07)","x86_64-unknown-linux-gnu","Linux 7.0.11-76070011-generic x86_64","Intel(R) Core(TM) Ultra 7 155H","/dev/nvme0n1p3[/tmp] ext4   rw,nosuid,nodev,noatime,errors=remount-ro","/tmp/pigment-db-durability-bench","pigment_db","buffered","key_set","file","minimal_callback","1","32","5","0","33792","100139415","337449.544717","3842","0"
"baseline-pre-feature","6d7edc7c29a60a94c59effeeb2b78d8b95038135","default-hasher:f4a984dc06afd081","rustc 1.97.0 (2d8144b78 2026-07-07)","x86_64-unknown-linux-gnu","Linux 7.0.11-76070011-generic x86_64","Intel(R) Core(TM) Ultra 7 155H","/dev/nvme0n1p3[/tmp] ext4   rw,nosuid,nodev,noatime,errors=remount-ro","/tmp/pigment-db-durability-bench","pigment_db","buffered","key_set","file","minimal_callback","1","32","5","1","34432","100017224","344260.704536","4130","0"
"baseline-pre-feature","6d7edc7c29a60a94c59effeeb2b78d8b95038135","default-hasher:f4a984dc06afd081","rustc 1.97.0 (2d8144b78 2026-07-07)","x86_64-unknown-linux-gnu","Linux 7.0.11-76070011-generic x86_64","Intel(R) Core(TM) Ultra 7 155H","/dev/nvme0n1p3[/tmp] ext4   rw,nosuid,nodev,noatime,errors=remount-ro","/tmp/pigment-db-durability-bench","pigment_db","buffered","key_set","file","minimal_callback","1","32","5","2","32064","100074890","320400.052401","3933","0"
"baseline-pre-feature","6d7edc7c29a60a94c59effeeb2b78d8b95038135","default-hasher:f4a984dc06afd081","rustc 1.97.0 (2d8144b78 2026-07-07)","x86_64-unknown-linux-gnu","Linux 7.0.11-76070011-generic x86_64","Intel(R) Core(TM) Ultra 7 155H","/dev/nvme0n1p3[/tmp] ext4   rw,nosuid,nodev,noatime,errors=remount-ro","/tmp/pigment-db-durability-bench","pigment_db","buffered","key_set","file","minimal_callback","1","32","5","3","29952","100034205","299417.584215","4201","0"
"baseline-pre-feature","6d7edc7c29a60a94c59effeeb2b78d8b95038135","default-hasher:f4a984dc06afd081","rustc 1.97.0 (2d8144b78 2026-07-07)","x86_64-unknown-linux-gnu","Linux 7.0.11-76070011-generic x86_64","Intel(R) Core(TM) Ultra 7 155H","/dev/nvme0n1p3[/tmp] ext4   rw,nosuid,nodev,noatime,errors=remount-ro","/tmp/pigment-db-durability-bench","pigment_db","buffered","key_set","file","minimal_callback","1","32","5","4","33152","100100603","331186.816127","3927","0"
"baseline-pre-feature","6d7edc7c29a60a94c59effeeb2b78d8b95038135","default-hasher:f4a984dc06afd081","rustc 1.97.0 (2d8144b78 2026-07-07)","x86_64-unknown-linux-gnu","Linux 7.0.11-76070011-generic x86_64","Intel(R) Core(TM) Ultra 7 155H","/dev/nvme0n1p3[/tmp] ext4   rw,nosuid,nodev,noatime,errors=remount-ro","/tmp/pigment-db-durability-bench","pigment_db","buffered","key_set","file","minimal_callback","1","32","5","5","36608","100156216","365509.016435","3305","0"
"baseline-pre-feature","6d7edc7c29a60a94c59effeeb2b78d8b95038135","default-hasher:f4a984dc06afd081","rustc 1.97.0 (2d8144b78 2026-07-07)","x86_64-unknown-linux-gnu","Linux 7.0.11-76070011-generic x86_64","Intel(R) Core(TM) Ultra 7 155H","/dev/nvme0n1p3[/tmp] ext4   rw,nosuid,nodev,noatime,errors=remount-ro","/tmp/pigment-db-durability-bench","pigment_db","buffered","key_set","file","minimal_callback","1","32","5","6","36288","100064696","362645.382943","3715","0"
"baseline-pre-feature","6d7edc7c29a60a94c59effeeb2b78d8b95038135","default-hasher:f4a984dc06afd081","rustc 1.97.0 (2d8144b78 2026-07-07)","x86_64-unknown-linux-gnu","Linux 7.0.11-76070011-generic x86_64","Intel(R) Core(TM) Ultra 7 155H","/dev/nvme0n1p3[/tmp] ext4   rw,nosuid,nodev,noatime,errors=remount-ro","/tmp/pigment-db-durability-bench","pigment_db","buffered","key_set","file","minimal_callback","1","32","5","7","36352","100045857","363353.377042","3743","0"
"baseline-pre-feature","6d7edc7c29a60a94c59effeeb2b78d8b95038135","default-hasher:f4a984dc06afd081","rustc 1.97.0 (2d8144b78 2026-07-07)","x86_64-unknown-linux-gnu","Linux 7.0.11-76070011-generic x86_64","Intel(R) Core(TM) Ultra 7 155H","/dev/nvme0n1p3[/tmp] ext4   rw,nosuid,nodev,noatime,errors=remount-ro","/tmp/pigment-db-durability-bench","pigment_db","buffered","key_set","file","minimal_callback","1","32","5","8","34496","100064431","344737.881935","3974","0"
"baseline-pre-feature","6d7edc7c29a60a94c59effeeb2b78d8b95038135","default-hasher:f4a984dc06afd081","rustc 1.97.0 (2d8144b78 2026-07-07)","x86_64-unknown-linux-gnu","Linux 7.0.11-76070011-generic x86_64","Intel(R) Core(TM) Ultra 7 155H","/dev/nvme0n1p3[/tmp] ext4   rw,nosuid,nodev,noatime,errors=remount-ro","/tmp/pigment-db-durability-bench","pigment_db","buffered","key_set","file","minimal_callback","1","32","5","9","36224","100158454","361666.924292","3860","0"
"baseline-pre-feature","6d7edc7c29a60a94c59effeeb2b78d8b95038135","default-hasher:f4a984dc06afd081","rustc 1.97.0 (2d8144b78 2026-07-07)","x86_64-unknown-linux-gnu","Linux 7.0.11-76070011-generic x86_64","Intel(R) Core(TM) Ultra 7 155H","/dev/nvme0n1p3[/tmp] ext4   rw,nosuid,nodev,noatime,errors=remount-ro","/tmp/pigment-db-durability-bench","pigment_db","buffered","key_set","file","minimal_callback","1","32","5","10","36480","100086057","364486.333996","3567","0"
"baseline-pre-feature","6d7edc7c29a60a94c59effeeb2b78d8b95038135","default-hasher:f4a984dc06afd081","rustc 1.97.0 (2d8144b78 2026-07-07)","x86_64-unknown-linux-gnu","Linux 7.0.11-76070011-generic x86_64","Intel(R) Core(TM) Ultra 7 155H","/dev/nvme0n1p3[/tmp] ext4   rw,nosuid,nodev,noatime,errors=remount-ro","/tmp/pigment-db-durability-bench","pigment_db","buffered","key_set","file","minimal_callback","8","32","5","0","14848","101364630","146481.075302","124880","0"
"baseline-pre-feature","6d7edc7c29a60a94c59effeeb2b78d8b95038135","default-hasher:f4a984dc06afd081","rustc 1.97.0 (2d8144b78 2026-07-07)","x86_64-unknown-linux-gnu","Linux 7.0.11-76070011-generic x86_64","Intel(R) Core(TM) Ultra 7 155H","/dev/nvme0n1p3[/tmp] ext4   rw,nosuid,nodev,noatime,errors=remount-ro","/tmp/pigment-db-durability-bench","pigment_db","buffered","key_set","file","minimal_callback","8","32","5","1","13312","100376139","132621.160095","138169","0"
"baseline-pre-feature","6d7edc7c29a60a94c59effeeb2b78d8b95038135","default-hasher:f4a984dc06afd081","rustc 1.97.0 (2d8144b78 2026-07-07)","x86_64-unknown-linux-gnu","Linux 7.0.11-76070011-generic x86_64","Intel(R) Core(TM) Ultra 7 155H","/dev/nvme0n1p3[/tmp] ext4   rw,nosuid,nodev,noatime,errors=remount-ro","/tmp/pigment-db-durability-bench","pigment_db","buffered","key_set","file","minimal_callback","8","32","5","2","14848","103078763","144045.189987","135647","0"
"baseline-pre-feature","6d7edc7c29a60a94c59effeeb2b78d8b95038135","default-hasher:f4a984dc06afd081","rustc 1.97.0 (2d8144b78 2026-07-07)","x86_64-unknown-linux-gnu","Linux 7.0.11-76070011-generic x86_64","Intel(R) Core(TM) Ultra 7 155H","/dev/nvme0n1p3[/tmp] ext4   rw,nosuid,nodev,noatime,errors=remount-ro","/tmp/pigment-db-durability-bench","pigment_db","buffered","key_set","file","minimal_callback","8","32","5","3","14848","102435318","144950.006403","125656","0"
"baseline-pre-feature","6d7edc7c29a60a94c59effeeb2b78d8b95038135","default-hasher:f4a984dc06afd081","rustc 1.97.0 (2d8144b78 2026-07-07)","x86_64-unknown-linux-gnu","Linux 7.0.11-76070011-generic x86_64","Intel(R) Core(TM) Ultra 7 155H","/dev/nvme0n1p3[/tmp] ext4   rw,nosuid,nodev,noatime,errors=remount-ro","/tmp/pigment-db-durability-bench","pigment_db","buffered","key_set","file","minimal_callback","8","32","5","4","14336","101450251","141310.641016","125814","0"
"baseline-pre-feature","6d7edc7c29a60a94c59effeeb2b78d8b95038135","default-hasher:f4a984dc06afd081","rustc 1.97.0 (2d8144b78 2026-07-07)","x86_64-unknown-linux-gnu","Linux 7.0.11-76070011-generic x86_64","Intel(R) Core(TM) Ultra 7 155H","/dev/nvme0n1p3[/tmp] ext4   rw,nosuid,nodev,noatime,errors=remount-ro","/tmp/pigment-db-durability-bench","pigment_db","buffered","key_set","file","minimal_callback","8","32","5","5","13824","101926385","135627.296112","135057","0"
"baseline-pre-feature","6d7edc7c29a60a94c59effeeb2b78d8b95038135","default-hasher:f4a984dc06afd081","rustc 1.97.0 (2d8144b78 2026-07-07)","x86_64-unknown-linux-gnu","Linux 7.0.11-76070011-generic x86_64","Intel(R) Core(TM) Ultra 7 155H","/dev/nvme0n1p3[/tmp] ext4   rw,nosuid,nodev,noatime,errors=remount-ro","/tmp/pigment-db-durability-bench","pigment_db","buffered","key_set","file","minimal_callback","8","32","5","6","14848","103075955","144049.114073","131337","0"
"baseline-pre-feature","6d7edc7c29a60a94c59effeeb2b78d8b95038135","default-hasher:f4a984dc06afd081","rustc 1.97.0 (2d8144b78 2026-07-07)","x86_64-unknown-linux-gnu","Linux 7.0.11-76070011-generic x86_64","Intel(R) Core(TM) Ultra 7 155H","/dev/nvme0n1p3[/tmp] ext4   rw,nosuid,nodev,noatime,errors=remount-ro","/tmp/pigment-db-durability-bench","pigment_db","buffered","key_set","file","minimal_callback","8","32","5","7","15872","100332678","158193.724282","111546","0"
"baseline-pre-feature","6d7edc7c29a60a94c59effeeb2b78d8b95038135","default-hasher:f4a984dc06afd081","rustc 1.97.0 (2d8144b78 2026-07-07)","x86_64-unknown-linux-gnu","Linux 7.0.11-76070011-generic x86_64","Intel(R) Core(TM) Ultra 7 155H","/dev/nvme0n1p3[/tmp] ext4   rw,nosuid,nodev,noatime,errors=remount-ro","/tmp/pigment-db-durability-bench","pigment_db","buffered","key_set","file","minimal_callback","8","32","5","8","14336","102722771","139560.098121","134567","0"
"baseline-pre-feature","6d7edc7c29a60a94c59effeeb2b78d8b95038135","default-hasher:f4a984dc06afd081","rustc 1.97.0 (2d8144b78 2026-07-07)","x86_64-unknown-linux-gnu","Linux 7.0.11-76070011-generic x86_64","Intel(R) Core(TM) Ultra 7 155H","/dev/nvme0n1p3[/tmp] ext4   rw,nosuid,nodev,noatime,errors=remount-ro","/tmp/pigment-db-durability-bench","pigment_db","buffered","key_set","file","minimal_callback","8","32","5","9","13312","101276132","131442.618681","132095","0"
"baseline-pre-feature","6d7edc7c29a60a94c59effeeb2b78d8b95038135","default-hasher:f4a984dc06afd081","rustc 1.97.0 (2d8144b78 2026-07-07)","x86_64-unknown-linux-gnu","Linux 7.0.11-76070011-generic x86_64","Intel(R) Core(TM) Ultra 7 155H","/dev/nvme0n1p3[/tmp] ext4   rw,nosuid,nodev,noatime,errors=remount-ro","/tmp/pigment-db-durability-bench","pigment_db","buffered","key_set","file","minimal_callback","8","32","5","10","14336","102250926","140204.109252","151598","0"
"baseline-pre-feature","6d7edc7c29a60a94c59effeeb2b78d8b95038135","default-hasher:f4a984dc06afd081","rustc 1.97.0 (2d8144b78 2026-07-07)","x86_64-unknown-linux-gnu","Linux 7.0.11-76070011-generic x86_64","Intel(R) Core(TM) Ultra 7 155H","/dev/nvme0n1p3[/tmp] ext4   rw,nosuid,nodev,noatime,errors=remount-ro","/tmp/pigment-db-durability-bench","pigment_db","buffered","key_map","vector","ordinary_write","1","32","5","0","156928","100031756","1568781.817646","665","0"
"baseline-pre-feature","6d7edc7c29a60a94c59effeeb2b78d8b95038135","default-hasher:f4a984dc06afd081","rustc 1.97.0 (2d8144b78 2026-07-07)","x86_64-unknown-linux-gnu","Linux 7.0.11-76070011-generic x86_64","Intel(R) Core(TM) Ultra 7 155H","/dev/nvme0n1p3[/tmp] ext4   rw,nosuid,nodev,noatime,errors=remount-ro","/tmp/pigment-db-durability-bench","pigment_db","buffered","key_map","vector","ordinary_write","1","32","5","1","158976","100021866","1589412.459072","643","0"
"baseline-pre-feature","6d7edc7c29a60a94c59effeeb2b78d8b95038135","default-hasher:f4a984dc06afd081","rustc 1.97.0 (2d8144b78 2026-07-07)","x86_64-unknown-linux-gnu","Linux 7.0.11-76070011-generic x86_64","Intel(R) Core(TM) Ultra 7 155H","/dev/nvme0n1p3[/tmp] ext4   rw,nosuid,nodev,noatime,errors=remount-ro","/tmp/pigment-db-durability-bench","pigment_db","buffered","key_map","vector","ordinary_write","1","32","5","2","153536","100037114","1534790.377899","678","0"
"baseline-pre-feature","6d7edc7c29a60a94c59effeeb2b78d8b95038135","default-hasher:f4a984dc06afd081","rustc 1.97.0 (2d8144b78 2026-07-07)","x86_64-unknown-linux-gnu","Linux 7.0.11-76070011-generic x86_64","Intel(R) Core(TM) Ultra 7 155H","/dev/nvme0n1p3[/tmp] ext4   rw,nosuid,nodev,noatime,errors=remount-ro","/tmp/pigment-db-durability-bench","pigment_db","buffered","key_map","vector","ordinary_write","1","32","5","3","158976","100014160","1589534.921855","663","0"
"baseline-pre-feature","6d7edc7c29a60a94c59effeeb2b78d8b95038135","default-hasher:f4a984dc06afd081","rustc 1.97.0 (2d8144b78 2026-07-07)","x86_64-unknown-linux-gnu","Linux 7.0.11-76070011-generic x86_64","Intel(R) Core(TM) Ultra 7 155H","/dev/nvme0n1p3[/tmp] ext4   rw,nosuid,nodev,noatime,errors=remount-ro","/tmp/pigment-db-durability-bench","pigment_db","buffered","key_map","vector","ordinary_write","1","32","5","4","161728","100000578","1617270.652176","633","0"
"baseline-pre-feature","6d7edc7c29a60a94c59effeeb2b78d8b95038135","default-hasher:f4a984dc06afd081","rustc 1.97.0 (2d8144b78 2026-07-07)","x86_64-unknown-linux-gnu","Linux 7.0.11-76070011-generic x86_64","Intel(R) Core(TM) Ultra 7 155H","/dev/nvme0n1p3[/tmp] ext4   rw,nosuid,nodev,noatime,errors=remount-ro","/tmp/pigment-db-durability-bench","pigment_db","buffered","key_map","vector","ordinary_write","1","32","5","5","159680","100038585","1596184.112360","651","0"
"baseline-pre-feature","6d7edc7c29a60a94c59effeeb2b78d8b95038135","default-hasher:f4a984dc06afd081","rustc 1.97.0 (2d8144b78 2026-07-07)","x86_64-unknown-linux-gnu","Linux 7.0.11-76070011-generic x86_64","Intel(R) Core(TM) Ultra 7 155H","/dev/nvme0n1p3[/tmp] ext4   rw,nosuid,nodev,noatime,errors=remount-ro","/tmp/pigment-db-durability-bench","pigment_db","buffered","key_map","vector","ordinary_write","1","32","5","6","160896","100025267","1608553.566770","631","0"
"baseline-pre-feature","6d7edc7c29a60a94c59effeeb2b78d8b95038135","default-hasher:f4a984dc06afd081","rustc 1.97.0 (2d8144b78 2026-07-07)","x86_64-unknown-linux-gnu","Linux 7.0.11-76070011-generic x86_64","Intel(R) Core(TM) Ultra 7 155H","/dev/nvme0n1p3[/tmp] ext4   rw,nosuid,nodev,noatime,errors=remount-ro","/tmp/pigment-db-durability-bench","pigment_db","buffered","key_map","vector","ordinary_write","1","32","5","7","157120","100041341","1570550.718627","733","0"
"baseline-pre-feature","6d7edc7c29a60a94c59effeeb2b78d8b95038135","default-hasher:f4a984dc06afd081","rustc 1.97.0 (2d8144b78 2026-07-07)","x86_64-unknown-linux-gnu","Linux 7.0.11-76070011-generic x86_64","Intel(R) Core(TM) Ultra 7 155H","/dev/nvme0n1p3[/tmp] ext4   rw,nosuid,nodev,noatime,errors=remount-ro","/tmp/pigment-db-durability-bench","pigment_db","buffered","key_map","vector","ordinary_write","1","32","5","8","138560","100035338","1385110.529641","683","0"
"baseline-pre-feature","6d7edc7c29a60a94c59effeeb2b78d8b95038135","default-hasher:f4a984dc06afd081","rustc 1.97.0 (2d8144b78 2026-07-07)","x86_64-unknown-linux-gnu","Linux 7.0.11-76070011-generic x86_64","Intel(R) Core(TM) Ultra 7 155H","/dev/nvme0n1p3[/tmp] ext4   rw,nosuid,nodev,noatime,errors=remount-ro","/tmp/pigment-db-durability-bench","pigment_db","buffered","key_map","vector","ordinary_write","1","32","5","9","156608","100008641","1565944.686720","645","0"
"baseline-pre-feature","6d7edc7c29a60a94c59effeeb2b78d8b95038135","default-hasher:f4a984dc06afd081","rustc 1.97.0 (2d8144b78 2026-07-07)","x86_64-unknown-linux-gnu","Linux 7.0.11-76070011-generic x86_64","Intel(R) Core(TM) Ultra 7 155H","/dev/nvme0n1p3[/tmp] ext4   rw,nosuid,nodev,noatime,errors=remount-ro","/tmp/pigment-db-durability-bench","pigment_db","buffered","key_map","vector","ordinary_write","1","32","5","10","159168","100019109","1591375.903979","644","0"
"baseline-pre-feature","6d7edc7c29a60a94c59effeeb2b78d8b95038135","default-hasher:f4a984dc06afd081","rustc 1.97.0 (2d8144b78 2026-07-07)","x86_64-unknown-linux-gnu","Linux 7.0.11-76070011-generic x86_64","Intel(R) Core(TM) Ultra 7 155H","/dev/nvme0n1p3[/tmp] ext4   rw,nosuid,nodev,noatime,errors=remount-ro","/tmp/pigment-db-durability-bench","pigment_db","buffered","key_map","vector","ordinary_write","8","32","5","0","79872","100404435","795502.708620","17963","0"
"baseline-pre-feature","6d7edc7c29a60a94c59effeeb2b78d8b95038135","default-hasher:f4a984dc06afd081","rustc 1.97.0 (2d8144b78 2026-07-07)","x86_64-unknown-linux-gnu","Linux 7.0.11-76070011-generic x86_64","Intel(R) Core(TM) Ultra 7 155H","/dev/nvme0n1p3[/tmp] ext4   rw,nosuid,nodev,noatime,errors=remount-ro","/tmp/pigment-db-durability-bench","pigment_db","buffered","key_map","vector","ordinary_write","8","32","5","1","94208","100568183","936757.503116","16378","0"
"baseline-pre-feature","6d7edc7c29a60a94c59effeeb2b78d8b95038135","default-hasher:f4a984dc06afd081","rustc 1.97.0 (2d8144b78 2026-07-07)","x86_64-unknown-linux-gnu","Linux 7.0.11-76070011-generic x86_64","Intel(R) Core(TM) Ultra 7 155H","/dev/nvme0n1p3[/tmp] ext4   rw,nosuid,nodev,noatime,errors=remount-ro","/tmp/pigment-db-durability-bench","pigment_db","buffered","key_map","vector","ordinary_write","8","32","5","2","89088","100377121","887532.926951","17759","0"
"baseline-pre-feature","6d7edc7c29a60a94c59effeeb2b78d8b95038135","default-hasher:f4a984dc06afd081","rustc 1.97.0 (2d8144b78 2026-07-07)","x86_64-unknown-linux-gnu","Linux 7.0.11-76070011-generic x86_64","Intel(R) Core(TM) Ultra 7 155H","/dev/nvme0n1p3[/tmp] ext4   rw,nosuid,nodev,noatime,errors=remount-ro","/tmp/pigment-db-durability-bench","pigment_db","buffered","key_map","vector","ordinary_write","8","32","5","3","91136","100510695","906729.378401","17352","0"
"baseline-pre-feature","6d7edc7c29a60a94c59effeeb2b78d8b95038135","default-hasher:f4a984dc06afd081","rustc 1.97.0 (2d8144b78 2026-07-07)","x86_64-unknown-linux-gnu","Linux 7.0.11-76070011-generic x86_64","Intel(R) Core(TM) Ultra 7 155H","/dev/nvme0n1p3[/tmp] ext4   rw,nosuid,nodev,noatime,errors=remount-ro","/tmp/pigment-db-durability-bench","pigment_db","buffered","key_map","vector","ordinary_write","8","32","5","4","80384","100030854","803592.059706","18515","0"
"baseline-pre-feature","6d7edc7c29a60a94c59effeeb2b78d8b95038135","default-hasher:f4a984dc06afd081","rustc 1.97.0 (2d8144b78 2026-07-07)","x86_64-unknown-linux-gnu","Linux 7.0.11-76070011-generic x86_64","Intel(R) Core(TM) Ultra 7 155H","/dev/nvme0n1p3[/tmp] ext4   rw,nosuid,nodev,noatime,errors=remount-ro","/tmp/pigment-db-durability-bench","pigment_db","buffered","key_map","vector","ordinary_write","8","32","5","5","90112","100091143","900299.440081","18044","0"
"baseline-pre-feature","6d7edc7c29a60a94c59effeeb2b78d8b95038135","default-hasher:f4a984dc06afd081","rustc 1.97.0 (2d8144b78 2026-07-07)","x86_64-unknown-linux-gnu","Linux 7.0.11-76070011-generic x86_64","Intel(R) Core(TM) Ultra 7 155H","/dev/nvme0n1p3[/tmp] ext4   rw,nosuid,nodev,noatime,errors=remount-ro","/tmp/pigment-db-durability-bench","pigment_db","buffered","key_map","vector","ordinary_write","8","32","5","6","86016","100063791","859611.645135","17278","0"
"baseline-pre-feature","6d7edc7c29a60a94c59effeeb2b78d8b95038135","default-hasher:f4a984dc06afd081","rustc 1.97.0 (2d8144b78 2026-07-07)","x86_64-unknown-linux-gnu","Linux 7.0.11-76070011-generic x86_64","Intel(R) Core(TM) Ultra 7 155H","/dev/nvme0n1p3[/tmp] ext4   rw,nosuid,nodev,noatime,errors=remount-ro","/tmp/pigment-db-durability-bench","pigment_db","buffered","key_map","vector","ordinary_write","8","32","5","7","91136","100362798","908065.556323","17791","0"
"baseline-pre-feature","6d7edc7c29a60a94c59effeeb2b78d8b95038135","default-hasher:f4a984dc06afd081","rustc 1.97.0 (2d8144b78 2026-07-07)","x86_64-unknown-linux-gnu","Linux 7.0.11-76070011-generic x86_64","Intel(R) Core(TM) Ultra 7 155H","/dev/nvme0n1p3[/tmp] ext4   rw,nosuid,nodev,noatime,errors=remount-ro","/tmp/pigment-db-durability-bench","pigment_db","buffered","key_map","vector","ordinary_write","8","32","5","8","76800","103286918","743559.799122","16073","0"
"baseline-pre-feature","6d7edc7c29a60a94c59effeeb2b78d8b95038135","default-hasher:f4a984dc06afd081","rustc 1.97.0 (2d8144b78 2026-07-07)","x86_64-unknown-linux-gnu","Linux 7.0.11-76070011-generic x86_64","Intel(R) Core(TM) Ultra 7 155H","/dev/nvme0n1p3[/tmp] ext4   rw,nosuid,nodev,noatime,errors=remount-ro","/tmp/pigment-db-durability-bench","pigment_db","buffered","key_map","vector","ordinary_write","8","32","5","9","74240","100556199","738293.618278","18227","0"
"baseline-pre-feature","6d7edc7c29a60a94c59effeeb2b78d8b95038135","default-hasher:f4a984dc06afd081","rustc 1.97.0 (2d8144b78 2026-07-07)","x86_64-unknown-linux-gnu","Linux 7.0.11-76070011-generic x86_64","Intel(R) Core(TM) Ultra 7 155H","/dev/nvme0n1p3[/tmp] ext4   rw,nosuid,nodev,noatime,errors=remount-ro","/tmp/pigment-db-durability-bench","pigment_db","buffered","key_map","vector","ordinary_write","8","32","5","10","77312","100557439","768834.218222","18181","0"
"baseline-pre-feature","6d7edc7c29a60a94c59effeeb2b78d8b95038135","default-hasher:f4a984dc06afd081","rustc 1.97.0 (2d8144b78 2026-07-07)","x86_64-unknown-linux-gnu","Linux 7.0.11-76070011-generic x86_64","Intel(R) Core(TM) Ultra 7 155H","/dev/nvme0n1p3[/tmp] ext4   rw,nosuid,nodev,noatime,errors=remount-ro","/tmp/pigment-db-durability-bench","pigment_db","buffered","key_map","vector","successful_remove","1","32","5","0","89920","100041801","898824.282462","1170","0"
"baseline-pre-feature","6d7edc7c29a60a94c59effeeb2b78d8b95038135","default-hasher:f4a984dc06afd081","rustc 1.97.0 (2d8144b78 2026-07-07)","x86_64-unknown-linux-gnu","Linux 7.0.11-76070011-generic x86_64","Intel(R) Core(TM) Ultra 7 155H","/dev/nvme0n1p3[/tmp] ext4   rw,nosuid,nodev,noatime,errors=remount-ro","/tmp/pigment-db-durability-bench","pigment_db","buffered","key_map","vector","successful_remove","1","32","5","1","94272","100020608","942525.764290","1415","0"
"baseline-pre-feature","6d7edc7c29a60a94c59effeeb2b78d8b95038135","default-hasher:f4a984dc06afd081","rustc 1.97.0 (2d8144b78 2026-07-07)","x86_64-unknown-linux-gnu","Linux 7.0.11-76070011-generic x86_64","Intel(R) Core(TM) Ultra 7 155H","/dev/nvme0n1p3[/tmp] ext4   rw,nosuid,nodev,noatime,errors=remount-ro","/tmp/pigment-db-durability-bench","pigment_db","buffered","key_map","vector","successful_remove","1","32","5","2","101248","100008163","1012397.358004","1141","0"
"baseline-pre-feature","6d7edc7c29a60a94c59effeeb2b78d8b95038135","default-hasher:f4a984dc06afd081","rustc 1.97.0 (2d8144b78 2026-07-07)","x86_64-unknown-linux-gnu","Linux 7.0.11-76070011-generic x86_64","Intel(R) Core(TM) Ultra 7 155H","/dev/nvme0n1p3[/tmp] ext4   rw,nosuid,nodev,noatime,errors=remount-ro","/tmp/pigment-db-durability-bench","pigment_db","buffered","key_map","vector","successful_remove","1","32","5","3","100416","100013491","1004024.547048","1250","0"
"baseline-pre-feature","6d7edc7c29a60a94c59effeeb2b78d8b95038135","default-hasher:f4a984dc06afd081","rustc 1.97.0 (2d8144b78 2026-07-07)","x86_64-unknown-linux-gnu","Linux 7.0.11-76070011-generic x86_64","Intel(R) Core(TM) Ultra 7 155H","/dev/nvme0n1p3[/tmp] ext4   rw,nosuid,nodev,noatime,errors=remount-ro","/tmp/pigment-db-durability-bench","pigment_db","buffered","key_map","vector","successful_remove","1","32","5","4","105792","100058643","1057299.967580","1027","0"
"baseline-pre-feature","6d7edc7c29a60a94c59effeeb2b78d8b95038135","default-hasher:f4a984dc06afd081","rustc 1.97.0 (2d8144b78 2026-07-07)","x86_64-unknown-linux-gnu","Linux 7.0.11-76070011-generic x86_64","Intel(R) Core(TM) Ultra 7 155H","/dev/nvme0n1p3[/tmp] ext4   rw,nosuid,nodev,noatime,errors=remount-ro","/tmp/pigment-db-durability-bench","pigment_db","buffered","key_map","vector","successful_remove","1","32","5","5","103808","100018781","1037885.074804","1187","0"
"baseline-pre-feature","6d7edc7c29a60a94c59effeeb2b78d8b95038135","default-hasher:f4a984dc06afd081","rustc 1.97.0 (2d8144b78 2026-07-07)","x86_64-unknown-linux-gnu","Linux 7.0.11-76070011-generic x86_64","Intel(R) Core(TM) Ultra 7 155H","/dev/nvme0n1p3[/tmp] ext4   rw,nosuid,nodev,noatime,errors=remount-ro","/tmp/pigment-db-durability-bench","pigment_db","buffered","key_map","vector","successful_remove","1","32","5","6","106880","100027137","1068510.038431","1009","0"
"baseline-pre-feature","6d7edc7c29a60a94c59effeeb2b78d8b95038135","default-hasher:f4a984dc06afd081","rustc 1.97.0 (2d8144b78 2026-07-07)","x86_64-unknown-linux-gnu","Linux 7.0.11-76070011-generic x86_64","Intel(R) Core(TM) Ultra 7 155H","/dev/nvme0n1p3[/tmp] ext4   rw,nosuid,nodev,noatime,errors=remount-ro","/tmp/pigment-db-durability-bench","pigment_db","buffered","key_map","vector","successful_remove","1","32","5","7","103040","100057891","1029803.836261","1198","0"
"baseline-pre-feature","6d7edc7c29a60a94c59effeeb2b78d8b95038135","default-hasher:f4a984dc06afd081","rustc 1.97.0 (2d8144b78 2026-07-07)","x86_64-unknown-linux-gnu","Linux 7.0.11-76070011-generic x86_64","Intel(R) Core(TM) Ultra 7 155H","/dev/nvme0n1p3[/tmp] ext4   rw,nosuid,nodev,noatime,errors=remount-ro","/tmp/pigment-db-durability-bench","pigment_db","buffered","key_map","vector","successful_remove","1","32","5","8","105536","100017932","1055170.786775","1058","0"
"baseline-pre-feature","6d7edc7c29a60a94c59effeeb2b78d8b95038135","default-hasher:f4a984dc06afd081","rustc 1.97.0 (2d8144b78 2026-07-07)","x86_64-unknown-linux-gnu","Linux 7.0.11-76070011-generic x86_64","Intel(R) Core(TM) Ultra 7 155H","/dev/nvme0n1p3[/tmp] ext4   rw,nosuid,nodev,noatime,errors=remount-ro","/tmp/pigment-db-durability-bench","pigment_db","buffered","key_map","vector","successful_remove","1","32","5","9","106240","100017525","1062213.847023","1021","0"
"baseline-pre-feature","6d7edc7c29a60a94c59effeeb2b78d8b95038135","default-hasher:f4a984dc06afd081","rustc 1.97.0 (2d8144b78 2026-07-07)","x86_64-unknown-linux-gnu","Linux 7.0.11-76070011-generic x86_64","Intel(R) Core(TM) Ultra 7 155H","/dev/nvme0n1p3[/tmp] ext4   rw,nosuid,nodev,noatime,errors=remount-ro","/tmp/pigment-db-durability-bench","pigment_db","buffered","key_map","vector","successful_remove","1","32","5","10","102336","100000532","1023354.555754","1215","0"
"baseline-pre-feature","6d7edc7c29a60a94c59effeeb2b78d8b95038135","default-hasher:f4a984dc06afd081","rustc 1.97.0 (2d8144b78 2026-07-07)","x86_64-unknown-linux-gnu","Linux 7.0.11-76070011-generic x86_64","Intel(R) Core(TM) Ultra 7 155H","/dev/nvme0n1p3[/tmp] ext4   rw,nosuid,nodev,noatime,errors=remount-ro","/tmp/pigment-db-durability-bench","pigment_db","buffered","key_map","vector","successful_remove","8","32","5","0","69120","100006712","691153.609770","25161","0"
"baseline-pre-feature","6d7edc7c29a60a94c59effeeb2b78d8b95038135","default-hasher:f4a984dc06afd081","rustc 1.97.0 (2d8144b78 2026-07-07)","x86_64-unknown-linux-gnu","Linux 7.0.11-76070011-generic x86_64","Intel(R) Core(TM) Ultra 7 155H","/dev/nvme0n1p3[/tmp] ext4   rw,nosuid,nodev,noatime,errors=remount-ro","/tmp/pigment-db-durability-bench","pigment_db","buffered","key_map","vector","successful_remove","8","32","5","1","63488","100626757","630925.629453","26401","0"
"baseline-pre-feature","6d7edc7c29a60a94c59effeeb2b78d8b95038135","default-hasher:f4a984dc06afd081","rustc 1.97.0 (2d8144b78 2026-07-07)","x86_64-unknown-linux-gnu","Linux 7.0.11-76070011-generic x86_64","Intel(R) Core(TM) Ultra 7 155H","/dev/nvme0n1p3[/tmp] ext4   rw,nosuid,nodev,noatime,errors=remount-ro","/tmp/pigment-db-durability-bench","pigment_db","buffered","key_map","vector","successful_remove","8","32","5","2","64512","100179485","643964.180890","26703","0"
"baseline-pre-feature","6d7edc7c29a60a94c59effeeb2b78d8b95038135","default-hasher:f4a984dc06afd081","rustc 1.97.0 (2d8144b78 2026-07-07)","x86_64-unknown-linux-gnu","Linux 7.0.11-76070011-generic x86_64","Intel(R) Core(TM) Ultra 7 155H","/dev/nvme0n1p3[/tmp] ext4   rw,nosuid,nodev,noatime,errors=remount-ro","/tmp/pigment-db-durability-bench","pigment_db","buffered","key_map","vector","successful_remove","8","32","5","3","67584","100312618","673733.786910","25942","0"
"baseline-pre-feature","6d7edc7c29a60a94c59effeeb2b78d8b95038135","default-hasher:f4a984dc06afd081","rustc 1.97.0 (2d8144b78 2026-07-07)","x86_64-unknown-linux-gnu","Linux 7.0.11-76070011-generic x86_64","Intel(R) Core(TM) Ultra 7 155H","/dev/nvme0n1p3[/tmp] ext4   rw,nosuid,nodev,noatime,errors=remount-ro","/tmp/pigment-db-durability-bench","pigment_db","buffered","key_map","vector","successful_remove","8","32","5","4","68096","100560198","677166.526661","25209","0"
"baseline-pre-feature","6d7edc7c29a60a94c59effeeb2b78d8b95038135","default-hasher:f4a984dc06afd081","rustc 1.97.0 (2d8144b78 2026-07-07)","x86_64-unknown-linux-gnu","Linux 7.0.11-76070011-generic x86_64","Intel(R) Core(TM) Ultra 7 155H","/dev/nvme0n1p3[/tmp] ext4   rw,nosuid,nodev,noatime,errors=remount-ro","/tmp/pigment-db-durability-bench","pigment_db","buffered","key_map","vector","successful_remove","8","32","5","5","71168","100053381","711300.300786","24638","0"
"baseline-pre-feature","6d7edc7c29a60a94c59effeeb2b78d8b95038135","default-hasher:f4a984dc06afd081","rustc 1.97.0 (2d8144b78 2026-07-07)","x86_64-unknown-linux-gnu","Linux 7.0.11-76070011-generic x86_64","Intel(R) Core(TM) Ultra 7 155H","/dev/nvme0n1p3[/tmp] ext4   rw,nosuid,nodev,noatime,errors=remount-ro","/tmp/pigment-db-durability-bench","pigment_db","buffered","key_map","vector","successful_remove","8","32","5","6","69632","100031554","696100.352495","25078","0"
"baseline-pre-feature","6d7edc7c29a60a94c59effeeb2b78d8b95038135","default-hasher:f4a984dc06afd081","rustc 1.97.0 (2d8144b78 2026-07-07)","x86_64-unknown-linux-gnu","Linux 7.0.11-76070011-generic x86_64","Intel(R) Core(TM) Ultra 7 155H","/dev/nvme0n1p3[/tmp] ext4   rw,nosuid,nodev,noatime,errors=remount-ro","/tmp/pigment-db-durability-bench","pigment_db","buffered","key_map","vector","successful_remove","8","32","5","7","70144","100514306","697850.910894","24248","0"
"baseline-pre-feature","6d7edc7c29a60a94c59effeeb2b78d8b95038135","default-hasher:f4a984dc06afd081","rustc 1.97.0 (2d8144b78 2026-07-07)","x86_64-unknown-linux-gnu","Linux 7.0.11-76070011-generic x86_64","Intel(R) Core(TM) Ultra 7 155H","/dev/nvme0n1p3[/tmp] ext4   rw,nosuid,nodev,noatime,errors=remount-ro","/tmp/pigment-db-durability-bench","pigment_db","buffered","key_map","vector","successful_remove","8","32","5","8","72704","100060167","726602.824878","24482","0"
"baseline-pre-feature","6d7edc7c29a60a94c59effeeb2b78d8b95038135","default-hasher:f4a984dc06afd081","rustc 1.97.0 (2d8144b78 2026-07-07)","x86_64-unknown-linux-gnu","Linux 7.0.11-76070011-generic x86_64","Intel(R) Core(TM) Ultra 7 155H","/dev/nvme0n1p3[/tmp] ext4   rw,nosuid,nodev,noatime,errors=remount-ro","/tmp/pigment-db-durability-bench","pigment_db","buffered","key_map","vector","successful_remove","8","32","5","9","71168","100054795","711290.248508","24599","0"
"baseline-pre-feature","6d7edc7c29a60a94c59effeeb2b78d8b95038135","default-hasher:f4a984dc06afd081","rustc 1.97.0 (2d8144b78 2026-07-07)","x86_64-unknown-linux-gnu","Linux 7.0.11-76070011-generic x86_64","Intel(R) Core(TM) Ultra 7 155H","/dev/nvme0n1p3[/tmp] ext4   rw,nosuid,nodev,noatime,errors=remount-ro","/tmp/pigment-db-durability-bench","pigment_db","buffered","key_map","vector","successful_remove","8","32","5","10","72192","100473721","718516.237694","24445","0"
"baseline-pre-feature","6d7edc7c29a60a94c59effeeb2b78d8b95038135","default-hasher:f4a984dc06afd081","rustc 1.97.0 (2d8144b78 2026-07-07)","x86_64-unknown-linux-gnu","Linux 7.0.11-76070011-generic x86_64","Intel(R) Core(TM) Ultra 7 155H","/dev/nvme0n1p3[/tmp] ext4   rw,nosuid,nodev,noatime,errors=remount-ro","/tmp/pigment-db-durability-bench","pigment_db","buffered","key_map","vector","minimal_callback","1","32","5","0","57280","100018129","572696.175910","1803","0"
"baseline-pre-feature","6d7edc7c29a60a94c59effeeb2b78d8b95038135","default-hasher:f4a984dc06afd081","rustc 1.97.0 (2d8144b78 2026-07-07)","x86_64-unknown-linux-gnu","Linux 7.0.11-76070011-generic x86_64","Intel(R) Core(TM) Ultra 7 155H","/dev/nvme0n1p3[/tmp] ext4   rw,nosuid,nodev,noatime,errors=remount-ro","/tmp/pigment-db-durability-bench","pigment_db","buffered","key_map","vector","minimal_callback","1","32","5","1","55104","100075652","550623.442353","2424","0"
"baseline-pre-feature","6d7edc7c29a60a94c59effeeb2b78d8b95038135","default-hasher:f4a984dc06afd081","rustc 1.97.0 (2d8144b78 2026-07-07)","x86_64-unknown-linux-gnu","Linux 7.0.11-76070011-generic x86_64","Intel(R) Core(TM) Ultra 7 155H","/dev/nvme0n1p3[/tmp] ext4   rw,nosuid,nodev,noatime,errors=remount-ro","/tmp/pigment-db-durability-bench","pigment_db","buffered","key_map","vector","minimal_callback","1","32","5","2","54464","100024923","544504.293195","2314","0"
"baseline-pre-feature","6d7edc7c29a60a94c59effeeb2b78d8b95038135","default-hasher:f4a984dc06afd081","rustc 1.97.0 (2d8144b78 2026-07-07)","x86_64-unknown-linux-gnu","Linux 7.0.11-76070011-generic x86_64","Intel(R) Core(TM) Ultra 7 155H","/dev/nvme0n1p3[/tmp] ext4   rw,nosuid,nodev,noatime,errors=remount-ro","/tmp/pigment-db-durability-bench","pigment_db","buffered","key_map","vector","minimal_callback","1","32","5","3","52608","100086463","525625.528399","2377","0"
"baseline-pre-feature","6d7edc7c29a60a94c59effeeb2b78d8b95038135","default-hasher:f4a984dc06afd081","rustc 1.97.0 (2d8144b78 2026-07-07)","x86_64-unknown-linux-gnu","Linux 7.0.11-76070011-generic x86_64","Intel(R) Core(TM) Ultra 7 155H","/dev/nvme0n1p3[/tmp] ext4   rw,nosuid,nodev,noatime,errors=remount-ro","/tmp/pigment-db-durability-bench","pigment_db","buffered","key_map","vector","minimal_callback","1","32","5","4","56256","100032801","562375.535201","2048","0"
"baseline-pre-feature","6d7edc7c29a60a94c59effeeb2b78d8b95038135","default-hasher:f4a984dc06afd081","rustc 1.97.0 (2d8144b78 2026-07-07)","x86_64-unknown-linux-gnu","Linux 7.0.11-76070011-generic x86_64","Intel(R) Core(TM) Ultra 7 155H","/dev/nvme0n1p3[/tmp] ext4   rw,nosuid,nodev,noatime,errors=remount-ro","/tmp/pigment-db-durability-bench","pigment_db","buffered","key_map","vector","minimal_callback","1","32","5","5","54336","100017898","543262.766830","2231","0"
"baseline-pre-feature","6d7edc7c29a60a94c59effeeb2b78d8b95038135","default-hasher:f4a984dc06afd081","rustc 1.97.0 (2d8144b78 2026-07-07)","x86_64-unknown-linux-gnu","Linux 7.0.11-76070011-generic x86_64","Intel(R) Core(TM) Ultra 7 155H","/dev/nvme0n1p3[/tmp] ext4   rw,nosuid,nodev,noatime,errors=remount-ro","/tmp/pigment-db-durability-bench","pigment_db","buffered","key_map","vector","minimal_callback","1","32","5","6","52864","100004093","528618.363650","2502","0"
"baseline-pre-feature","6d7edc7c29a60a94c59effeeb2b78d8b95038135","default-hasher:f4a984dc06afd081","rustc 1.97.0 (2d8144b78 2026-07-07)","x86_64-unknown-linux-gnu","Linux 7.0.11-76070011-generic x86_64","Intel(R) Core(TM) Ultra 7 155H","/dev/nvme0n1p3[/tmp] ext4   rw,nosuid,nodev,noatime,errors=remount-ro","/tmp/pigment-db-durability-bench","pigment_db","buffered","key_map","vector","minimal_callback","1","32","5","7","52288","100069265","522518.077853","2601","0"
"baseline-pre-feature","6d7edc7c29a60a94c59effeeb2b78d8b95038135","default-hasher:f4a984dc06afd081","rustc 1.97.0 (2d8144b78 2026-07-07)","x86_64-unknown-linux-gnu","Linux 7.0.11-76070011-generic x86_64","Intel(R) Core(TM) Ultra 7 155H","/dev/nvme0n1p3[/tmp] ext4   rw,nosuid,nodev,noatime,errors=remount-ro","/tmp/pigment-db-durability-bench","pigment_db","buffered","key_map","vector","minimal_callback","1","32","5","8","56128","100075301","560857.668567","1892","0"
"baseline-pre-feature","6d7edc7c29a60a94c59effeeb2b78d8b95038135","default-hasher:f4a984dc06afd081","rustc 1.97.0 (2d8144b78 2026-07-07)","x86_64-unknown-linux-gnu","Linux 7.0.11-76070011-generic x86_64","Intel(R) Core(TM) Ultra 7 155H","/dev/nvme0n1p3[/tmp] ext4   rw,nosuid,nodev,noatime,errors=remount-ro","/tmp/pigment-db-durability-bench","pigment_db","buffered","key_map","vector","minimal_callback","1","32","5","9","57216","100037470","571945.691949","1878","0"
"baseline-pre-feature","6d7edc7c29a60a94c59effeeb2b78d8b95038135","default-hasher:f4a984dc06afd081","rustc 1.97.0 (2d8144b78 2026-07-07)","x86_64-unknown-linux-gnu","Linux 7.0.11-76070011-generic x86_64","Intel(R) Core(TM) Ultra 7 155H","/dev/nvme0n1p3[/tmp] ext4   rw,nosuid,nodev,noatime,errors=remount-ro","/tmp/pigment-db-durability-bench","pigment_db","buffered","key_map","vector","minimal_callback","1","32","5","10","54016","100109409","539569.662228","1984","0"
"baseline-pre-feature","6d7edc7c29a60a94c59effeeb2b78d8b95038135","default-hasher:f4a984dc06afd081","rustc 1.97.0 (2d8144b78 2026-07-07)","x86_64-unknown-linux-gnu","Linux 7.0.11-76070011-generic x86_64","Intel(R) Core(TM) Ultra 7 155H","/dev/nvme0n1p3[/tmp] ext4   rw,nosuid,nodev,noatime,errors=remount-ro","/tmp/pigment-db-durability-bench","pigment_db","buffered","key_map","vector","minimal_callback","8","32","5","0","30208","100517502","300524.778262","97262","0"
"baseline-pre-feature","6d7edc7c29a60a94c59effeeb2b78d8b95038135","default-hasher:f4a984dc06afd081","rustc 1.97.0 (2d8144b78 2026-07-07)","x86_64-unknown-linux-gnu","Linux 7.0.11-76070011-generic x86_64","Intel(R) Core(TM) Ultra 7 155H","/dev/nvme0n1p3[/tmp] ext4   rw,nosuid,nodev,noatime,errors=remount-ro","/tmp/pigment-db-durability-bench","pigment_db","buffered","key_map","vector","minimal_callback","8","32","5","1","30208","100545391","300441.419538","84868","0"
"baseline-pre-feature","6d7edc7c29a60a94c59effeeb2b78d8b95038135","default-hasher:f4a984dc06afd081","rustc 1.97.0 (2d8144b78 2026-07-07)","x86_64-unknown-linux-gnu","Linux 7.0.11-76070011-generic x86_64","Intel(R) Core(TM) Ultra 7 155H","/dev/nvme0n1p3[/tmp] ext4   rw,nosuid,nodev,noatime,errors=remount-ro","/tmp/pigment-db-durability-bench","pigment_db","buffered","key_map","vector","minimal_callback","8","32","5","2","28672","100269737","285948.690580","94198","0"
"baseline-pre-feature","6d7edc7c29a60a94c59effeeb2b78d8b95038135","default-hasher:f4a984dc06afd081","rustc 1.97.0 (2d8144b78 2026-07-07)","x86_64-unknown-linux-gnu","Linux 7.0.11-76070011-generic x86_64","Intel(R) Core(TM) Ultra 7 155H","/dev/nvme0n1p3[/tmp] ext4   rw,nosuid,nodev,noatime,errors=remount-ro","/tmp/pigment-db-durability-bench","pigment_db","buffered","key_map","vector","minimal_callback","8","32","5","3","30208","100494443","300593.735317","93404","0"
"baseline-pre-feature","6d7edc7c29a60a94c59effeeb2b78d8b95038135","default-hasher:f4a984dc06afd081","rustc 1.97.0 (2d8144b78 2026-07-07)","x86_64-unknown-linux-gnu","Linux 7.0.11-76070011-generic x86_64","Intel(R) Core(TM) Ultra 7 155H","/dev/nvme0n1p3[/tmp] ext4   rw,nosuid,nodev,noatime,errors=remount-ro","/tmp/pigment-db-durability-bench","pigment_db","buffered","key_map","vector","minimal_callback","8","32","5","4","29184","100185433","291299.833979","95967","0"
"baseline-pre-feature","6d7edc7c29a60a94c59effeeb2b78d8b95038135","default-hasher:f4a984dc06afd081","rustc 1.97.0 (2d8144b78 2026-07-07)","x86_64-unknown-linux-gnu","Linux 7.0.11-76070011-generic x86_64","Intel(R) Core(TM) Ultra 7 155H","/dev/nvme0n1p3[/tmp] ext4   rw,nosuid,nodev,noatime,errors=remount-ro","/tmp/pigment-db-durability-bench","pigment_db","buffered","key_map","vector","minimal_callback","8","32","5","5","30720","101287592","303294.800413","92051","0"
"baseline-pre-feature","6d7edc7c29a60a94c59effeeb2b78d8b95038135","default-hasher:f4a984dc06afd081","rustc 1.97.0 (2d8144b78 2026-07-07)","x86_64-unknown-linux-gnu","Linux 7.0.11-76070011-generic x86_64","Intel(R) Core(TM) Ultra 7 155H","/dev/nvme0n1p3[/tmp] ext4   rw,nosuid,nodev,noatime,errors=remount-ro","/tmp/pigment-db-durability-bench","pigment_db","buffered","key_map","vector","minimal_callback","8","32","5","6","30208","101010623","299057.654560","93271","0"
"baseline-pre-feature","6d7edc7c29a60a94c59effeeb2b78d8b95038135","default-hasher:f4a984dc06afd081","rustc 1.97.0 (2d8144b78 2026-07-07)","x86_64-unknown-linux-gnu","Linux 7.0.11-76070011-generic x86_64","Intel(R) Core(TM) Ultra 7 155H","/dev/nvme0n1p3[/tmp] ext4   rw,nosuid,nodev,noatime,errors=remount-ro","/tmp/pigment-db-durability-bench","pigment_db","buffered","key_map","vector","minimal_callback","8","32","5","7","30208","101028829","299003.762579","93639","0"
"baseline-pre-feature","6d7edc7c29a60a94c59effeeb2b78d8b95038135","default-hasher:f4a984dc06afd081","rustc 1.97.0 (2d8144b78 2026-07-07)","x86_64-unknown-linux-gnu","Linux 7.0.11-76070011-generic x86_64","Intel(R) Core(TM) Ultra 7 155H","/dev/nvme0n1p3[/tmp] ext4   rw,nosuid,nodev,noatime,errors=remount-ro","/tmp/pigment-db-durability-bench","pigment_db","buffered","key_map","vector","minimal_callback","8","32","5","8","30720","100586934","305407.459780","80202","0"
"baseline-pre-feature","6d7edc7c29a60a94c59effeeb2b78d8b95038135","default-hasher:f4a984dc06afd081","rustc 1.97.0 (2d8144b78 2026-07-07)","x86_64-unknown-linux-gnu","Linux 7.0.11-76070011-generic x86_64","Intel(R) Core(TM) Ultra 7 155H","/dev/nvme0n1p3[/tmp] ext4   rw,nosuid,nodev,noatime,errors=remount-ro","/tmp/pigment-db-durability-bench","pigment_db","buffered","key_map","vector","minimal_callback","8","32","5","9","31744","101008326","314271.122561","91715","0"
"baseline-pre-feature","6d7edc7c29a60a94c59effeeb2b78d8b95038135","default-hasher:f4a984dc06afd081","rustc 1.97.0 (2d8144b78 2026-07-07)","x86_64-unknown-linux-gnu","Linux 7.0.11-76070011-generic x86_64","Intel(R) Core(TM) Ultra 7 155H","/dev/nvme0n1p3[/tmp] ext4   rw,nosuid,nodev,noatime,errors=remount-ro","/tmp/pigment-db-durability-bench","pigment_db","buffered","key_map","vector","minimal_callback","8","32","5","10","31232","100499725","310767.019512","91353","0"
"baseline-pre-feature","6d7edc7c29a60a94c59effeeb2b78d8b95038135","default-hasher:f4a984dc06afd081","rustc 1.97.0 (2d8144b78 2026-07-07)","x86_64-unknown-linux-gnu","Linux 7.0.11-76070011-generic x86_64","Intel(R) Core(TM) Ultra 7 155H","/dev/nvme0n1p3[/tmp] ext4   rw,nosuid,nodev,noatime,errors=remount-ro","/tmp/pigment-db-durability-bench","pigment_db","buffered","key_map","file","ordinary_write","1","32","5","0","47232","100023664","472208.256638","3203","0"
"baseline-pre-feature","6d7edc7c29a60a94c59effeeb2b78d8b95038135","default-hasher:f4a984dc06afd081","rustc 1.97.0 (2d8144b78 2026-07-07)","x86_64-unknown-linux-gnu","Linux 7.0.11-76070011-generic x86_64","Intel(R) Core(TM) Ultra 7 155H","/dev/nvme0n1p3[/tmp] ext4   rw,nosuid,nodev,noatime,errors=remount-ro","/tmp/pigment-db-durability-bench","pigment_db","buffered","key_map","file","ordinary_write","1","32","5","1","44672","100006946","446688.972984","3806","0"
"baseline-pre-feature","6d7edc7c29a60a94c59effeeb2b78d8b95038135","default-hasher:f4a984dc06afd081","rustc 1.97.0 (2d8144b78 2026-07-07)","x86_64-unknown-linux-gnu","Linux 7.0.11-76070011-generic x86_64","Intel(R) Core(TM) Ultra 7 155H","/dev/nvme0n1p3[/tmp] ext4   rw,nosuid,nodev,noatime,errors=remount-ro","/tmp/pigment-db-durability-bench","pigment_db","buffered","key_map","file","ordinary_write","1","32","5","2","44480","100091794","444392.074739","3759","0"
"baseline-pre-feature","6d7edc7c29a60a94c59effeeb2b78d8b95038135","default-hasher:f4a984dc06afd081","rustc 1.97.0 (2d8144b78 2026-07-07)","x86_64-unknown-linux-gnu","Linux 7.0.11-76070011-generic x86_64","Intel(R) Core(TM) Ultra 7 155H","/dev/nvme0n1p3[/tmp] ext4   rw,nosuid,nodev,noatime,errors=remount-ro","/tmp/pigment-db-durability-bench","pigment_db","buffered","key_map","file","ordinary_write","1","32","5","3","45824","100125979","457663.440175","3297","0"
"baseline-pre-feature","6d7edc7c29a60a94c59effeeb2b78d8b95038135","default-hasher:f4a984dc06afd081","rustc 1.97.0 (2d8144b78 2026-07-07)","x86_64-unknown-linux-gnu","Linux 7.0.11-76070011-generic x86_64","Intel(R) Core(TM) Ultra 7 155H","/dev/nvme0n1p3[/tmp] ext4   rw,nosuid,nodev,noatime,errors=remount-ro","/tmp/pigment-db-durability-bench","pigment_db","buffered","key_map","file","ordinary_write","1","32","5","4","45952","100009201","459477.723455","3149","0"
"baseline-pre-feature","6d7edc7c29a60a94c59effeeb2b78d8b95038135","default-hasher:f4a984dc06afd081","rustc 1.97.0 (2d8144b78 2026-07-07)","x86_64-unknown-linux-gnu","Linux 7.0.11-76070011-generic x86_64","Intel(R) Core(TM) Ultra 7 155H","/dev/nvme0n1p3[/tmp] ext4   rw,nosuid,nodev,noatime,errors=remount-ro","/tmp/pigment-db-durability-bench","pigment_db","buffered","key_map","file","ordinary_write","1","32","5","5","46720","100036156","467031.140221","3137","0"
"baseline-pre-feature","6d7edc7c29a60a94c59effeeb2b78d8b95038135","default-hasher:f4a984dc06afd081","rustc 1.97.0 (2d8144b78 2026-07-07)","x86_64-unknown-linux-gnu","Linux 7.0.11-76070011-generic x86_64","Intel(R) Core(TM) Ultra 7 155H","/dev/nvme0n1p3[/tmp] ext4   rw,nosuid,nodev,noatime,errors=remount-ro","/tmp/pigment-db-durability-bench","pigment_db","buffered","key_map","file","ordinary_write","1","32","5","6","45952","100024613","459406.926173","3322","0"
"baseline-pre-feature","6d7edc7c29a60a94c59effeeb2b78d8b95038135","default-hasher:f4a984dc06afd081","rustc 1.97.0 (2d8144b78 2026-07-07)","x86_64-unknown-linux-gnu","Linux 7.0.11-76070011-generic x86_64","Intel(R) Core(TM) Ultra 7 155H","/dev/nvme0n1p3[/tmp] ext4   rw,nosuid,nodev,noatime,errors=remount-ro","/tmp/pigment-db-durability-bench","pigment_db","buffered","key_map","file","ordinary_write","1","32","5","7","47744","100066740","477121.569065","2828","0"
"baseline-pre-feature","6d7edc7c29a60a94c59effeeb2b78d8b95038135","default-hasher:f4a984dc06afd081","rustc 1.97.0 (2d8144b78 2026-07-07)","x86_64-unknown-linux-gnu","Linux 7.0.11-76070011-generic x86_64","Intel(R) Core(TM) Ultra 7 155H","/dev/nvme0n1p3[/tmp] ext4   rw,nosuid,nodev,noatime,errors=remount-ro","/tmp/pigment-db-durability-bench","pigment_db","buffered","key_map","file","ordinary_write","1","32","5","8","47872","100047099","478494.633812","2675","0"
"baseline-pre-feature","6d7edc7c29a60a94c59effeeb2b78d8b95038135","default-hasher:f4a984dc06afd081","rustc 1.97.0 (2d8144b78 2026-07-07)","x86_64-unknown-linux-gnu","Linux 7.0.11-76070011-generic x86_64","Intel(R) Core(TM) Ultra 7 155H","/dev/nvme0n1p3[/tmp] ext4   rw,nosuid,nodev,noatime,errors=remount-ro","/tmp/pigment-db-durability-bench","pigment_db","buffered","key_map","file","ordinary_write","1","32","5","9","45952","100015713","459447.806966","3855","0"
"baseline-pre-feature","6d7edc7c29a60a94c59effeeb2b78d8b95038135","default-hasher:f4a984dc06afd081","rustc 1.97.0 (2d8144b78 2026-07-07)","x86_64-unknown-linux-gnu","Linux 7.0.11-76070011-generic x86_64","Intel(R) Core(TM) Ultra 7 155H","/dev/nvme0n1p3[/tmp] ext4   rw,nosuid,nodev,noatime,errors=remount-ro","/tmp/pigment-db-durability-bench","pigment_db","buffered","key_map","file","ordinary_write","1","32","5","10","45888","100048351","458658.234157","3460","0"
"baseline-pre-feature","6d7edc7c29a60a94c59effeeb2b78d8b95038135","default-hasher:f4a984dc06afd081","rustc 1.97.0 (2d8144b78 2026-07-07)","x86_64-unknown-linux-gnu","Linux 7.0.11-76070011-generic x86_64","Intel(R) Core(TM) Ultra 7 155H","/dev/nvme0n1p3[/tmp] ext4   rw,nosuid,nodev,noatime,errors=remount-ro","/tmp/pigment-db-durability-bench","pigment_db","buffered","key_map","file","ordinary_write","8","32","5","0","21504","100949673","213017.034736","96114","0"
"baseline-pre-feature","6d7edc7c29a60a94c59effeeb2b78d8b95038135","default-hasher:f4a984dc06afd081","rustc 1.97.0 (2d8144b78 2026-07-07)","x86_64-unknown-linux-gnu","Linux 7.0.11-76070011-generic x86_64","Intel(R) Core(TM) Ultra 7 155H","/dev/nvme0n1p3[/tmp] ext4   rw,nosuid,nodev,noatime,errors=remount-ro","/tmp/pigment-db-durability-bench","pigment_db","buffered","key_map","file","ordinary_write","8","32","5","1","20992","102315693","205168.917734","77441","0"
"baseline-pre-feature","6d7edc7c29a60a94c59effeeb2b78d8b95038135","default-hasher:f4a984dc06afd081","rustc 1.97.0 (2d8144b78 2026-07-07)","x86_64-unknown-linux-gnu","Linux 7.0.11-76070011-generic x86_64","Intel(R) Core(TM) Ultra 7 155H","/dev/nvme0n1p3[/tmp] ext4   rw,nosuid,nodev,noatime,errors=remount-ro","/tmp/pigment-db-durability-bench","pigment_db","buffered","key_map","file","ordinary_write","8","32","5","2","21504","100577481","213805.314929","86845","0"
"baseline-pre-feature","6d7edc7c29a60a94c59effeeb2b78d8b95038135","default-hasher:f4a984dc06afd081","rustc 1.97.0 (2d8144b78 2026-07-07)","x86_64-unknown-linux-gnu","Linux 7.0.11-76070011-generic x86_64","Intel(R) Core(TM) Ultra 7 155H","/dev/nvme0n1p3[/tmp] ext4   rw,nosuid,nodev,noatime,errors=remount-ro","/tmp/pigment-db-durability-bench","pigment_db","buffered","key_map","file","ordinary_write","8","32","5","3","20992","102176711","205447.990981","80400","0"
"baseline-pre-feature","6d7edc7c29a60a94c59effeeb2b78d8b95038135","default-hasher:f4a984dc06afd081","rustc 1.97.0 (2d8144b78 2026-07-07)","x86_64-unknown-linux-gnu","Linux 7.0.11-76070011-generic x86_64","Intel(R) Core(TM) Ultra 7 155H","/dev/nvme0n1p3[/tmp] ext4   rw,nosuid,nodev,noatime,errors=remount-ro","/tmp/pigment-db-durability-bench","pigment_db","buffered","key_map","file","ordinary_write","8","32","5","4","20992","102326112","205148.027123","98326","0"
"baseline-pre-feature","6d7edc7c29a60a94c59effeeb2b78d8b95038135","default-hasher:f4a984dc06afd081","rustc 1.97.0 (2d8144b78 2026-07-07)","x86_64-unknown-linux-gnu","Linux 7.0.11-76070011-generic x86_64","Intel(R) Core(TM) Ultra 7 155H","/dev/nvme0n1p3[/tmp] ext4   rw,nosuid,nodev,noatime,errors=remount-ro","/tmp/pigment-db-durability-bench","pigment_db","buffered","key_map","file","ordinary_write","8","32","5","5","20480","100120891","204552.714178","97925","0"
"baseline-pre-feature","6d7edc7c29a60a94c59effeeb2b78d8b95038135","default-hasher:f4a984dc06afd081","rustc 1.97.0 (2d8144b78 2026-07-07)","x86_64-unknown-linux-gnu","Linux 7.0.11-76070011-generic x86_64","Intel(R) Core(TM) Ultra 7 155H","/dev/nvme0n1p3[/tmp] ext4   rw,nosuid,nodev,noatime,errors=remount-ro","/tmp/pigment-db-durability-bench","pigment_db","buffered","key_map","file","ordinary_write","8","32","5","6","20992","102176584","205448.246342","86197","0"
"baseline-pre-feature","6d7edc7c29a60a94c59effeeb2b78d8b95038135","default-hasher:f4a984dc06afd081","rustc 1.97.0 (2d8144b78 2026-07-07)","x86_64-unknown-linux-gnu","Linux 7.0.11-76070011-generic x86_64","Intel(R) Core(TM) Ultra 7 155H","/dev/nvme0n1p3[/tmp] ext4   rw,nosuid,nodev,noatime,errors=remount-ro","/tmp/pigment-db-durability-bench","pigment_db","buffered","key_map","file","ordinary_write","8","32","5","7","20992","100842844","208165.489660","100295","0"
"baseline-pre-feature","6d7edc7c29a60a94c59effeeb2b78d8b95038135","default-hasher:f4a984dc06afd081","rustc 1.97.0 (2d8144b78 2026-07-07)","x86_64-unknown-linux-gnu","Linux 7.0.11-76070011-generic x86_64","Intel(R) Core(TM) Ultra 7 155H","/dev/nvme0n1p3[/tmp] ext4   rw,nosuid,nodev,noatime,errors=remount-ro","/tmp/pigment-db-durability-bench","pigment_db","buffered","key_map","file","ordinary_write","8","32","5","8","19968","101221515","197270.313530","99614","0"
"baseline-pre-feature","6d7edc7c29a60a94c59effeeb2b78d8b95038135","default-hasher:f4a984dc06afd081","rustc 1.97.0 (2d8144b78 2026-07-07)","x86_64-unknown-linux-gnu","Linux 7.0.11-76070011-generic x86_64","Intel(R) Core(TM) Ultra 7 155H","/dev/nvme0n1p3[/tmp] ext4   rw,nosuid,nodev,noatime,errors=remount-ro","/tmp/pigment-db-durability-bench","pigment_db","buffered","key_map","file","ordinary_write","8","32","5","9","20992","102070625","205661.521128","96804","0"
"baseline-pre-feature","6d7edc7c29a60a94c59effeeb2b78d8b95038135","default-hasher:f4a984dc06afd081","rustc 1.97.0 (2d8144b78 2026-07-07)","x86_64-unknown-linux-gnu","Linux 7.0.11-76070011-generic x86_64","Intel(R) Core(TM) Ultra 7 155H","/dev/nvme0n1p3[/tmp] ext4   rw,nosuid,nodev,noatime,errors=remount-ro","/tmp/pigment-db-durability-bench","pigment_db","buffered","key_map","file","ordinary_write","8","32","5","10","20992","101690671","206429.948722","102220","0"
"baseline-pre-feature","6d7edc7c29a60a94c59effeeb2b78d8b95038135","default-hasher:f4a984dc06afd081","rustc 1.97.0 (2d8144b78 2026-07-07)","x86_64-unknown-linux-gnu","Linux 7.0.11-76070011-generic x86_64","Intel(R) Core(TM) Ultra 7 155H","/dev/nvme0n1p3[/tmp] ext4   rw,nosuid,nodev,noatime,errors=remount-ro","/tmp/pigment-db-durability-bench","pigment_db","buffered","key_map","file","successful_remove","1","32","5","0","39488","100120079","394406.400738","3374","0"
"baseline-pre-feature","6d7edc7c29a60a94c59effeeb2b78d8b95038135","default-hasher:f4a984dc06afd081","rustc 1.97.0 (2d8144b78 2026-07-07)","x86_64-unknown-linux-gnu","Linux 7.0.11-76070011-generic x86_64","Intel(R) Core(TM) Ultra 7 155H","/dev/nvme0n1p3[/tmp] ext4   rw,nosuid,nodev,noatime,errors=remount-ro","/tmp/pigment-db-durability-bench","pigment_db","buffered","key_map","file","successful_remove","1","32","5","1","40640","100091386","406028.946387","3041","0"
"baseline-pre-feature","6d7edc7c29a60a94c59effeeb2b78d8b95038135","default-hasher:f4a984dc06afd081","rustc 1.97.0 (2d8144b78 2026-07-07)","x86_64-unknown-linux-gnu","Linux 7.0.11-76070011-generic x86_64","Intel(R) Core(TM) Ultra 7 155H","/dev/nvme0n1p3[/tmp] ext4   rw,nosuid,nodev,noatime,errors=remount-ro","/tmp/pigment-db-durability-bench","pigment_db","buffered","key_map","file","successful_remove","1","32","5","2","40384","100085848","403493.608807","3313","0"
"baseline-pre-feature","6d7edc7c29a60a94c59effeeb2b78d8b95038135","default-hasher:f4a984dc06afd081","rustc 1.97.0 (2d8144b78 2026-07-07)","x86_64-unknown-linux-gnu","Linux 7.0.11-76070011-generic x86_64","Intel(R) Core(TM) Ultra 7 155H","/dev/nvme0n1p3[/tmp] ext4   rw,nosuid,nodev,noatime,errors=remount-ro","/tmp/pigment-db-durability-bench","pigment_db","buffered","key_map","file","successful_remove","1","32","5","3","40384","100044690","403659.604523","3134","0"
"baseline-pre-feature","6d7edc7c29a60a94c59effeeb2b78d8b95038135","default-hasher:f4a984dc06afd081","rustc 1.97.0 (2d8144b78 2026-07-07)","x86_64-unknown-linux-gnu","Linux 7.0.11-76070011-generic x86_64","Intel(R) Core(TM) Ultra 7 155H","/dev/nvme0n1p3[/tmp] ext4   rw,nosuid,nodev,noatime,errors=remount-ro","/tmp/pigment-db-durability-bench","pigment_db","buffered","key_map","file","successful_remove","1","32","5","4","40576","100045231","405576.553669","2998","0"
"baseline-pre-feature","6d7edc7c29a60a94c59effeeb2b78d8b95038135","default-hasher:f4a984dc06afd081","rustc 1.97.0 (2d8144b78 2026-07-07)","x86_64-unknown-linux-gnu","Linux 7.0.11-76070011-generic x86_64","Intel(R) Core(TM) Ultra 7 155H","/dev/nvme0n1p3[/tmp] ext4   rw,nosuid,nodev,noatime,errors=remount-ro","/tmp/pigment-db-durability-bench","pigment_db","buffered","key_map","file","successful_remove","1","32","5","5","41344","100021867","413349.612840","3029","0"
"baseline-pre-feature","6d7edc7c29a60a94c59effeeb2b78d8b95038135","default-hasher:f4a984dc06afd081","rustc 1.97.0 (2d8144b78 2026-07-07)","x86_64-unknown-linux-gnu","Linux 7.0.11-76070011-generic x86_64","Intel(R) Core(TM) Ultra 7 155H","/dev/nvme0n1p3[/tmp] ext4   rw,nosuid,nodev,noatime,errors=remount-ro","/tmp/pigment-db-durability-bench","pigment_db","buffered","key_map","file","successful_remove","1","32","5","6","38848","100102874","388080.765793","3594","0"
"baseline-pre-feature","6d7edc7c29a60a94c59effeeb2b78d8b95038135","default-hasher:f4a984dc06afd081","rustc 1.97.0 (2d8144b78 2026-07-07)","x86_64-unknown-linux-gnu","Linux 7.0.11-76070011-generic x86_64","Intel(R) Core(TM) Ultra 7 155H","/dev/nvme0n1p3[/tmp] ext4   rw,nosuid,nodev,noatime,errors=remount-ro","/tmp/pigment-db-durability-bench","pigment_db","buffered","key_map","file","successful_remove","1","32","5","7","38976","100027817","389651.610611","3407","0"
"baseline-pre-feature","6d7edc7c29a60a94c59effeeb2b78d8b95038135","default-hasher:f4a984dc06afd081","rustc 1.97.0 (2d8144b78 2026-07-07)","x86_64-unknown-linux-gnu","Linux 7.0.11-76070011-generic x86_64","Intel(R) Core(TM) Ultra 7 155H","/dev/nvme0n1p3[/tmp] ext4   rw,nosuid,nodev,noatime,errors=remount-ro","/tmp/pigment-db-durability-bench","pigment_db","buffered","key_map","file","successful_remove","1","32","5","8","40896","100085213","408611.809619","3148","0"
"baseline-pre-feature","6d7edc7c29a60a94c59effeeb2b78d8b95038135","default-hasher:f4a984dc06afd081","rustc 1.97.0 (2d8144b78 2026-07-07)","x86_64-unknown-linux-gnu","Linux 7.0.11-76070011-generic x86_64","Intel(R) Core(TM) Ultra 7 155H","/dev/nvme0n1p3[/tmp] ext4   rw,nosuid,nodev,noatime,errors=remount-ro","/tmp/pigment-db-durability-bench","pigment_db","buffered","key_map","file","successful_remove","1","32","5","9","39936","100113476","398907.335912","3652","0"
"baseline-pre-feature","6d7edc7c29a60a94c59effeeb2b78d8b95038135","default-hasher:f4a984dc06afd081","rustc 1.97.0 (2d8144b78 2026-07-07)","x86_64-unknown-linux-gnu","Linux 7.0.11-76070011-generic x86_64","Intel(R) Core(TM) Ultra 7 155H","/dev/nvme0n1p3[/tmp] ext4   rw,nosuid,nodev,noatime,errors=remount-ro","/tmp/pigment-db-durability-bench","pigment_db","buffered","key_map","file","successful_remove","1","32","5","10","41728","100010691","417235.393364","3000","0"
"baseline-pre-feature","6d7edc7c29a60a94c59effeeb2b78d8b95038135","default-hasher:f4a984dc06afd081","rustc 1.97.0 (2d8144b78 2026-07-07)","x86_64-unknown-linux-gnu","Linux 7.0.11-76070011-generic x86_64","Intel(R) Core(TM) Ultra 7 155H","/dev/nvme0n1p3[/tmp] ext4   rw,nosuid,nodev,noatime,errors=remount-ro","/tmp/pigment-db-durability-bench","pigment_db","buffered","key_map","file","successful_remove","8","32","5","0","16896","100506950","168107.777621","111520","0"
"baseline-pre-feature","6d7edc7c29a60a94c59effeeb2b78d8b95038135","default-hasher:f4a984dc06afd081","rustc 1.97.0 (2d8144b78 2026-07-07)","x86_64-unknown-linux-gnu","Linux 7.0.11-76070011-generic x86_64","Intel(R) Core(TM) Ultra 7 155H","/dev/nvme0n1p3[/tmp] ext4   rw,nosuid,nodev,noatime,errors=remount-ro","/tmp/pigment-db-durability-bench","pigment_db","buffered","key_map","file","successful_remove","8","32","5","1","17408","102742743","169432.891236","109124","0"
"baseline-pre-feature","6d7edc7c29a60a94c59effeeb2b78d8b95038135","default-hasher:f4a984dc06afd081","rustc 1.97.0 (2d8144b78 2026-07-07)","x86_64-unknown-linux-gnu","Linux 7.0.11-76070011-generic x86_64","Intel(R) Core(TM) Ultra 7 155H","/dev/nvme0n1p3[/tmp] ext4   rw,nosuid,nodev,noatime,errors=remount-ro","/tmp/pigment-db-durability-bench","pigment_db","buffered","key_map","file","successful_remove","8","32","5","2","16896","100422594","168248.989864","117332","0"
"baseline-pre-feature","6d7edc7c29a60a94c59effeeb2b78d8b95038135","default-hasher:f4a984dc06afd081","rustc 1.97.0 (2d8144b78 2026-07-07)","x86_64-unknown-linux-gnu","Linux 7.0.11-76070011-generic x86_64","Intel(R) Core(TM) Ultra 7 155H","/dev/nvme0n1p3[/tmp] ext4   rw,nosuid,nodev,noatime,errors=remount-ro","/tmp/pigment-db-durability-bench","pigment_db","buffered","key_map","file","successful_remove","8","32","5","3","17408","100422738","173347.195533","110196","0"
"baseline-pre-feature","6d7edc7c29a60a94c59effeeb2b78d8b95038135","default-hasher:f4a984dc06afd081","rustc 1.97.0 (2d8144b78 2026-07-07)","x86_64-unknown-linux-gnu","Linux 7.0.11-76070011-generic x86_64","Intel(R) Core(TM) Ultra 7 155H","/dev/nvme0n1p3[/tmp] ext4   rw,nosuid,nodev,noatime,errors=remount-ro","/tmp/pigment-db-durability-bench","pigment_db","buffered","key_map","file","successful_remove","8","32","5","4","17920","102134577","175454.782566","110872","0"
"baseline-pre-feature","6d7edc7c29a60a94c59effeeb2b78d8b95038135","default-hasher:f4a984dc06afd081","rustc 1.97.0 (2d8144b78 2026-07-07)","x86_64-unknown-linux-gnu","Linux 7.0.11-76070011-generic x86_64","Intel(R) Core(TM) Ultra 7 155H","/dev/nvme0n1p3[/tmp] ext4   rw,nosuid,nodev,noatime,errors=remount-ro","/tmp/pigment-db-durability-bench","pigment_db","buffered","key_map","file","successful_remove","8","32","5","5","17408","102256016","170239.372518","110268","0"
"baseline-pre-feature","6d7edc7c29a60a94c59effeeb2b78d8b95038135","default-hasher:f4a984dc06afd081","rustc 1.97.0 (2d8144b78 2026-07-07)","x86_64-unknown-linux-gnu","Linux 7.0.11-76070011-generic x86_64","Intel(R) Core(TM) Ultra 7 155H","/dev/nvme0n1p3[/tmp] ext4   rw,nosuid,nodev,noatime,errors=remount-ro","/tmp/pigment-db-durability-bench","pigment_db","buffered","key_map","file","successful_remove","8","32","5","6","17920","102373146","175045.905105","111676","0"
"baseline-pre-feature","6d7edc7c29a60a94c59effeeb2b78d8b95038135","default-hasher:f4a984dc06afd081","rustc 1.97.0 (2d8144b78 2026-07-07)","x86_64-unknown-linux-gnu","Linux 7.0.11-76070011-generic x86_64","Intel(R) Core(TM) Ultra 7 155H","/dev/nvme0n1p3[/tmp] ext4   rw,nosuid,nodev,noatime,errors=remount-ro","/tmp/pigment-db-durability-bench","pigment_db","buffered","key_map","file","successful_remove","8","32","5","7","17920","101833572","175973.400992","106350","0"
"baseline-pre-feature","6d7edc7c29a60a94c59effeeb2b78d8b95038135","default-hasher:f4a984dc06afd081","rustc 1.97.0 (2d8144b78 2026-07-07)","x86_64-unknown-linux-gnu","Linux 7.0.11-76070011-generic x86_64","Intel(R) Core(TM) Ultra 7 155H","/dev/nvme0n1p3[/tmp] ext4   rw,nosuid,nodev,noatime,errors=remount-ro","/tmp/pigment-db-durability-bench","pigment_db","buffered","key_map","file","successful_remove","8","32","5","8","18432","102155502","180430.810276","107504","0"
"baseline-pre-feature","6d7edc7c29a60a94c59effeeb2b78d8b95038135","default-hasher:f4a984dc06afd081","rustc 1.97.0 (2d8144b78 2026-07-07)","x86_64-unknown-linux-gnu","Linux 7.0.11-76070011-generic x86_64","Intel(R) Core(TM) Ultra 7 155H","/dev/nvme0n1p3[/tmp] ext4   rw,nosuid,nodev,noatime,errors=remount-ro","/tmp/pigment-db-durability-bench","pigment_db","buffered","key_map","file","successful_remove","8","32","5","9","16896","100354262","168363.551914","110679","0"
"baseline-pre-feature","6d7edc7c29a60a94c59effeeb2b78d8b95038135","default-hasher:f4a984dc06afd081","rustc 1.97.0 (2d8144b78 2026-07-07)","x86_64-unknown-linux-gnu","Linux 7.0.11-76070011-generic x86_64","Intel(R) Core(TM) Ultra 7 155H","/dev/nvme0n1p3[/tmp] ext4   rw,nosuid,nodev,noatime,errors=remount-ro","/tmp/pigment-db-durability-bench","pigment_db","buffered","key_map","file","successful_remove","8","32","5","10","17408","100033540","174021.633144","104178","0"
"baseline-pre-feature","6d7edc7c29a60a94c59effeeb2b78d8b95038135","default-hasher:f4a984dc06afd081","rustc 1.97.0 (2d8144b78 2026-07-07)","x86_64-unknown-linux-gnu","Linux 7.0.11-76070011-generic x86_64","Intel(R) Core(TM) Ultra 7 155H","/dev/nvme0n1p3[/tmp] ext4   rw,nosuid,nodev,noatime,errors=remount-ro","/tmp/pigment-db-durability-bench","pigment_db","buffered","key_map","file","minimal_callback","1","32","5","0","33344","100031530","333334.899506","4914","0"
"baseline-pre-feature","6d7edc7c29a60a94c59effeeb2b78d8b95038135","default-hasher:f4a984dc06afd081","rustc 1.97.0 (2d8144b78 2026-07-07)","x86_64-unknown-linux-gnu","Linux 7.0.11-76070011-generic x86_64","Intel(R) Core(TM) Ultra 7 155H","/dev/nvme0n1p3[/tmp] ext4   rw,nosuid,nodev,noatime,errors=remount-ro","/tmp/pigment-db-durability-bench","pigment_db","buffered","key_map","file","minimal_callback","1","32","5","1","34304","100171195","342453.736326","4201","0"
"baseline-pre-feature","6d7edc7c29a60a94c59effeeb2b78d8b95038135","default-hasher:f4a984dc06afd081","rustc 1.97.0 (2d8144b78 2026-07-07)","x86_64-unknown-linux-gnu","Linux 7.0.11-76070011-generic x86_64","Intel(R) Core(TM) Ultra 7 155H","/dev/nvme0n1p3[/tmp] ext4   rw,nosuid,nodev,noatime,errors=remount-ro","/tmp/pigment-db-durability-bench","pigment_db","buffered","key_map","file","minimal_callback","1","32","5","2","33344","100059476","333241.801106","4408","0"
"baseline-pre-feature","6d7edc7c29a60a94c59effeeb2b78d8b95038135","default-hasher:f4a984dc06afd081","rustc 1.97.0 (2d8144b78 2026-07-07)","x86_64-unknown-linux-gnu","Linux 7.0.11-76070011-generic x86_64","Intel(R) Core(TM) Ultra 7 155H","/dev/nvme0n1p3[/tmp] ext4   rw,nosuid,nodev,noatime,errors=remount-ro","/tmp/pigment-db-durability-bench","pigment_db","buffered","key_map","file","minimal_callback","1","32","5","3","33344","100172814","332864.763088","4273","0"
"baseline-pre-feature","6d7edc7c29a60a94c59effeeb2b78d8b95038135","default-hasher:f4a984dc06afd081","rustc 1.97.0 (2d8144b78 2026-07-07)","x86_64-unknown-linux-gnu","Linux 7.0.11-76070011-generic x86_64","Intel(R) Core(TM) Ultra 7 155H","/dev/nvme0n1p3[/tmp] ext4   rw,nosuid,nodev,noatime,errors=remount-ro","/tmp/pigment-db-durability-bench","pigment_db","buffered","key_map","file","minimal_callback","1","32","5","4","34240","100074776","342144.158284","4133","0"
"baseline-pre-feature","6d7edc7c29a60a94c59effeeb2b78d8b95038135","default-hasher:f4a984dc06afd081","rustc 1.97.0 (2d8144b78 2026-07-07)","x86_64-unknown-linux-gnu","Linux 7.0.11-76070011-generic x86_64","Intel(R) Core(TM) Ultra 7 155H","/dev/nvme0n1p3[/tmp] ext4   rw,nosuid,nodev,noatime,errors=remount-ro","/tmp/pigment-db-durability-bench","pigment_db","buffered","key_map","file","minimal_callback","1","32","5","5","33600","100064911","335782.040520","4191","0"
"baseline-pre-feature","6d7edc7c29a60a94c59effeeb2b78d8b95038135","default-hasher:f4a984dc06afd081","rustc 1.97.0 (2d8144b78 2026-07-07)","x86_64-unknown-linux-gnu","Linux 7.0.11-76070011-generic x86_64","Intel(R) Core(TM) Ultra 7 155H","/dev/nvme0n1p3[/tmp] ext4   rw,nosuid,nodev,noatime,errors=remount-ro","/tmp/pigment-db-durability-bench","pigment_db","buffered","key_map","file","minimal_callback","1","32","5","6","33088","100096465","330561.124212","4889","0"
"baseline-pre-feature","6d7edc7c29a60a94c59effeeb2b78d8b95038135","default-hasher:f4a984dc06afd081","rustc 1.97.0 (2d8144b78 2026-07-07)","x86_64-unknown-linux-gnu","Linux 7.0.11-76070011-generic x86_64","Intel(R) Core(TM) Ultra 7 155H","/dev/nvme0n1p3[/tmp] ext4   rw,nosuid,nodev,noatime,errors=remount-ro","/tmp/pigment-db-durability-bench","pigment_db","buffered","key_map","file","minimal_callback","1","32","5","7","32832","100113754","327946.947230","4919","0"
"baseline-pre-feature","6d7edc7c29a60a94c59effeeb2b78d8b95038135","default-hasher:f4a984dc06afd081","rustc 1.97.0 (2d8144b78 2026-07-07)","x86_64-unknown-linux-gnu","Linux 7.0.11-76070011-generic x86_64","Intel(R) Core(TM) Ultra 7 155H","/dev/nvme0n1p3[/tmp] ext4   rw,nosuid,nodev,noatime,errors=remount-ro","/tmp/pigment-db-durability-bench","pigment_db","buffered","key_map","file","minimal_callback","1","32","5","8","33920","100023286","339121.032276","4590","0"
"baseline-pre-feature","6d7edc7c29a60a94c59effeeb2b78d8b95038135","default-hasher:f4a984dc06afd081","rustc 1.97.0 (2d8144b78 2026-07-07)","x86_64-unknown-linux-gnu","Linux 7.0.11-76070011-generic x86_64","Intel(R) Core(TM) Ultra 7 155H","/dev/nvme0n1p3[/tmp] ext4   rw,nosuid,nodev,noatime,errors=remount-ro","/tmp/pigment-db-durability-bench","pigment_db","buffered","key_map","file","minimal_callback","1","32","5","9","34432","100080481","344043.110664","4146","0"
"baseline-pre-feature","6d7edc7c29a60a94c59effeeb2b78d8b95038135","default-hasher:f4a984dc06afd081","rustc 1.97.0 (2d8144b78 2026-07-07)","x86_64-unknown-linux-gnu","Linux 7.0.11-76070011-generic x86_64","Intel(R) Core(TM) Ultra 7 155H","/dev/nvme0n1p3[/tmp] ext4   rw,nosuid,nodev,noatime,errors=remount-ro","/tmp/pigment-db-durability-bench","pigment_db","buffered","key_map","file","minimal_callback","1","32","5","10","33664","100165253","336084.610099","4822","0"
"baseline-pre-feature","6d7edc7c29a60a94c59effeeb2b78d8b95038135","default-hasher:f4a984dc06afd081","rustc 1.97.0 (2d8144b78 2026-07-07)","x86_64-unknown-linux-gnu","Linux 7.0.11-76070011-generic x86_64","Intel(R) Core(TM) Ultra 7 155H","/dev/nvme0n1p3[/tmp] ext4   rw,nosuid,nodev,noatime,errors=remount-ro","/tmp/pigment-db-durability-bench","pigment_db","buffered","key_map","file","minimal_callback","8","32","5","0","14336","101557389","141161.565310","134209","0"
"baseline-pre-feature","6d7edc7c29a60a94c59effeeb2b78d8b95038135","default-hasher:f4a984dc06afd081","rustc 1.97.0 (2d8144b78 2026-07-07)","x86_64-unknown-linux-gnu","Linux 7.0.11-76070011-generic x86_64","Intel(R) Core(TM) Ultra 7 155H","/dev/nvme0n1p3[/tmp] ext4   rw,nosuid,nodev,noatime,errors=remount-ro","/tmp/pigment-db-durability-bench","pigment_db","buffered","key_map","file","minimal_callback","8","32","5","1","14848","100502790","147737.192171","131462","0"
"baseline-pre-feature","6d7edc7c29a60a94c59effeeb2b78d8b95038135","default-hasher:f4a984dc06afd081","rustc 1.97.0 (2d8144b78 2026-07-07)","x86_64-unknown-linux-gnu","Linux 7.0.11-76070011-generic x86_64","Intel(R) Core(TM) Ultra 7 155H","/dev/nvme0n1p3[/tmp] ext4   rw,nosuid,nodev,noatime,errors=remount-ro","/tmp/pigment-db-durability-bench","pigment_db","buffered","key_map","file","minimal_callback","8","32","5","2","15360","103392055","148560.738057","116151","0"
"baseline-pre-feature","6d7edc7c29a60a94c59effeeb2b78d8b95038135","default-hasher:f4a984dc06afd081","rustc 1.97.0 (2d8144b78 2026-07-07)","x86_64-unknown-linux-gnu","Linux 7.0.11-76070011-generic x86_64","Intel(R) Core(TM) Ultra 7 155H","/dev/nvme0n1p3[/tmp] ext4   rw,nosuid,nodev,noatime,errors=remount-ro","/tmp/pigment-db-durability-bench","pigment_db","buffered","key_map","file","minimal_callback","8","32","5","3","15360","102821962","149384.428202","127737","0"
"baseline-pre-feature","6d7edc7c29a60a94c59effeeb2b78d8b95038135","default-hasher:f4a984dc06afd081","rustc 1.97.0 (2d8144b78 2026-07-07)","x86_64-unknown-linux-gnu","Linux 7.0.11-76070011-generic x86_64","Intel(R) Core(TM) Ultra 7 155H","/dev/nvme0n1p3[/tmp] ext4   rw,nosuid,nodev,noatime,errors=remount-ro","/tmp/pigment-db-durability-bench","pigment_db","buffered","key_map","file","minimal_callback","8","32","5","4","15872","102907868","154235.048383","112300","0"
"baseline-pre-feature","6d7edc7c29a60a94c59effeeb2b78d8b95038135","default-hasher:f4a984dc06afd081","rustc 1.97.0 (2d8144b78 2026-07-07)","x86_64-unknown-linux-gnu","Linux 7.0.11-76070011-generic x86_64","Intel(R) Core(TM) Ultra 7 155H","/dev/nvme0n1p3[/tmp] ext4   rw,nosuid,nodev,noatime,errors=remount-ro","/tmp/pigment-db-durability-bench","pigment_db","buffered","key_map","file","minimal_callback","8","32","5","5","15360","102560135","149765.793503","103565","0"
"baseline-pre-feature","6d7edc7c29a60a94c59effeeb2b78d8b95038135","default-hasher:f4a984dc06afd081","rustc 1.97.0 (2d8144b78 2026-07-07)","x86_64-unknown-linux-gnu","Linux 7.0.11-76070011-generic x86_64","Intel(R) Core(TM) Ultra 7 155H","/dev/nvme0n1p3[/tmp] ext4   rw,nosuid,nodev,noatime,errors=remount-ro","/tmp/pigment-db-durability-bench","pigment_db","buffered","key_map","file","minimal_callback","8","32","5","6","14848","101483981","146308.805131","126090","0"
"baseline-pre-feature","6d7edc7c29a60a94c59effeeb2b78d8b95038135","default-hasher:f4a984dc06afd081","rustc 1.97.0 (2d8144b78 2026-07-07)","x86_64-unknown-linux-gnu","Linux 7.0.11-76070011-generic x86_64","Intel(R) Core(TM) Ultra 7 155H","/dev/nvme0n1p3[/tmp] ext4   rw,nosuid,nodev,noatime,errors=remount-ro","/tmp/pigment-db-durability-bench","pigment_db","buffered","key_map","file","minimal_callback","8","32","5","7","14336","101786144","140844.317671","129961","0"
"baseline-pre-feature","6d7edc7c29a60a94c59effeeb2b78d8b95038135","default-hasher:f4a984dc06afd081","rustc 1.97.0 (2d8144b78 2026-07-07)","x86_64-unknown-linux-gnu","Linux 7.0.11-76070011-generic x86_64","Intel(R) Core(TM) Ultra 7 155H","/dev/nvme0n1p3[/tmp] ext4   rw,nosuid,nodev,noatime,errors=remount-ro","/tmp/pigment-db-durability-bench","pigment_db","buffered","key_map","file","minimal_callback","8","32","5","8","15360","100968177","152127.140020","105856","0"
"baseline-pre-feature","6d7edc7c29a60a94c59effeeb2b78d8b95038135","default-hasher:f4a984dc06afd081","rustc 1.97.0 (2d8144b78 2026-07-07)","x86_64-unknown-linux-gnu","Linux 7.0.11-76070011-generic x86_64","Intel(R) Core(TM) Ultra 7 155H","/dev/nvme0n1p3[/tmp] ext4   rw,nosuid,nodev,noatime,errors=remount-ro","/tmp/pigment-db-durability-bench","pigment_db","buffered","key_map","file","minimal_callback","8","32","5","9","14336","101206512","141650.964120","136542","0"
"baseline-pre-feature","6d7edc7c29a60a94c59effeeb2b78d8b95038135","default-hasher:f4a984dc06afd081","rustc 1.97.0 (2d8144b78 2026-07-07)","x86_64-unknown-linux-gnu","Linux 7.0.11-76070011-generic x86_64","Intel(R) Core(TM) Ultra 7 155H","/dev/nvme0n1p3[/tmp] ext4   rw,nosuid,nodev,noatime,errors=remount-ro","/tmp/pigment-db-durability-bench","pigment_db","buffered","key_map","file","minimal_callback","8","32","5","10","14848","100701284","147445.984899","133767","0"
