capture_id,commit,dirty_hash,toolchain,target,os,cpu,filesystem,benchmark_root,implementation,policy,store_family,storage_mode,workload,workers,payload_bytes,warmup_count,sample_index,operations,elapsed_ns,ops_per_second,p95_latency_ns,failed_operations
"baseline-protocol-v2-20260807-102902","6d7edc7c29a60a94c59effeeb2b78d8b95038135","default-hasher:de0de3506157cdeb","rustc 1.97.0 (2d8144b78 2026-07-07)","x86_64-unknown-linux-gnu","Linux 7.0.11-76070011-generic x86_64","Intel(R) Core(TM) Ultra 7 155H","/dev/nvme0n1p3 ext4   rw,noatime,errors=remount-ro","/tmp/pigment-db-durability-bench","pigment_db","buffered","key_value","vector","ordinary_write","1","32","5","0","191360","100000514","1913590.164147","542","0"
"baseline-protocol-v2-20260807-102902","6d7edc7c29a60a94c59effeeb2b78d8b95038135","default-hasher:de0de3506157cdeb","rustc 1.97.0 (2d8144b78 2026-07-07)","x86_64-unknown-linux-gnu","Linux 7.0.11-76070011-generic x86_64","Intel(R) Core(TM) Ultra 7 155H","/dev/nvme0n1p3 ext4   rw,noatime,errors=remount-ro","/tmp/pigment-db-durability-bench","pigment_db","buffered","key_value","vector","ordinary_write","1","32","5","1","195200","100023888","1951533.817602","516","0"
"baseline-protocol-v2-20260807-102902","6d7edc7c29a60a94c59effeeb2b78d8b95038135","default-hasher:de0de3506157cdeb","rustc 1.97.0 (2d8144b78 2026-07-07)","x86_64-unknown-linux-gnu","Linux 7.0.11-76070011-generic x86_64","Intel(R) Core(TM) Ultra 7 155H","/dev/nvme0n1p3 ext4   rw,noatime,errors=remount-ro","/tmp/pigment-db-durability-bench","pigment_db","buffered","key_value","vector","ordinary_write","1","32","5","2","194688","100006939","1946744.915370","521","0"
"baseline-protocol-v2-20260807-102902","6d7edc7c29a60a94c59effeeb2b78d8b95038135","default-hasher:de0de3506157cdeb","rustc 1.97.0 (2d8144b78 2026-07-07)","x86_64-unknown-linux-gnu","Linux 7.0.11-76070011-generic x86_64","Intel(R) Core(TM) Ultra 7 155H","/dev/nvme0n1p3 ext4   rw,noatime,errors=remount-ro","/tmp/pigment-db-durability-bench","pigment_db","buffered","key_value","vector","ordinary_write","1","32","5","3","196224","100032745","1961597.674841","507","0"
"baseline-protocol-v2-20260807-102902","6d7edc7c29a60a94c59effeeb2b78d8b95038135","default-hasher:de0de3506157cdeb","rustc 1.97.0 (2d8144b78 2026-07-07)","x86_64-unknown-linux-gnu","Linux 7.0.11-76070011-generic x86_64","Intel(R) Core(TM) Ultra 7 155H","/dev/nvme0n1p3 ext4   rw,noatime,errors=remount-ro","/tmp/pigment-db-durability-bench","pigment_db","buffered","key_value","vector","ordinary_write","1","32","5","4","193024","100023109","1929794.043894","502","0"
"baseline-protocol-v2-20260807-102902","6d7edc7c29a60a94c59effeeb2b78d8b95038135","default-hasher:de0de3506157cdeb","rustc 1.97.0 (2d8144b78 2026-07-07)","x86_64-unknown-linux-gnu","Linux 7.0.11-76070011-generic x86_64","Intel(R) Core(TM) Ultra 7 155H","/dev/nvme0n1p3 ext4   rw,noatime,errors=remount-ro","/tmp/pigment-db-durability-bench","pigment_db","buffered","key_value","vector","ordinary_write","1","32","5","5","191360","100026061","1913101.426637","501","0"
"baseline-protocol-v2-20260807-102902","6d7edc7c29a60a94c59effeeb2b78d8b95038135","default-hasher:de0de3506157cdeb","rustc 1.97.0 (2d8144b78 2026-07-07)","x86_64-unknown-linux-gnu","Linux 7.0.11-76070011-generic x86_64","Intel(R) Core(TM) Ultra 7 155H","/dev/nvme0n1p3 ext4   rw,noatime,errors=remount-ro","/tmp/pigment-db-durability-bench","pigment_db","buffered","key_value","vector","ordinary_write","1","32","5","6","189248","100027903","1891952.088609","541","0"
"baseline-protocol-v2-20260807-102902","6d7edc7c29a60a94c59effeeb2b78d8b95038135","default-hasher:de0de3506157cdeb","rustc 1.97.0 (2d8144b78 2026-07-07)","x86_64-unknown-linux-gnu","Linux 7.0.11-76070011-generic x86_64","Intel(R) Core(TM) Ultra 7 155H","/dev/nvme0n1p3 ext4   rw,noatime,errors=remount-ro","/tmp/pigment-db-durability-bench","pigment_db","buffered","key_value","vector","ordinary_write","1","32","5","7","193152","100021010","1931114.272891","520","0"
"baseline-protocol-v2-20260807-102902","6d7edc7c29a60a94c59effeeb2b78d8b95038135","default-hasher:de0de3506157cdeb","rustc 1.97.0 (2d8144b78 2026-07-07)","x86_64-unknown-linux-gnu","Linux 7.0.11-76070011-generic x86_64","Intel(R) Core(TM) Ultra 7 155H","/dev/nvme0n1p3 ext4   rw,noatime,errors=remount-ro","/tmp/pigment-db-durability-bench","pigment_db","buffered","key_value","vector","ordinary_write","1","32","5","8","193984","100006546","1939713.026385","510","0"
"baseline-protocol-v2-20260807-102902","6d7edc7c29a60a94c59effeeb2b78d8b95038135","default-hasher:de0de3506157cdeb","rustc 1.97.0 (2d8144b78 2026-07-07)","x86_64-unknown-linux-gnu","Linux 7.0.11-76070011-generic x86_64","Intel(R) Core(TM) Ultra 7 155H","/dev/nvme0n1p3 ext4   rw,noatime,errors=remount-ro","/tmp/pigment-db-durability-bench","pigment_db","buffered","key_value","vector","ordinary_write","1","32","5","9","190080","100021102","1900398.977808","493","0"
"baseline-protocol-v2-20260807-102902","6d7edc7c29a60a94c59effeeb2b78d8b95038135","default-hasher:de0de3506157cdeb","rustc 1.97.0 (2d8144b78 2026-07-07)","x86_64-unknown-linux-gnu","Linux 7.0.11-76070011-generic x86_64","Intel(R) Core(TM) Ultra 7 155H","/dev/nvme0n1p3 ext4   rw,noatime,errors=remount-ro","/tmp/pigment-db-durability-bench","pigment_db","buffered","key_value","vector","ordinary_write","1","32","5","10","195008","100023067","1949630.278784","495","0"
"baseline-protocol-v2-20260807-102902","6d7edc7c29a60a94c59effeeb2b78d8b95038135","default-hasher:de0de3506157cdeb","rustc 1.97.0 (2d8144b78 2026-07-07)","x86_64-unknown-linux-gnu","Linux 7.0.11-76070011-generic x86_64","Intel(R) Core(TM) Ultra 7 155H","/dev/nvme0n1p3 ext4   rw,noatime,errors=remount-ro","/tmp/pigment-db-durability-bench","pigment_db","buffered","key_value","vector","ordinary_write","8","32","5","0","30720","100665157","305170.139456","10315","0"
"baseline-protocol-v2-20260807-102902","6d7edc7c29a60a94c59effeeb2b78d8b95038135","default-hasher:de0de3506157cdeb","rustc 1.97.0 (2d8144b78 2026-07-07)","x86_64-unknown-linux-gnu","Linux 7.0.11-76070011-generic x86_64","Intel(R) Core(TM) Ultra 7 155H","/dev/nvme0n1p3 ext4   rw,noatime,errors=remount-ro","/tmp/pigment-db-durability-bench","pigment_db","buffered","key_value","vector","ordinary_write","8","32","5","1","29184","101048933","288810.570617","10492","0"
"baseline-protocol-v2-20260807-102902","6d7edc7c29a60a94c59effeeb2b78d8b95038135","default-hasher:de0de3506157cdeb","rustc 1.97.0 (2d8144b78 2026-07-07)","x86_64-unknown-linux-gnu","Linux 7.0.11-76070011-generic x86_64","Intel(R) Core(TM) Ultra 7 155H","/dev/nvme0n1p3 ext4   rw,noatime,errors=remount-ro","/tmp/pigment-db-durability-bench","pigment_db","buffered","key_value","vector","ordinary_write","8","32","5","2","31232","102701318","304105.152769","10645","0"
"baseline-protocol-v2-20260807-102902","6d7edc7c29a60a94c59effeeb2b78d8b95038135","default-hasher:de0de3506157cdeb","rustc 1.97.0 (2d8144b78 2026-07-07)","x86_64-unknown-linux-gnu","Linux 7.0.11-76070011-generic x86_64","Intel(R) Core(TM) Ultra 7 155H","/dev/nvme0n1p3 ext4   rw,noatime,errors=remount-ro","/tmp/pigment-db-durability-bench","pigment_db","buffered","key_value","vector","ordinary_write","8","32","5","3","19456","100145731","194276.878362","8175","0"
"baseline-protocol-v2-20260807-102902","6d7edc7c29a60a94c59effeeb2b78d8b95038135","default-hasher:de0de3506157cdeb","rustc 1.97.0 (2d8144b78 2026-07-07)","x86_64-unknown-linux-gnu","Linux 7.0.11-76070011-generic x86_64","Intel(R) Core(TM) Ultra 7 155H","/dev/nvme0n1p3 ext4   rw,noatime,errors=remount-ro","/tmp/pigment-db-durability-bench","pigment_db","buffered","key_value","vector","ordinary_write","8","32","5","4","29696","101358126","292980.949549","9839","0"
"baseline-protocol-v2-20260807-102902","6d7edc7c29a60a94c59effeeb2b78d8b95038135","default-hasher:de0de3506157cdeb","rustc 1.97.0 (2d8144b78 2026-07-07)","x86_64-unknown-linux-gnu","Linux 7.0.11-76070011-generic x86_64","Intel(R) Core(TM) Ultra 7 155H","/dev/nvme0n1p3 ext4   rw,noatime,errors=remount-ro","/tmp/pigment-db-durability-bench","pigment_db","buffered","key_value","vector","ordinary_write","8","32","5","5","31232","100010223","312288.074790","10438","0"
"baseline-protocol-v2-20260807-102902","6d7edc7c29a60a94c59effeeb2b78d8b95038135","default-hasher:de0de3506157cdeb","rustc 1.97.0 (2d8144b78 2026-07-07)","x86_64-unknown-linux-gnu","Linux 7.0.11-76070011-generic x86_64","Intel(R) Core(TM) Ultra 7 155H","/dev/nvme0n1p3 ext4   rw,noatime,errors=remount-ro","/tmp/pigment-db-durability-bench","pigment_db","buffered","key_value","vector","ordinary_write","8","32","5","6","33280","100171029","332231.787297","10512","0"
"baseline-protocol-v2-20260807-102902","6d7edc7c29a60a94c59effeeb2b78d8b95038135","default-hasher:de0de3506157cdeb","rustc 1.97.0 (2d8144b78 2026-07-07)","x86_64-unknown-linux-gnu","Linux 7.0.11-76070011-generic x86_64","Intel(R) Core(TM) Ultra 7 155H","/dev/nvme0n1p3 ext4   rw,noatime,errors=remount-ro","/tmp/pigment-db-durability-bench","pigment_db","buffered","key_value","vector","ordinary_write","8","32","5","7","27648","100302183","275647.041501","10319","0"
"baseline-protocol-v2-20260807-102902","6d7edc7c29a60a94c59effeeb2b78d8b95038135","default-hasher:de0de3506157cdeb","rustc 1.97.0 (2d8144b78 2026-07-07)","x86_64-unknown-linux-gnu","Linux 7.0.11-76070011-generic x86_64","Intel(R) Core(TM) Ultra 7 155H","/dev/nvme0n1p3 ext4   rw,noatime,errors=remount-ro","/tmp/pigment-db-durability-bench","pigment_db","buffered","key_value","vector","ordinary_write","8","32","5","8","31744","100239851","316680.438801","10729","0"
"baseline-protocol-v2-20260807-102902","6d7edc7c29a60a94c59effeeb2b78d8b95038135","default-hasher:de0de3506157cdeb","rustc 1.97.0 (2d8144b78 2026-07-07)","x86_64-unknown-linux-gnu","Linux 7.0.11-76070011-generic x86_64","Intel(R) Core(TM) Ultra 7 155H","/dev/nvme0n1p3 ext4   rw,noatime,errors=remount-ro","/tmp/pigment-db-durability-bench","pigment_db","buffered","key_value","vector","ordinary_write","8","32","5","9","20992","100323656","209242.773210","10206","0"
"baseline-protocol-v2-20260807-102902","6d7edc7c29a60a94c59effeeb2b78d8b95038135","default-hasher:de0de3506157cdeb","rustc 1.97.0 (2d8144b78 2026-07-07)","x86_64-unknown-linux-gnu","Linux 7.0.11-76070011-generic x86_64","Intel(R) Core(TM) Ultra 7 155H","/dev/nvme0n1p3 ext4   rw,noatime,errors=remount-ro","/tmp/pigment-db-durability-bench","pigment_db","buffered","key_value","vector","ordinary_write","8","32","5","10","14848","101048997","146938.618302","9027","0"
"baseline-protocol-v2-20260807-102902","6d7edc7c29a60a94c59effeeb2b78d8b95038135","default-hasher:de0de3506157cdeb","rustc 1.97.0 (2d8144b78 2026-07-07)","x86_64-unknown-linux-gnu","Linux 7.0.11-76070011-generic x86_64","Intel(R) Core(TM) Ultra 7 155H","/dev/nvme0n1p3 ext4   rw,noatime,errors=remount-ro","/tmp/pigment-db-durability-bench","pigment_db","buffered","key_value","vector","successful_remove","1","32","5","0","187328","100038524","1872558.615519","585","0"
"baseline-protocol-v2-20260807-102902","6d7edc7c29a60a94c59effeeb2b78d8b95038135","default-hasher:de0de3506157cdeb","rustc 1.97.0 (2d8144b78 2026-07-07)","x86_64-unknown-linux-gnu","Linux 7.0.11-76070011-generic x86_64","Intel(R) Core(TM) Ultra 7 155H","/dev/nvme0n1p3 ext4   rw,noatime,errors=remount-ro","/tmp/pigment-db-durability-bench","pigment_db","buffered","key_value","vector","successful_remove","1","32","5","1","142336","100007973","1423246.524555","703","0"
"baseline-protocol-v2-20260807-102902","6d7edc7c29a60a94c59effeeb2b78d8b95038135","default-hasher:de0de3506157cdeb","rustc 1.97.0 (2d8144b78 2026-07-07)","x86_64-unknown-linux-gnu","Linux 7.0.11-76070011-generic x86_64","Intel(R) Core(TM) Ultra 7 155H","/dev/nvme0n1p3 ext4   rw,noatime,errors=remount-ro","/tmp/pigment-db-durability-bench","pigment_db","buffered","key_value","vector","successful_remove","1","32","5","2","140544","100009308","1405309.193820","726","0"
"baseline-protocol-v2-20260807-102902","6d7edc7c29a60a94c59effeeb2b78d8b95038135","default-hasher:de0de3506157cdeb","rustc 1.97.0 (2d8144b78 2026-07-07)","x86_64-unknown-linux-gnu","Linux 7.0.11-76070011-generic x86_64","Intel(R) Core(TM) Ultra 7 155H","/dev/nvme0n1p3 ext4   rw,noatime,errors=remount-ro","/tmp/pigment-db-durability-bench","pigment_db","buffered","key_value","vector","successful_remove","1","32","5","3","165824","100005584","1658147.409049","752","0"
"baseline-protocol-v2-20260807-102902","6d7edc7c29a60a94c59effeeb2b78d8b95038135","default-hasher:de0de3506157cdeb","rustc 1.97.0 (2d8144b78 2026-07-07)","x86_64-unknown-linux-gnu","Linux 7.0.11-76070011-generic x86_64","Intel(R) Core(TM) Ultra 7 155H","/dev/nvme0n1p3 ext4   rw,noatime,errors=remount-ro","/tmp/pigment-db-durability-bench","pigment_db","buffered","key_value","vector","successful_remove","1","32","5","4","174144","100018483","1741118.189125","586","0"
"baseline-protocol-v2-20260807-102902","6d7edc7c29a60a94c59effeeb2b78d8b95038135","default-hasher:de0de3506157cdeb","rustc 1.97.0 (2d8144b78 2026-07-07)","x86_64-unknown-linux-gnu","Linux 7.0.11-76070011-generic x86_64","Intel(R) Core(TM) Ultra 7 155H","/dev/nvme0n1p3 ext4   rw,noatime,errors=remount-ro","/tmp/pigment-db-durability-bench","pigment_db","buffered","key_value","vector","successful_remove","1","32","5","5","179456","100004218","1794484.308652","602","0"
"baseline-protocol-v2-20260807-102902","6d7edc7c29a60a94c59effeeb2b78d8b95038135","default-hasher:de0de3506157cdeb","rustc 1.97.0 (2d8144b78 2026-07-07)","x86_64-unknown-linux-gnu","Linux 7.0.11-76070011-generic x86_64","Intel(R) Core(TM) Ultra 7 155H","/dev/nvme0n1p3 ext4   rw,noatime,errors=remount-ro","/tmp/pigment-db-durability-bench","pigment_db","buffered","key_value","vector","successful_remove","1","32","5","6","182592","100029429","1825382.808093","577","0"
"baseline-protocol-v2-20260807-102902","6d7edc7c29a60a94c59effeeb2b78d8b95038135","default-hasher:de0de3506157cdeb","rustc 1.97.0 (2d8144b78 2026-07-07)","x86_64-unknown-linux-gnu","Linux 7.0.11-76070011-generic x86_64","Intel(R) Core(TM) Ultra 7 155H","/dev/nvme0n1p3 ext4   rw,noatime,errors=remount-ro","/tmp/pigment-db-durability-bench","pigment_db","buffered","key_value","vector","successful_remove","1","32","5","7","173504","100010051","1734865.628656","597","0"
"baseline-protocol-v2-20260807-102902","6d7edc7c29a60a94c59effeeb2b78d8b95038135","default-hasher:de0de3506157cdeb","rustc 1.97.0 (2d8144b78 2026-07-07)","x86_64-unknown-linux-gnu","Linux 7.0.11-76070011-generic x86_64","Intel(R) Core(TM) Ultra 7 155H","/dev/nvme0n1p3 ext4   rw,noatime,errors=remount-ro","/tmp/pigment-db-durability-bench","pigment_db","buffered","key_value","vector","successful_remove","1","32","5","8","173632","100017865","1736009.861838","619","0"
"baseline-protocol-v2-20260807-102902","6d7edc7c29a60a94c59effeeb2b78d8b95038135","default-hasher:de0de3506157cdeb","rustc 1.97.0 (2d8144b78 2026-07-07)","x86_64-unknown-linux-gnu","Linux 7.0.11-76070011-generic x86_64","Intel(R) Core(TM) Ultra 7 155H","/dev/nvme0n1p3 ext4   rw,noatime,errors=remount-ro","/tmp/pigment-db-durability-bench","pigment_db","buffered","key_value","vector","successful_remove","1","32","5","9","186624","100028496","1865708.347749","593","0"
"baseline-protocol-v2-20260807-102902","6d7edc7c29a60a94c59effeeb2b78d8b95038135","default-hasher:de0de3506157cdeb","rustc 1.97.0 (2d8144b78 2026-07-07)","x86_64-unknown-linux-gnu","Linux 7.0.11-76070011-generic x86_64","Intel(R) Core(TM) Ultra 7 155H","/dev/nvme0n1p3 ext4   rw,noatime,errors=remount-ro","/tmp/pigment-db-durability-bench","pigment_db","buffered","key_value","vector","successful_remove","1","32","5","10","183744","100005897","1837331.652552","589","0"
"baseline-protocol-v2-20260807-102902","6d7edc7c29a60a94c59effeeb2b78d8b95038135","default-hasher:de0de3506157cdeb","rustc 1.97.0 (2d8144b78 2026-07-07)","x86_64-unknown-linux-gnu","Linux 7.0.11-76070011-generic x86_64","Intel(R) Core(TM) Ultra 7 155H","/dev/nvme0n1p3 ext4   rw,noatime,errors=remount-ro","/tmp/pigment-db-durability-bench","pigment_db","buffered","key_value","vector","successful_remove","8","32","5","0","31232","100064112","312119.893694","9522","0"
"baseline-protocol-v2-20260807-102902","6d7edc7c29a60a94c59effeeb2b78d8b95038135","default-hasher:de0de3506157cdeb","rustc 1.97.0 (2d8144b78 2026-07-07)","x86_64-unknown-linux-gnu","Linux 7.0.11-76070011-generic x86_64","Intel(R) Core(TM) Ultra 7 155H","/dev/nvme0n1p3 ext4   rw,noatime,errors=remount-ro","/tmp/pigment-db-durability-bench","pigment_db","buffered","key_value","vector","successful_remove","8","32","5","1","33280","101307171","328505.866579","9217","0"
"baseline-protocol-v2-20260807-102902","6d7edc7c29a60a94c59effeeb2b78d8b95038135","default-hasher:de0de3506157cdeb","rustc 1.97.0 (2d8144b78 2026-07-07)","x86_64-unknown-linux-gnu","Linux 7.0.11-76070011-generic x86_64","Intel(R) Core(TM) Ultra 7 155H","/dev/nvme0n1p3 ext4   rw,noatime,errors=remount-ro","/tmp/pigment-db-durability-bench","pigment_db","buffered","key_value","vector","successful_remove","8","32","5","2","34304","100705442","340637.003510","8701","0"
"baseline-protocol-v2-20260807-102902","6d7edc7c29a60a94c59effeeb2b78d8b95038135","default-hasher:de0de3506157cdeb","rustc 1.97.0 (2d8144b78 2026-07-07)","x86_64-unknown-linux-gnu","Linux 7.0.11-76070011-generic x86_64","Intel(R) Core(TM) Ultra 7 155H","/dev/nvme0n1p3 ext4   rw,noatime,errors=remount-ro","/tmp/pigment-db-durability-bench","pigment_db","buffered","key_value","vector","successful_remove","8","32","5","3","22528","101173677","222666.613174","9236","0"
"baseline-protocol-v2-20260807-102902","6d7edc7c29a60a94c59effeeb2b78d8b95038135","default-hasher:de0de3506157cdeb","rustc 1.97.0 (2d8144b78 2026-07-07)","x86_64-unknown-linux-gnu","Linux 7.0.11-76070011-generic x86_64","Intel(R) Core(TM) Ultra 7 155H","/dev/nvme0n1p3 ext4   rw,noatime,errors=remount-ro","/tmp/pigment-db-durability-bench","pigment_db","buffered","key_value","vector","successful_remove","8","32","5","4","30208","101215109","298453.465085","9549","0"
"baseline-protocol-v2-20260807-102902","6d7edc7c29a60a94c59effeeb2b78d8b95038135","default-hasher:de0de3506157cdeb","rustc 1.97.0 (2d8144b78 2026-07-07)","x86_64-unknown-linux-gnu","Linux 7.0.11-76070011-generic x86_64","Intel(R) Core(TM) Ultra 7 155H","/dev/nvme0n1p3 ext4   rw,noatime,errors=remount-ro","/tmp/pigment-db-durability-bench","pigment_db","buffered","key_value","vector","successful_remove","8","32","5","5","34304","100340878","341874.624617","10197","0"
"baseline-protocol-v2-20260807-102902","6d7edc7c29a60a94c59effeeb2b78d8b95038135","default-hasher:de0de3506157cdeb","rustc 1.97.0 (2d8144b78 2026-07-07)","x86_64-unknown-linux-gnu","Linux 7.0.11-76070011-generic x86_64","Intel(R) Core(TM) Ultra 7 155H","/dev/nvme0n1p3 ext4   rw,noatime,errors=remount-ro","/tmp/pigment-db-durability-bench","pigment_db","buffered","key_value","vector","successful_remove","8","32","5","6","34304","101983259","336368.932866","9738","0"
"baseline-protocol-v2-20260807-102902","6d7edc7c29a60a94c59effeeb2b78d8b95038135","default-hasher:de0de3506157cdeb","rustc 1.97.0 (2d8144b78 2026-07-07)","x86_64-unknown-linux-gnu","Linux 7.0.11-76070011-generic x86_64","Intel(R) Core(TM) Ultra 7 155H","/dev/nvme0n1p3 ext4   rw,noatime,errors=remount-ro","/tmp/pigment-db-durability-bench","pigment_db","buffered","key_value","vector","successful_remove","8","32","5","7","33280","102135612","325841.294220","9580","0"
"baseline-protocol-v2-20260807-102902","6d7edc7c29a60a94c59effeeb2b78d8b95038135","default-hasher:de0de3506157cdeb","rustc 1.97.0 (2d8144b78 2026-07-07)","x86_64-unknown-linux-gnu","Linux 7.0.11-76070011-generic x86_64","Intel(R) Core(TM) Ultra 7 155H","/dev/nvme0n1p3 ext4   rw,noatime,errors=remount-ro","/tmp/pigment-db-durability-bench","pigment_db","buffered","key_value","vector","successful_remove","8","32","5","8","30720","100531054","305577.219950","10008","0"
"baseline-protocol-v2-20260807-102902","6d7edc7c29a60a94c59effeeb2b78d8b95038135","default-hasher:de0de3506157cdeb","rustc 1.97.0 (2d8144b78 2026-07-07)","x86_64-unknown-linux-gnu","Linux 7.0.11-76070011-generic x86_64","Intel(R) Core(TM) Ultra 7 155H","/dev/nvme0n1p3 ext4   rw,noatime,errors=remount-ro","/tmp/pigment-db-durability-bench","pigment_db","buffered","key_value","vector","successful_remove","8","32","5","9","33280","100015272","332749.182545","9877","0"
"baseline-protocol-v2-20260807-102902","6d7edc7c29a60a94c59effeeb2b78d8b95038135","default-hasher:de0de3506157cdeb","rustc 1.97.0 (2d8144b78 2026-07-07)","x86_64-unknown-linux-gnu","Linux 7.0.11-76070011-generic x86_64","Intel(R) Core(TM) Ultra 7 155H","/dev/nvme0n1p3 ext4   rw,noatime,errors=remount-ro","/tmp/pigment-db-durability-bench","pigment_db","buffered","key_value","vector","successful_remove","8","32","5","10","28672","100491762","285316.919809","9019","0"
"baseline-protocol-v2-20260807-102902","6d7edc7c29a60a94c59effeeb2b78d8b95038135","default-hasher:de0de3506157cdeb","rustc 1.97.0 (2d8144b78 2026-07-07)","x86_64-unknown-linux-gnu","Linux 7.0.11-76070011-generic x86_64","Intel(R) Core(TM) Ultra 7 155H","/dev/nvme0n1p3 ext4   rw,noatime,errors=remount-ro","/tmp/pigment-db-durability-bench","pigment_db","buffered","key_value","vector","minimal_callback","1","32","5","0","165184","100014980","1651592.591430","659","0"
"baseline-protocol-v2-20260807-102902","6d7edc7c29a60a94c59effeeb2b78d8b95038135","default-hasher:de0de3506157cdeb","rustc 1.97.0 (2d8144b78 2026-07-07)","x86_64-unknown-linux-gnu","Linux 7.0.11-76070011-generic x86_64","Intel(R) Core(TM) Ultra 7 155H","/dev/nvme0n1p3 ext4   rw,noatime,errors=remount-ro","/tmp/pigment-db-durability-bench","pigment_db","buffered","key_value","vector","minimal_callback","1","32","5","1","177728","100042794","1776519.756136","559","0"
"baseline-protocol-v2-20260807-102902","6d7edc7c29a60a94c59effeeb2b78d8b95038135","default-hasher:de0de3506157cdeb","rustc 1.97.0 (2d8144b78 2026-07-07)","x86_64-unknown-linux-gnu","Linux 7.0.11-76070011-generic x86_64","Intel(R) Core(TM) Ultra 7 155H","/dev/nvme0n1p3 ext4   rw,noatime,errors=remount-ro","/tmp/pigment-db-durability-bench","pigment_db","buffered","key_value","vector","minimal_callback","1","32","5","2","182976","100030137","1829208.731365","534","0"
"baseline-protocol-v2-20260807-102902","6d7edc7c29a60a94c59effeeb2b78d8b95038135","default-hasher:de0de3506157cdeb","rustc 1.97.0 (2d8144b78 2026-07-07)","x86_64-unknown-linux-gnu","Linux 7.0.11-76070011-generic x86_64","Intel(R) Core(TM) Ultra 7 155H","/dev/nvme0n1p3 ext4   rw,noatime,errors=remount-ro","/tmp/pigment-db-durability-bench","pigment_db","buffered","key_value","vector","minimal_callback","1","32","5","3","182080","100004259","1820722.455431","537","0"
"baseline-protocol-v2-20260807-102902","6d7edc7c29a60a94c59effeeb2b78d8b95038135","default-hasher:de0de3506157cdeb","rustc 1.97.0 (2d8144b78 2026-07-07)","x86_64-unknown-linux-gnu","Linux 7.0.11-76070011-generic x86_64","Intel(R) Core(TM) Ultra 7 155H","/dev/nvme0n1p3 ext4   rw,noatime,errors=remount-ro","/tmp/pigment-db-durability-bench","pigment_db","buffered","key_value","vector","minimal_callback","1","32","5","4","178560","100034488","1784984.394582","539","0"
"baseline-protocol-v2-20260807-102902","6d7edc7c29a60a94c59effeeb2b78d8b95038135","default-hasher:de0de3506157cdeb","rustc 1.97.0 (2d8144b78 2026-07-07)","x86_64-unknown-linux-gnu","Linux 7.0.11-76070011-generic x86_64","Intel(R) Core(TM) Ultra 7 155H","/dev/nvme0n1p3 ext4   rw,noatime,errors=remount-ro","/tmp/pigment-db-durability-bench","pigment_db","buffered","key_value","vector","minimal_callback","1","32","5","5","177664","100012986","1776409.315486","541","0"
"baseline-protocol-v2-20260807-102902","6d7edc7c29a60a94c59effeeb2b78d8b95038135","default-hasher:de0de3506157cdeb","rustc 1.97.0 (2d8144b78 2026-07-07)","x86_64-unknown-linux-gnu","Linux 7.0.11-76070011-generic x86_64","Intel(R) Core(TM) Ultra 7 155H","/dev/nvme0n1p3 ext4   rw,noatime,errors=remount-ro","/tmp/pigment-db-durability-bench","pigment_db","buffered","key_value","vector","minimal_callback","1","32","5","6","183424","100014560","1833972.973535","532","0"
"baseline-protocol-v2-20260807-102902","6d7edc7c29a60a94c59effeeb2b78d8b95038135","default-hasher:de0de3506157cdeb","rustc 1.97.0 (2d8144b78 2026-07-07)","x86_64-unknown-linux-gnu","Linux 7.0.11-76070011-generic x86_64","Intel(R) Core(TM) Ultra 7 155H","/dev/nvme0n1p3 ext4   rw,noatime,errors=remount-ro","/tmp/pigment-db-durability-bench","pigment_db","buffered","key_value","vector","minimal_callback","1","32","5","7","183744","100029578","1836896.682699","529","0"
"baseline-protocol-v2-20260807-102902","6d7edc7c29a60a94c59effeeb2b78d8b95038135","default-hasher:de0de3506157cdeb","rustc 1.97.0 (2d8144b78 2026-07-07)","x86_64-unknown-linux-gnu","Linux 7.0.11-76070011-generic x86_64","Intel(R) Core(TM) Ultra 7 155H","/dev/nvme0n1p3 ext4   rw,noatime,errors=remount-ro","/tmp/pigment-db-durability-bench","pigment_db","buffered","key_value","vector","minimal_callback","1","32","5","8","184320","100015320","1842917.665014","527","0"
"baseline-protocol-v2-20260807-102902","6d7edc7c29a60a94c59effeeb2b78d8b95038135","default-hasher:de0de3506157cdeb","rustc 1.97.0 (2d8144b78 2026-07-07)","x86_64-unknown-linux-gnu","Linux 7.0.11-76070011-generic x86_64","Intel(R) Core(TM) Ultra 7 155H","/dev/nvme0n1p3 ext4   rw,noatime,errors=remount-ro","/tmp/pigment-db-durability-bench","pigment_db","buffered","key_value","vector","minimal_callback","1","32","5","9","182144","100031291","1820870.231496","539","0"
"baseline-protocol-v2-20260807-102902","6d7edc7c29a60a94c59effeeb2b78d8b95038135","default-hasher:de0de3506157cdeb","rustc 1.97.0 (2d8144b78 2026-07-07)","x86_64-unknown-linux-gnu","Linux 7.0.11-76070011-generic x86_64","Intel(R) Core(TM) Ultra 7 155H","/dev/nvme0n1p3 ext4   rw,noatime,errors=remount-ro","/tmp/pigment-db-durability-bench","pigment_db","buffered","key_value","vector","minimal_callback","1","32","5","10","184064","100012640","1840407.372508","539","0"
"baseline-protocol-v2-20260807-102902","6d7edc7c29a60a94c59effeeb2b78d8b95038135","default-hasher:de0de3506157cdeb","rustc 1.97.0 (2d8144b78 2026-07-07)","x86_64-unknown-linux-gnu","Linux 7.0.11-76070011-generic x86_64","Intel(R) Core(TM) Ultra 7 155H","/dev/nvme0n1p3 ext4   rw,noatime,errors=remount-ro","/tmp/pigment-db-durability-bench","pigment_db","buffered","key_value","vector","minimal_callback","8","32","5","0","33280","100707382","330462.368687","10149","0"
"baseline-protocol-v2-20260807-102902","6d7edc7c29a60a94c59effeeb2b78d8b95038135","default-hasher:de0de3506157cdeb","rustc 1.97.0 (2d8144b78 2026-07-07)","x86_64-unknown-linux-gnu","Linux 7.0.11-76070011-generic x86_64","Intel(R) Core(TM) Ultra 7 155H","/dev/nvme0n1p3 ext4   rw,noatime,errors=remount-ro","/tmp/pigment-db-durability-bench","pigment_db","buffered","key_value","vector","minimal_callback","8","32","5","1","19968","101217647","197277.852152","9911","0"
"baseline-protocol-v2-20260807-102902","6d7edc7c29a60a94c59effeeb2b78d8b95038135","default-hasher:de0de3506157cdeb","rustc 1.97.0 (2d8144b78 2026-07-07)","x86_64-unknown-linux-gnu","Linux 7.0.11-76070011-generic x86_64","Intel(R) Core(TM) Ultra 7 155H","/dev/nvme0n1p3 ext4   rw,noatime,errors=remount-ro","/tmp/pigment-db-durability-bench","pigment_db","buffered","key_value","vector","minimal_callback","8","32","5","2","31744","101032751","314195.146483","10670","0"
"baseline-protocol-v2-20260807-102902","6d7edc7c29a60a94c59effeeb2b78d8b95038135","default-hasher:de0de3506157cdeb","rustc 1.97.0 (2d8144b78 2026-07-07)","x86_64-unknown-linux-gnu","Linux 7.0.11-76070011-generic x86_64","Intel(R) Core(TM) Ultra 7 155H","/dev/nvme0n1p3 ext4   rw,noatime,errors=remount-ro","/tmp/pigment-db-durability-bench","pigment_db","buffered","key_value","vector","minimal_callback","8","32","5","3","32256","101191506","318761.932449","10762","0"
"baseline-protocol-v2-20260807-102902","6d7edc7c29a60a94c59effeeb2b78d8b95038135","default-hasher:de0de3506157cdeb","rustc 1.97.0 (2d8144b78 2026-07-07)","x86_64-unknown-linux-gnu","Linux 7.0.11-76070011-generic x86_64","Intel(R) Core(TM) Ultra 7 155H","/dev/nvme0n1p3 ext4   rw,noatime,errors=remount-ro","/tmp/pigment-db-durability-bench","pigment_db","buffered","key_value","vector","minimal_callback","8","32","5","4","33280","100859801","329962.975041","10370","0"
"baseline-protocol-v2-20260807-102902","6d7edc7c29a60a94c59effeeb2b78d8b95038135","default-hasher:de0de3506157cdeb","rustc 1.97.0 (2d8144b78 2026-07-07)","x86_64-unknown-linux-gnu","Linux 7.0.11-76070011-generic x86_64","Intel(R) Core(TM) Ultra 7 155H","/dev/nvme0n1p3 ext4   rw,noatime,errors=remount-ro","/tmp/pigment-db-durability-bench","pigment_db","buffered","key_value","vector","minimal_callback","8","32","5","5","32768","101089814","324147.396295","10517","0"
"baseline-protocol-v2-20260807-102902","6d7edc7c29a60a94c59effeeb2b78d8b95038135","default-hasher:de0de3506157cdeb","rustc 1.97.0 (2d8144b78 2026-07-07)","x86_64-unknown-linux-gnu","Linux 7.0.11-76070011-generic x86_64","Intel(R) Core(TM) Ultra 7 155H","/dev/nvme0n1p3 ext4   rw,noatime,errors=remount-ro","/tmp/pigment-db-durability-bench","pigment_db","buffered","key_value","vector","minimal_callback","8","32","5","6","29184","100073642","291625.241340","10282","0"
"baseline-protocol-v2-20260807-102902","6d7edc7c29a60a94c59effeeb2b78d8b95038135","default-hasher:de0de3506157cdeb","rustc 1.97.0 (2d8144b78 2026-07-07)","x86_64-unknown-linux-gnu","Linux 7.0.11-76070011-generic x86_64","Intel(R) Core(TM) Ultra 7 155H","/dev/nvme0n1p3 ext4   rw,noatime,errors=remount-ro","/tmp/pigment-db-durability-bench","pigment_db","buffered","key_value","vector","minimal_callback","8","32","5","7","33792","100687173","335613.752906","10664","0"
"baseline-protocol-v2-20260807-102902","6d7edc7c29a60a94c59effeeb2b78d8b95038135","default-hasher:de0de3506157cdeb","rustc 1.97.0 (2d8144b78 2026-07-07)","x86_64-unknown-linux-gnu","Linux 7.0.11-76070011-generic x86_64","Intel(R) Core(TM) Ultra 7 155H","/dev/nvme0n1p3 ext4   rw,noatime,errors=remount-ro","/tmp/pigment-db-durability-bench","pigment_db","buffered","key_value","vector","minimal_callback","8","32","5","8","31232","104560602","298697.591661","10697","0"
"baseline-protocol-v2-20260807-102902","6d7edc7c29a60a94c59effeeb2b78d8b95038135","default-hasher:de0de3506157cdeb","rustc 1.97.0 (2d8144b78 2026-07-07)","x86_64-unknown-linux-gnu","Linux 7.0.11-76070011-generic x86_64","Intel(R) Core(TM) Ultra 7 155H","/dev/nvme0n1p3 ext4   rw,noatime,errors=remount-ro","/tmp/pigment-db-durability-bench","pigment_db","buffered","key_value","vector","minimal_callback","8","32","5","9","30720","102080510","300938.935356","10782","0"
"baseline-protocol-v2-20260807-102902","6d7edc7c29a60a94c59effeeb2b78d8b95038135","default-hasher:de0de3506157cdeb","rustc 1.97.0 (2d8144b78 2026-07-07)","x86_64-unknown-linux-gnu","Linux 7.0.11-76070011-generic x86_64","Intel(R) Core(TM) Ultra 7 155H","/dev/nvme0n1p3 ext4   rw,noatime,errors=remount-ro","/tmp/pigment-db-durability-bench","pigment_db","buffered","key_value","vector","minimal_callback","8","32","5","10","31232","101249577","308465.486231","10317","0"
"baseline-protocol-v2-20260807-102902","6d7edc7c29a60a94c59effeeb2b78d8b95038135","default-hasher:de0de3506157cdeb","rustc 1.97.0 (2d8144b78 2026-07-07)","x86_64-unknown-linux-gnu","Linux 7.0.11-76070011-generic x86_64","Intel(R) Core(TM) Ultra 7 155H","/dev/nvme0n1p3 ext4   rw,noatime,errors=remount-ro","/tmp/pigment-db-durability-bench","pigment_db","buffered","key_value","file","ordinary_write","1","32","5","0","47936","100001478","479352.915164","2461","0"
"baseline-protocol-v2-20260807-102902","6d7edc7c29a60a94c59effeeb2b78d8b95038135","default-hasher:de0de3506157cdeb","rustc 1.97.0 (2d8144b78 2026-07-07)","x86_64-unknown-linux-gnu","Linux 7.0.11-76070011-generic x86_64","Intel(R) Core(TM) Ultra 7 155H","/dev/nvme0n1p3 ext4   rw,noatime,errors=remount-ro","/tmp/pigment-db-durability-bench","pigment_db","buffered","key_value","file","ordinary_write","1","32","5","1","48192","100038385","481735.085987","2613","0"
"baseline-protocol-v2-20260807-102902","6d7edc7c29a60a94c59effeeb2b78d8b95038135","default-hasher:de0de3506157cdeb","rustc 1.97.0 (2d8144b78 2026-07-07)","x86_64-unknown-linux-gnu","Linux 7.0.11-76070011-generic x86_64","Intel(R) Core(TM) Ultra 7 155H","/dev/nvme0n1p3 ext4   rw,noatime,errors=remount-ro","/tmp/pigment-db-durability-bench","pigment_db","buffered","key_value","file","ordinary_write","1","32","5","2","48704","100099074","486557.947579","2269","0"
"baseline-protocol-v2-20260807-102902","6d7edc7c29a60a94c59effeeb2b78d8b95038135","default-hasher:de0de3506157cdeb","rustc 1.97.0 (2d8144b78 2026-07-07)","x86_64-unknown-linux-gnu","Linux 7.0.11-76070011-generic x86_64","Intel(R) Core(TM) Ultra 7 155H","/dev/nvme0n1p3 ext4   rw,noatime,errors=remount-ro","/tmp/pigment-db-durability-bench","pigment_db","buffered","key_value","file","ordinary_write","1","32","5","3","48448","100070696","484137.733988","2224","0"
"baseline-protocol-v2-20260807-102902","6d7edc7c29a60a94c59effeeb2b78d8b95038135","default-hasher:de0de3506157cdeb","rustc 1.97.0 (2d8144b78 2026-07-07)","x86_64-unknown-linux-gnu","Linux 7.0.11-76070011-generic x86_64","Intel(R) Core(TM) Ultra 7 155H","/dev/nvme0n1p3 ext4   rw,noatime,errors=remount-ro","/tmp/pigment-db-durability-bench","pigment_db","buffered","key_value","file","ordinary_write","1","32","5","4","43776","100017469","437683.541062","2599","0"
"baseline-protocol-v2-20260807-102902","6d7edc7c29a60a94c59effeeb2b78d8b95038135","default-hasher:de0de3506157cdeb","rustc 1.97.0 (2d8144b78 2026-07-07)","x86_64-unknown-linux-gnu","Linux 7.0.11-76070011-generic x86_64","Intel(R) Core(TM) Ultra 7 155H","/dev/nvme0n1p3 ext4   rw,noatime,errors=remount-ro","/tmp/pigment-db-durability-bench","pigment_db","buffered","key_value","file","ordinary_write","1","32","5","5","46464","100067616","464326.041304","2481","0"
"baseline-protocol-v2-20260807-102902","6d7edc7c29a60a94c59effeeb2b78d8b95038135","default-hasher:de0de3506157cdeb","rustc 1.97.0 (2d8144b78 2026-07-07)","x86_64-unknown-linux-gnu","Linux 7.0.11-76070011-generic x86_64","Intel(R) Core(TM) Ultra 7 155H","/dev/nvme0n1p3 ext4   rw,noatime,errors=remount-ro","/tmp/pigment-db-durability-bench","pigment_db","buffered","key_value","file","ordinary_write","1","32","5","6","46080","100109305","460296.872504","3134","0"
"baseline-protocol-v2-20260807-102902","6d7edc7c29a60a94c59effeeb2b78d8b95038135","default-hasher:de0de3506157cdeb","rustc 1.97.0 (2d8144b78 2026-07-07)","x86_64-unknown-linux-gnu","Linux 7.0.11-76070011-generic x86_64","Intel(R) Core(TM) Ultra 7 155H","/dev/nvme0n1p3 ext4   rw,noatime,errors=remount-ro","/tmp/pigment-db-durability-bench","pigment_db","buffered","key_value","file","ordinary_write","1","32","5","7","46400","100037136","463827.752926","2876","0"
"baseline-protocol-v2-20260807-102902","6d7edc7c29a60a94c59effeeb2b78d8b95038135","default-hasher:de0de3506157cdeb","rustc 1.97.0 (2d8144b78 2026-07-07)","x86_64-unknown-linux-gnu","Linux 7.0.11-76070011-generic x86_64","Intel(R) Core(TM) Ultra 7 155H","/dev/nvme0n1p3 ext4   rw,noatime,errors=remount-ro","/tmp/pigment-db-durability-bench","pigment_db","buffered","key_value","file","ordinary_write","1","32","5","8","45696","100061279","456680.150970","3454","0"
"baseline-protocol-v2-20260807-102902","6d7edc7c29a60a94c59effeeb2b78d8b95038135","default-hasher:de0de3506157cdeb","rustc 1.97.0 (2d8144b78 2026-07-07)","x86_64-unknown-linux-gnu","Linux 7.0.11-76070011-generic x86_64","Intel(R) Core(TM) Ultra 7 155H","/dev/nvme0n1p3 ext4   rw,noatime,errors=remount-ro","/tmp/pigment-db-durability-bench","pigment_db","buffered","key_value","file","ordinary_write","1","32","5","9","46144","100123576","460870.474702","2463","0"
"baseline-protocol-v2-20260807-102902","6d7edc7c29a60a94c59effeeb2b78d8b95038135","default-hasher:de0de3506157cdeb","rustc 1.97.0 (2d8144b78 2026-07-07)","x86_64-unknown-linux-gnu","Linux 7.0.11-76070011-generic x86_64","Intel(R) Core(TM) Ultra 7 155H","/dev/nvme0n1p3 ext4   rw,noatime,errors=remount-ro","/tmp/pigment-db-durability-bench","pigment_db","buffered","key_value","file","ordinary_write","1","32","5","10","46912","100104658","468629.541694","2705","0"
"baseline-protocol-v2-20260807-102902","6d7edc7c29a60a94c59effeeb2b78d8b95038135","default-hasher:de0de3506157cdeb","rustc 1.97.0 (2d8144b78 2026-07-07)","x86_64-unknown-linux-gnu","Linux 7.0.11-76070011-generic x86_64","Intel(R) Core(TM) Ultra 7 155H","/dev/nvme0n1p3 ext4   rw,noatime,errors=remount-ro","/tmp/pigment-db-durability-bench","pigment_db","buffered","key_value","file","ordinary_write","8","32","5","0","10752","105157595","102246.537685","62971","0"
"baseline-protocol-v2-20260807-102902","6d7edc7c29a60a94c59effeeb2b78d8b95038135","default-hasher:de0de3506157cdeb","rustc 1.97.0 (2d8144b78 2026-07-07)","x86_64-unknown-linux-gnu","Linux 7.0.11-76070011-generic x86_64","Intel(R) Core(TM) Ultra 7 155H","/dev/nvme0n1p3 ext4   rw,noatime,errors=remount-ro","/tmp/pigment-db-durability-bench","pigment_db","buffered","key_value","file","ordinary_write","8","32","5","1","11264","100359559","112236.443765","62195","0"
"baseline-protocol-v2-20260807-102902","6d7edc7c29a60a94c59effeeb2b78d8b95038135","default-hasher:de0de3506157cdeb","rustc 1.97.0 (2d8144b78 2026-07-07)","x86_64-unknown-linux-gnu","Linux 7.0.11-76070011-generic x86_64","Intel(R) Core(TM) Ultra 7 155H","/dev/nvme0n1p3 ext4   rw,noatime,errors=remount-ro","/tmp/pigment-db-durability-bench","pigment_db","buffered","key_value","file","ordinary_write","8","32","5","2","10240","100895680","101490.965718","59153","0"
"baseline-protocol-v2-20260807-102902","6d7edc7c29a60a94c59effeeb2b78d8b95038135","default-hasher:de0de3506157cdeb","rustc 1.97.0 (2d8144b78 2026-07-07)","x86_64-unknown-linux-gnu","Linux 7.0.11-76070011-generic x86_64","Intel(R) Core(TM) Ultra 7 155H","/dev/nvme0n1p3 ext4   rw,noatime,errors=remount-ro","/tmp/pigment-db-durability-bench","pigment_db","buffered","key_value","file","ordinary_write","8","32","5","3","10752","103800429","103583.386924","58134","0"
"baseline-protocol-v2-20260807-102902","6d7edc7c29a60a94c59effeeb2b78d8b95038135","default-hasher:de0de3506157cdeb","rustc 1.97.0 (2d8144b78 2026-07-07)","x86_64-unknown-linux-gnu","Linux 7.0.11-76070011-generic x86_64","Intel(R) Core(TM) Ultra 7 155H","/dev/nvme0n1p3 ext4   rw,noatime,errors=remount-ro","/tmp/pigment-db-durability-bench","pigment_db","buffered","key_value","file","ordinary_write","8","32","5","4","12800","103909875","123183.672389","56546","0"
"baseline-protocol-v2-20260807-102902","6d7edc7c29a60a94c59effeeb2b78d8b95038135","default-hasher:de0de3506157cdeb","rustc 1.97.0 (2d8144b78 2026-07-07)","x86_64-unknown-linux-gnu","Linux 7.0.11-76070011-generic x86_64","Intel(R) Core(TM) Ultra 7 155H","/dev/nvme0n1p3 ext4   rw,noatime,errors=remount-ro","/tmp/pigment-db-durability-bench","pigment_db","buffered","key_value","file","ordinary_write","8","32","5","5","11264","100473207","112109.490045","62489","0"
"baseline-protocol-v2-20260807-102902","6d7edc7c29a60a94c59effeeb2b78d8b95038135","default-hasher:de0de3506157cdeb","rustc 1.97.0 (2d8144b78 2026-07-07)","x86_64-unknown-linux-gnu","Linux 7.0.11-76070011-generic x86_64","Intel(R) Core(TM) Ultra 7 155H","/dev/nvme0n1p3 ext4   rw,noatime,errors=remount-ro","/tmp/pigment-db-durability-bench","pigment_db","buffered","key_value","file","ordinary_write","8","32","5","6","11264","102860606","109507.424057","61633","0"
"baseline-protocol-v2-20260807-102902","6d7edc7c29a60a94c59effeeb2b78d8b95038135","default-hasher:de0de3506157cdeb","rustc 1.97.0 (2d8144b78 2026-07-07)","x86_64-unknown-linux-gnu","Linux 7.0.11-76070011-generic x86_64","Intel(R) Core(TM) Ultra 7 155H","/dev/nvme0n1p3 ext4   rw,noatime,errors=remount-ro","/tmp/pigment-db-durability-bench","pigment_db","buffered","key_value","file","ordinary_write","8","32","5","7","11776","101085548","116495.386660","59653","0"
"baseline-protocol-v2-20260807-102902","6d7edc7c29a60a94c59effeeb2b78d8b95038135","default-hasher:de0de3506157cdeb","rustc 1.97.0 (2d8144b78 2026-07-07)","x86_64-unknown-linux-gnu","Linux 7.0.11-76070011-generic x86_64","Intel(R) Core(TM) Ultra 7 155H","/dev/nvme0n1p3 ext4   rw,noatime,errors=remount-ro","/tmp/pigment-db-durability-bench","pigment_db","buffered","key_value","file","ordinary_write","8","32","5","8","11776","102778517","114576.473214","62478","0"
"baseline-protocol-v2-20260807-102902","6d7edc7c29a60a94c59effeeb2b78d8b95038135","default-hasher:de0de3506157cdeb","rustc 1.97.0 (2d8144b78 2026-07-07)","x86_64-unknown-linux-gnu","Linux 7.0.11-76070011-generic x86_64","Intel(R) Core(TM) Ultra 7 155H","/dev/nvme0n1p3 ext4   rw,noatime,errors=remount-ro","/tmp/pigment-db-durability-bench","pigment_db","buffered","key_value","file","ordinary_write","8","32","5","9","11776","100135373","117600.800269","61064","0"
"baseline-protocol-v2-20260807-102902","6d7edc7c29a60a94c59effeeb2b78d8b95038135","default-hasher:de0de3506157cdeb","rustc 1.97.0 (2d8144b78 2026-07-07)","x86_64-unknown-linux-gnu","Linux 7.0.11-76070011-generic x86_64","Intel(R) Core(TM) Ultra 7 155H","/dev/nvme0n1p3 ext4   rw,noatime,errors=remount-ro","/tmp/pigment-db-durability-bench","pigment_db","buffered","key_value","file","ordinary_write","8","32","5","10","11776","106188253","110897.388998","61574","0"
"baseline-protocol-v2-20260807-102902","6d7edc7c29a60a94c59effeeb2b78d8b95038135","default-hasher:de0de3506157cdeb","rustc 1.97.0 (2d8144b78 2026-07-07)","x86_64-unknown-linux-gnu","Linux 7.0.11-76070011-generic x86_64","Intel(R) Core(TM) Ultra 7 155H","/dev/nvme0n1p3 ext4   rw,noatime,errors=remount-ro","/tmp/pigment-db-durability-bench","pigment_db","buffered","key_value","file","successful_remove","1","32","5","0","54016","100082000","539717.431706","2265","0"
"baseline-protocol-v2-20260807-102902","6d7edc7c29a60a94c59effeeb2b78d8b95038135","default-hasher:de0de3506157cdeb","rustc 1.97.0 (2d8144b78 2026-07-07)","x86_64-unknown-linux-gnu","Linux 7.0.11-76070011-generic x86_64","Intel(R) Core(TM) Ultra 7 155H","/dev/nvme0n1p3 ext4   rw,noatime,errors=remount-ro","/tmp/pigment-db-durability-bench","pigment_db","buffered","key_value","file","successful_remove","1","32","5","1","53120","100105153","530642.014003","2325","0"
"baseline-protocol-v2-20260807-102902","6d7edc7c29a60a94c59effeeb2b78d8b95038135","default-hasher:de0de3506157cdeb","rustc 1.97.0 (2d8144b78 2026-07-07)","x86_64-unknown-linux-gnu","Linux 7.0.11-76070011-generic x86_64","Intel(R) Core(TM) Ultra 7 155H","/dev/nvme0n1p3 ext4   rw,noatime,errors=remount-ro","/tmp/pigment-db-durability-bench","pigment_db","buffered","key_value","file","successful_remove","1","32","5","2","55168","100085735","551207.422316","2121","0"
"baseline-protocol-v2-20260807-102902","6d7edc7c29a60a94c59effeeb2b78d8b95038135","default-hasher:de0de3506157cdeb","rustc 1.97.0 (2d8144b78 2026-07-07)","x86_64-unknown-linux-gnu","Linux 7.0.11-76070011-generic x86_64","Intel(R) Core(TM) Ultra 7 155H","/dev/nvme0n1p3 ext4   rw,noatime,errors=remount-ro","/tmp/pigment-db-durability-bench","pigment_db","buffered","key_value","file","successful_remove","1","32","5","3","52160","100089561","521133.267834","2341","0"
"baseline-protocol-v2-20260807-102902","6d7edc7c29a60a94c59effeeb2b78d8b95038135","default-hasher:de0de3506157cdeb","rustc 1.97.0 (2d8144b78 2026-07-07)","x86_64-unknown-linux-gnu","Linux 7.0.11-76070011-generic x86_64","Intel(R) Core(TM) Ultra 7 155H","/dev/nvme0n1p3 ext4   rw,noatime,errors=remount-ro","/tmp/pigment-db-durability-bench","pigment_db","buffered","key_value","file","successful_remove","1","32","5","4","56000","100114470","559359.700950","2156","0"
"baseline-protocol-v2-20260807-102902","6d7edc7c29a60a94c59effeeb2b78d8b95038135","default-hasher:de0de3506157cdeb","rustc 1.97.0 (2d8144b78 2026-07-07)","x86_64-unknown-linux-gnu","Linux 7.0.11-76070011-generic x86_64","Intel(R) Core(TM) Ultra 7 155H","/dev/nvme0n1p3 ext4   rw,noatime,errors=remount-ro","/tmp/pigment-db-durability-bench","pigment_db","buffered","key_value","file","successful_remove","1","32","5","5","52480","100059266","524489.156257","2213","0"
"baseline-protocol-v2-20260807-102902","6d7edc7c29a60a94c59effeeb2b78d8b95038135","default-hasher:de0de3506157cdeb","rustc 1.97.0 (2d8144b78 2026-07-07)","x86_64-unknown-linux-gnu","Linux 7.0.11-76070011-generic x86_64","Intel(R) Core(TM) Ultra 7 155H","/dev/nvme0n1p3 ext4   rw,noatime,errors=remount-ro","/tmp/pigment-db-durability-bench","pigment_db","buffered","key_value","file","successful_remove","1","32","5","6","52992","100001816","529910.376828","2219","0"
"baseline-protocol-v2-20260807-102902","6d7edc7c29a60a94c59effeeb2b78d8b95038135","default-hasher:de0de3506157cdeb","rustc 1.97.0 (2d8144b78 2026-07-07)","x86_64-unknown-linux-gnu","Linux 7.0.11-76070011-generic x86_64","Intel(R) Core(TM) Ultra 7 155H","/dev/nvme0n1p3 ext4   rw,noatime,errors=remount-ro","/tmp/pigment-db-durability-bench","pigment_db","buffered","key_value","file","successful_remove","1","32","5","7","54912","100071157","548729.540521","2035","0"
"baseline-protocol-v2-20260807-102902","6d7edc7c29a60a94c59effeeb2b78d8b95038135","default-hasher:de0de3506157cdeb","rustc 1.97.0 (2d8144b78 2026-07-07)","x86_64-unknown-linux-gnu","Linux 7.0.11-76070011-generic x86_64","Intel(R) Core(TM) Ultra 7 155H","/dev/nvme0n1p3 ext4   rw,noatime,errors=remount-ro","/tmp/pigment-db-durability-bench","pigment_db","buffered","key_value","file","successful_remove","1","32","5","8","48640","100115149","485840.559454","2598","0"
"baseline-protocol-v2-20260807-102902","6d7edc7c29a60a94c59effeeb2b78d8b95038135","default-hasher:de0de3506157cdeb","rustc 1.97.0 (2d8144b78 2026-07-07)","x86_64-unknown-linux-gnu","Linux 7.0.11-76070011-generic x86_64","Intel(R) Core(TM) Ultra 7 155H","/dev/nvme0n1p3 ext4   rw,noatime,errors=remount-ro","/tmp/pigment-db-durability-bench","pigment_db","buffered","key_value","file","successful_remove","1","32","5","9","52672","100040992","526504.175408","2441","0"
"baseline-protocol-v2-20260807-102902","6d7edc7c29a60a94c59effeeb2b78d8b95038135","default-hasher:de0de3506157cdeb","rustc 1.97.0 (2d8144b78 2026-07-07)","x86_64-unknown-linux-gnu","Linux 7.0.11-76070011-generic x86_64","Intel(R) Core(TM) Ultra 7 155H","/dev/nvme0n1p3 ext4   rw,noatime,errors=remount-ro","/tmp/pigment-db-durability-bench","pigment_db","buffered","key_value","file","successful_remove","1","32","5","10","55616","100097507","555618.233329","1996","0"
"baseline-protocol-v2-20260807-102902","6d7edc7c29a60a94c59effeeb2b78d8b95038135","default-hasher:de0de3506157cdeb","rustc 1.97.0 (2d8144b78 2026-07-07)","x86_64-unknown-linux-gnu","Linux 7.0.11-76070011-generic x86_64","Intel(R) Core(TM) Ultra 7 155H","/dev/nvme0n1p3 ext4   rw,noatime,errors=remount-ro","/tmp/pigment-db-durability-bench","pigment_db","buffered","key_value","file","successful_remove","8","32","5","0","12800","105775983","121010.456599","54224","0"
"baseline-protocol-v2-20260807-102902","6d7edc7c29a60a94c59effeeb2b78d8b95038135","default-hasher:de0de3506157cdeb","rustc 1.97.0 (2d8144b78 2026-07-07)","x86_64-unknown-linux-gnu","Linux 7.0.11-76070011-generic x86_64","Intel(R) Core(TM) Ultra 7 155H","/dev/nvme0n1p3 ext4   rw,noatime,errors=remount-ro","/tmp/pigment-db-durability-bench","pigment_db","buffered","key_value","file","successful_remove","8","32","5","1","6144","100952032","60860.587729","61264","0"
"baseline-protocol-v2-20260807-102902","6d7edc7c29a60a94c59effeeb2b78d8b95038135","default-hasher:de0de3506157cdeb","rustc 1.97.0 (2d8144b78 2026-07-07)","x86_64-unknown-linux-gnu","Linux 7.0.11-76070011-generic x86_64","Intel(R) Core(TM) Ultra 7 155H","/dev/nvme0n1p3 ext4   rw,noatime,errors=remount-ro","/tmp/pigment-db-durability-bench","pigment_db","buffered","key_value","file","successful_remove","8","32","5","2","2048","159833169","12813.360411","18901","0"
"baseline-protocol-v2-20260807-102902","6d7edc7c29a60a94c59effeeb2b78d8b95038135","default-hasher:de0de3506157cdeb","rustc 1.97.0 (2d8144b78 2026-07-07)","x86_64-unknown-linux-gnu","Linux 7.0.11-76070011-generic x86_64","Intel(R) Core(TM) Ultra 7 155H","/dev/nvme0n1p3 ext4   rw,noatime,errors=remount-ro","/tmp/pigment-db-durability-bench","pigment_db","buffered","key_value","file","successful_remove","8","32","5","3","3584","110738529","32364.525991","7209","0"
"baseline-protocol-v2-20260807-102902","6d7edc7c29a60a94c59effeeb2b78d8b95038135","default-hasher:de0de3506157cdeb","rustc 1.97.0 (2d8144b78 2026-07-07)","x86_64-unknown-linux-gnu","Linux 7.0.11-76070011-generic x86_64","Intel(R) Core(TM) Ultra 7 155H","/dev/nvme0n1p3 ext4   rw,noatime,errors=remount-ro","/tmp/pigment-db-durability-bench","pigment_db","buffered","key_value","file","successful_remove","8","32","5","4","2048","135794512","15081.610956","10816","0"
"baseline-protocol-v2-20260807-102902","6d7edc7c29a60a94c59effeeb2b78d8b95038135","default-hasher:de0de3506157cdeb","rustc 1.97.0 (2d8144b78 2026-07-07)","x86_64-unknown-linux-gnu","Linux 7.0.11-76070011-generic x86_64","Intel(R) Core(TM) Ultra 7 155H","/dev/nvme0n1p3 ext4   rw,noatime,errors=remount-ro","/tmp/pigment-db-durability-bench","pigment_db","buffered","key_value","file","successful_remove","8","32","5","5","3072","103217808","29762.306132","62852","0"
"baseline-protocol-v2-20260807-102902","6d7edc7c29a60a94c59effeeb2b78d8b95038135","default-hasher:de0de3506157cdeb","rustc 1.97.0 (2d8144b78 2026-07-07)","x86_64-unknown-linux-gnu","Linux 7.0.11-76070011-generic x86_64","Intel(R) Core(TM) Ultra 7 155H","/dev/nvme0n1p3 ext4   rw,noatime,errors=remount-ro","/tmp/pigment-db-durability-bench","pigment_db","buffered","key_value","file","successful_remove","8","32","5","6","12800","105554340","121264.554352","55613","0"
"baseline-protocol-v2-20260807-102902","6d7edc7c29a60a94c59effeeb2b78d8b95038135","default-hasher:de0de3506157cdeb","rustc 1.97.0 (2d8144b78 2026-07-07)","x86_64-unknown-linux-gnu","Linux 7.0.11-76070011-generic x86_64","Intel(R) Core(TM) Ultra 7 155H","/dev/nvme0n1p3 ext4   rw,noatime,errors=remount-ro","/tmp/pigment-db-durability-bench","pigment_db","buffered","key_value","file","successful_remove","8","32","5","7","13312","103651481","128430.388756","54388","0"
"baseline-protocol-v2-20260807-102902","6d7edc7c29a60a94c59effeeb2b78d8b95038135","default-hasher:de0de3506157cdeb","rustc 1.97.0 (2d8144b78 2026-07-07)","x86_64-unknown-linux-gnu","Linux 7.0.11-76070011-generic x86_64","Intel(R) Core(TM) Ultra 7 155H","/dev/nvme0n1p3 ext4   rw,noatime,errors=remount-ro","/tmp/pigment-db-durability-bench","pigment_db","buffered","key_value","file","successful_remove","8","32","5","8","13312","104711980","127129.675134","53789","0"
"baseline-protocol-v2-20260807-102902","6d7edc7c29a60a94c59effeeb2b78d8b95038135","default-hasher:de0de3506157cdeb","rustc 1.97.0 (2d8144b78 2026-07-07)","x86_64-unknown-linux-gnu","Linux 7.0.11-76070011-generic x86_64","Intel(R) Core(TM) Ultra 7 155H","/dev/nvme0n1p3 ext4   rw,noatime,errors=remount-ro","/tmp/pigment-db-durability-bench","pigment_db","buffered","key_value","file","successful_remove","8","32","5","9","9728","102240322","95148.370131","59720","0"
"baseline-protocol-v2-20260807-102902","6d7edc7c29a60a94c59effeeb2b78d8b95038135","default-hasher:de0de3506157cdeb","rustc 1.97.0 (2d8144b78 2026-07-07)","x86_64-unknown-linux-gnu","Linux 7.0.11-76070011-generic x86_64","Intel(R) Core(TM) Ultra 7 155H","/dev/nvme0n1p3 ext4   rw,noatime,errors=remount-ro","/tmp/pigment-db-durability-bench","pigment_db","buffered","key_value","file","successful_remove","8","32","5","10","12800","100042194","127946.014459","52901","0"
"baseline-protocol-v2-20260807-102902","6d7edc7c29a60a94c59effeeb2b78d8b95038135","default-hasher:de0de3506157cdeb","rustc 1.97.0 (2d8144b78 2026-07-07)","x86_64-unknown-linux-gnu","Linux 7.0.11-76070011-generic x86_64","Intel(R) Core(TM) Ultra 7 155H","/dev/nvme0n1p3 ext4   rw,noatime,errors=remount-ro","/tmp/pigment-db-durability-bench","pigment_db","buffered","key_value","file","minimal_callback","1","32","5","0","46400","100010185","463952.746413","2744","0"
"baseline-protocol-v2-20260807-102902","6d7edc7c29a60a94c59effeeb2b78d8b95038135","default-hasher:de0de3506157cdeb","rustc 1.97.0 (2d8144b78 2026-07-07)","x86_64-unknown-linux-gnu","Linux 7.0.11-76070011-generic x86_64","Intel(R) Core(TM) Ultra 7 155H","/dev/nvme0n1p3 ext4   rw,noatime,errors=remount-ro","/tmp/pigment-db-durability-bench","pigment_db","buffered","key_value","file","minimal_callback","1","32","5","1","41600","100111215","415537.859569","2835","0"
"baseline-protocol-v2-20260807-102902","6d7edc7c29a60a94c59effeeb2b78d8b95038135","default-hasher:de0de3506157cdeb","rustc 1.97.0 (2d8144b78 2026-07-07)","x86_64-unknown-linux-gnu","Linux 7.0.11-76070011-generic x86_64","Intel(R) Core(TM) Ultra 7 155H","/dev/nvme0n1p3 ext4   rw,noatime,errors=remount-ro","/tmp/pigment-db-durability-bench","pigment_db","buffered","key_value","file","minimal_callback","1","32","5","2","49280","100092307","492345.530611","2019","0"
"baseline-protocol-v2-20260807-102902","6d7edc7c29a60a94c59effeeb2b78d8b95038135","default-hasher:de0de3506157cdeb","rustc 1.97.0 (2d8144b78 2026-07-07)","x86_64-unknown-linux-gnu","Linux 7.0.11-76070011-generic x86_64","Intel(R) Core(TM) Ultra 7 155H","/dev/nvme0n1p3 ext4   rw,noatime,errors=remount-ro","/tmp/pigment-db-durability-bench","pigment_db","buffered","key_value","file","minimal_callback","1","32","5","3","46784","100076374","467482.964561","2798","0"
"baseline-protocol-v2-20260807-102902","6d7edc7c29a60a94c59effeeb2b78d8b95038135","default-hasher:de0de3506157cdeb","rustc 1.97.0 (2d8144b78 2026-07-07)","x86_64-unknown-linux-gnu","Linux 7.0.11-76070011-generic x86_64","Intel(R) Core(TM) Ultra 7 155H","/dev/nvme0n1p3 ext4   rw,noatime,errors=remount-ro","/tmp/pigment-db-durability-bench","pigment_db","buffered","key_value","file","minimal_callback","1","32","5","4","41280","100128942","412268.412863","2782","0"
"baseline-protocol-v2-20260807-102902","6d7edc7c29a60a94c59effeeb2b78d8b95038135","default-hasher:de0de3506157cdeb","rustc 1.97.0 (2d8144b78 2026-07-07)","x86_64-unknown-linux-gnu","Linux 7.0.11-76070011-generic x86_64","Intel(R) Core(TM) Ultra 7 155H","/dev/nvme0n1p3 ext4   rw,noatime,errors=remount-ro","/tmp/pigment-db-durability-bench","pigment_db","buffered","key_value","file","minimal_callback","1","32","5","5","47104","100013102","470978.292424","2869","0"
"baseline-protocol-v2-20260807-102902","6d7edc7c29a60a94c59effeeb2b78d8b95038135","default-hasher:de0de3506157cdeb","rustc 1.97.0 (2d8144b78 2026-07-07)","x86_64-unknown-linux-gnu","Linux 7.0.11-76070011-generic x86_64","Intel(R) Core(TM) Ultra 7 155H","/dev/nvme0n1p3 ext4   rw,noatime,errors=remount-ro","/tmp/pigment-db-durability-bench","pigment_db","buffered","key_value","file","minimal_callback","1","32","5","6","48512","100045271","484900.480703","2370","0"
"baseline-protocol-v2-20260807-102902","6d7edc7c29a60a94c59effeeb2b78d8b95038135","default-hasher:de0de3506157cdeb","rustc 1.97.0 (2d8144b78 2026-07-07)","x86_64-unknown-linux-gnu","Linux 7.0.11-76070011-generic x86_64","Intel(R) Core(TM) Ultra 7 155H","/dev/nvme0n1p3 ext4   rw,noatime,errors=remount-ro","/tmp/pigment-db-durability-bench","pigment_db","buffered","key_value","file","minimal_callback","1","32","5","7","44800","100125197","447439.818770","2652","0"
"baseline-protocol-v2-20260807-102902","6d7edc7c29a60a94c59effeeb2b78d8b95038135","default-hasher:de0de3506157cdeb","rustc 1.97.0 (2d8144b78 2026-07-07)","x86_64-unknown-linux-gnu","Linux 7.0.11-76070011-generic x86_64","Intel(R) Core(TM) Ultra 7 155H","/dev/nvme0n1p3 ext4   rw,noatime,errors=remount-ro","/tmp/pigment-db-durability-bench","pigment_db","buffered","key_value","file","minimal_callback","1","32","5","8","48448","100081080","484087.501853","2485","0"
"baseline-protocol-v2-20260807-102902","6d7edc7c29a60a94c59effeeb2b78d8b95038135","default-hasher:de0de3506157cdeb","rustc 1.97.0 (2d8144b78 2026-07-07)","x86_64-unknown-linux-gnu","Linux 7.0.11-76070011-generic x86_64","Intel(R) Core(TM) Ultra 7 155H","/dev/nvme0n1p3 ext4   rw,noatime,errors=remount-ro","/tmp/pigment-db-durability-bench","pigment_db","buffered","key_value","file","minimal_callback","1","32","5","9","47616","100121653","475581.440910","3231","0"
"baseline-protocol-v2-20260807-102902","6d7edc7c29a60a94c59effeeb2b78d8b95038135","default-hasher:de0de3506157cdeb","rustc 1.97.0 (2d8144b78 2026-07-07)","x86_64-unknown-linux-gnu","Linux 7.0.11-76070011-generic x86_64","Intel(R) Core(TM) Ultra 7 155H","/dev/nvme0n1p3 ext4   rw,noatime,errors=remount-ro","/tmp/pigment-db-durability-bench","pigment_db","buffered","key_value","file","minimal_callback","1","32","5","10","47296","100080910","472577.637434","2832","0"
"baseline-protocol-v2-20260807-102902","6d7edc7c29a60a94c59effeeb2b78d8b95038135","default-hasher:de0de3506157cdeb","rustc 1.97.0 (2d8144b78 2026-07-07)","x86_64-unknown-linux-gnu","Linux 7.0.11-76070011-generic x86_64","Intel(R) Core(TM) Ultra 7 155H","/dev/nvme0n1p3 ext4   rw,noatime,errors=remount-ro","/tmp/pigment-db-durability-bench","pigment_db","buffered","key_value","file","minimal_callback","8","32","5","0","11776","102660216","114708.505971","60634","0"
"baseline-protocol-v2-20260807-102902","6d7edc7c29a60a94c59effeeb2b78d8b95038135","default-hasher:de0de3506157cdeb","rustc 1.97.0 (2d8144b78 2026-07-07)","x86_64-unknown-linux-gnu","Linux 7.0.11-76070011-generic x86_64","Intel(R) Core(TM) Ultra 7 155H","/dev/nvme0n1p3 ext4   rw,noatime,errors=remount-ro","/tmp/pigment-db-durability-bench","pigment_db","buffered","key_value","file","minimal_callback","8","32","5","1","12288","104125945","118010.933778","58953","0"
"baseline-protocol-v2-20260807-102902","6d7edc7c29a60a94c59effeeb2b78d8b95038135","default-hasher:de0de3506157cdeb","rustc 1.97.0 (2d8144b78 2026-07-07)","x86_64-unknown-linux-gnu","Linux 7.0.11-76070011-generic x86_64","Intel(R) Core(TM) Ultra 7 155H","/dev/nvme0n1p3 ext4   rw,noatime,errors=remount-ro","/tmp/pigment-db-durability-bench","pigment_db","buffered","key_value","file","minimal_callback","8","32","5","2","11264","102476610","109917.765625","62766","0"
"baseline-protocol-v2-20260807-102902","6d7edc7c29a60a94c59effeeb2b78d8b95038135","default-hasher:de0de3506157cdeb","rustc 1.97.0 (2d8144b78 2026-07-07)","x86_64-unknown-linux-gnu","Linux 7.0.11-76070011-generic x86_64","Intel(R) Core(TM) Ultra 7 155H","/dev/nvme0n1p3 ext4   rw,noatime,errors=remount-ro","/tmp/pigment-db-durability-bench","pigment_db","buffered","key_value","file","minimal_callback","8","32","5","3","12288","101872444","120621.431248","57044","0"
"baseline-protocol-v2-20260807-102902","6d7edc7c29a60a94c59effeeb2b78d8b95038135","default-hasher:de0de3506157cdeb","rustc 1.97.0 (2d8144b78 2026-07-07)","x86_64-unknown-linux-gnu","Linux 7.0.11-76070011-generic x86_64","Intel(R) Core(TM) Ultra 7 155H","/dev/nvme0n1p3 ext4   rw,noatime,errors=remount-ro","/tmp/pigment-db-durability-bench","pigment_db","buffered","key_value","file","minimal_callback","8","32","5","4","12288","104152678","117980.643762","60103","0"
"baseline-protocol-v2-20260807-102902","6d7edc7c29a60a94c59effeeb2b78d8b95038135","default-hasher:de0de3506157cdeb","rustc 1.97.0 (2d8144b78 2026-07-07)","x86_64-unknown-linux-gnu","Linux 7.0.11-76070011-generic x86_64","Intel(R) Core(TM) Ultra 7 155H","/dev/nvme0n1p3 ext4   rw,noatime,errors=remount-ro","/tmp/pigment-db-durability-bench","pigment_db","buffered","key_value","file","minimal_callback","8","32","5","5","11776","103702350","113555.768023","61252","0"
"baseline-protocol-v2-20260807-102902","6d7edc7c29a60a94c59effeeb2b78d8b95038135","default-hasher:de0de3506157cdeb","rustc 1.97.0 (2d8144b78 2026-07-07)","x86_64-unknown-linux-gnu","Linux 7.0.11-76070011-generic x86_64","Intel(R) Core(TM) Ultra 7 155H","/dev/nvme0n1p3 ext4   rw,noatime,errors=remount-ro","/tmp/pigment-db-durability-bench","pigment_db","buffered","key_value","file","minimal_callback","8","32","5","6","11776","100045697","117706.211792","60808","0"
"baseline-protocol-v2-20260807-102902","6d7edc7c29a60a94c59effeeb2b78d8b95038135","default-hasher:de0de3506157cdeb","rustc 1.97.0 (2d8144b78 2026-07-07)","x86_64-unknown-linux-gnu","Linux 7.0.11-76070011-generic x86_64","Intel(R) Core(TM) Ultra 7 155H","/dev/nvme0n1p3 ext4   rw,noatime,errors=remount-ro","/tmp/pigment-db-durability-bench","pigment_db","buffered","key_value","file","minimal_callback","8","32","5","7","10752","100506802","106977.834197","62673","0"
"baseline-protocol-v2-20260807-102902","6d7edc7c29a60a94c59effeeb2b78d8b95038135","default-hasher:de0de3506157cdeb","rustc 1.97.0 (2d8144b78 2026-07-07)","x86_64-unknown-linux-gnu","Linux 7.0.11-76070011-generic x86_64","Intel(R) Core(TM) Ultra 7 155H","/dev/nvme0n1p3 ext4   rw,noatime,errors=remount-ro","/tmp/pigment-db-durability-bench","pigment_db","buffered","key_value","file","minimal_callback","8","32","5","8","12288","103838349","118337.782894","59531","0"
"baseline-protocol-v2-20260807-102902","6d7edc7c29a60a94c59effeeb2b78d8b95038135","default-hasher:de0de3506157cdeb","rustc 1.97.0 (2d8144b78 2026-07-07)","x86_64-unknown-linux-gnu","Linux 7.0.11-76070011-generic x86_64","Intel(R) Core(TM) Ultra 7 155H","/dev/nvme0n1p3 ext4   rw,noatime,errors=remount-ro","/tmp/pigment-db-durability-bench","pigment_db","buffered","key_value","file","minimal_callback","8","32","5","9","11264","103638913","108685.045741","63226","0"
"baseline-protocol-v2-20260807-102902","6d7edc7c29a60a94c59effeeb2b78d8b95038135","default-hasher:de0de3506157cdeb","rustc 1.97.0 (2d8144b78 2026-07-07)","x86_64-unknown-linux-gnu","Linux 7.0.11-76070011-generic x86_64","Intel(R) Core(TM) Ultra 7 155H","/dev/nvme0n1p3 ext4   rw,noatime,errors=remount-ro","/tmp/pigment-db-durability-bench","pigment_db","buffered","key_value","file","minimal_callback","8","32","5","10","12288","103428641","118806.549919","60551","0"
"baseline-protocol-v2-20260807-102902","6d7edc7c29a60a94c59effeeb2b78d8b95038135","default-hasher:de0de3506157cdeb","rustc 1.97.0 (2d8144b78 2026-07-07)","x86_64-unknown-linux-gnu","Linux 7.0.11-76070011-generic x86_64","Intel(R) Core(TM) Ultra 7 155H","/dev/nvme0n1p3 ext4   rw,noatime,errors=remount-ro","/tmp/pigment-db-durability-bench","pigment_db","buffered","key_set","vector","ordinary_write","1","32","5","0","114752","108365119","1058938.531687","1015","0"
"baseline-protocol-v2-20260807-102902","6d7edc7c29a60a94c59effeeb2b78d8b95038135","default-hasher:de0de3506157cdeb","rustc 1.97.0 (2d8144b78 2026-07-07)","x86_64-unknown-linux-gnu","Linux 7.0.11-76070011-generic x86_64","Intel(R) Core(TM) Ultra 7 155H","/dev/nvme0n1p3 ext4   rw,noatime,errors=remount-ro","/tmp/pigment-db-durability-bench","pigment_db","buffered","key_set","vector","ordinary_write","1","32","5","1","125440","106950156","1172882.814682","882","0"
"baseline-protocol-v2-20260807-102902","6d7edc7c29a60a94c59effeeb2b78d8b95038135","default-hasher:de0de3506157cdeb","rustc 1.97.0 (2d8144b78 2026-07-07)","x86_64-unknown-linux-gnu","Linux 7.0.11-76070011-generic x86_64","Intel(R) Core(TM) Ultra 7 155H","/dev/nvme0n1p3 ext4   rw,noatime,errors=remount-ro","/tmp/pigment-db-durability-bench","pigment_db","buffered","key_set","vector","ordinary_write","1","32","5","2","114752","105064519","1092205.066869","911","0"
"baseline-protocol-v2-20260807-102902","6d7edc7c29a60a94c59effeeb2b78d8b95038135","default-hasher:de0de3506157cdeb","rustc 1.97.0 (2d8144b78 2026-07-07)","x86_64-unknown-linux-gnu","Linux 7.0.11-76070011-generic x86_64","Intel(R) Core(TM) Ultra 7 155H","/dev/nvme0n1p3 ext4   rw,noatime,errors=remount-ro","/tmp/pigment-db-durability-bench","pigment_db","buffered","key_set","vector","ordinary_write","1","32","5","3","141504","100032160","1414585.069442","729","0"
"baseline-protocol-v2-20260807-102902","6d7edc7c29a60a94c59effeeb2b78d8b95038135","default-hasher:de0de3506157cdeb","rustc 1.97.0 (2d8144b78 2026-07-07)","x86_64-unknown-linux-gnu","Linux 7.0.11-76070011-generic x86_64","Intel(R) Core(TM) Ultra 7 155H","/dev/nvme0n1p3 ext4   rw,noatime,errors=remount-ro","/tmp/pigment-db-durability-bench","pigment_db","buffered","key_set","vector","ordinary_write","1","32","5","4","113152","100015134","1131348.781675","1121","0"
"baseline-protocol-v2-20260807-102902","6d7edc7c29a60a94c59effeeb2b78d8b95038135","default-hasher:de0de3506157cdeb","rustc 1.97.0 (2d8144b78 2026-07-07)","x86_64-unknown-linux-gnu","Linux 7.0.11-76070011-generic x86_64","Intel(R) Core(TM) Ultra 7 155H","/dev/nvme0n1p3 ext4   rw,noatime,errors=remount-ro","/tmp/pigment-db-durability-bench","pigment_db","buffered","key_set","vector","ordinary_write","1","32","5","5","135168","100013638","1351495.683019","854","0"
"baseline-protocol-v2-20260807-102902","6d7edc7c29a60a94c59effeeb2b78d8b95038135","default-hasher:de0de3506157cdeb","rustc 1.97.0 (2d8144b78 2026-07-07)","x86_64-unknown-linux-gnu","Linux 7.0.11-76070011-generic x86_64","Intel(R) Core(TM) Ultra 7 155H","/dev/nvme0n1p3 ext4   rw,noatime,errors=remount-ro","/tmp/pigment-db-durability-bench","pigment_db","buffered","key_set","vector","ordinary_write","1","32","5","6","114752","106173261","1080799.430282","830","0"
"baseline-protocol-v2-20260807-102902","6d7edc7c29a60a94c59effeeb2b78d8b95038135","default-hasher:de0de3506157cdeb","rustc 1.97.0 (2d8144b78 2026-07-07)","x86_64-unknown-linux-gnu","Linux 7.0.11-76070011-generic x86_64","Intel(R) Core(TM) Ultra 7 155H","/dev/nvme0n1p3 ext4   rw,noatime,errors=remount-ro","/tmp/pigment-db-durability-bench","pigment_db","buffered","key_set","vector","ordinary_write","1","32","5","7","133248","100029961","1332080.895243","772","0"
"baseline-protocol-v2-20260807-102902","6d7edc7c29a60a94c59effeeb2b78d8b95038135","default-hasher:de0de3506157cdeb","rustc 1.97.0 (2d8144b78 2026-07-07)","x86_64-unknown-linux-gnu","Linux 7.0.11-76070011-generic x86_64","Intel(R) Core(TM) Ultra 7 155H","/dev/nvme0n1p3 ext4   rw,noatime,errors=remount-ro","/tmp/pigment-db-durability-bench","pigment_db","buffered","key_set","vector","ordinary_write","1","32","5","8","114752","117661899","975268.978108","902","0"
"baseline-protocol-v2-20260807-102902","6d7edc7c29a60a94c59effeeb2b78d8b95038135","default-hasher:de0de3506157cdeb","rustc 1.97.0 (2d8144b78 2026-07-07)","x86_64-unknown-linux-gnu","Linux 7.0.11-76070011-generic x86_64","Intel(R) Core(TM) Ultra 7 155H","/dev/nvme0n1p3 ext4   rw,noatime,errors=remount-ro","/tmp/pigment-db-durability-bench","pigment_db","buffered","key_set","vector","ordinary_write","1","32","5","9","137728","100029198","1376877.979168","767","0"
"baseline-protocol-v2-20260807-102902","6d7edc7c29a60a94c59effeeb2b78d8b95038135","default-hasher:de0de3506157cdeb","rustc 1.97.0 (2d8144b78 2026-07-07)","x86_64-unknown-linux-gnu","Linux 7.0.11-76070011-generic x86_64","Intel(R) Core(TM) Ultra 7 155H","/dev/nvme0n1p3 ext4   rw,noatime,errors=remount-ro","/tmp/pigment-db-durability-bench","pigment_db","buffered","key_set","vector","ordinary_write","1","32","5","10","114752","103937578","1104047.277299","837","0"
"baseline-protocol-v2-20260807-102902","6d7edc7c29a60a94c59effeeb2b78d8b95038135","default-hasher:de0de3506157cdeb","rustc 1.97.0 (2d8144b78 2026-07-07)","x86_64-unknown-linux-gnu","Linux 7.0.11-76070011-generic x86_64","Intel(R) Core(TM) Ultra 7 155H","/dev/nvme0n1p3 ext4   rw,noatime,errors=remount-ro","/tmp/pigment-db-durability-bench","pigment_db","buffered","key_set","vector","ordinary_write","8","32","5","0","29184","101448332","287673.532178","11029","0"
"baseline-protocol-v2-20260807-102902","6d7edc7c29a60a94c59effeeb2b78d8b95038135","default-hasher:de0de3506157cdeb","rustc 1.97.0 (2d8144b78 2026-07-07)","x86_64-unknown-linux-gnu","Linux 7.0.11-76070011-generic x86_64","Intel(R) Core(TM) Ultra 7 155H","/dev/nvme0n1p3 ext4   rw,noatime,errors=remount-ro","/tmp/pigment-db-durability-bench","pigment_db","buffered","key_set","vector","ordinary_write","8","32","5","1","32256","101133047","318946.189765","10867","0"
"baseline-protocol-v2-20260807-102902","6d7edc7c29a60a94c59effeeb2b78d8b95038135","default-hasher:de0de3506157cdeb","rustc 1.97.0 (2d8144b78 2026-07-07)","x86_64-unknown-linux-gnu","Linux 7.0.11-76070011-generic x86_64","Intel(R) Core(TM) Ultra 7 155H","/dev/nvme0n1p3 ext4   rw,noatime,errors=remount-ro","/tmp/pigment-db-durability-bench","pigment_db","buffered","key_set","vector","ordinary_write","8","32","5","2","33792","101130083","334143.896629","10548","0"
"baseline-protocol-v2-20260807-102902","6d7edc7c29a60a94c59effeeb2b78d8b95038135","default-hasher:de0de3506157cdeb","rustc 1.97.0 (2d8144b78 2026-07-07)","x86_64-unknown-linux-gnu","Linux 7.0.11-76070011-generic x86_64","Intel(R) Core(TM) Ultra 7 155H","/dev/nvme0n1p3 ext4   rw,noatime,errors=remount-ro","/tmp/pigment-db-durability-bench","pigment_db","buffered","key_set","vector","ordinary_write","8","32","5","3","33792","100669783","335671.727831","10710","0"
"baseline-protocol-v2-20260807-102902","6d7edc7c29a60a94c59effeeb2b78d8b95038135","default-hasher:de0de3506157cdeb","rustc 1.97.0 (2d8144b78 2026-07-07)","x86_64-unknown-linux-gnu","Linux 7.0.11-76070011-generic x86_64","Intel(R) Core(TM) Ultra 7 155H","/dev/nvme0n1p3 ext4   rw,noatime,errors=remount-ro","/tmp/pigment-db-durability-bench","pigment_db","buffered","key_set","vector","ordinary_write","8","32","5","4","32256","101861453","316665.422002","11086","0"
"baseline-protocol-v2-20260807-102902","6d7edc7c29a60a94c59effeeb2b78d8b95038135","default-hasher:de0de3506157cdeb","rustc 1.97.0 (2d8144b78 2026-07-07)","x86_64-unknown-linux-gnu","Linux 7.0.11-76070011-generic x86_64","Intel(R) Core(TM) Ultra 7 155H","/dev/nvme0n1p3 ext4   rw,noatime,errors=remount-ro","/tmp/pigment-db-durability-bench","pigment_db","buffered","key_set","vector","ordinary_write","8","32","5","5","32256","101436292","317992.696342","10770","0"
"baseline-protocol-v2-20260807-102902","6d7edc7c29a60a94c59effeeb2b78d8b95038135","default-hasher:de0de3506157cdeb","rustc 1.97.0 (2d8144b78 2026-07-07)","x86_64-unknown-linux-gnu","Linux 7.0.11-76070011-generic x86_64","Intel(R) Core(TM) Ultra 7 155H","/dev/nvme0n1p3 ext4   rw,noatime,errors=remount-ro","/tmp/pigment-db-durability-bench","pigment_db","buffered","key_set","vector","ordinary_write","8","32","5","6","30720","101130760","303765.145244","10834","0"
"baseline-protocol-v2-20260807-102902","6d7edc7c29a60a94c59effeeb2b78d8b95038135","default-hasher:de0de3506157cdeb","rustc 1.97.0 (2d8144b78 2026-07-07)","x86_64-unknown-linux-gnu","Linux 7.0.11-76070011-generic x86_64","Intel(R) Core(TM) Ultra 7 155H","/dev/nvme0n1p3 ext4   rw,noatime,errors=remount-ro","/tmp/pigment-db-durability-bench","pigment_db","buffered","key_set","vector","ordinary_write","8","32","5","7","33280","100222692","332060.527769","10928","0"
"baseline-protocol-v2-20260807-102902","6d7edc7c29a60a94c59effeeb2b78d8b95038135","default-hasher:de0de3506157cdeb","rustc 1.97.0 (2d8144b78 2026-07-07)","x86_64-unknown-linux-gnu","Linux 7.0.11-76070011-generic x86_64","Intel(R) Core(TM) Ultra 7 155H","/dev/nvme0n1p3 ext4   rw,noatime,errors=remount-ro","/tmp/pigment-db-durability-bench","pigment_db","buffered","key_set","vector","ordinary_write","8","32","5","8","27648","100859837","274122.989114","12747","0"
"baseline-protocol-v2-20260807-102902","6d7edc7c29a60a94c59effeeb2b78d8b95038135","default-hasher:de0de3506157cdeb","rustc 1.97.0 (2d8144b78 2026-07-07)","x86_64-unknown-linux-gnu","Linux 7.0.11-76070011-generic x86_64","Intel(R) Core(TM) Ultra 7 155H","/dev/nvme0n1p3 ext4   rw,noatime,errors=remount-ro","/tmp/pigment-db-durability-bench","pigment_db","buffered","key_set","vector","ordinary_write","8","32","5","9","29184","100065192","291649.867618","10938","0"
"baseline-protocol-v2-20260807-102902","6d7edc7c29a60a94c59effeeb2b78d8b95038135","default-hasher:de0de3506157cdeb","rustc 1.97.0 (2d8144b78 2026-07-07)","x86_64-unknown-linux-gnu","Linux 7.0.11-76070011-generic x86_64","Intel(R) Core(TM) Ultra 7 155H","/dev/nvme0n1p3 ext4   rw,noatime,errors=remount-ro","/tmp/pigment-db-durability-bench","pigment_db","buffered","key_set","vector","ordinary_write","8","32","5","10","30208","101249951","298350.761671","11118","0"
"baseline-protocol-v2-20260807-102902","6d7edc7c29a60a94c59effeeb2b78d8b95038135","default-hasher:de0de3506157cdeb","rustc 1.97.0 (2d8144b78 2026-07-07)","x86_64-unknown-linux-gnu","Linux 7.0.11-76070011-generic x86_64","Intel(R) Core(TM) Ultra 7 155H","/dev/nvme0n1p3 ext4   rw,noatime,errors=remount-ro","/tmp/pigment-db-durability-bench","pigment_db","buffered","key_set","vector","successful_remove","1","32","5","0","126144","100010576","1261306.604214","725","0"
"baseline-protocol-v2-20260807-102902","6d7edc7c29a60a94c59effeeb2b78d8b95038135","default-hasher:de0de3506157cdeb","rustc 1.97.0 (2d8144b78 2026-07-07)","x86_64-unknown-linux-gnu","Linux 7.0.11-76070011-generic x86_64","Intel(R) Core(TM) Ultra 7 155H","/dev/nvme0n1p3 ext4   rw,noatime,errors=remount-ro","/tmp/pigment-db-durability-bench","pigment_db","buffered","key_set","vector","successful_remove","1","32","5","1","128384","100029450","1283462.020435","651","0"
"baseline-protocol-v2-20260807-102902","6d7edc7c29a60a94c59effeeb2b78d8b95038135","default-hasher:de0de3506157cdeb","rustc 1.97.0 (2d8144b78 2026-07-07)","x86_64-unknown-linux-gnu","Linux 7.0.11-76070011-generic x86_64","Intel(R) Core(TM) Ultra 7 155H","/dev/nvme0n1p3 ext4   rw,noatime,errors=remount-ro","/tmp/pigment-db-durability-bench","pigment_db","buffered","key_set","vector","successful_remove","1","32","5","2","128256","100015890","1282356.233594","649","0"
"baseline-protocol-v2-20260807-102902","6d7edc7c29a60a94c59effeeb2b78d8b95038135","default-hasher:de0de3506157cdeb","rustc 1.97.0 (2d8144b78 2026-07-07)","x86_64-unknown-linux-gnu","Linux 7.0.11-76070011-generic x86_64","Intel(R) Core(TM) Ultra 7 155H","/dev/nvme0n1p3 ext4   rw,noatime,errors=remount-ro","/tmp/pigment-db-durability-bench","pigment_db","buffered","key_set","vector","successful_remove","1","32","5","3","128192","100002292","1281890.619067","664","0"
"baseline-protocol-v2-20260807-102902","6d7edc7c29a60a94c59effeeb2b78d8b95038135","default-hasher:de0de3506157cdeb","rustc 1.97.0 (2d8144b78 2026-07-07)","x86_64-unknown-linux-gnu","Linux 7.0.11-76070011-generic x86_64","Intel(R) Core(TM) Ultra 7 155H","/dev/nvme0n1p3 ext4   rw,noatime,errors=remount-ro","/tmp/pigment-db-durability-bench","pigment_db","buffered","key_set","vector","successful_remove","1","32","5","4","125952","104447157","1205892.085698","860","0"
"baseline-protocol-v2-20260807-102902","6d7edc7c29a60a94c59effeeb2b78d8b95038135","default-hasher:de0de3506157cdeb","rustc 1.97.0 (2d8144b78 2026-07-07)","x86_64-unknown-linux-gnu","Linux 7.0.11-76070011-generic x86_64","Intel(R) Core(TM) Ultra 7 155H","/dev/nvme0n1p3 ext4   rw,noatime,errors=remount-ro","/tmp/pigment-db-durability-bench","pigment_db","buffered","key_set","vector","successful_remove","1","32","5","5","125952","102088039","1233758.638463","771","0"
"baseline-protocol-v2-20260807-102902","6d7edc7c29a60a94c59effeeb2b78d8b95038135","default-hasher:de0de3506157cdeb","rustc 1.97.0 (2d8144b78 2026-07-07)","x86_64-unknown-linux-gnu","Linux 7.0.11-76070011-generic x86_64","Intel(R) Core(TM) Ultra 7 155H","/dev/nvme0n1p3 ext4   rw,noatime,errors=remount-ro","/tmp/pigment-db-durability-bench","pigment_db","buffered","key_set","vector","successful_remove","1","32","5","6","125952","101540683","1240409.225926","775","0"
"baseline-protocol-v2-20260807-102902","6d7edc7c29a60a94c59effeeb2b78d8b95038135","default-hasher:de0de3506157cdeb","rustc 1.97.0 (2d8144b78 2026-07-07)","x86_64-unknown-linux-gnu","Linux 7.0.11-76070011-generic x86_64","Intel(R) Core(TM) Ultra 7 155H","/dev/nvme0n1p3 ext4   rw,noatime,errors=remount-ro","/tmp/pigment-db-durability-bench","pigment_db","buffered","key_set","vector","successful_remove","1","32","5","7","128512","100004715","1285059.409449","638","0"
"baseline-protocol-v2-20260807-102902","6d7edc7c29a60a94c59effeeb2b78d8b95038135","default-hasher:de0de3506157cdeb","rustc 1.97.0 (2d8144b78 2026-07-07)","x86_64-unknown-linux-gnu","Linux 7.0.11-76070011-generic x86_64","Intel(R) Core(TM) Ultra 7 155H","/dev/nvme0n1p3 ext4   rw,noatime,errors=remount-ro","/tmp/pigment-db-durability-bench","pigment_db","buffered","key_set","vector","successful_remove","1","32","5","8","129344","100018475","1293201.081100","621","0"
"baseline-protocol-v2-20260807-102902","6d7edc7c29a60a94c59effeeb2b78d8b95038135","default-hasher:de0de3506157cdeb","rustc 1.97.0 (2d8144b78 2026-07-07)","x86_64-unknown-linux-gnu","Linux 7.0.11-76070011-generic x86_64","Intel(R) Core(TM) Ultra 7 155H","/dev/nvme0n1p3 ext4   rw,noatime,errors=remount-ro","/tmp/pigment-db-durability-bench","pigment_db","buffered","key_set","vector","successful_remove","1","32","5","9","126464","100008551","1264531.869880","683","0"
"baseline-protocol-v2-20260807-102902","6d7edc7c29a60a94c59effeeb2b78d8b95038135","default-hasher:de0de3506157cdeb","rustc 1.97.0 (2d8144b78 2026-07-07)","x86_64-unknown-linux-gnu","Linux 7.0.11-76070011-generic x86_64","Intel(R) Core(TM) Ultra 7 155H","/dev/nvme0n1p3 ext4   rw,noatime,errors=remount-ro","/tmp/pigment-db-durability-bench","pigment_db","buffered","key_set","vector","successful_remove","1","32","5","10","128000","100003849","1279950.734696","630","0"
"baseline-protocol-v2-20260807-102902","6d7edc7c29a60a94c59effeeb2b78d8b95038135","default-hasher:de0de3506157cdeb","rustc 1.97.0 (2d8144b78 2026-07-07)","x86_64-unknown-linux-gnu","Linux 7.0.11-76070011-generic x86_64","Intel(R) Core(TM) Ultra 7 155H","/dev/nvme0n1p3 ext4   rw,noatime,errors=remount-ro","/tmp/pigment-db-durability-bench","pigment_db","buffered","key_set","vector","successful_remove","8","32","5","0","24576","100249397","245148.606729","11310","0"
"baseline-protocol-v2-20260807-102902","6d7edc7c29a60a94c59effeeb2b78d8b95038135","default-hasher:de0de3506157cdeb","rustc 1.97.0 (2d8144b78 2026-07-07)","x86_64-unknown-linux-gnu","Linux 7.0.11-76070011-generic x86_64","Intel(R) Core(TM) Ultra 7 155H","/dev/nvme0n1p3 ext4   rw,noatime,errors=remount-ro","/tmp/pigment-db-durability-bench","pigment_db","buffered","key_set","vector","successful_remove","8","32","5","1","29696","102101846","290846.847176","10709","0"
"baseline-protocol-v2-20260807-102902","6d7edc7c29a60a94c59effeeb2b78d8b95038135","default-hasher:de0de3506157cdeb","rustc 1.97.0 (2d8144b78 2026-07-07)","x86_64-unknown-linux-gnu","Linux 7.0.11-76070011-generic x86_64","Intel(R) Core(TM) Ultra 7 155H","/dev/nvme0n1p3 ext4   rw,noatime,errors=remount-ro","/tmp/pigment-db-durability-bench","pigment_db","buffered","key_set","vector","successful_remove","8","32","5","2","29184","100651377","289951.323766","10881","0"
"baseline-protocol-v2-20260807-102902","6d7edc7c29a60a94c59effeeb2b78d8b95038135","default-hasher:de0de3506157cdeb","rustc 1.97.0 (2d8144b78 2026-07-07)","x86_64-unknown-linux-gnu","Linux 7.0.11-76070011-generic x86_64","Intel(R) Core(TM) Ultra 7 155H","/dev/nvme0n1p3 ext4   rw,noatime,errors=remount-ro","/tmp/pigment-db-durability-bench","pigment_db","buffered","key_set","vector","successful_remove","8","32","5","3","32768","101326442","323390.413728","10768","0"
"baseline-protocol-v2-20260807-102902","6d7edc7c29a60a94c59effeeb2b78d8b95038135","default-hasher:de0de3506157cdeb","rustc 1.97.0 (2d8144b78 2026-07-07)","x86_64-unknown-linux-gnu","Linux 7.0.11-76070011-generic x86_64","Intel(R) Core(TM) Ultra 7 155H","/dev/nvme0n1p3 ext4   rw,noatime,errors=remount-ro","/tmp/pigment-db-durability-bench","pigment_db","buffered","key_set","vector","successful_remove","8","32","5","4","28672","100381687","285629.788230","10881","0"
"baseline-protocol-v2-20260807-102902","6d7edc7c29a60a94c59effeeb2b78d8b95038135","default-hasher:de0de3506157cdeb","rustc 1.97.0 (2d8144b78 2026-07-07)","x86_64-unknown-linux-gnu","Linux 7.0.11-76070011-generic x86_64","Intel(R) Core(TM) Ultra 7 155H","/dev/nvme0n1p3 ext4   rw,noatime,errors=remount-ro","/tmp/pigment-db-durability-bench","pigment_db","buffered","key_set","vector","successful_remove","8","32","5","5","31744","100980409","314358.005819","10930","0"
"baseline-protocol-v2-20260807-102902","6d7edc7c29a60a94c59effeeb2b78d8b95038135","default-hasher:de0de3506157cdeb","rustc 1.97.0 (2d8144b78 2026-07-07)","x86_64-unknown-linux-gnu","Linux 7.0.11-76070011-generic x86_64","Intel(R) Core(TM) Ultra 7 155H","/dev/nvme0n1p3 ext4   rw,noatime,errors=remount-ro","/tmp/pigment-db-durability-bench","pigment_db","buffered","key_set","vector","successful_remove","8","32","5","6","30720","101173940","303635.501395","10563","0"
"baseline-protocol-v2-20260807-102902","6d7edc7c29a60a94c59effeeb2b78d8b95038135","default-hasher:de0de3506157cdeb","rustc 1.97.0 (2d8144b78 2026-07-07)","x86_64-unknown-linux-gnu","Linux 7.0.11-76070011-generic x86_64","Intel(R) Core(TM) Ultra 7 155H","/dev/nvme0n1p3 ext4   rw,noatime,errors=remount-ro","/tmp/pigment-db-durability-bench","pigment_db","buffered","key_set","vector","successful_remove","8","32","5","7","30720","100264360","306390.027324","10660","0"
"baseline-protocol-v2-20260807-102902","6d7edc7c29a60a94c59effeeb2b78d8b95038135","default-hasher:de0de3506157cdeb","rustc 1.97.0 (2d8144b78 2026-07-07)","x86_64-unknown-linux-gnu","Linux 7.0.11-76070011-generic x86_64","Intel(R) Core(TM) Ultra 7 155H","/dev/nvme0n1p3 ext4   rw,noatime,errors=remount-ro","/tmp/pigment-db-durability-bench","pigment_db","buffered","key_set","vector","successful_remove","8","32","5","8","31744","100347844","316339.631572","10785","0"
"baseline-protocol-v2-20260807-102902","6d7edc7c29a60a94c59effeeb2b78d8b95038135","default-hasher:de0de3506157cdeb","rustc 1.97.0 (2d8144b78 2026-07-07)","x86_64-unknown-linux-gnu","Linux 7.0.11-76070011-generic x86_64","Intel(R) Core(TM) Ultra 7 155H","/dev/nvme0n1p3 ext4   rw,noatime,errors=remount-ro","/tmp/pigment-db-durability-bench","pigment_db","buffered","key_set","vector","successful_remove","8","32","5","9","33280","100891922","329857.924602","10684","0"
"baseline-protocol-v2-20260807-102902","6d7edc7c29a60a94c59effeeb2b78d8b95038135","default-hasher:de0de3506157cdeb","rustc 1.97.0 (2d8144b78 2026-07-07)","x86_64-unknown-linux-gnu","Linux 7.0.11-76070011-generic x86_64","Intel(R) Core(TM) Ultra 7 155H","/dev/nvme0n1p3 ext4   rw,noatime,errors=remount-ro","/tmp/pigment-db-durability-bench","pigment_db","buffered","key_set","vector","successful_remove","8","32","5","10","33792","100587159","335947.454287","10709","0"
"baseline-protocol-v2-20260807-102902","6d7edc7c29a60a94c59effeeb2b78d8b95038135","default-hasher:de0de3506157cdeb","rustc 1.97.0 (2d8144b78 2026-07-07)","x86_64-unknown-linux-gnu","Linux 7.0.11-76070011-generic x86_64","Intel(R) Core(TM) Ultra 7 155H","/dev/nvme0n1p3 ext4   rw,noatime,errors=remount-ro","/tmp/pigment-db-durability-bench","pigment_db","buffered","key_set","vector","minimal_callback","1","32","5","0","45440","100063007","454113.876470","2229","0"
"baseline-protocol-v2-20260807-102902","6d7edc7c29a60a94c59effeeb2b78d8b95038135","default-hasher:de0de3506157cdeb","rustc 1.97.0 (2d8144b78 2026-07-07)","x86_64-unknown-linux-gnu","Linux 7.0.11-76070011-generic x86_64","Intel(R) Core(TM) Ultra 7 155H","/dev/nvme0n1p3 ext4   rw,noatime,errors=remount-ro","/tmp/pigment-db-durability-bench","pigment_db","buffered","key_set","vector","minimal_callback","1","32","5","1","63680","100111377","636091.540325","2014","0"
"baseline-protocol-v2-20260807-102902","6d7edc7c29a60a94c59effeeb2b78d8b95038135","default-hasher:de0de3506157cdeb","rustc 1.97.0 (2d8144b78 2026-07-07)","x86_64-unknown-linux-gnu","Linux 7.0.11-76070011-generic x86_64","Intel(R) Core(TM) Ultra 7 155H","/dev/nvme0n1p3 ext4   rw,noatime,errors=remount-ro","/tmp/pigment-db-durability-bench","pigment_db","buffered","key_set","vector","minimal_callback","1","32","5","2","71168","100060680","711248.414462","1947","0"
"baseline-protocol-v2-20260807-102902","6d7edc7c29a60a94c59effeeb2b78d8b95038135","default-hasher:de0de3506157cdeb","rustc 1.97.0 (2d8144b78 2026-07-07)","x86_64-unknown-linux-gnu","Linux 7.0.11-76070011-generic x86_64","Intel(R) Core(TM) Ultra 7 155H","/dev/nvme0n1p3 ext4   rw,noatime,errors=remount-ro","/tmp/pigment-db-durability-bench","pigment_db","buffered","key_set","vector","minimal_callback","1","32","5","3","72320","100002531","723181.696271","1748","0"
"baseline-protocol-v2-20260807-102902","6d7edc7c29a60a94c59effeeb2b78d8b95038135","default-hasher:de0de3506157cdeb","rustc 1.97.0 (2d8144b78 2026-07-07)","x86_64-unknown-linux-gnu","Linux 7.0.11-76070011-generic x86_64","Intel(R) Core(TM) Ultra 7 155H","/dev/nvme0n1p3 ext4   rw,noatime,errors=remount-ro","/tmp/pigment-db-durability-bench","pigment_db","buffered","key_set","vector","minimal_callback","1","32","5","4","71168","100025971","711495.217577","1701","0"
"baseline-protocol-v2-20260807-102902","6d7edc7c29a60a94c59effeeb2b78d8b95038135","default-hasher:de0de3506157cdeb","rustc 1.97.0 (2d8144b78 2026-07-07)","x86_64-unknown-linux-gnu","Linux 7.0.11-76070011-generic x86_64","Intel(R) Core(TM) Ultra 7 155H","/dev/nvme0n1p3 ext4   rw,noatime,errors=remount-ro","/tmp/pigment-db-durability-bench","pigment_db","buffered","key_set","vector","minimal_callback","1","32","5","5","72128","100032172","721048.024430","1794","0"
"baseline-protocol-v2-20260807-102902","6d7edc7c29a60a94c59effeeb2b78d8b95038135","default-hasher:de0de3506157cdeb","rustc 1.97.0 (2d8144b78 2026-07-07)","x86_64-unknown-linux-gnu","Linux 7.0.11-76070011-generic x86_64","Intel(R) Core(TM) Ultra 7 155H","/dev/nvme0n1p3 ext4   rw,noatime,errors=remount-ro","/tmp/pigment-db-durability-bench","pigment_db","buffered","key_set","vector","minimal_callback","1","32","5","6","71104","100031348","710817.173033","1940","0"
"baseline-protocol-v2-20260807-102902","6d7edc7c29a60a94c59effeeb2b78d8b95038135","default-hasher:de0de3506157cdeb","rustc 1.97.0 (2d8144b78 2026-07-07)","x86_64-unknown-linux-gnu","Linux 7.0.11-76070011-generic x86_64","Intel(R) Core(TM) Ultra 7 155H","/dev/nvme0n1p3 ext4   rw,noatime,errors=remount-ro","/tmp/pigment-db-durability-bench","pigment_db","buffered","key_set","vector","minimal_callback","1","32","5","7","72576","100076871","725202.529563","1644","0"
"baseline-protocol-v2-20260807-102902","6d7edc7c29a60a94c59effeeb2b78d8b95038135","default-hasher:de0de3506157cdeb","rustc 1.97.0 (2d8144b78 2026-07-07)","x86_64-unknown-linux-gnu","Linux 7.0.11-76070011-generic x86_64","Intel(R) Core(TM) Ultra 7 155H","/dev/nvme0n1p3 ext4   rw,noatime,errors=remount-ro","/tmp/pigment-db-durability-bench","pigment_db","buffered","key_set","vector","minimal_callback","1","32","5","8","70848","100074521","707952.426772","1694","0"
"baseline-protocol-v2-20260807-102902","6d7edc7c29a60a94c59effeeb2b78d8b95038135","default-hasher:de0de3506157cdeb","rustc 1.97.0 (2d8144b78 2026-07-07)","x86_64-unknown-linux-gnu","Linux 7.0.11-76070011-generic x86_64","Intel(R) Core(TM) Ultra 7 155H","/dev/nvme0n1p3 ext4   rw,noatime,errors=remount-ro","/tmp/pigment-db-durability-bench","pigment_db","buffered","key_set","vector","minimal_callback","1","32","5","9","73408","100023123","733910.297922","1640","0"
"baseline-protocol-v2-20260807-102902","6d7edc7c29a60a94c59effeeb2b78d8b95038135","default-hasher:de0de3506157cdeb","rustc 1.97.0 (2d8144b78 2026-07-07)","x86_64-unknown-linux-gnu","Linux 7.0.11-76070011-generic x86_64","Intel(R) Core(TM) Ultra 7 155H","/dev/nvme0n1p3 ext4   rw,noatime,errors=remount-ro","/tmp/pigment-db-durability-bench","pigment_db","buffered","key_set","vector","minimal_callback","1","32","5","10","69824","100014578","698138.225409","2208","0"
"baseline-protocol-v2-20260807-102902","6d7edc7c29a60a94c59effeeb2b78d8b95038135","default-hasher:de0de3506157cdeb","rustc 1.97.0 (2d8144b78 2026-07-07)","x86_64-unknown-linux-gnu","Linux 7.0.11-76070011-generic x86_64","Intel(R) Core(TM) Ultra 7 155H","/dev/nvme0n1p3 ext4   rw,noatime,errors=remount-ro","/tmp/pigment-db-durability-bench","pigment_db","buffered","key_set","vector","minimal_callback","8","32","5","0","19968","102090181","195591.777822","26972","0"
"baseline-protocol-v2-20260807-102902","6d7edc7c29a60a94c59effeeb2b78d8b95038135","default-hasher:de0de3506157cdeb","rustc 1.97.0 (2d8144b78 2026-07-07)","x86_64-unknown-linux-gnu","Linux 7.0.11-76070011-generic x86_64","Intel(R) Core(TM) Ultra 7 155H","/dev/nvme0n1p3 ext4   rw,noatime,errors=remount-ro","/tmp/pigment-db-durability-bench","pigment_db","buffered","key_set","vector","minimal_callback","8","32","5","1","17408","102988763","169028.149217","27510","0"
"baseline-protocol-v2-20260807-102902","6d7edc7c29a60a94c59effeeb2b78d8b95038135","default-hasher:de0de3506157cdeb","rustc 1.97.0 (2d8144b78 2026-07-07)","x86_64-unknown-linux-gnu","Linux 7.0.11-76070011-generic x86_64","Intel(R) Core(TM) Ultra 7 155H","/dev/nvme0n1p3 ext4   rw,noatime,errors=remount-ro","/tmp/pigment-db-durability-bench","pigment_db","buffered","key_set","vector","minimal_callback","8","32","5","2","18944","103070247","183796.978773","28132","0"
"baseline-protocol-v2-20260807-102902","6d7edc7c29a60a94c59effeeb2b78d8b95038135","default-hasher:de0de3506157cdeb","rustc 1.97.0 (2d8144b78 2026-07-07)","x86_64-unknown-linux-gnu","Linux 7.0.11-76070011-generic x86_64","Intel(R) Core(TM) Ultra 7 155H","/dev/nvme0n1p3 ext4   rw,noatime,errors=remount-ro","/tmp/pigment-db-durability-bench","pigment_db","buffered","key_set","vector","minimal_callback","8","32","5","3","19456","102340579","190110.317824","28207","0"
"baseline-protocol-v2-20260807-102902","6d7edc7c29a60a94c59effeeb2b78d8b95038135","default-hasher:de0de3506157cdeb","rustc 1.97.0 (2d8144b78 2026-07-07)","x86_64-unknown-linux-gnu","Linux 7.0.11-76070011-generic x86_64","Intel(R) Core(TM) Ultra 7 155H","/dev/nvme0n1p3 ext4   rw,noatime,errors=remount-ro","/tmp/pigment-db-durability-bench","pigment_db","buffered","key_set","vector","minimal_callback","8","32","5","4","18944","100949066","187658.992308","28036","0"
"baseline-protocol-v2-20260807-102902","6d7edc7c29a60a94c59effeeb2b78d8b95038135","default-hasher:de0de3506157cdeb","rustc 1.97.0 (2d8144b78 2026-07-07)","x86_64-unknown-linux-gnu","Linux 7.0.11-76070011-generic x86_64","Intel(R) Core(TM) Ultra 7 155H","/dev/nvme0n1p3 ext4   rw,noatime,errors=remount-ro","/tmp/pigment-db-durability-bench","pigment_db","buffered","key_set","vector","minimal_callback","8","32","5","5","17408","101188549","172035.276442","28620","0"
"baseline-protocol-v2-20260807-102902","6d7edc7c29a60a94c59effeeb2b78d8b95038135","default-hasher:de0de3506157cdeb","rustc 1.97.0 (2d8144b78 2026-07-07)","x86_64-unknown-linux-gnu","Linux 7.0.11-76070011-generic x86_64","Intel(R) Core(TM) Ultra 7 155H","/dev/nvme0n1p3 ext4   rw,noatime,errors=remount-ro","/tmp/pigment-db-durability-bench","pigment_db","buffered","key_set","vector","minimal_callback","8","32","5","6","19968","102425207","194952.010202","27205","0"
"baseline-protocol-v2-20260807-102902","6d7edc7c29a60a94c59effeeb2b78d8b95038135","default-hasher:de0de3506157cdeb","rustc 1.97.0 (2d8144b78 2026-07-07)","x86_64-unknown-linux-gnu","Linux 7.0.11-76070011-generic x86_64","Intel(R) Core(TM) Ultra 7 155H","/dev/nvme0n1p3 ext4   rw,noatime,errors=remount-ro","/tmp/pigment-db-durability-bench","pigment_db","buffered","key_set","vector","minimal_callback","8","32","5","7","19968","100023920","199632.247966","27944","0"
"baseline-protocol-v2-20260807-102902","6d7edc7c29a60a94c59effeeb2b78d8b95038135","default-hasher:de0de3506157cdeb","rustc 1.97.0 (2d8144b78 2026-07-07)","x86_64-unknown-linux-gnu","Linux 7.0.11-76070011-generic x86_64","Intel(R) Core(TM) Ultra 7 155H","/dev/nvme0n1p3 ext4   rw,noatime,errors=remount-ro","/tmp/pigment-db-durability-bench","pigment_db","buffered","key_set","vector","minimal_callback","8","32","5","8","19968","102255782","195275.021221","27572","0"
"baseline-protocol-v2-20260807-102902","6d7edc7c29a60a94c59effeeb2b78d8b95038135","default-hasher:de0de3506157cdeb","rustc 1.97.0 (2d8144b78 2026-07-07)","x86_64-unknown-linux-gnu","Linux 7.0.11-76070011-generic x86_64","Intel(R) Core(TM) Ultra 7 155H","/dev/nvme0n1p3 ext4   rw,noatime,errors=remount-ro","/tmp/pigment-db-durability-bench","pigment_db","buffered","key_set","vector","minimal_callback","8","32","5","9","18432","101826255","181014.218779","27647","0"
"baseline-protocol-v2-20260807-102902","6d7edc7c29a60a94c59effeeb2b78d8b95038135","default-hasher:de0de3506157cdeb","rustc 1.97.0 (2d8144b78 2026-07-07)","x86_64-unknown-linux-gnu","Linux 7.0.11-76070011-generic x86_64","Intel(R) Core(TM) Ultra 7 155H","/dev/nvme0n1p3 ext4   rw,noatime,errors=remount-ro","/tmp/pigment-db-durability-bench","pigment_db","buffered","key_set","vector","minimal_callback","8","32","5","10","18944","101097954","187382.624974","27443","0"
"baseline-protocol-v2-20260807-102902","6d7edc7c29a60a94c59effeeb2b78d8b95038135","default-hasher:de0de3506157cdeb","rustc 1.97.0 (2d8144b78 2026-07-07)","x86_64-unknown-linux-gnu","Linux 7.0.11-76070011-generic x86_64","Intel(R) Core(TM) Ultra 7 155H","/dev/nvme0n1p3 ext4   rw,noatime,errors=remount-ro","/tmp/pigment-db-durability-bench","pigment_db","buffered","key_set","file","ordinary_write","1","32","5","0","42688","100094569","426476.685264","2665","0"
"baseline-protocol-v2-20260807-102902","6d7edc7c29a60a94c59effeeb2b78d8b95038135","default-hasher:de0de3506157cdeb","rustc 1.97.0 (2d8144b78 2026-07-07)","x86_64-unknown-linux-gnu","Linux 7.0.11-76070011-generic x86_64","Intel(R) Core(TM) Ultra 7 155H","/dev/nvme0n1p3 ext4   rw,noatime,errors=remount-ro","/tmp/pigment-db-durability-bench","pigment_db","buffered","key_set","file","ordinary_write","1","32","5","1","41984","100091849","419454.735020","2941","0"
"baseline-protocol-v2-20260807-102902","6d7edc7c29a60a94c59effeeb2b78d8b95038135","default-hasher:de0de3506157cdeb","rustc 1.97.0 (2d8144b78 2026-07-07)","x86_64-unknown-linux-gnu","Linux 7.0.11-76070011-generic x86_64","Intel(R) Core(TM) Ultra 7 155H","/dev/nvme0n1p3 ext4   rw,noatime,errors=remount-ro","/tmp/pigment-db-durability-bench","pigment_db","buffered","key_set","file","ordinary_write","1","32","5","2","41664","100016537","416571.111635","3104","0"
"baseline-protocol-v2-20260807-102902","6d7edc7c29a60a94c59effeeb2b78d8b95038135","default-hasher:de0de3506157cdeb","rustc 1.97.0 (2d8144b78 2026-07-07)","x86_64-unknown-linux-gnu","Linux 7.0.11-76070011-generic x86_64","Intel(R) Core(TM) Ultra 7 155H","/dev/nvme0n1p3 ext4   rw,noatime,errors=remount-ro","/tmp/pigment-db-durability-bench","pigment_db","buffered","key_set","file","ordinary_write","1","32","5","3","41920","100107552","418749.626402","2795","0"
"baseline-protocol-v2-20260807-102902","6d7edc7c29a60a94c59effeeb2b78d8b95038135","default-hasher:de0de3506157cdeb","rustc 1.97.0 (2d8144b78 2026-07-07)","x86_64-unknown-linux-gnu","Linux 7.0.11-76070011-generic x86_64","Intel(R) Core(TM) Ultra 7 155H","/dev/nvme0n1p3 ext4   rw,noatime,errors=remount-ro","/tmp/pigment-db-durability-bench","pigment_db","buffered","key_set","file","ordinary_write","1","32","5","4","38144","100062298","381202.518455","3191","0"
"baseline-protocol-v2-20260807-102902","6d7edc7c29a60a94c59effeeb2b78d8b95038135","default-hasher:de0de3506157cdeb","rustc 1.97.0 (2d8144b78 2026-07-07)","x86_64-unknown-linux-gnu","Linux 7.0.11-76070011-generic x86_64","Intel(R) Core(TM) Ultra 7 155H","/dev/nvme0n1p3 ext4   rw,noatime,errors=remount-ro","/tmp/pigment-db-durability-bench","pigment_db","buffered","key_set","file","ordinary_write","1","32","5","5","39360","100103166","393194.357110","3616","0"
"baseline-protocol-v2-20260807-102902","6d7edc7c29a60a94c59effeeb2b78d8b95038135","default-hasher:de0de3506157cdeb","rustc 1.97.0 (2d8144b78 2026-07-07)","x86_64-unknown-linux-gnu","Linux 7.0.11-76070011-generic x86_64","Intel(R) Core(TM) Ultra 7 155H","/dev/nvme0n1p3 ext4   rw,noatime,errors=remount-ro","/tmp/pigment-db-durability-bench","pigment_db","buffered","key_set","file","ordinary_write","1","32","5","6","43456","100120129","434038.593778","2726","0"
"baseline-protocol-v2-20260807-102902","6d7edc7c29a60a94c59effeeb2b78d8b95038135","default-hasher:de0de3506157cdeb","rustc 1.97.0 (2d8144b78 2026-07-07)","x86_64-unknown-linux-gnu","Linux 7.0.11-76070011-generic x86_64","Intel(R) Core(TM) Ultra 7 155H","/dev/nvme0n1p3 ext4   rw,noatime,errors=remount-ro","/tmp/pigment-db-durability-bench","pigment_db","buffered","key_set","file","ordinary_write","1","32","5","7","40320","100139411","402638.677393","2746","0"
"baseline-protocol-v2-20260807-102902","6d7edc7c29a60a94c59effeeb2b78d8b95038135","default-hasher:de0de3506157cdeb","rustc 1.97.0 (2d8144b78 2026-07-07)","x86_64-unknown-linux-gnu","Linux 7.0.11-76070011-generic x86_64","Intel(R) Core(TM) Ultra 7 155H","/dev/nvme0n1p3 ext4   rw,noatime,errors=remount-ro","/tmp/pigment-db-durability-bench","pigment_db","buffered","key_set","file","ordinary_write","1","32","5","8","43520","100016058","435130.126804","2543","0"
"baseline-protocol-v2-20260807-102902","6d7edc7c29a60a94c59effeeb2b78d8b95038135","default-hasher:de0de3506157cdeb","rustc 1.97.0 (2d8144b78 2026-07-07)","x86_64-unknown-linux-gnu","Linux 7.0.11-76070011-generic x86_64","Intel(R) Core(TM) Ultra 7 155H","/dev/nvme0n1p3 ext4   rw,noatime,errors=remount-ro","/tmp/pigment-db-durability-bench","pigment_db","buffered","key_set","file","ordinary_write","1","32","5","9","39680","100066991","396534.357668","3992","0"
"baseline-protocol-v2-20260807-102902","6d7edc7c29a60a94c59effeeb2b78d8b95038135","default-hasher:de0de3506157cdeb","rustc 1.97.0 (2d8144b78 2026-07-07)","x86_64-unknown-linux-gnu","Linux 7.0.11-76070011-generic x86_64","Intel(R) Core(TM) Ultra 7 155H","/dev/nvme0n1p3 ext4   rw,noatime,errors=remount-ro","/tmp/pigment-db-durability-bench","pigment_db","buffered","key_set","file","ordinary_write","1","32","5","10","41408","100062911","413819.661912","2913","0"
"baseline-protocol-v2-20260807-102902","6d7edc7c29a60a94c59effeeb2b78d8b95038135","default-hasher:de0de3506157cdeb","rustc 1.97.0 (2d8144b78 2026-07-07)","x86_64-unknown-linux-gnu","Linux 7.0.11-76070011-generic x86_64","Intel(R) Core(TM) Ultra 7 155H","/dev/nvme0n1p3 ext4   rw,noatime,errors=remount-ro","/tmp/pigment-db-durability-bench","pigment_db","buffered","key_set","file","ordinary_write","8","32","5","0","12288","101893877","120596.058976","57676","0"
"baseline-protocol-v2-20260807-102902","6d7edc7c29a60a94c59effeeb2b78d8b95038135","default-hasher:de0de3506157cdeb","rustc 1.97.0 (2d8144b78 2026-07-07)","x86_64-unknown-linux-gnu","Linux 7.0.11-76070011-generic x86_64","Intel(R) Core(TM) Ultra 7 155H","/dev/nvme0n1p3 ext4   rw,noatime,errors=remount-ro","/tmp/pigment-db-durability-bench","pigment_db","buffered","key_set","file","ordinary_write","8","32","5","1","12288","103964191","118194.542581","57078","0"
"baseline-protocol-v2-20260807-102902","6d7edc7c29a60a94c59effeeb2b78d8b95038135","default-hasher:de0de3506157cdeb","rustc 1.97.0 (2d8144b78 2026-07-07)","x86_64-unknown-linux-gnu","Linux 7.0.11-76070011-generic x86_64","Intel(R) Core(TM) Ultra 7 155H","/dev/nvme0n1p3 ext4   rw,noatime,errors=remount-ro","/tmp/pigment-db-durability-bench","pigment_db","buffered","key_set","file","ordinary_write","8","32","5","2","10752","100877752","106584.452834","64449","0"
"baseline-protocol-v2-20260807-102902","6d7edc7c29a60a94c59effeeb2b78d8b95038135","default-hasher:de0de3506157cdeb","rustc 1.97.0 (2d8144b78 2026-07-07)","x86_64-unknown-linux-gnu","Linux 7.0.11-76070011-generic x86_64","Intel(R) Core(TM) Ultra 7 155H","/dev/nvme0n1p3 ext4   rw,noatime,errors=remount-ro","/tmp/pigment-db-durability-bench","pigment_db","buffered","key_set","file","ordinary_write","8","32","5","3","11776","103956397","113278.262231","62617","0"
"baseline-protocol-v2-20260807-102902","6d7edc7c29a60a94c59effeeb2b78d8b95038135","default-hasher:de0de3506157cdeb","rustc 1.97.0 (2d8144b78 2026-07-07)","x86_64-unknown-linux-gnu","Linux 7.0.11-76070011-generic x86_64","Intel(R) Core(TM) Ultra 7 155H","/dev/nvme0n1p3 ext4   rw,noatime,errors=remount-ro","/tmp/pigment-db-durability-bench","pigment_db","buffered","key_set","file","ordinary_write","8","32","5","4","11776","104359547","112840.658459","61886","0"
"baseline-protocol-v2-20260807-102902","6d7edc7c29a60a94c59effeeb2b78d8b95038135","default-hasher:de0de3506157cdeb","rustc 1.97.0 (2d8144b78 2026-07-07)","x86_64-unknown-linux-gnu","Linux 7.0.11-76070011-generic x86_64","Intel(R) Core(TM) Ultra 7 155H","/dev/nvme0n1p3 ext4   rw,noatime,errors=remount-ro","/tmp/pigment-db-durability-bench","pigment_db","buffered","key_set","file","ordinary_write","8","32","5","5","11776","101431560","116097.987648","60934","0"
"baseline-protocol-v2-20260807-102902","6d7edc7c29a60a94c59effeeb2b78d8b95038135","default-hasher:de0de3506157cdeb","rustc 1.97.0 (2d8144b78 2026-07-07)","x86_64-unknown-linux-gnu","Linux 7.0.11-76070011-generic x86_64","Intel(R) Core(TM) Ultra 7 155H","/dev/nvme0n1p3 ext4   rw,noatime,errors=remount-ro","/tmp/pigment-db-durability-bench","pigment_db","buffered","key_set","file","ordinary_write","8","32","5","6","11264","100235594","112375.250652","63055","0"
"baseline-protocol-v2-20260807-102902","6d7edc7c29a60a94c59effeeb2b78d8b95038135","default-hasher:de0de3506157cdeb","rustc 1.97.0 (2d8144b78 2026-07-07)","x86_64-unknown-linux-gnu","Linux 7.0.11-76070011-generic x86_64","Intel(R) Core(TM) Ultra 7 155H","/dev/nvme0n1p3 ext4   rw,noatime,errors=remount-ro","/tmp/pigment-db-durability-bench","pigment_db","buffered","key_set","file","ordinary_write","8","32","5","7","9728","100057967","97223.642371","61961","0"
"baseline-protocol-v2-20260807-102902","6d7edc7c29a60a94c59effeeb2b78d8b95038135","default-hasher:de0de3506157cdeb","rustc 1.97.0 (2d8144b78 2026-07-07)","x86_64-unknown-linux-gnu","Linux 7.0.11-76070011-generic x86_64","Intel(R) Core(TM) Ultra 7 155H","/dev/nvme0n1p3 ext4   rw,noatime,errors=remount-ro","/tmp/pigment-db-durability-bench","pigment_db","buffered","key_set","file","ordinary_write","8","32","5","8","11776","102756652","114600.853286","62206","0"
"baseline-protocol-v2-20260807-102902","6d7edc7c29a60a94c59effeeb2b78d8b95038135","default-hasher:de0de3506157cdeb","rustc 1.97.0 (2d8144b78 2026-07-07)","x86_64-unknown-linux-gnu","Linux 7.0.11-76070011-generic x86_64","Intel(R) Core(TM) Ultra 7 155H","/dev/nvme0n1p3 ext4   rw,noatime,errors=remount-ro","/tmp/pigment-db-durability-bench","pigment_db","buffered","key_set","file","ordinary_write","8","32","5","9","11264","102592773","109793.308735","63627","0"
"baseline-protocol-v2-20260807-102902","6d7edc7c29a60a94c59effeeb2b78d8b95038135","default-hasher:de0de3506157cdeb","rustc 1.97.0 (2d8144b78 2026-07-07)","x86_64-unknown-linux-gnu","Linux 7.0.11-76070011-generic x86_64","Intel(R) Core(TM) Ultra 7 155H","/dev/nvme0n1p3 ext4   rw,noatime,errors=remount-ro","/tmp/pigment-db-durability-bench","pigment_db","buffered","key_set","file","ordinary_write","8","32","5","10","12288","104161485","117970.668333","58307","0"
"baseline-protocol-v2-20260807-102902","6d7edc7c29a60a94c59effeeb2b78d8b95038135","default-hasher:de0de3506157cdeb","rustc 1.97.0 (2d8144b78 2026-07-07)","x86_64-unknown-linux-gnu","Linux 7.0.11-76070011-generic x86_64","Intel(R) Core(TM) Ultra 7 155H","/dev/nvme0n1p3 ext4   rw,noatime,errors=remount-ro","/tmp/pigment-db-durability-bench","pigment_db","buffered","key_set","file","successful_remove","1","32","5","0","43008","100128201","429529.339092","2917","0"
"baseline-protocol-v2-20260807-102902","6d7edc7c29a60a94c59effeeb2b78d8b95038135","default-hasher:de0de3506157cdeb","rustc 1.97.0 (2d8144b78 2026-07-07)","x86_64-unknown-linux-gnu","Linux 7.0.11-76070011-generic x86_64","Intel(R) Core(TM) Ultra 7 155H","/dev/nvme0n1p3 ext4   rw,noatime,errors=remount-ro","/tmp/pigment-db-durability-bench","pigment_db","buffered","key_set","file","successful_remove","1","32","5","1","43968","100082098","439319.327618","2820","0"
"baseline-protocol-v2-20260807-102902","6d7edc7c29a60a94c59effeeb2b78d8b95038135","default-hasher:de0de3506157cdeb","rustc 1.97.0 (2d8144b78 2026-07-07)","x86_64-unknown-linux-gnu","Linux 7.0.11-76070011-generic x86_64","Intel(R) Core(TM) Ultra 7 155H","/dev/nvme0n1p3 ext4   rw,noatime,errors=remount-ro","/tmp/pigment-db-durability-bench","pigment_db","buffered","key_set","file","successful_remove","1","32","5","2","43264","100029508","432512.374249","3250","0"
"baseline-protocol-v2-20260807-102902","6d7edc7c29a60a94c59effeeb2b78d8b95038135","default-hasher:de0de3506157cdeb","rustc 1.97.0 (2d8144b78 2026-07-07)","x86_64-unknown-linux-gnu","Linux 7.0.11-76070011-generic x86_64","Intel(R) Core(TM) Ultra 7 155H","/dev/nvme0n1p3 ext4   rw,noatime,errors=remount-ro","/tmp/pigment-db-durability-bench","pigment_db","buffered","key_set","file","successful_remove","1","32","5","3","45632","100066898","456014.935129","2504","0"
"baseline-protocol-v2-20260807-102902","6d7edc7c29a60a94c59effeeb2b78d8b95038135","default-hasher:de0de3506157cdeb","rustc 1.97.0 (2d8144b78 2026-07-07)","x86_64-unknown-linux-gnu","Linux 7.0.11-76070011-generic x86_64","Intel(R) Core(TM) Ultra 7 155H","/dev/nvme0n1p3 ext4   rw,noatime,errors=remount-ro","/tmp/pigment-db-durability-bench","pigment_db","buffered","key_set","file","successful_remove","1","32","5","4","45184","100071861","451515.536420","2721","0"
"baseline-protocol-v2-20260807-102902","6d7edc7c29a60a94c59effeeb2b78d8b95038135","default-hasher:de0de3506157cdeb","rustc 1.97.0 (2d8144b78 2026-07-07)","x86_64-unknown-linux-gnu","Linux 7.0.11-76070011-generic x86_64","Intel(R) Core(TM) Ultra 7 155H","/dev/nvme0n1p3 ext4   rw,noatime,errors=remount-ro","/tmp/pigment-db-durability-bench","pigment_db","buffered","key_set","file","successful_remove","1","32","5","5","44352","100123694","442972.070128","2690","0"
"baseline-protocol-v2-20260807-102902","6d7edc7c29a60a94c59effeeb2b78d8b95038135","default-hasher:de0de3506157cdeb","rustc 1.97.0 (2d8144b78 2026-07-07)","x86_64-unknown-linux-gnu","Linux 7.0.11-76070011-generic x86_64","Intel(R) Core(TM) Ultra 7 155H","/dev/nvme0n1p3 ext4   rw,noatime,errors=remount-ro","/tmp/pigment-db-durability-bench","pigment_db","buffered","key_set","file","successful_remove","1","32","5","6","44864","100056525","448386.549503","2678","0"
"baseline-protocol-v2-20260807-102902","6d7edc7c29a60a94c59effeeb2b78d8b95038135","default-hasher:de0de3506157cdeb","rustc 1.97.0 (2d8144b78 2026-07-07)","x86_64-unknown-linux-gnu","Linux 7.0.11-76070011-generic x86_64","Intel(R) Core(TM) Ultra 7 155H","/dev/nvme0n1p3 ext4   rw,noatime,errors=remount-ro","/tmp/pigment-db-durability-bench","pigment_db","buffered","key_set","file","successful_remove","1","32","5","7","43072","100022953","430621.159525","2774","0"
"baseline-protocol-v2-20260807-102902","6d7edc7c29a60a94c59effeeb2b78d8b95038135","default-hasher:de0de3506157cdeb","rustc 1.97.0 (2d8144b78 2026-07-07)","x86_64-unknown-linux-gnu","Linux 7.0.11-76070011-generic x86_64","Intel(R) Core(TM) Ultra 7 155H","/dev/nvme0n1p3 ext4   rw,noatime,errors=remount-ro","/tmp/pigment-db-durability-bench","pigment_db","buffered","key_set","file","successful_remove","1","32","5","8","42112","100030648","420990.974686","2886","0"
"baseline-protocol-v2-20260807-102902","6d7edc7c29a60a94c59effeeb2b78d8b95038135","default-hasher:de0de3506157cdeb","rustc 1.97.0 (2d8144b78 2026-07-07)","x86_64-unknown-linux-gnu","Linux 7.0.11-76070011-generic x86_64","Intel(R) Core(TM) Ultra 7 155H","/dev/nvme0n1p3 ext4   rw,noatime,errors=remount-ro","/tmp/pigment-db-durability-bench","pigment_db","buffered","key_set","file","successful_remove","1","32","5","9","45120","100057205","450942.038607","2725","0"
"baseline-protocol-v2-20260807-102902","6d7edc7c29a60a94c59effeeb2b78d8b95038135","default-hasher:de0de3506157cdeb","rustc 1.97.0 (2d8144b78 2026-07-07)","x86_64-unknown-linux-gnu","Linux 7.0.11-76070011-generic x86_64","Intel(R) Core(TM) Ultra 7 155H","/dev/nvme0n1p3 ext4   rw,noatime,errors=remount-ro","/tmp/pigment-db-durability-bench","pigment_db","buffered","key_set","file","successful_remove","1","32","5","10","44352","100028576","443393.295932","2700","0"
"baseline-protocol-v2-20260807-102902","6d7edc7c29a60a94c59effeeb2b78d8b95038135","default-hasher:de0de3506157cdeb","rustc 1.97.0 (2d8144b78 2026-07-07)","x86_64-unknown-linux-gnu","Linux 7.0.11-76070011-generic x86_64","Intel(R) Core(TM) Ultra 7 155H","/dev/nvme0n1p3 ext4   rw,noatime,errors=remount-ro","/tmp/pigment-db-durability-bench","pigment_db","buffered","key_set","file","successful_remove","8","32","5","0","11264","102914356","109450.230636","64676","0"
"baseline-protocol-v2-20260807-102902","6d7edc7c29a60a94c59effeeb2b78d8b95038135","default-hasher:de0de3506157cdeb","rustc 1.97.0 (2d8144b78 2026-07-07)","x86_64-unknown-linux-gnu","Linux 7.0.11-76070011-generic x86_64","Intel(R) Core(TM) Ultra 7 155H","/dev/nvme0n1p3 ext4   rw,noatime,errors=remount-ro","/tmp/pigment-db-durability-bench","pigment_db","buffered","key_set","file","successful_remove","8","32","5","1","11776","100664701","116982.416706","59998","0"
"baseline-protocol-v2-20260807-102902","6d7edc7c29a60a94c59effeeb2b78d8b95038135","default-hasher:de0de3506157cdeb","rustc 1.97.0 (2d8144b78 2026-07-07)","x86_64-unknown-linux-gnu","Linux 7.0.11-76070011-generic x86_64","Intel(R) Core(TM) Ultra 7 155H","/dev/nvme0n1p3 ext4   rw,noatime,errors=remount-ro","/tmp/pigment-db-durability-bench","pigment_db","buffered","key_set","file","successful_remove","8","32","5","2","11264","102688371","109691.096375","61359","0"
"baseline-protocol-v2-20260807-102902","6d7edc7c29a60a94c59effeeb2b78d8b95038135","default-hasher:de0de3506157cdeb","rustc 1.97.0 (2d8144b78 2026-07-07)","x86_64-unknown-linux-gnu","Linux 7.0.11-76070011-generic x86_64","Intel(R) Core(TM) Ultra 7 155H","/dev/nvme0n1p3 ext4   rw,noatime,errors=remount-ro","/tmp/pigment-db-durability-bench","pigment_db","buffered","key_set","file","successful_remove","8","32","5","3","11264","102257084","110153.737613","63669","0"
"baseline-protocol-v2-20260807-102902","6d7edc7c29a60a94c59effeeb2b78d8b95038135","default-hasher:de0de3506157cdeb","rustc 1.97.0 (2d8144b78 2026-07-07)","x86_64-unknown-linux-gnu","Linux 7.0.11-76070011-generic x86_64","Intel(R) Core(TM) Ultra 7 155H","/dev/nvme0n1p3 ext4   rw,noatime,errors=remount-ro","/tmp/pigment-db-durability-bench","pigment_db","buffered","key_set","file","successful_remove","8","32","5","4","11264","100189687","112426.741088","63484","0"
"baseline-protocol-v2-20260807-102902","6d7edc7c29a60a94c59effeeb2b78d8b95038135","default-hasher:de0de3506157cdeb","rustc 1.97.0 (2d8144b78 2026-07-07)","x86_64-unknown-linux-gnu","Linux 7.0.11-76070011-generic x86_64","Intel(R) Core(TM) Ultra 7 155H","/dev/nvme0n1p3 ext4   rw,noatime,errors=remount-ro","/tmp/pigment-db-durability-bench","pigment_db","buffered","key_set","file","successful_remove","8","32","5","5","11776","106447093","110627.727523","63583","0"
"baseline-protocol-v2-20260807-102902","6d7edc7c29a60a94c59effeeb2b78d8b95038135","default-hasher:de0de3506157cdeb","rustc 1.97.0 (2d8144b78 2026-07-07)","x86_64-unknown-linux-gnu","Linux 7.0.11-76070011-generic x86_64","Intel(R) Core(TM) Ultra 7 155H","/dev/nvme0n1p3 ext4   rw,noatime,errors=remount-ro","/tmp/pigment-db-durability-bench","pigment_db","buffered","key_set","file","successful_remove","8","32","5","6","11776","102880114","114463.325731","62196","0"
"baseline-protocol-v2-20260807-102902","6d7edc7c29a60a94c59effeeb2b78d8b95038135","default-hasher:de0de3506157cdeb","rustc 1.97.0 (2d8144b78 2026-07-07)","x86_64-unknown-linux-gnu","Linux 7.0.11-76070011-generic x86_64","Intel(R) Core(TM) Ultra 7 155H","/dev/nvme0n1p3 ext4   rw,noatime,errors=remount-ro","/tmp/pigment-db-durability-bench","pigment_db","buffered","key_set","file","successful_remove","8","32","5","7","11264","100021665","112615.601830","62810","0"
"baseline-protocol-v2-20260807-102902","6d7edc7c29a60a94c59effeeb2b78d8b95038135","default-hasher:de0de3506157cdeb","rustc 1.97.0 (2d8144b78 2026-07-07)","x86_64-unknown-linux-gnu","Linux 7.0.11-76070011-generic x86_64","Intel(R) Core(TM) Ultra 7 155H","/dev/nvme0n1p3 ext4   rw,noatime,errors=remount-ro","/tmp/pigment-db-durability-bench","pigment_db","buffered","key_set","file","successful_remove","8","32","5","8","11776","101033784","116555.072311","61567","0"
"baseline-protocol-v2-20260807-102902","6d7edc7c29a60a94c59effeeb2b78d8b95038135","default-hasher:de0de3506157cdeb","rustc 1.97.0 (2d8144b78 2026-07-07)","x86_64-unknown-linux-gnu","Linux 7.0.11-76070011-generic x86_64","Intel(R) Core(TM) Ultra 7 155H","/dev/nvme0n1p3 ext4   rw,noatime,errors=remount-ro","/tmp/pigment-db-durability-bench","pigment_db","buffered","key_set","file","successful_remove","8","32","5","9","11776","102302709","115109.366263","60757","0"
"baseline-protocol-v2-20260807-102902","6d7edc7c29a60a94c59effeeb2b78d8b95038135","default-hasher:de0de3506157cdeb","rustc 1.97.0 (2d8144b78 2026-07-07)","x86_64-unknown-linux-gnu","Linux 7.0.11-76070011-generic x86_64","Intel(R) Core(TM) Ultra 7 155H","/dev/nvme0n1p3 ext4   rw,noatime,errors=remount-ro","/tmp/pigment-db-durability-bench","pigment_db","buffered","key_set","file","successful_remove","8","32","5","10","11264","101153125","111355.926967","63242","0"
"baseline-protocol-v2-20260807-102902","6d7edc7c29a60a94c59effeeb2b78d8b95038135","default-hasher:de0de3506157cdeb","rustc 1.97.0 (2d8144b78 2026-07-07)","x86_64-unknown-linux-gnu","Linux 7.0.11-76070011-generic x86_64","Intel(R) Core(TM) Ultra 7 155H","/dev/nvme0n1p3 ext4   rw,noatime,errors=remount-ro","/tmp/pigment-db-durability-bench","pigment_db","buffered","key_set","file","minimal_callback","1","32","5","0","36608","100017753","366015.021353","3874","0"
"baseline-protocol-v2-20260807-102902","6d7edc7c29a60a94c59effeeb2b78d8b95038135","default-hasher:de0de3506157cdeb","rustc 1.97.0 (2d8144b78 2026-07-07)","x86_64-unknown-linux-gnu","Linux 7.0.11-76070011-generic x86_64","Intel(R) Core(TM) Ultra 7 155H","/dev/nvme0n1p3 ext4   rw,noatime,errors=remount-ro","/tmp/pigment-db-durability-bench","pigment_db","buffered","key_set","file","minimal_callback","1","32","5","1","37248","100071588","372213.539771","3394","0"
"baseline-protocol-v2-20260807-102902","6d7edc7c29a60a94c59effeeb2b78d8b95038135","default-hasher:de0de3506157cdeb","rustc 1.97.0 (2d8144b78 2026-07-07)","x86_64-unknown-linux-gnu","Linux 7.0.11-76070011-generic x86_64","Intel(R) Core(TM) Ultra 7 155H","/dev/nvme0n1p3 ext4   rw,noatime,errors=remount-ro","/tmp/pigment-db-durability-bench","pigment_db","buffered","key_set","file","minimal_callback","1","32","5","2","37312","100156589","372536.648587","3411","0"
"baseline-protocol-v2-20260807-102902","6d7edc7c29a60a94c59effeeb2b78d8b95038135","default-hasher:de0de3506157cdeb","rustc 1.97.0 (2d8144b78 2026-07-07)","x86_64-unknown-linux-gnu","Linux 7.0.11-76070011-generic x86_64","Intel(R) Core(TM) Ultra 7 155H","/dev/nvme0n1p3 ext4   rw,noatime,errors=remount-ro","/tmp/pigment-db-durability-bench","pigment_db","buffered","key_set","file","minimal_callback","1","32","5","3","37504","100049328","374855.091480","3477","0"
"baseline-protocol-v2-20260807-102902","6d7edc7c29a60a94c59effeeb2b78d8b95038135","default-hasher:de0de3506157cdeb","rustc 1.97.0 (2d8144b78 2026-07-07)","x86_64-unknown-linux-gnu","Linux 7.0.11-76070011-generic x86_64","Intel(R) Core(TM) Ultra 7 155H","/dev/nvme0n1p3 ext4   rw,noatime,errors=remount-ro","/tmp/pigment-db-durability-bench","pigment_db","buffered","key_set","file","minimal_callback","1","32","5","4","33280","100172754","332226.066182","3852","0"
"baseline-protocol-v2-20260807-102902","6d7edc7c29a60a94c59effeeb2b78d8b95038135","default-hasher:de0de3506157cdeb","rustc 1.97.0 (2d8144b78 2026-07-07)","x86_64-unknown-linux-gnu","Linux 7.0.11-76070011-generic x86_64","Intel(R) Core(TM) Ultra 7 155H","/dev/nvme0n1p3 ext4   rw,noatime,errors=remount-ro","/tmp/pigment-db-durability-bench","pigment_db","buffered","key_set","file","minimal_callback","1","32","5","5","37248","100019120","372408.795438","3261","0"
"baseline-protocol-v2-20260807-102902","6d7edc7c29a60a94c59effeeb2b78d8b95038135","default-hasher:de0de3506157cdeb","rustc 1.97.0 (2d8144b78 2026-07-07)","x86_64-unknown-linux-gnu","Linux 7.0.11-76070011-generic x86_64","Intel(R) Core(TM) Ultra 7 155H","/dev/nvme0n1p3 ext4   rw,noatime,errors=remount-ro","/tmp/pigment-db-durability-bench","pigment_db","buffered","key_set","file","minimal_callback","1","32","5","6","38528","100090297","384932.417575","2911","0"
"baseline-protocol-v2-20260807-102902","6d7edc7c29a60a94c59effeeb2b78d8b95038135","default-hasher:de0de3506157cdeb","rustc 1.97.0 (2d8144b78 2026-07-07)","x86_64-unknown-linux-gnu","Linux 7.0.11-76070011-generic x86_64","Intel(R) Core(TM) Ultra 7 155H","/dev/nvme0n1p3 ext4   rw,noatime,errors=remount-ro","/tmp/pigment-db-durability-bench","pigment_db","buffered","key_set","file","minimal_callback","1","32","5","7","36928","100151202","368722.484229","3705","0"
"baseline-protocol-v2-20260807-102902","6d7edc7c29a60a94c59effeeb2b78d8b95038135","default-hasher:de0de3506157cdeb","rustc 1.97.0 (2d8144b78 2026-07-07)","x86_64-unknown-linux-gnu","Linux 7.0.11-76070011-generic x86_64","Intel(R) Core(TM) Ultra 7 155H","/dev/nvme0n1p3 ext4   rw,noatime,errors=remount-ro","/tmp/pigment-db-durability-bench","pigment_db","buffered","key_set","file","minimal_callback","1","32","5","8","36736","100044799","367195.500088","3725","0"
"baseline-protocol-v2-20260807-102902","6d7edc7c29a60a94c59effeeb2b78d8b95038135","default-hasher:de0de3506157cdeb","rustc 1.97.0 (2d8144b78 2026-07-07)","x86_64-unknown-linux-gnu","Linux 7.0.11-76070011-generic x86_64","Intel(R) Core(TM) Ultra 7 155H","/dev/nvme0n1p3 ext4   rw,noatime,errors=remount-ro","/tmp/pigment-db-durability-bench","pigment_db","buffered","key_set","file","minimal_callback","1","32","5","9","36800","100332410","366780.783996","3520","0"
"baseline-protocol-v2-20260807-102902","6d7edc7c29a60a94c59effeeb2b78d8b95038135","default-hasher:de0de3506157cdeb","rustc 1.97.0 (2d8144b78 2026-07-07)","x86_64-unknown-linux-gnu","Linux 7.0.11-76070011-generic x86_64","Intel(R) Core(TM) Ultra 7 155H","/dev/nvme0n1p3 ext4   rw,noatime,errors=remount-ro","/tmp/pigment-db-durability-bench","pigment_db","buffered","key_set","file","minimal_callback","1","32","5","10","36672","100109010","366320.673833","3681","0"
"baseline-protocol-v2-20260807-102902","6d7edc7c29a60a94c59effeeb2b78d8b95038135","default-hasher:de0de3506157cdeb","rustc 1.97.0 (2d8144b78 2026-07-07)","x86_64-unknown-linux-gnu","Linux 7.0.11-76070011-generic x86_64","Intel(R) Core(TM) Ultra 7 155H","/dev/nvme0n1p3 ext4   rw,noatime,errors=remount-ro","/tmp/pigment-db-durability-bench","pigment_db","buffered","key_set","file","minimal_callback","8","32","5","0","9728","104579997","93019.700507","71602","0"
"baseline-protocol-v2-20260807-102902","6d7edc7c29a60a94c59effeeb2b78d8b95038135","default-hasher:de0de3506157cdeb","rustc 1.97.0 (2d8144b78 2026-07-07)","x86_64-unknown-linux-gnu","Linux 7.0.11-76070011-generic x86_64","Intel(R) Core(TM) Ultra 7 155H","/dev/nvme0n1p3 ext4   rw,noatime,errors=remount-ro","/tmp/pigment-db-durability-bench","pigment_db","buffered","key_set","file","minimal_callback","8","32","5","1","9216","102531378","89884.679010","71001","0"
"baseline-protocol-v2-20260807-102902","6d7edc7c29a60a94c59effeeb2b78d8b95038135","default-hasher:de0de3506157cdeb","rustc 1.97.0 (2d8144b78 2026-07-07)","x86_64-unknown-linux-gnu","Linux 7.0.11-76070011-generic x86_64","Intel(R) Core(TM) Ultra 7 155H","/dev/nvme0n1p3 ext4   rw,noatime,errors=remount-ro","/tmp/pigment-db-durability-bench","pigment_db","buffered","key_set","file","minimal_callback","8","32","5","2","10752","103068623","104318.847842","67563","0"
"baseline-protocol-v2-20260807-102902","6d7edc7c29a60a94c59effeeb2b78d8b95038135","default-hasher:de0de3506157cdeb","rustc 1.97.0 (2d8144b78 2026-07-07)","x86_64-unknown-linux-gnu","Linux 7.0.11-76070011-generic x86_64","Intel(R) Core(TM) Ultra 7 155H","/dev/nvme0n1p3 ext4   rw,noatime,errors=remount-ro","/tmp/pigment-db-durability-bench","pigment_db","buffered","key_set","file","minimal_callback","8","32","5","3","10752","101221641","106222.344291","68479","0"
"baseline-protocol-v2-20260807-102902","6d7edc7c29a60a94c59effeeb2b78d8b95038135","default-hasher:de0de3506157cdeb","rustc 1.97.0 (2d8144b78 2026-07-07)","x86_64-unknown-linux-gnu","Linux 7.0.11-76070011-generic x86_64","Intel(R) Core(TM) Ultra 7 155H","/dev/nvme0n1p3 ext4   rw,noatime,errors=remount-ro","/tmp/pigment-db-durability-bench","pigment_db","buffered","key_set","file","minimal_callback","8","32","5","4","11264","102826036","109544.240332","64452","0"
"baseline-protocol-v2-20260807-102902","6d7edc7c29a60a94c59effeeb2b78d8b95038135","default-hasher:de0de3506157cdeb","rustc 1.97.0 (2d8144b78 2026-07-07)","x86_64-unknown-linux-gnu","Linux 7.0.11-76070011-generic x86_64","Intel(R) Core(TM) Ultra 7 155H","/dev/nvme0n1p3 ext4   rw,noatime,errors=remount-ro","/tmp/pigment-db-durability-bench","pigment_db","buffered","key_set","file","minimal_callback","8","32","5","5","10752","100784309","106683.273485","60038","0"
"baseline-protocol-v2-20260807-102902","6d7edc7c29a60a94c59effeeb2b78d8b95038135","default-hasher:de0de3506157cdeb","rustc 1.97.0 (2d8144b78 2026-07-07)","x86_64-unknown-linux-gnu","Linux 7.0.11-76070011-generic x86_64","Intel(R) Core(TM) Ultra 7 155H","/dev/nvme0n1p3 ext4   rw,noatime,errors=remount-ro","/tmp/pigment-db-durability-bench","pigment_db","buffered","key_set","file","minimal_callback","8","32","5","6","10752","107759020","99778.190262","69547","0"
"baseline-protocol-v2-20260807-102902","6d7edc7c29a60a94c59effeeb2b78d8b95038135","default-hasher:de0de3506157cdeb","rustc 1.97.0 (2d8144b78 2026-07-07)","x86_64-unknown-linux-gnu","Linux 7.0.11-76070011-generic x86_64","Intel(R) Core(TM) Ultra 7 155H","/dev/nvme0n1p3 ext4   rw,noatime,errors=remount-ro","/tmp/pigment-db-durability-bench","pigment_db","buffered","key_set","file","minimal_callback","8","32","5","7","11264","104782961","107498.393751","67060","0"
"baseline-protocol-v2-20260807-102902","6d7edc7c29a60a94c59effeeb2b78d8b95038135","default-hasher:de0de3506157cdeb","rustc 1.97.0 (2d8144b78 2026-07-07)","x86_64-unknown-linux-gnu","Linux 7.0.11-76070011-generic x86_64","Intel(R) Core(TM) Ultra 7 155H","/dev/nvme0n1p3 ext4   rw,noatime,errors=remount-ro","/tmp/pigment-db-durability-bench","pigment_db","buffered","key_set","file","minimal_callback","8","32","5","8","11264","104664187","107620.384038","66458","0"
"baseline-protocol-v2-20260807-102902","6d7edc7c29a60a94c59effeeb2b78d8b95038135","default-hasher:de0de3506157cdeb","rustc 1.97.0 (2d8144b78 2026-07-07)","x86_64-unknown-linux-gnu","Linux 7.0.11-76070011-generic x86_64","Intel(R) Core(TM) Ultra 7 155H","/dev/nvme0n1p3 ext4   rw,noatime,errors=remount-ro","/tmp/pigment-db-durability-bench","pigment_db","buffered","key_set","file","minimal_callback","8","32","5","9","10752","102674061","104719.730527","67881","0"
"baseline-protocol-v2-20260807-102902","6d7edc7c29a60a94c59effeeb2b78d8b95038135","default-hasher:de0de3506157cdeb","rustc 1.97.0 (2d8144b78 2026-07-07)","x86_64-unknown-linux-gnu","Linux 7.0.11-76070011-generic x86_64","Intel(R) Core(TM) Ultra 7 155H","/dev/nvme0n1p3 ext4   rw,noatime,errors=remount-ro","/tmp/pigment-db-durability-bench","pigment_db","buffered","key_set","file","minimal_callback","8","32","5","10","11264","103979262","108329.293585","64812","0"
"baseline-protocol-v2-20260807-102902","6d7edc7c29a60a94c59effeeb2b78d8b95038135","default-hasher:de0de3506157cdeb","rustc 1.97.0 (2d8144b78 2026-07-07)","x86_64-unknown-linux-gnu","Linux 7.0.11-76070011-generic x86_64","Intel(R) Core(TM) Ultra 7 155H","/dev/nvme0n1p3 ext4   rw,noatime,errors=remount-ro","/tmp/pigment-db-durability-bench","pigment_db","buffered","key_map","vector","ordinary_write","1","32","5","0","127488","100728666","1265657.583513","815","0"
"baseline-protocol-v2-20260807-102902","6d7edc7c29a60a94c59effeeb2b78d8b95038135","default-hasher:de0de3506157cdeb","rustc 1.97.0 (2d8144b78 2026-07-07)","x86_64-unknown-linux-gnu","Linux 7.0.11-76070011-generic x86_64","Intel(R) Core(TM) Ultra 7 155H","/dev/nvme0n1p3 ext4   rw,noatime,errors=remount-ro","/tmp/pigment-db-durability-bench","pigment_db","buffered","key_map","vector","ordinary_write","1","32","5","1","128640","100038732","1285901.944459","761","0"
"baseline-protocol-v2-20260807-102902","6d7edc7c29a60a94c59effeeb2b78d8b95038135","default-hasher:de0de3506157cdeb","rustc 1.97.0 (2d8144b78 2026-07-07)","x86_64-unknown-linux-gnu","Linux 7.0.11-76070011-generic x86_64","Intel(R) Core(TM) Ultra 7 155H","/dev/nvme0n1p3 ext4   rw,noatime,errors=remount-ro","/tmp/pigment-db-durability-bench","pigment_db","buffered","key_map","vector","ordinary_write","1","32","5","2","127488","103250429","1234745.475004","712","0"
"baseline-protocol-v2-20260807-102902","6d7edc7c29a60a94c59effeeb2b78d8b95038135","default-hasher:de0de3506157cdeb","rustc 1.97.0 (2d8144b78 2026-07-07)","x86_64-unknown-linux-gnu","Linux 7.0.11-76070011-generic x86_64","Intel(R) Core(TM) Ultra 7 155H","/dev/nvme0n1p3 ext4   rw,noatime,errors=remount-ro","/tmp/pigment-db-durability-bench","pigment_db","buffered","key_map","vector","ordinary_write","1","32","5","3","129920","100049531","1298556.811826","641","0"
"baseline-protocol-v2-20260807-102902","6d7edc7c29a60a94c59effeeb2b78d8b95038135","default-hasher:de0de3506157cdeb","rustc 1.97.0 (2d8144b78 2026-07-07)","x86_64-unknown-linux-gnu","Linux 7.0.11-76070011-generic x86_64","Intel(R) Core(TM) Ultra 7 155H","/dev/nvme0n1p3 ext4   rw,noatime,errors=remount-ro","/tmp/pigment-db-durability-bench","pigment_db","buffered","key_map","vector","ordinary_write","1","32","5","4","127488","101174170","1260084.466223","742","0"
"baseline-protocol-v2-20260807-102902","6d7edc7c29a60a94c59effeeb2b78d8b95038135","default-hasher:de0de3506157cdeb","rustc 1.97.0 (2d8144b78 2026-07-07)","x86_64-unknown-linux-gnu","Linux 7.0.11-76070011-generic x86_64","Intel(R) Core(TM) Ultra 7 155H","/dev/nvme0n1p3 ext4   rw,noatime,errors=remount-ro","/tmp/pigment-db-durability-bench","pigment_db","buffered","key_map","vector","ordinary_write","1","32","5","5","131648","100006716","1316391.591141","683","0"
"baseline-protocol-v2-20260807-102902","6d7edc7c29a60a94c59effeeb2b78d8b95038135","default-hasher:de0de3506157cdeb","rustc 1.97.0 (2d8144b78 2026-07-07)","x86_64-unknown-linux-gnu","Linux 7.0.11-76070011-generic x86_64","Intel(R) Core(TM) Ultra 7 155H","/dev/nvme0n1p3 ext4   rw,noatime,errors=remount-ro","/tmp/pigment-db-durability-bench","pigment_db","buffered","key_map","vector","ordinary_write","1","32","5","6","132096","100040297","1320427.907166","678","0"
"baseline-protocol-v2-20260807-102902","6d7edc7c29a60a94c59effeeb2b78d8b95038135","default-hasher:de0de3506157cdeb","rustc 1.97.0 (2d8144b78 2026-07-07)","x86_64-unknown-linux-gnu","Linux 7.0.11-76070011-generic x86_64","Intel(R) Core(TM) Ultra 7 155H","/dev/nvme0n1p3 ext4   rw,noatime,errors=remount-ro","/tmp/pigment-db-durability-bench","pigment_db","buffered","key_map","vector","ordinary_write","1","32","5","7","127488","101067526","1261414.076763","720","0"
"baseline-protocol-v2-20260807-102902","6d7edc7c29a60a94c59effeeb2b78d8b95038135","default-hasher:de0de3506157cdeb","rustc 1.97.0 (2d8144b78 2026-07-07)","x86_64-unknown-linux-gnu","Linux 7.0.11-76070011-generic x86_64","Intel(R) Core(TM) Ultra 7 155H","/dev/nvme0n1p3 ext4   rw,noatime,errors=remount-ro","/tmp/pigment-db-durability-bench","pigment_db","buffered","key_map","vector","ordinary_write","1","32","5","8","127488","104996091","1214216.632122","922","0"
"baseline-protocol-v2-20260807-102902","6d7edc7c29a60a94c59effeeb2b78d8b95038135","default-hasher:de0de3506157cdeb","rustc 1.97.0 (2d8144b78 2026-07-07)","x86_64-unknown-linux-gnu","Linux 7.0.11-76070011-generic x86_64","Intel(R) Core(TM) Ultra 7 155H","/dev/nvme0n1p3 ext4   rw,noatime,errors=remount-ro","/tmp/pigment-db-durability-bench","pigment_db","buffered","key_map","vector","ordinary_write","1","32","5","9","129920","100026204","1298859.646818","683","0"
"baseline-protocol-v2-20260807-102902","6d7edc7c29a60a94c59effeeb2b78d8b95038135","default-hasher:de0de3506157cdeb","rustc 1.97.0 (2d8144b78 2026-07-07)","x86_64-unknown-linux-gnu","Linux 7.0.11-76070011-generic x86_64","Intel(R) Core(TM) Ultra 7 155H","/dev/nvme0n1p3 ext4   rw,noatime,errors=remount-ro","/tmp/pigment-db-durability-bench","pigment_db","buffered","key_map","vector","ordinary_write","1","32","5","10","134848","100029347","1348084.377678","625","0"
"baseline-protocol-v2-20260807-102902","6d7edc7c29a60a94c59effeeb2b78d8b95038135","default-hasher:de0de3506157cdeb","rustc 1.97.0 (2d8144b78 2026-07-07)","x86_64-unknown-linux-gnu","Linux 7.0.11-76070011-generic x86_64","Intel(R) Core(TM) Ultra 7 155H","/dev/nvme0n1p3 ext4   rw,noatime,errors=remount-ro","/tmp/pigment-db-durability-bench","pigment_db","buffered","key_map","vector","ordinary_write","8","32","5","0","36352","100393703","362094.423392","6162","0"
"baseline-protocol-v2-20260807-102902","6d7edc7c29a60a94c59effeeb2b78d8b95038135","default-hasher:de0de3506157cdeb","rustc 1.97.0 (2d8144b78 2026-07-07)","x86_64-unknown-linux-gnu","Linux 7.0.11-76070011-generic x86_64","Intel(R) Core(TM) Ultra 7 155H","/dev/nvme0n1p3 ext4   rw,noatime,errors=remount-ro","/tmp/pigment-db-durability-bench","pigment_db","buffered","key_map","vector","ordinary_write","8","32","5","1","36864","100573509","366537.872314","6203","0"
"baseline-protocol-v2-20260807-102902","6d7edc7c29a60a94c59effeeb2b78d8b95038135","default-hasher:de0de3506157cdeb","rustc 1.97.0 (2d8144b78 2026-07-07)","x86_64-unknown-linux-gnu","Linux 7.0.11-76070011-generic x86_64","Intel(R) Core(TM) Ultra 7 155H","/dev/nvme0n1p3 ext4   rw,noatime,errors=remount-ro","/tmp/pigment-db-durability-bench","pigment_db","buffered","key_map","vector","ordinary_write","8","32","5","2","33280","100601918","330808.802274","6093","0"
"baseline-protocol-v2-20260807-102902","6d7edc7c29a60a94c59effeeb2b78d8b95038135","default-hasher:de0de3506157cdeb","rustc 1.97.0 (2d8144b78 2026-07-07)","x86_64-unknown-linux-gnu","Linux 7.0.11-76070011-generic x86_64","Intel(R) Core(TM) Ultra 7 155H","/dev/nvme0n1p3 ext4   rw,noatime,errors=remount-ro","/tmp/pigment-db-durability-bench","pigment_db","buffered","key_map","vector","ordinary_write","8","32","5","3","35840","100202181","357676.845377","6306","0"
"baseline-protocol-v2-20260807-102902","6d7edc7c29a60a94c59effeeb2b78d8b95038135","default-hasher:de0de3506157cdeb","rustc 1.97.0 (2d8144b78 2026-07-07)","x86_64-unknown-linux-gnu","Linux 7.0.11-76070011-generic x86_64","Intel(R) Core(TM) Ultra 7 155H","/dev/nvme0n1p3 ext4   rw,noatime,errors=remount-ro","/tmp/pigment-db-durability-bench","pigment_db","buffered","key_map","vector","ordinary_write","8","32","5","4","40960","100723240","406658.880314","5713","0"
"baseline-protocol-v2-20260807-102902","6d7edc7c29a60a94c59effeeb2b78d8b95038135","default-hasher:de0de3506157cdeb","rustc 1.97.0 (2d8144b78 2026-07-07)","x86_64-unknown-linux-gnu","Linux 7.0.11-76070011-generic x86_64","Intel(R) Core(TM) Ultra 7 155H","/dev/nvme0n1p3 ext4   rw,noatime,errors=remount-ro","/tmp/pigment-db-durability-bench","pigment_db","buffered","key_map","vector","ordinary_write","8","32","5","5","36864","101049195","364812.406472","5956","0"
"baseline-protocol-v2-20260807-102902","6d7edc7c29a60a94c59effeeb2b78d8b95038135","default-hasher:de0de3506157cdeb","rustc 1.97.0 (2d8144b78 2026-07-07)","x86_64-unknown-linux-gnu","Linux 7.0.11-76070011-generic x86_64","Intel(R) Core(TM) Ultra 7 155H","/dev/nvme0n1p3 ext4   rw,noatime,errors=remount-ro","/tmp/pigment-db-durability-bench","pigment_db","buffered","key_map","vector","ordinary_write","8","32","5","6","40448","100566391","402201.964273","5961","0"
"baseline-protocol-v2-20260807-102902","6d7edc7c29a60a94c59effeeb2b78d8b95038135","default-hasher:de0de3506157cdeb","rustc 1.97.0 (2d8144b78 2026-07-07)","x86_64-unknown-linux-gnu","Linux 7.0.11-76070011-generic x86_64","Intel(R) Core(TM) Ultra 7 155H","/dev/nvme0n1p3 ext4   rw,noatime,errors=remount-ro","/tmp/pigment-db-durability-bench","pigment_db","buffered","key_map","vector","ordinary_write","8","32","5","7","36352","101057921","359714.504715","5596","0"
"baseline-protocol-v2-20260807-102902","6d7edc7c29a60a94c59effeeb2b78d8b95038135","default-hasher:de0de3506157cdeb","rustc 1.97.0 (2d8144b78 2026-07-07)","x86_64-unknown-linux-gnu","Linux 7.0.11-76070011-generic x86_64","Intel(R) Core(TM) Ultra 7 155H","/dev/nvme0n1p3 ext4   rw,noatime,errors=remount-ro","/tmp/pigment-db-durability-bench","pigment_db","buffered","key_map","vector","ordinary_write","8","32","5","8","38400","100701762","381324.012980","5917","0"
"baseline-protocol-v2-20260807-102902","6d7edc7c29a60a94c59effeeb2b78d8b95038135","default-hasher:de0de3506157cdeb","rustc 1.97.0 (2d8144b78 2026-07-07)","x86_64-unknown-linux-gnu","Linux 7.0.11-76070011-generic x86_64","Intel(R) Core(TM) Ultra 7 155H","/dev/nvme0n1p3 ext4   rw,noatime,errors=remount-ro","/tmp/pigment-db-durability-bench","pigment_db","buffered","key_map","vector","ordinary_write","8","32","5","9","39936","100924136","395703.164603","5793","0"
"baseline-protocol-v2-20260807-102902","6d7edc7c29a60a94c59effeeb2b78d8b95038135","default-hasher:de0de3506157cdeb","rustc 1.97.0 (2d8144b78 2026-07-07)","x86_64-unknown-linux-gnu","Linux 7.0.11-76070011-generic x86_64","Intel(R) Core(TM) Ultra 7 155H","/dev/nvme0n1p3 ext4   rw,noatime,errors=remount-ro","/tmp/pigment-db-durability-bench","pigment_db","buffered","key_map","vector","ordinary_write","8","32","5","10","38400","100860802","380722.731116","5835","0"
"baseline-protocol-v2-20260807-102902","6d7edc7c29a60a94c59effeeb2b78d8b95038135","default-hasher:de0de3506157cdeb","rustc 1.97.0 (2d8144b78 2026-07-07)","x86_64-unknown-linux-gnu","Linux 7.0.11-76070011-generic x86_64","Intel(R) Core(TM) Ultra 7 155H","/dev/nvme0n1p3 ext4   rw,noatime,errors=remount-ro","/tmp/pigment-db-durability-bench","pigment_db","buffered","key_map","vector","successful_remove","1","32","5","0","99840","100055776","997843.442841","1093","0"
"baseline-protocol-v2-20260807-102902","6d7edc7c29a60a94c59effeeb2b78d8b95038135","default-hasher:de0de3506157cdeb","rustc 1.97.0 (2d8144b78 2026-07-07)","x86_64-unknown-linux-gnu","Linux 7.0.11-76070011-generic x86_64","Intel(R) Core(TM) Ultra 7 155H","/dev/nvme0n1p3 ext4   rw,noatime,errors=remount-ro","/tmp/pigment-db-durability-bench","pigment_db","buffered","key_map","vector","successful_remove","1","32","5","1","101120","100026205","1010935.084461","1106","0"
"baseline-protocol-v2-20260807-102902","6d7edc7c29a60a94c59effeeb2b78d8b95038135","default-hasher:de0de3506157cdeb","rustc 1.97.0 (2d8144b78 2026-07-07)","x86_64-unknown-linux-gnu","Linux 7.0.11-76070011-generic x86_64","Intel(R) Core(TM) Ultra 7 155H","/dev/nvme0n1p3 ext4   rw,noatime,errors=remount-ro","/tmp/pigment-db-durability-bench","pigment_db","buffered","key_map","vector","successful_remove","1","32","5","2","99776","100059896","997162.739406","1153","0"
"baseline-protocol-v2-20260807-102902","6d7edc7c29a60a94c59effeeb2b78d8b95038135","default-hasher:de0de3506157cdeb","rustc 1.97.0 (2d8144b78 2026-07-07)","x86_64-unknown-linux-gnu","Linux 7.0.11-76070011-generic x86_64","Intel(R) Core(TM) Ultra 7 155H","/dev/nvme0n1p3 ext4   rw,noatime,errors=remount-ro","/tmp/pigment-db-durability-bench","pigment_db","buffered","key_map","vector","successful_remove","1","32","5","3","97088","100033479","970555.067869","1268","0"
"baseline-protocol-v2-20260807-102902","6d7edc7c29a60a94c59effeeb2b78d8b95038135","default-hasher:de0de3506157cdeb","rustc 1.97.0 (2d8144b78 2026-07-07)","x86_64-unknown-linux-gnu","Linux 7.0.11-76070011-generic x86_64","Intel(R) Core(TM) Ultra 7 155H","/dev/nvme0n1p3 ext4   rw,noatime,errors=remount-ro","/tmp/pigment-db-durability-bench","pigment_db","buffered","key_map","vector","successful_remove","1","32","5","4","91904","100036774","918702.156469","1475","0"
"baseline-protocol-v2-20260807-102902","6d7edc7c29a60a94c59effeeb2b78d8b95038135","default-hasher:de0de3506157cdeb","rustc 1.97.0 (2d8144b78 2026-07-07)","x86_64-unknown-linux-gnu","Linux 7.0.11-76070011-generic x86_64","Intel(R) Core(TM) Ultra 7 155H","/dev/nvme0n1p3 ext4   rw,noatime,errors=remount-ro","/tmp/pigment-db-durability-bench","pigment_db","buffered","key_map","vector","successful_remove","1","32","5","5","96512","100018913","964937.501370","1344","0"
"baseline-protocol-v2-20260807-102902","6d7edc7c29a60a94c59effeeb2b78d8b95038135","default-hasher:de0de3506157cdeb","rustc 1.97.0 (2d8144b78 2026-07-07)","x86_64-unknown-linux-gnu","Linux 7.0.11-76070011-generic x86_64","Intel(R) Core(TM) Ultra 7 155H","/dev/nvme0n1p3 ext4   rw,noatime,errors=remount-ro","/tmp/pigment-db-durability-bench","pigment_db","buffered","key_map","vector","successful_remove","1","32","5","6","98624","100019395","986048.755844","1208","0"
"baseline-protocol-v2-20260807-102902","6d7edc7c29a60a94c59effeeb2b78d8b95038135","default-hasher:de0de3506157cdeb","rustc 1.97.0 (2d8144b78 2026-07-07)","x86_64-unknown-linux-gnu","Linux 7.0.11-76070011-generic x86_64","Intel(R) Core(TM) Ultra 7 155H","/dev/nvme0n1p3 ext4   rw,noatime,errors=remount-ro","/tmp/pigment-db-durability-bench","pigment_db","buffered","key_map","vector","successful_remove","1","32","5","7","102720","100007478","1027123.191728","1133","0"
"baseline-protocol-v2-20260807-102902","6d7edc7c29a60a94c59effeeb2b78d8b95038135","default-hasher:de0de3506157cdeb","rustc 1.97.0 (2d8144b78 2026-07-07)","x86_64-unknown-linux-gnu","Linux 7.0.11-76070011-generic x86_64","Intel(R) Core(TM) Ultra 7 155H","/dev/nvme0n1p3 ext4   rw,noatime,errors=remount-ro","/tmp/pigment-db-durability-bench","pigment_db","buffered","key_map","vector","successful_remove","1","32","5","8","97216","100002619","972134.539796","1166","0"
"baseline-protocol-v2-20260807-102902","6d7edc7c29a60a94c59effeeb2b78d8b95038135","default-hasher:de0de3506157cdeb","rustc 1.97.0 (2d8144b78 2026-07-07)","x86_64-unknown-linux-gnu","Linux 7.0.11-76070011-generic x86_64","Intel(R) Core(TM) Ultra 7 155H","/dev/nvme0n1p3 ext4   rw,noatime,errors=remount-ro","/tmp/pigment-db-durability-bench","pigment_db","buffered","key_map","vector","successful_remove","1","32","5","9","97920","100027085","978934.855494","1192","0"
"baseline-protocol-v2-20260807-102902","6d7edc7c29a60a94c59effeeb2b78d8b95038135","default-hasher:de0de3506157cdeb","rustc 1.97.0 (2d8144b78 2026-07-07)","x86_64-unknown-linux-gnu","Linux 7.0.11-76070011-generic x86_64","Intel(R) Core(TM) Ultra 7 155H","/dev/nvme0n1p3 ext4   rw,noatime,errors=remount-ro","/tmp/pigment-db-durability-bench","pigment_db","buffered","key_map","vector","successful_remove","1","32","5","10","99200","100002753","991972.690992","1156","0"
"baseline-protocol-v2-20260807-102902","6d7edc7c29a60a94c59effeeb2b78d8b95038135","default-hasher:de0de3506157cdeb","rustc 1.97.0 (2d8144b78 2026-07-07)","x86_64-unknown-linux-gnu","Linux 7.0.11-76070011-generic x86_64","Intel(R) Core(TM) Ultra 7 155H","/dev/nvme0n1p3 ext4   rw,noatime,errors=remount-ro","/tmp/pigment-db-durability-bench","pigment_db","buffered","key_map","vector","successful_remove","8","32","5","0","26112","100388038","260110.671752","15251","0"
"baseline-protocol-v2-20260807-102902","6d7edc7c29a60a94c59effeeb2b78d8b95038135","default-hasher:de0de3506157cdeb","rustc 1.97.0 (2d8144b78 2026-07-07)","x86_64-unknown-linux-gnu","Linux 7.0.11-76070011-generic x86_64","Intel(R) Core(TM) Ultra 7 155H","/dev/nvme0n1p3 ext4   rw,noatime,errors=remount-ro","/tmp/pigment-db-durability-bench","pigment_db","buffered","key_map","vector","successful_remove","8","32","5","1","27648","101355752","272781.755889","15274","0"
"baseline-protocol-v2-20260807-102902","6d7edc7c29a60a94c59effeeb2b78d8b95038135","default-hasher:de0de3506157cdeb","rustc 1.97.0 (2d8144b78 2026-07-07)","x86_64-unknown-linux-gnu","Linux 7.0.11-76070011-generic x86_64","Intel(R) Core(TM) Ultra 7 155H","/dev/nvme0n1p3 ext4   rw,noatime,errors=remount-ro","/tmp/pigment-db-durability-bench","pigment_db","buffered","key_map","vector","successful_remove","8","32","5","2","28160","100126731","281243.577202","15465","0"
"baseline-protocol-v2-20260807-102902","6d7edc7c29a60a94c59effeeb2b78d8b95038135","default-hasher:de0de3506157cdeb","rustc 1.97.0 (2d8144b78 2026-07-07)","x86_64-unknown-linux-gnu","Linux 7.0.11-76070011-generic x86_64","Intel(R) Core(TM) Ultra 7 155H","/dev/nvme0n1p3 ext4   rw,noatime,errors=remount-ro","/tmp/pigment-db-durability-bench","pigment_db","buffered","key_map","vector","successful_remove","8","32","5","3","26112","101980983","256047.737841","15578","0"
"baseline-protocol-v2-20260807-102902","6d7edc7c29a60a94c59effeeb2b78d8b95038135","default-hasher:de0de3506157cdeb","rustc 1.97.0 (2d8144b78 2026-07-07)","x86_64-unknown-linux-gnu","Linux 7.0.11-76070011-generic x86_64","Intel(R) Core(TM) Ultra 7 155H","/dev/nvme0n1p3 ext4   rw,noatime,errors=remount-ro","/tmp/pigment-db-durability-bench","pigment_db","buffered","key_map","vector","successful_remove","8","32","5","4","27136","100530261","269928.673517","15379","0"
"baseline-protocol-v2-20260807-102902","6d7edc7c29a60a94c59effeeb2b78d8b95038135","default-hasher:de0de3506157cdeb","rustc 1.97.0 (2d8144b78 2026-07-07)","x86_64-unknown-linux-gnu","Linux 7.0.11-76070011-generic x86_64","Intel(R) Core(TM) Ultra 7 155H","/dev/nvme0n1p3 ext4   rw,noatime,errors=remount-ro","/tmp/pigment-db-durability-bench","pigment_db","buffered","key_map","vector","successful_remove","8","32","5","5","23552","102619510","229508.014607","15594","0"
"baseline-protocol-v2-20260807-102902","6d7edc7c29a60a94c59effeeb2b78d8b95038135","default-hasher:de0de3506157cdeb","rustc 1.97.0 (2d8144b78 2026-07-07)","x86_64-unknown-linux-gnu","Linux 7.0.11-76070011-generic x86_64","Intel(R) Core(TM) Ultra 7 155H","/dev/nvme0n1p3 ext4   rw,noatime,errors=remount-ro","/tmp/pigment-db-durability-bench","pigment_db","buffered","key_map","vector","successful_remove","8","32","5","6","25088","101193947","247919.966992","15254","0"
"baseline-protocol-v2-20260807-102902","6d7edc7c29a60a94c59effeeb2b78d8b95038135","default-hasher:de0de3506157cdeb","rustc 1.97.0 (2d8144b78 2026-07-07)","x86_64-unknown-linux-gnu","Linux 7.0.11-76070011-generic x86_64","Intel(R) Core(TM) Ultra 7 155H","/dev/nvme0n1p3 ext4   rw,noatime,errors=remount-ro","/tmp/pigment-db-durability-bench","pigment_db","buffered","key_map","vector","successful_remove","8","32","5","7","24576","103152850","238248.385769","15895","0"
"baseline-protocol-v2-20260807-102902","6d7edc7c29a60a94c59effeeb2b78d8b95038135","default-hasher:de0de3506157cdeb","rustc 1.97.0 (2d8144b78 2026-07-07)","x86_64-unknown-linux-gnu","Linux 7.0.11-76070011-generic x86_64","Intel(R) Core(TM) Ultra 7 155H","/dev/nvme0n1p3 ext4   rw,noatime,errors=remount-ro","/tmp/pigment-db-durability-bench","pigment_db","buffered","key_map","vector","successful_remove","8","32","5","8","23040","101940154","226014.961680","16385","0"
"baseline-protocol-v2-20260807-102902","6d7edc7c29a60a94c59effeeb2b78d8b95038135","default-hasher:de0de3506157cdeb","rustc 1.97.0 (2d8144b78 2026-07-07)","x86_64-unknown-linux-gnu","Linux 7.0.11-76070011-generic x86_64","Intel(R) Core(TM) Ultra 7 155H","/dev/nvme0n1p3 ext4   rw,noatime,errors=remount-ro","/tmp/pigment-db-durability-bench","pigment_db","buffered","key_map","vector","successful_remove","8","32","5","9","24576","100056416","245621.430214","15693","0"
"baseline-protocol-v2-20260807-102902","6d7edc7c29a60a94c59effeeb2b78d8b95038135","default-hasher:de0de3506157cdeb","rustc 1.97.0 (2d8144b78 2026-07-07)","x86_64-unknown-linux-gnu","Linux 7.0.11-76070011-generic x86_64","Intel(R) Core(TM) Ultra 7 155H","/dev/nvme0n1p3 ext4   rw,noatime,errors=remount-ro","/tmp/pigment-db-durability-bench","pigment_db","buffered","key_map","vector","successful_remove","8","32","5","10","23040","100254926","229814.143995","15855","0"
"baseline-protocol-v2-20260807-102902","6d7edc7c29a60a94c59effeeb2b78d8b95038135","default-hasher:de0de3506157cdeb","rustc 1.97.0 (2d8144b78 2026-07-07)","x86_64-unknown-linux-gnu","Linux 7.0.11-76070011-generic x86_64","Intel(R) Core(TM) Ultra 7 155H","/dev/nvme0n1p3 ext4   rw,noatime,errors=remount-ro","/tmp/pigment-db-durability-bench","pigment_db","buffered","key_map","vector","minimal_callback","1","32","5","0","52032","100018854","520221.917360","2434","0"
"baseline-protocol-v2-20260807-102902","6d7edc7c29a60a94c59effeeb2b78d8b95038135","default-hasher:de0de3506157cdeb","rustc 1.97.0 (2d8144b78 2026-07-07)","x86_64-unknown-linux-gnu","Linux 7.0.11-76070011-generic x86_64","Intel(R) Core(TM) Ultra 7 155H","/dev/nvme0n1p3 ext4   rw,noatime,errors=remount-ro","/tmp/pigment-db-durability-bench","pigment_db","buffered","key_map","vector","minimal_callback","1","32","5","1","51392","100143408","513184.053013","2532","0"
"baseline-protocol-v2-20260807-102902","6d7edc7c29a60a94c59effeeb2b78d8b95038135","default-hasher:de0de3506157cdeb","rustc 1.97.0 (2d8144b78 2026-07-07)","x86_64-unknown-linux-gnu","Linux 7.0.11-76070011-generic x86_64","Intel(R) Core(TM) Ultra 7 155H","/dev/nvme0n1p3 ext4   rw,noatime,errors=remount-ro","/tmp/pigment-db-durability-bench","pigment_db","buffered","key_map","vector","minimal_callback","1","32","5","2","53184","100002497","531826.720287","2193","0"
"baseline-protocol-v2-20260807-102902","6d7edc7c29a60a94c59effeeb2b78d8b95038135","default-hasher:de0de3506157cdeb","rustc 1.97.0 (2d8144b78 2026-07-07)","x86_64-unknown-linux-gnu","Linux 7.0.11-76070011-generic x86_64","Intel(R) Core(TM) Ultra 7 155H","/dev/nvme0n1p3 ext4   rw,noatime,errors=remount-ro","/tmp/pigment-db-durability-bench","pigment_db","buffered","key_map","vector","minimal_callback","1","32","5","3","48960","100112762","489048.539086","2939","0"
"baseline-protocol-v2-20260807-102902","6d7edc7c29a60a94c59effeeb2b78d8b95038135","default-hasher:de0de3506157cdeb","rustc 1.97.0 (2d8144b78 2026-07-07)","x86_64-unknown-linux-gnu","Linux 7.0.11-76070011-generic x86_64","Intel(R) Core(TM) Ultra 7 155H","/dev/nvme0n1p3 ext4   rw,noatime,errors=remount-ro","/tmp/pigment-db-durability-bench","pigment_db","buffered","key_map","vector","minimal_callback","1","32","5","4","39872","100074592","398422.808459","3076","0"
"baseline-protocol-v2-20260807-102902","6d7edc7c29a60a94c59effeeb2b78d8b95038135","default-hasher:de0de3506157cdeb","rustc 1.97.0 (2d8144b78 2026-07-07)","x86_64-unknown-linux-gnu","Linux 7.0.11-76070011-generic x86_64","Intel(R) Core(TM) Ultra 7 155H","/dev/nvme0n1p3 ext4   rw,noatime,errors=remount-ro","/tmp/pigment-db-durability-bench","pigment_db","buffered","key_map","vector","minimal_callback","1","32","5","5","52224","100026119","522103.631752","2178","0"
"baseline-protocol-v2-20260807-102902","6d7edc7c29a60a94c59effeeb2b78d8b95038135","default-hasher:de0de3506157cdeb","rustc 1.97.0 (2d8144b78 2026-07-07)","x86_64-unknown-linux-gnu","Linux 7.0.11-76070011-generic x86_64","Intel(R) Core(TM) Ultra 7 155H","/dev/nvme0n1p3 ext4   rw,noatime,errors=remount-ro","/tmp/pigment-db-durability-bench","pigment_db","buffered","key_map","vector","minimal_callback","1","32","5","6","53888","100081670","538440.255843","1969","0"
"baseline-protocol-v2-20260807-102902","6d7edc7c29a60a94c59effeeb2b78d8b95038135","default-hasher:de0de3506157cdeb","rustc 1.97.0 (2d8144b78 2026-07-07)","x86_64-unknown-linux-gnu","Linux 7.0.11-76070011-generic x86_64","Intel(R) Core(TM) Ultra 7 155H","/dev/nvme0n1p3 ext4   rw,noatime,errors=remount-ro","/tmp/pigment-db-durability-bench","pigment_db","buffered","key_map","vector","minimal_callback","1","32","5","7","53184","100040628","531624.011796","2015","0"
"baseline-protocol-v2-20260807-102902","6d7edc7c29a60a94c59effeeb2b78d8b95038135","default-hasher:de0de3506157cdeb","rustc 1.97.0 (2d8144b78 2026-07-07)","x86_64-unknown-linux-gnu","Linux 7.0.11-76070011-generic x86_64","Intel(R) Core(TM) Ultra 7 155H","/dev/nvme0n1p3 ext4   rw,noatime,errors=remount-ro","/tmp/pigment-db-durability-bench","pigment_db","buffered","key_map","vector","minimal_callback","1","32","5","8","52800","100127169","527329.400475","2432","0"
"baseline-protocol-v2-20260807-102902","6d7edc7c29a60a94c59effeeb2b78d8b95038135","default-hasher:de0de3506157cdeb","rustc 1.97.0 (2d8144b78 2026-07-07)","x86_64-unknown-linux-gnu","Linux 7.0.11-76070011-generic x86_64","Intel(R) Core(TM) Ultra 7 155H","/dev/nvme0n1p3 ext4   rw,noatime,errors=remount-ro","/tmp/pigment-db-durability-bench","pigment_db","buffered","key_map","vector","minimal_callback","1","32","5","9","51520","100107590","514646.292054","2492","0"
"baseline-protocol-v2-20260807-102902","6d7edc7c29a60a94c59effeeb2b78d8b95038135","default-hasher:de0de3506157cdeb","rustc 1.97.0 (2d8144b78 2026-07-07)","x86_64-unknown-linux-gnu","Linux 7.0.11-76070011-generic x86_64","Intel(R) Core(TM) Ultra 7 155H","/dev/nvme0n1p3 ext4   rw,noatime,errors=remount-ro","/tmp/pigment-db-durability-bench","pigment_db","buffered","key_map","vector","minimal_callback","1","32","5","10","51904","100093409","518555.622379","2273","0"
"baseline-protocol-v2-20260807-102902","6d7edc7c29a60a94c59effeeb2b78d8b95038135","default-hasher:de0de3506157cdeb","rustc 1.97.0 (2d8144b78 2026-07-07)","x86_64-unknown-linux-gnu","Linux 7.0.11-76070011-generic x86_64","Intel(R) Core(TM) Ultra 7 155H","/dev/nvme0n1p3 ext4   rw,noatime,errors=remount-ro","/tmp/pigment-db-durability-bench","pigment_db","buffered","key_map","vector","minimal_callback","8","32","5","0","16896","102552345","164754.886882","34001","0"
"baseline-protocol-v2-20260807-102902","6d7edc7c29a60a94c59effeeb2b78d8b95038135","default-hasher:de0de3506157cdeb","rustc 1.97.0 (2d8144b78 2026-07-07)","x86_64-unknown-linux-gnu","Linux 7.0.11-76070011-generic x86_64","Intel(R) Core(TM) Ultra 7 155H","/dev/nvme0n1p3 ext4   rw,noatime,errors=remount-ro","/tmp/pigment-db-durability-bench","pigment_db","buffered","key_map","vector","minimal_callback","8","32","5","1","16896","100782692","167647.833817","34282","0"
"baseline-protocol-v2-20260807-102902","6d7edc7c29a60a94c59effeeb2b78d8b95038135","default-hasher:de0de3506157cdeb","rustc 1.97.0 (2d8144b78 2026-07-07)","x86_64-unknown-linux-gnu","Linux 7.0.11-76070011-generic x86_64","Intel(R) Core(TM) Ultra 7 155H","/dev/nvme0n1p3 ext4   rw,noatime,errors=remount-ro","/tmp/pigment-db-durability-bench","pigment_db","buffered","key_map","vector","minimal_callback","8","32","5","2","16896","100749406","167703.221992","33709","0"
"baseline-protocol-v2-20260807-102902","6d7edc7c29a60a94c59effeeb2b78d8b95038135","default-hasher:de0de3506157cdeb","rustc 1.97.0 (2d8144b78 2026-07-07)","x86_64-unknown-linux-gnu","Linux 7.0.11-76070011-generic x86_64","Intel(R) Core(TM) Ultra 7 155H","/dev/nvme0n1p3 ext4   rw,noatime,errors=remount-ro","/tmp/pigment-db-durability-bench","pigment_db","buffered","key_map","vector","minimal_callback","8","32","5","3","16896","100466528","168175.414602","33947","0"
"baseline-protocol-v2-20260807-102902","6d7edc7c29a60a94c59effeeb2b78d8b95038135","default-hasher:de0de3506157cdeb","rustc 1.97.0 (2d8144b78 2026-07-07)","x86_64-unknown-linux-gnu","Linux 7.0.11-76070011-generic x86_64","Intel(R) Core(TM) Ultra 7 155H","/dev/nvme0n1p3 ext4   rw,noatime,errors=remount-ro","/tmp/pigment-db-durability-bench","pigment_db","buffered","key_map","vector","minimal_callback","8","32","5","4","17920","101817729","176000.782732","34531","0"
"baseline-protocol-v2-20260807-102902","6d7edc7c29a60a94c59effeeb2b78d8b95038135","default-hasher:de0de3506157cdeb","rustc 1.97.0 (2d8144b78 2026-07-07)","x86_64-unknown-linux-gnu","Linux 7.0.11-76070011-generic x86_64","Intel(R) Core(TM) Ultra 7 155H","/dev/nvme0n1p3 ext4   rw,noatime,errors=remount-ro","/tmp/pigment-db-durability-bench","pigment_db","buffered","key_map","vector","minimal_callback","8","32","5","5","15872","101865460","155813.364020","34291","0"
"baseline-protocol-v2-20260807-102902","6d7edc7c29a60a94c59effeeb2b78d8b95038135","default-hasher:de0de3506157cdeb","rustc 1.97.0 (2d8144b78 2026-07-07)","x86_64-unknown-linux-gnu","Linux 7.0.11-76070011-generic x86_64","Intel(R) Core(TM) Ultra 7 155H","/dev/nvme0n1p3 ext4   rw,noatime,errors=remount-ro","/tmp/pigment-db-durability-bench","pigment_db","buffered","key_map","vector","minimal_callback","8","32","5","6","16896","100281513","168485.690877","34205","0"
"baseline-protocol-v2-20260807-102902","6d7edc7c29a60a94c59effeeb2b78d8b95038135","default-hasher:de0de3506157cdeb","rustc 1.97.0 (2d8144b78 2026-07-07)","x86_64-unknown-linux-gnu","Linux 7.0.11-76070011-generic x86_64","Intel(R) Core(TM) Ultra 7 155H","/dev/nvme0n1p3 ext4   rw,noatime,errors=remount-ro","/tmp/pigment-db-durability-bench","pigment_db","buffered","key_map","vector","minimal_callback","8","32","5","7","17920","102632567","174603.447266","34507","0"
"baseline-protocol-v2-20260807-102902","6d7edc7c29a60a94c59effeeb2b78d8b95038135","default-hasher:de0de3506157cdeb","rustc 1.97.0 (2d8144b78 2026-07-07)","x86_64-unknown-linux-gnu","Linux 7.0.11-76070011-generic x86_64","Intel(R) Core(TM) Ultra 7 155H","/dev/nvme0n1p3 ext4   rw,noatime,errors=remount-ro","/tmp/pigment-db-durability-bench","pigment_db","buffered","key_map","vector","minimal_callback","8","32","5","8","17920","101240033","177005.078614","32739","0"
"baseline-protocol-v2-20260807-102902","6d7edc7c29a60a94c59effeeb2b78d8b95038135","default-hasher:de0de3506157cdeb","rustc 1.97.0 (2d8144b78 2026-07-07)","x86_64-unknown-linux-gnu","Linux 7.0.11-76070011-generic x86_64","Intel(R) Core(TM) Ultra 7 155H","/dev/nvme0n1p3 ext4   rw,noatime,errors=remount-ro","/tmp/pigment-db-durability-bench","pigment_db","buffered","key_map","vector","minimal_callback","8","32","5","9","17408","102014437","170642.514059","34098","0"
"baseline-protocol-v2-20260807-102902","6d7edc7c29a60a94c59effeeb2b78d8b95038135","default-hasher:de0de3506157cdeb","rustc 1.97.0 (2d8144b78 2026-07-07)","x86_64-unknown-linux-gnu","Linux 7.0.11-76070011-generic x86_64","Intel(R) Core(TM) Ultra 7 155H","/dev/nvme0n1p3 ext4   rw,noatime,errors=remount-ro","/tmp/pigment-db-durability-bench","pigment_db","buffered","key_map","vector","minimal_callback","8","32","5","10","15360","126934292","121007.489450","34595","0"
"baseline-protocol-v2-20260807-102902","6d7edc7c29a60a94c59effeeb2b78d8b95038135","default-hasher:de0de3506157cdeb","rustc 1.97.0 (2d8144b78 2026-07-07)","x86_64-unknown-linux-gnu","Linux 7.0.11-76070011-generic x86_64","Intel(R) Core(TM) Ultra 7 155H","/dev/nvme0n1p3 ext4   rw,noatime,errors=remount-ro","/tmp/pigment-db-durability-bench","pigment_db","buffered","key_map","file","ordinary_write","1","32","5","0","49536","100106361","494833.689939","2890","0"
"baseline-protocol-v2-20260807-102902","6d7edc7c29a60a94c59effeeb2b78d8b95038135","default-hasher:de0de3506157cdeb","rustc 1.97.0 (2d8144b78 2026-07-07)","x86_64-unknown-linux-gnu","Linux 7.0.11-76070011-generic x86_64","Intel(R) Core(TM) Ultra 7 155H","/dev/nvme0n1p3 ext4   rw,noatime,errors=remount-ro","/tmp/pigment-db-durability-bench","pigment_db","buffered","key_map","file","ordinary_write","1","32","5","1","49728","100001097","497274.544898","2959","0"
"baseline-protocol-v2-20260807-102902","6d7edc7c29a60a94c59effeeb2b78d8b95038135","default-hasher:de0de3506157cdeb","rustc 1.97.0 (2d8144b78 2026-07-07)","x86_64-unknown-linux-gnu","Linux 7.0.11-76070011-generic x86_64","Intel(R) Core(TM) Ultra 7 155H","/dev/nvme0n1p3 ext4   rw,noatime,errors=remount-ro","/tmp/pigment-db-durability-bench","pigment_db","buffered","key_map","file","ordinary_write","1","32","5","2","47872","100045934","478500.205716","3686","0"
"baseline-protocol-v2-20260807-102902","6d7edc7c29a60a94c59effeeb2b78d8b95038135","default-hasher:de0de3506157cdeb","rustc 1.97.0 (2d8144b78 2026-07-07)","x86_64-unknown-linux-gnu","Linux 7.0.11-76070011-generic x86_64","Intel(R) Core(TM) Ultra 7 155H","/dev/nvme0n1p3 ext4   rw,noatime,errors=remount-ro","/tmp/pigment-db-durability-bench","pigment_db","buffered","key_map","file","ordinary_write","1","32","5","3","48256","100062322","482259.446268","3468","0"
"baseline-protocol-v2-20260807-102902","6d7edc7c29a60a94c59effeeb2b78d8b95038135","default-hasher:de0de3506157cdeb","rustc 1.97.0 (2d8144b78 2026-07-07)","x86_64-unknown-linux-gnu","Linux 7.0.11-76070011-generic x86_64","Intel(R) Core(TM) Ultra 7 155H","/dev/nvme0n1p3 ext4   rw,noatime,errors=remount-ro","/tmp/pigment-db-durability-bench","pigment_db","buffered","key_map","file","ordinary_write","1","32","5","4","48320","100100212","482716.260381","3426","0"
"baseline-protocol-v2-20260807-102902","6d7edc7c29a60a94c59effeeb2b78d8b95038135","default-hasher:de0de3506157cdeb","rustc 1.97.0 (2d8144b78 2026-07-07)","x86_64-unknown-linux-gnu","Linux 7.0.11-76070011-generic x86_64","Intel(R) Core(TM) Ultra 7 155H","/dev/nvme0n1p3 ext4   rw,noatime,errors=remount-ro","/tmp/pigment-db-durability-bench","pigment_db","buffered","key_map","file","ordinary_write","1","32","5","5","49792","100085846","497492.922226","3420","0"
"baseline-protocol-v2-20260807-102902","6d7edc7c29a60a94c59effeeb2b78d8b95038135","default-hasher:de0de3506157cdeb","rustc 1.97.0 (2d8144b78 2026-07-07)","x86_64-unknown-linux-gnu","Linux 7.0.11-76070011-generic x86_64","Intel(R) Core(TM) Ultra 7 155H","/dev/nvme0n1p3 ext4   rw,noatime,errors=remount-ro","/tmp/pigment-db-durability-bench","pigment_db","buffered","key_map","file","ordinary_write","1","32","5","6","49792","100006930","497885.496535","2985","0"
"baseline-protocol-v2-20260807-102902","6d7edc7c29a60a94c59effeeb2b78d8b95038135","default-hasher:de0de3506157cdeb","rustc 1.97.0 (2d8144b78 2026-07-07)","x86_64-unknown-linux-gnu","Linux 7.0.11-76070011-generic x86_64","Intel(R) Core(TM) Ultra 7 155H","/dev/nvme0n1p3 ext4   rw,noatime,errors=remount-ro","/tmp/pigment-db-durability-bench","pigment_db","buffered","key_map","file","ordinary_write","1","32","5","7","48192","100065530","481604.404634","3225","0"
"baseline-protocol-v2-20260807-102902","6d7edc7c29a60a94c59effeeb2b78d8b95038135","default-hasher:de0de3506157cdeb","rustc 1.97.0 (2d8144b78 2026-07-07)","x86_64-unknown-linux-gnu","Linux 7.0.11-76070011-generic x86_64","Intel(R) Core(TM) Ultra 7 155H","/dev/nvme0n1p3 ext4   rw,noatime,errors=remount-ro","/tmp/pigment-db-durability-bench","pigment_db","buffered","key_map","file","ordinary_write","1","32","5","8","49280","100119701","492210.818728","3270","0"
"baseline-protocol-v2-20260807-102902","6d7edc7c29a60a94c59effeeb2b78d8b95038135","default-hasher:de0de3506157cdeb","rustc 1.97.0 (2d8144b78 2026-07-07)","x86_64-unknown-linux-gnu","Linux 7.0.11-76070011-generic x86_64","Intel(R) Core(TM) Ultra 7 155H","/dev/nvme0n1p3 ext4   rw,noatime,errors=remount-ro","/tmp/pigment-db-durability-bench","pigment_db","buffered","key_map","file","ordinary_write","1","32","5","9","49664","100129043","495999.946789","3057","0"
"baseline-protocol-v2-20260807-102902","6d7edc7c29a60a94c59effeeb2b78d8b95038135","default-hasher:de0de3506157cdeb","rustc 1.97.0 (2d8144b78 2026-07-07)","x86_64-unknown-linux-gnu","Linux 7.0.11-76070011-generic x86_64","Intel(R) Core(TM) Ultra 7 155H","/dev/nvme0n1p3 ext4   rw,noatime,errors=remount-ro","/tmp/pigment-db-durability-bench","pigment_db","buffered","key_map","file","ordinary_write","1","32","5","10","45568","100054941","455429.782323","3673","0"
"baseline-protocol-v2-20260807-102902","6d7edc7c29a60a94c59effeeb2b78d8b95038135","default-hasher:de0de3506157cdeb","rustc 1.97.0 (2d8144b78 2026-07-07)","x86_64-unknown-linux-gnu","Linux 7.0.11-76070011-generic x86_64","Intel(R) Core(TM) Ultra 7 155H","/dev/nvme0n1p3 ext4   rw,noatime,errors=remount-ro","/tmp/pigment-db-durability-bench","pigment_db","buffered","key_map","file","ordinary_write","8","32","5","0","12288","103541992","118676.488279","56487","0"
"baseline-protocol-v2-20260807-102902","6d7edc7c29a60a94c59effeeb2b78d8b95038135","default-hasher:de0de3506157cdeb","rustc 1.97.0 (2d8144b78 2026-07-07)","x86_64-unknown-linux-gnu","Linux 7.0.11-76070011-generic x86_64","Intel(R) Core(TM) Ultra 7 155H","/dev/nvme0n1p3 ext4   rw,noatime,errors=remount-ro","/tmp/pigment-db-durability-bench","pigment_db","buffered","key_map","file","ordinary_write","8","32","5","1","12288","101951380","120528.039934","58334","0"
"baseline-protocol-v2-20260807-102902","6d7edc7c29a60a94c59effeeb2b78d8b95038135","default-hasher:de0de3506157cdeb","rustc 1.97.0 (2d8144b78 2026-07-07)","x86_64-unknown-linux-gnu","Linux 7.0.11-76070011-generic x86_64","Intel(R) Core(TM) Ultra 7 155H","/dev/nvme0n1p3 ext4   rw,noatime,errors=remount-ro","/tmp/pigment-db-durability-bench","pigment_db","buffered","key_map","file","ordinary_write","8","32","5","2","11776","103284329","114015.360452","58352","0"
"baseline-protocol-v2-20260807-102902","6d7edc7c29a60a94c59effeeb2b78d8b95038135","default-hasher:de0de3506157cdeb","rustc 1.97.0 (2d8144b78 2026-07-07)","x86_64-unknown-linux-gnu","Linux 7.0.11-76070011-generic x86_64","Intel(R) Core(TM) Ultra 7 155H","/dev/nvme0n1p3 ext4   rw,noatime,errors=remount-ro","/tmp/pigment-db-durability-bench","pigment_db","buffered","key_map","file","ordinary_write","8","32","5","3","12800","100439653","127439.707503","56269","0"
"baseline-protocol-v2-20260807-102902","6d7edc7c29a60a94c59effeeb2b78d8b95038135","default-hasher:de0de3506157cdeb","rustc 1.97.0 (2d8144b78 2026-07-07)","x86_64-unknown-linux-gnu","Linux 7.0.11-76070011-generic x86_64","Intel(R) Core(TM) Ultra 7 155H","/dev/nvme0n1p3 ext4   rw,noatime,errors=remount-ro","/tmp/pigment-db-durability-bench","pigment_db","buffered","key_map","file","ordinary_write","8","32","5","4","13312","103293445","128875.554494","56410","0"
"baseline-protocol-v2-20260807-102902","6d7edc7c29a60a94c59effeeb2b78d8b95038135","default-hasher:de0de3506157cdeb","rustc 1.97.0 (2d8144b78 2026-07-07)","x86_64-unknown-linux-gnu","Linux 7.0.11-76070011-generic x86_64","Intel(R) Core(TM) Ultra 7 155H","/dev/nvme0n1p3 ext4   rw,noatime,errors=remount-ro","/tmp/pigment-db-durability-bench","pigment_db","buffered","key_map","file","ordinary_write","8","32","5","5","12288","100935534","121741.070890","57479","0"
"baseline-protocol-v2-20260807-102902","6d7edc7c29a60a94c59effeeb2b78d8b95038135","default-hasher:de0de3506157cdeb","rustc 1.97.0 (2d8144b78 2026-07-07)","x86_64-unknown-linux-gnu","Linux 7.0.11-76070011-generic x86_64","Intel(R) Core(TM) Ultra 7 155H","/dev/nvme0n1p3 ext4   rw,noatime,errors=remount-ro","/tmp/pigment-db-durability-bench","pigment_db","buffered","key_map","file","ordinary_write","8","32","5","6","11776","101357888","116182.373492","60239","0"
"baseline-protocol-v2-20260807-102902","6d7edc7c29a60a94c59effeeb2b78d8b95038135","default-hasher:de0de3506157cdeb","rustc 1.97.0 (2d8144b78 2026-07-07)","x86_64-unknown-linux-gnu","Linux 7.0.11-76070011-generic x86_64","Intel(R) Core(TM) Ultra 7 155H","/dev/nvme0n1p3 ext4   rw,noatime,errors=remount-ro","/tmp/pigment-db-durability-bench","pigment_db","buffered","key_map","file","ordinary_write","8","32","5","7","13312","102670184","129657.895617","55602","0"
"baseline-protocol-v2-20260807-102902","6d7edc7c29a60a94c59effeeb2b78d8b95038135","default-hasher:de0de3506157cdeb","rustc 1.97.0 (2d8144b78 2026-07-07)","x86_64-unknown-linux-gnu","Linux 7.0.11-76070011-generic x86_64","Intel(R) Core(TM) Ultra 7 155H","/dev/nvme0n1p3 ext4   rw,noatime,errors=remount-ro","/tmp/pigment-db-durability-bench","pigment_db","buffered","key_map","file","ordinary_write","8","32","5","8","12800","101869106","125651.441370","51875","0"
"baseline-protocol-v2-20260807-102902","6d7edc7c29a60a94c59effeeb2b78d8b95038135","default-hasher:de0de3506157cdeb","rustc 1.97.0 (2d8144b78 2026-07-07)","x86_64-unknown-linux-gnu","Linux 7.0.11-76070011-generic x86_64","Intel(R) Core(TM) Ultra 7 155H","/dev/nvme0n1p3 ext4   rw,noatime,errors=remount-ro","/tmp/pigment-db-durability-bench","pigment_db","buffered","key_map","file","ordinary_write","8","32","5","9","12800","101773842","125769.055668","55352","0"
"baseline-protocol-v2-20260807-102902","6d7edc7c29a60a94c59effeeb2b78d8b95038135","default-hasher:de0de3506157cdeb","rustc 1.97.0 (2d8144b78 2026-07-07)","x86_64-unknown-linux-gnu","Linux 7.0.11-76070011-generic x86_64","Intel(R) Core(TM) Ultra 7 155H","/dev/nvme0n1p3 ext4   rw,noatime,errors=remount-ro","/tmp/pigment-db-durability-bench","pigment_db","buffered","key_map","file","ordinary_write","8","32","5","10","12800","101227981","126447.251773","56342","0"
"baseline-protocol-v2-20260807-102902","6d7edc7c29a60a94c59effeeb2b78d8b95038135","default-hasher:de0de3506157cdeb","rustc 1.97.0 (2d8144b78 2026-07-07)","x86_64-unknown-linux-gnu","Linux 7.0.11-76070011-generic x86_64","Intel(R) Core(TM) Ultra 7 155H","/dev/nvme0n1p3 ext4   rw,noatime,errors=remount-ro","/tmp/pigment-db-durability-bench","pigment_db","buffered","key_map","file","successful_remove","1","32","5","0","41088","100101986","410461.386850","3358","0"
"baseline-protocol-v2-20260807-102902","6d7edc7c29a60a94c59effeeb2b78d8b95038135","default-hasher:de0de3506157cdeb","rustc 1.97.0 (2d8144b78 2026-07-07)","x86_64-unknown-linux-gnu","Linux 7.0.11-76070011-generic x86_64","Intel(R) Core(TM) Ultra 7 155H","/dev/nvme0n1p3 ext4   rw,noatime,errors=remount-ro","/tmp/pigment-db-durability-bench","pigment_db","buffered","key_map","file","successful_remove","1","32","5","1","40384","100084947","403497.241199","3681","0"
"baseline-protocol-v2-20260807-102902","6d7edc7c29a60a94c59effeeb2b78d8b95038135","default-hasher:de0de3506157cdeb","rustc 1.97.0 (2d8144b78 2026-07-07)","x86_64-unknown-linux-gnu","Linux 7.0.11-76070011-generic x86_64","Intel(R) Core(TM) Ultra 7 155H","/dev/nvme0n1p3 ext4   rw,noatime,errors=remount-ro","/tmp/pigment-db-durability-bench","pigment_db","buffered","key_map","file","successful_remove","1","32","5","2","38784","100138311","387304.315528","3894","0"
"baseline-protocol-v2-20260807-102902","6d7edc7c29a60a94c59effeeb2b78d8b95038135","default-hasher:de0de3506157cdeb","rustc 1.97.0 (2d8144b78 2026-07-07)","x86_64-unknown-linux-gnu","Linux 7.0.11-76070011-generic x86_64","Intel(R) Core(TM) Ultra 7 155H","/dev/nvme0n1p3 ext4   rw,noatime,errors=remount-ro","/tmp/pigment-db-durability-bench","pigment_db","buffered","key_map","file","successful_remove","1","32","5","3","40576","100039861","405598.324452","3297","0"
"baseline-protocol-v2-20260807-102902","6d7edc7c29a60a94c59effeeb2b78d8b95038135","default-hasher:de0de3506157cdeb","rustc 1.97.0 (2d8144b78 2026-07-07)","x86_64-unknown-linux-gnu","Linux 7.0.11-76070011-generic x86_64","Intel(R) Core(TM) Ultra 7 155H","/dev/nvme0n1p3 ext4   rw,noatime,errors=remount-ro","/tmp/pigment-db-durability-bench","pigment_db","buffered","key_map","file","successful_remove","1","32","5","4","39296","100157568","392341.794881","3792","0"
"baseline-protocol-v2-20260807-102902","6d7edc7c29a60a94c59effeeb2b78d8b95038135","default-hasher:de0de3506157cdeb","rustc 1.97.0 (2d8144b78 2026-07-07)","x86_64-unknown-linux-gnu","Linux 7.0.11-76070011-generic x86_64","Intel(R) Core(TM) Ultra 7 155H","/dev/nvme0n1p3 ext4   rw,noatime,errors=remount-ro","/tmp/pigment-db-durability-bench","pigment_db","buffered","key_map","file","successful_remove","1","32","5","5","39168","100071426","391400.438323","3343","0"
"baseline-protocol-v2-20260807-102902","6d7edc7c29a60a94c59effeeb2b78d8b95038135","default-hasher:de0de3506157cdeb","rustc 1.97.0 (2d8144b78 2026-07-07)","x86_64-unknown-linux-gnu","Linux 7.0.11-76070011-generic x86_64","Intel(R) Core(TM) Ultra 7 155H","/dev/nvme0n1p3 ext4   rw,noatime,errors=remount-ro","/tmp/pigment-db-durability-bench","pigment_db","buffered","key_map","file","successful_remove","1","32","5","6","41152","100120932","411022.941736","3260","0"
"baseline-protocol-v2-20260807-102902","6d7edc7c29a60a94c59effeeb2b78d8b95038135","default-hasher:de0de3506157cdeb","rustc 1.97.0 (2d8144b78 2026-07-07)","x86_64-unknown-linux-gnu","Linux 7.0.11-76070011-generic x86_64","Intel(R) Core(TM) Ultra 7 155H","/dev/nvme0n1p3 ext4   rw,noatime,errors=remount-ro","/tmp/pigment-db-durability-bench","pigment_db","buffered","key_map","file","successful_remove","1","32","5","7","41728","100121610","416773.162158","3294","0"
"baseline-protocol-v2-20260807-102902","6d7edc7c29a60a94c59effeeb2b78d8b95038135","default-hasher:de0de3506157cdeb","rustc 1.97.0 (2d8144b78 2026-07-07)","x86_64-unknown-linux-gnu","Linux 7.0.11-76070011-generic x86_64","Intel(R) Core(TM) Ultra 7 155H","/dev/nvme0n1p3 ext4   rw,noatime,errors=remount-ro","/tmp/pigment-db-durability-bench","pigment_db","buffered","key_map","file","successful_remove","1","32","5","8","41728","100176023","416546.781858","3301","0"
"baseline-protocol-v2-20260807-102902","6d7edc7c29a60a94c59effeeb2b78d8b95038135","default-hasher:de0de3506157cdeb","rustc 1.97.0 (2d8144b78 2026-07-07)","x86_64-unknown-linux-gnu","Linux 7.0.11-76070011-generic x86_64","Intel(R) Core(TM) Ultra 7 155H","/dev/nvme0n1p3 ext4   rw,noatime,errors=remount-ro","/tmp/pigment-db-durability-bench","pigment_db","buffered","key_map","file","successful_remove","1","32","5","9","41088","100103768","410454.080010","3045","0"
"baseline-protocol-v2-20260807-102902","6d7edc7c29a60a94c59effeeb2b78d8b95038135","default-hasher:de0de3506157cdeb","rustc 1.97.0 (2d8144b78 2026-07-07)","x86_64-unknown-linux-gnu","Linux 7.0.11-76070011-generic x86_64","Intel(R) Core(TM) Ultra 7 155H","/dev/nvme0n1p3 ext4   rw,noatime,errors=remount-ro","/tmp/pigment-db-durability-bench","pigment_db","buffered","key_map","file","successful_remove","1","32","5","10","42368","100079253","423344.486794","3145","0"
"baseline-protocol-v2-20260807-102902","6d7edc7c29a60a94c59effeeb2b78d8b95038135","default-hasher:de0de3506157cdeb","rustc 1.97.0 (2d8144b78 2026-07-07)","x86_64-unknown-linux-gnu","Linux 7.0.11-76070011-generic x86_64","Intel(R) Core(TM) Ultra 7 155H","/dev/nvme0n1p3 ext4   rw,noatime,errors=remount-ro","/tmp/pigment-db-durability-bench","pigment_db","buffered","key_map","file","successful_remove","8","32","5","0","11776","102961193","114373.189130","61393","0"
"baseline-protocol-v2-20260807-102902","6d7edc7c29a60a94c59effeeb2b78d8b95038135","default-hasher:de0de3506157cdeb","rustc 1.97.0 (2d8144b78 2026-07-07)","x86_64-unknown-linux-gnu","Linux 7.0.11-76070011-generic x86_64","Intel(R) Core(TM) Ultra 7 155H","/dev/nvme0n1p3 ext4   rw,noatime,errors=remount-ro","/tmp/pigment-db-durability-bench","pigment_db","buffered","key_map","file","successful_remove","8","32","5","1","10752","104315333","103072.095835","68651","0"
"baseline-protocol-v2-20260807-102902","6d7edc7c29a60a94c59effeeb2b78d8b95038135","default-hasher:de0de3506157cdeb","rustc 1.97.0 (2d8144b78 2026-07-07)","x86_64-unknown-linux-gnu","Linux 7.0.11-76070011-generic x86_64","Intel(R) Core(TM) Ultra 7 155H","/dev/nvme0n1p3 ext4   rw,noatime,errors=remount-ro","/tmp/pigment-db-durability-bench","pigment_db","buffered","key_map","file","successful_remove","8","32","5","2","11264","100458814","112125.552269","64878","0"
"baseline-protocol-v2-20260807-102902","6d7edc7c29a60a94c59effeeb2b78d8b95038135","default-hasher:de0de3506157cdeb","rustc 1.97.0 (2d8144b78 2026-07-07)","x86_64-unknown-linux-gnu","Linux 7.0.11-76070011-generic x86_64","Intel(R) Core(TM) Ultra 7 155H","/dev/nvme0n1p3 ext4   rw,noatime,errors=remount-ro","/tmp/pigment-db-durability-bench","pigment_db","buffered","key_map","file","successful_remove","8","32","5","3","10752","102235779","105168.661159","65915","0"
"baseline-protocol-v2-20260807-102902","6d7edc7c29a60a94c59effeeb2b78d8b95038135","default-hasher:de0de3506157cdeb","rustc 1.97.0 (2d8144b78 2026-07-07)","x86_64-unknown-linux-gnu","Linux 7.0.11-76070011-generic x86_64","Intel(R) Core(TM) Ultra 7 155H","/dev/nvme0n1p3 ext4   rw,noatime,errors=remount-ro","/tmp/pigment-db-durability-bench","pigment_db","buffered","key_map","file","successful_remove","8","32","5","4","11776","104270431","112937.099109","64091","0"
"baseline-protocol-v2-20260807-102902","6d7edc7c29a60a94c59effeeb2b78d8b95038135","default-hasher:de0de3506157cdeb","rustc 1.97.0 (2d8144b78 2026-07-07)","x86_64-unknown-linux-gnu","Linux 7.0.11-76070011-generic x86_64","Intel(R) Core(TM) Ultra 7 155H","/dev/nvme0n1p3 ext4   rw,noatime,errors=remount-ro","/tmp/pigment-db-durability-bench","pigment_db","buffered","key_map","file","successful_remove","8","32","5","5","11264","103141148","109209.565905","65493","0"
"baseline-protocol-v2-20260807-102902","6d7edc7c29a60a94c59effeeb2b78d8b95038135","default-hasher:de0de3506157cdeb","rustc 1.97.0 (2d8144b78 2026-07-07)","x86_64-unknown-linux-gnu","Linux 7.0.11-76070011-generic x86_64","Intel(R) Core(TM) Ultra 7 155H","/dev/nvme0n1p3 ext4   rw,noatime,errors=remount-ro","/tmp/pigment-db-durability-bench","pigment_db","buffered","key_map","file","successful_remove","8","32","5","6","11264","100792781","111754.035242","64127","0"
"baseline-protocol-v2-20260807-102902","6d7edc7c29a60a94c59effeeb2b78d8b95038135","default-hasher:de0de3506157cdeb","rustc 1.97.0 (2d8144b78 2026-07-07)","x86_64-unknown-linux-gnu","Linux 7.0.11-76070011-generic x86_64","Intel(R) Core(TM) Ultra 7 155H","/dev/nvme0n1p3 ext4   rw,noatime,errors=remount-ro","/tmp/pigment-db-durability-bench","pigment_db","buffered","key_map","file","successful_remove","8","32","5","7","10752","102226329","105178.383154","67756","0"
"baseline-protocol-v2-20260807-102902","6d7edc7c29a60a94c59effeeb2b78d8b95038135","default-hasher:de0de3506157cdeb","rustc 1.97.0 (2d8144b78 2026-07-07)","x86_64-unknown-linux-gnu","Linux 7.0.11-76070011-generic x86_64","Intel(R) Core(TM) Ultra 7 155H","/dev/nvme0n1p3 ext4   rw,noatime,errors=remount-ro","/tmp/pigment-db-durability-bench","pigment_db","buffered","key_map","file","successful_remove","8","32","5","8","11264","102377411","110024.270881","63953","0"
"baseline-protocol-v2-20260807-102902","6d7edc7c29a60a94c59effeeb2b78d8b95038135","default-hasher:de0de3506157cdeb","rustc 1.97.0 (2d8144b78 2026-07-07)","x86_64-unknown-linux-gnu","Linux 7.0.11-76070011-generic x86_64","Intel(R) Core(TM) Ultra 7 155H","/dev/nvme0n1p3 ext4   rw,noatime,errors=remount-ro","/tmp/pigment-db-durability-bench","pigment_db","buffered","key_map","file","successful_remove","8","32","5","9","11264","105042107","107233.187925","66266","0"
"baseline-protocol-v2-20260807-102902","6d7edc7c29a60a94c59effeeb2b78d8b95038135","default-hasher:de0de3506157cdeb","rustc 1.97.0 (2d8144b78 2026-07-07)","x86_64-unknown-linux-gnu","Linux 7.0.11-76070011-generic x86_64","Intel(R) Core(TM) Ultra 7 155H","/dev/nvme0n1p3 ext4   rw,noatime,errors=remount-ro","/tmp/pigment-db-durability-bench","pigment_db","buffered","key_map","file","successful_remove","8","32","5","10","10240","103885098","98570.441739","71496","0"
"baseline-protocol-v2-20260807-102902","6d7edc7c29a60a94c59effeeb2b78d8b95038135","default-hasher:de0de3506157cdeb","rustc 1.97.0 (2d8144b78 2026-07-07)","x86_64-unknown-linux-gnu","Linux 7.0.11-76070011-generic x86_64","Intel(R) Core(TM) Ultra 7 155H","/dev/nvme0n1p3 ext4   rw,noatime,errors=remount-ro","/tmp/pigment-db-durability-bench","pigment_db","buffered","key_map","file","minimal_callback","1","32","5","0","33536","100160779","334821.677056","4604","0"
"baseline-protocol-v2-20260807-102902","6d7edc7c29a60a94c59effeeb2b78d8b95038135","default-hasher:de0de3506157cdeb","rustc 1.97.0 (2d8144b78 2026-07-07)","x86_64-unknown-linux-gnu","Linux 7.0.11-76070011-generic x86_64","Intel(R) Core(TM) Ultra 7 155H","/dev/nvme0n1p3 ext4   rw,noatime,errors=remount-ro","/tmp/pigment-db-durability-bench","pigment_db","buffered","key_map","file","minimal_callback","1","32","5","1","32512","100080569","324858.264945","4705","0"
"baseline-protocol-v2-20260807-102902","6d7edc7c29a60a94c59effeeb2b78d8b95038135","default-hasher:de0de3506157cdeb","rustc 1.97.0 (2d8144b78 2026-07-07)","x86_64-unknown-linux-gnu","Linux 7.0.11-76070011-generic x86_64","Intel(R) Core(TM) Ultra 7 155H","/dev/nvme0n1p3 ext4   rw,noatime,errors=remount-ro","/tmp/pigment-db-durability-bench","pigment_db","buffered","key_map","file","minimal_callback","1","32","5","2","32640","100134955","325960.100546","4572","0"
"baseline-protocol-v2-20260807-102902","6d7edc7c29a60a94c59effeeb2b78d8b95038135","default-hasher:de0de3506157cdeb","rustc 1.97.0 (2d8144b78 2026-07-07)","x86_64-unknown-linux-gnu","Linux 7.0.11-76070011-generic x86_64","Intel(R) Core(TM) Ultra 7 155H","/dev/nvme0n1p3 ext4   rw,noatime,errors=remount-ro","/tmp/pigment-db-durability-bench","pigment_db","buffered","key_map","file","minimal_callback","1","32","5","3","32064","100174428","320081.687913","4864","0"
"baseline-protocol-v2-20260807-102902","6d7edc7c29a60a94c59effeeb2b78d8b95038135","default-hasher:de0de3506157cdeb","rustc 1.97.0 (2d8144b78 2026-07-07)","x86_64-unknown-linux-gnu","Linux 7.0.11-76070011-generic x86_64","Intel(R) Core(TM) Ultra 7 155H","/dev/nvme0n1p3 ext4   rw,noatime,errors=remount-ro","/tmp/pigment-db-durability-bench","pigment_db","buffered","key_map","file","minimal_callback","1","32","5","4","31552","100035930","315406.674382","5122","0"
"baseline-protocol-v2-20260807-102902","6d7edc7c29a60a94c59effeeb2b78d8b95038135","default-hasher:de0de3506157cdeb","rustc 1.97.0 (2d8144b78 2026-07-07)","x86_64-unknown-linux-gnu","Linux 7.0.11-76070011-generic x86_64","Intel(R) Core(TM) Ultra 7 155H","/dev/nvme0n1p3 ext4   rw,noatime,errors=remount-ro","/tmp/pigment-db-durability-bench","pigment_db","buffered","key_map","file","minimal_callback","1","32","5","5","32448","100164634","323946.673633","4884","0"
"baseline-protocol-v2-20260807-102902","6d7edc7c29a60a94c59effeeb2b78d8b95038135","default-hasher:de0de3506157cdeb","rustc 1.97.0 (2d8144b78 2026-07-07)","x86_64-unknown-linux-gnu","Linux 7.0.11-76070011-generic x86_64","Intel(R) Core(TM) Ultra 7 155H","/dev/nvme0n1p3 ext4   rw,noatime,errors=remount-ro","/tmp/pigment-db-durability-bench","pigment_db","buffered","key_map","file","minimal_callback","1","32","5","6","32320","100173081","322641.568746","4687","0"
"baseline-protocol-v2-20260807-102902","6d7edc7c29a60a94c59effeeb2b78d8b95038135","default-hasher:de0de3506157cdeb","rustc 1.97.0 (2d8144b78 2026-07-07)","x86_64-unknown-linux-gnu","Linux 7.0.11-76070011-generic x86_64","Intel(R) Core(TM) Ultra 7 155H","/dev/nvme0n1p3 ext4   rw,noatime,errors=remount-ro","/tmp/pigment-db-durability-bench","pigment_db","buffered","key_map","file","minimal_callback","1","32","5","7","31808","100170047","317540.032701","4871","0"
"baseline-protocol-v2-20260807-102902","6d7edc7c29a60a94c59effeeb2b78d8b95038135","default-hasher:de0de3506157cdeb","rustc 1.97.0 (2d8144b78 2026-07-07)","x86_64-unknown-linux-gnu","Linux 7.0.11-76070011-generic x86_64","Intel(R) Core(TM) Ultra 7 155H","/dev/nvme0n1p3 ext4   rw,noatime,errors=remount-ro","/tmp/pigment-db-durability-bench","pigment_db","buffered","key_map","file","minimal_callback","1","32","5","8","32448","100127956","324065.338955","4885","0"
"baseline-protocol-v2-20260807-102902","6d7edc7c29a60a94c59effeeb2b78d8b95038135","default-hasher:de0de3506157cdeb","rustc 1.97.0 (2d8144b78 2026-07-07)","x86_64-unknown-linux-gnu","Linux 7.0.11-76070011-generic x86_64","Intel(R) Core(TM) Ultra 7 155H","/dev/nvme0n1p3 ext4   rw,noatime,errors=remount-ro","/tmp/pigment-db-durability-bench","pigment_db","buffered","key_map","file","minimal_callback","1","32","5","9","32256","100070765","322331.901830","5008","0"
"baseline-protocol-v2-20260807-102902","6d7edc7c29a60a94c59effeeb2b78d8b95038135","default-hasher:de0de3506157cdeb","rustc 1.97.0 (2d8144b78 2026-07-07)","x86_64-unknown-linux-gnu","Linux 7.0.11-76070011-generic x86_64","Intel(R) Core(TM) Ultra 7 155H","/dev/nvme0n1p3 ext4   rw,noatime,errors=remount-ro","/tmp/pigment-db-durability-bench","pigment_db","buffered","key_map","file","minimal_callback","1","32","5","10","31936","100038266","319237.840448","4913","0"
"baseline-protocol-v2-20260807-102902","6d7edc7c29a60a94c59effeeb2b78d8b95038135","default-hasher:de0de3506157cdeb","rustc 1.97.0 (2d8144b78 2026-07-07)","x86_64-unknown-linux-gnu","Linux 7.0.11-76070011-generic x86_64","Intel(R) Core(TM) Ultra 7 155H","/dev/nvme0n1p3 ext4   rw,noatime,errors=remount-ro","/tmp/pigment-db-durability-bench","pigment_db","buffered","key_map","file","minimal_callback","8","32","5","0","10752","104039446","103345.417660","70941","0"
"baseline-protocol-v2-20260807-102902","6d7edc7c29a60a94c59effeeb2b78d8b95038135","default-hasher:de0de3506157cdeb","rustc 1.97.0 (2d8144b78 2026-07-07)","x86_64-unknown-linux-gnu","Linux 7.0.11-76070011-generic x86_64","Intel(R) Core(TM) Ultra 7 155H","/dev/nvme0n1p3 ext4   rw,noatime,errors=remount-ro","/tmp/pigment-db-durability-bench","pigment_db","buffered","key_map","file","minimal_callback","8","32","5","1","10240","104836591","97675.820077","73093","0"
"baseline-protocol-v2-20260807-102902","6d7edc7c29a60a94c59effeeb2b78d8b95038135","default-hasher:de0de3506157cdeb","rustc 1.97.0 (2d8144b78 2026-07-07)","x86_64-unknown-linux-gnu","Linux 7.0.11-76070011-generic x86_64","Intel(R) Core(TM) Ultra 7 155H","/dev/nvme0n1p3 ext4   rw,noatime,errors=remount-ro","/tmp/pigment-db-durability-bench","pigment_db","buffered","key_map","file","minimal_callback","8","32","5","2","10240","106144508","96472.254598","73439","0"
"baseline-protocol-v2-20260807-102902","6d7edc7c29a60a94c59effeeb2b78d8b95038135","default-hasher:de0de3506157cdeb","rustc 1.97.0 (2d8144b78 2026-07-07)","x86_64-unknown-linux-gnu","Linux 7.0.11-76070011-generic x86_64","Intel(R) Core(TM) Ultra 7 155H","/dev/nvme0n1p3 ext4   rw,noatime,errors=remount-ro","/tmp/pigment-db-durability-bench","pigment_db","buffered","key_map","file","minimal_callback","8","32","5","3","10240","104070756","98394.596077","71720","0"
"baseline-protocol-v2-20260807-102902","6d7edc7c29a60a94c59effeeb2b78d8b95038135","default-hasher:de0de3506157cdeb","rustc 1.97.0 (2d8144b78 2026-07-07)","x86_64-unknown-linux-gnu","Linux 7.0.11-76070011-generic x86_64","Intel(R) Core(TM) Ultra 7 155H","/dev/nvme0n1p3 ext4   rw,noatime,errors=remount-ro","/tmp/pigment-db-durability-bench","pigment_db","buffered","key_map","file","minimal_callback","8","32","5","4","10240","103238537","99187.767452","69514","0"
"baseline-protocol-v2-20260807-102902","6d7edc7c29a60a94c59effeeb2b78d8b95038135","default-hasher:de0de3506157cdeb","rustc 1.97.0 (2d8144b78 2026-07-07)","x86_64-unknown-linux-gnu","Linux 7.0.11-76070011-generic x86_64","Intel(R) Core(TM) Ultra 7 155H","/dev/nvme0n1p3 ext4   rw,noatime,errors=remount-ro","/tmp/pigment-db-durability-bench","pigment_db","buffered","key_map","file","minimal_callback","8","32","5","5","9728","101172317","96152.784561","74064","0"
"baseline-protocol-v2-20260807-102902","6d7edc7c29a60a94c59effeeb2b78d8b95038135","default-hasher:de0de3506157cdeb","rustc 1.97.0 (2d8144b78 2026-07-07)","x86_64-unknown-linux-gnu","Linux 7.0.11-76070011-generic x86_64","Intel(R) Core(TM) Ultra 7 155H","/dev/nvme0n1p3 ext4   rw,noatime,errors=remount-ro","/tmp/pigment-db-durability-bench","pigment_db","buffered","key_map","file","minimal_callback","8","32","5","6","9216","104515301","88178.476374","76180","0"
"baseline-protocol-v2-20260807-102902","6d7edc7c29a60a94c59effeeb2b78d8b95038135","default-hasher:de0de3506157cdeb","rustc 1.97.0 (2d8144b78 2026-07-07)","x86_64-unknown-linux-gnu","Linux 7.0.11-76070011-generic x86_64","Intel(R) Core(TM) Ultra 7 155H","/dev/nvme0n1p3 ext4   rw,noatime,errors=remount-ro","/tmp/pigment-db-durability-bench","pigment_db","buffered","key_map","file","minimal_callback","8","32","5","7","9728","100984214","96331.888071","72132","0"
"baseline-protocol-v2-20260807-102902","6d7edc7c29a60a94c59effeeb2b78d8b95038135","default-hasher:de0de3506157cdeb","rustc 1.97.0 (2d8144b78 2026-07-07)","x86_64-unknown-linux-gnu","Linux 7.0.11-76070011-generic x86_64","Intel(R) Core(TM) Ultra 7 155H","/dev/nvme0n1p3 ext4   rw,noatime,errors=remount-ro","/tmp/pigment-db-durability-bench","pigment_db","buffered","key_map","file","minimal_callback","8","32","5","8","9216","101630968","90681.021556","79330","0"
"baseline-protocol-v2-20260807-102902","6d7edc7c29a60a94c59effeeb2b78d8b95038135","default-hasher:de0de3506157cdeb","rustc 1.97.0 (2d8144b78 2026-07-07)","x86_64-unknown-linux-gnu","Linux 7.0.11-76070011-generic x86_64","Intel(R) Core(TM) Ultra 7 155H","/dev/nvme0n1p3 ext4   rw,noatime,errors=remount-ro","/tmp/pigment-db-durability-bench","pigment_db","buffered","key_map","file","minimal_callback","8","32","5","9","9216","100345541","91842.646003","76821","0"
"baseline-protocol-v2-20260807-102902","6d7edc7c29a60a94c59effeeb2b78d8b95038135","default-hasher:de0de3506157cdeb","rustc 1.97.0 (2d8144b78 2026-07-07)","x86_64-unknown-linux-gnu","Linux 7.0.11-76070011-generic x86_64","Intel(R) Core(TM) Ultra 7 155H","/dev/nvme0n1p3 ext4   rw,noatime,errors=remount-ro","/tmp/pigment-db-durability-bench","pigment_db","buffered","key_map","file","minimal_callback","8","32","5","10","10240","102775420","99634.718107","72816","0"
