capture_id,commit,dirty_hash,toolchain,target,os,cpu,filesystem,benchmark_root,implementation,policy,store_family,storage_mode,workload,workers,payload_bytes,warmup_count,sample_index,operations,elapsed_ns,ops_per_second,p95_latency_ns,failed_operations
"baseline-protocol-v4-20260807-155736","6d7edc7c29a60a94c59effeeb2b78d8b95038135","default-hasher:de0de3506157cdeb","rustc 1.97.0 (2d8144b78 2026-07-07)","x86_64-unknown-linux-gnu","Linux 7.0.11-76070011-generic x86_64","Intel(R) Core(TM) Ultra 7 155H","/dev/nvme0n1p3[/tmp] ext4   rw,nosuid,nodev,noatime,errors=remount-ro","/tmp/pigment-db-durability-bench","pigment_db","buffered","key_value","vector","ordinary_write","1","32","5","0","191872","100008074","1918565.095054","469","0"
"baseline-protocol-v4-20260807-155736","6d7edc7c29a60a94c59effeeb2b78d8b95038135","default-hasher:de0de3506157cdeb","rustc 1.97.0 (2d8144b78 2026-07-07)","x86_64-unknown-linux-gnu","Linux 7.0.11-76070011-generic x86_64","Intel(R) Core(TM) Ultra 7 155H","/dev/nvme0n1p3[/tmp] ext4   rw,nosuid,nodev,noatime,errors=remount-ro","/tmp/pigment-db-durability-bench","pigment_db","buffered","key_value","vector","ordinary_write","1","32","5","1","191808","100010712","1917874.557277","471","0"
"baseline-protocol-v4-20260807-155736","6d7edc7c29a60a94c59effeeb2b78d8b95038135","default-hasher:de0de3506157cdeb","rustc 1.97.0 (2d8144b78 2026-07-07)","x86_64-unknown-linux-gnu","Linux 7.0.11-76070011-generic x86_64","Intel(R) Core(TM) Ultra 7 155H","/dev/nvme0n1p3[/tmp] ext4   rw,nosuid,nodev,noatime,errors=remount-ro","/tmp/pigment-db-durability-bench","pigment_db","buffered","key_value","vector","ordinary_write","1","32","5","2","190912","100002221","1909077.599387","472","0"
"baseline-protocol-v4-20260807-155736","6d7edc7c29a60a94c59effeeb2b78d8b95038135","default-hasher:de0de3506157cdeb","rustc 1.97.0 (2d8144b78 2026-07-07)","x86_64-unknown-linux-gnu","Linux 7.0.11-76070011-generic x86_64","Intel(R) Core(TM) Ultra 7 155H","/dev/nvme0n1p3[/tmp] ext4   rw,nosuid,nodev,noatime,errors=remount-ro","/tmp/pigment-db-durability-bench","pigment_db","buffered","key_value","vector","ordinary_write","1","32","5","3","190784","100000398","1907832.406827","471","0"
"baseline-protocol-v4-20260807-155736","6d7edc7c29a60a94c59effeeb2b78d8b95038135","default-hasher:de0de3506157cdeb","rustc 1.97.0 (2d8144b78 2026-07-07)","x86_64-unknown-linux-gnu","Linux 7.0.11-76070011-generic x86_64","Intel(R) Core(TM) Ultra 7 155H","/dev/nvme0n1p3[/tmp] ext4   rw,nosuid,nodev,noatime,errors=remount-ro","/tmp/pigment-db-durability-bench","pigment_db","buffered","key_value","vector","ordinary_write","1","32","5","4","191872","100022685","1918284.837085","469","0"
"baseline-protocol-v4-20260807-155736","6d7edc7c29a60a94c59effeeb2b78d8b95038135","default-hasher:de0de3506157cdeb","rustc 1.97.0 (2d8144b78 2026-07-07)","x86_64-unknown-linux-gnu","Linux 7.0.11-76070011-generic x86_64","Intel(R) Core(TM) Ultra 7 155H","/dev/nvme0n1p3[/tmp] ext4   rw,nosuid,nodev,noatime,errors=remount-ro","/tmp/pigment-db-durability-bench","pigment_db","buffered","key_value","vector","ordinary_write","1","32","5","5","192832","100039554","1927557.573877","467","0"
"baseline-protocol-v4-20260807-155736","6d7edc7c29a60a94c59effeeb2b78d8b95038135","default-hasher:de0de3506157cdeb","rustc 1.97.0 (2d8144b78 2026-07-07)","x86_64-unknown-linux-gnu","Linux 7.0.11-76070011-generic x86_64","Intel(R) Core(TM) Ultra 7 155H","/dev/nvme0n1p3[/tmp] ext4   rw,nosuid,nodev,noatime,errors=remount-ro","/tmp/pigment-db-durability-bench","pigment_db","buffered","key_value","vector","ordinary_write","1","32","5","6","190400","100023221","1903557.974803","475","0"
"baseline-protocol-v4-20260807-155736","6d7edc7c29a60a94c59effeeb2b78d8b95038135","default-hasher:de0de3506157cdeb","rustc 1.97.0 (2d8144b78 2026-07-07)","x86_64-unknown-linux-gnu","Linux 7.0.11-76070011-generic x86_64","Intel(R) Core(TM) Ultra 7 155H","/dev/nvme0n1p3[/tmp] ext4   rw,nosuid,nodev,noatime,errors=remount-ro","/tmp/pigment-db-durability-bench","pigment_db","buffered","key_value","vector","ordinary_write","1","32","5","7","192192","100004453","1921834.420713","468","0"
"baseline-protocol-v4-20260807-155736","6d7edc7c29a60a94c59effeeb2b78d8b95038135","default-hasher:de0de3506157cdeb","rustc 1.97.0 (2d8144b78 2026-07-07)","x86_64-unknown-linux-gnu","Linux 7.0.11-76070011-generic x86_64","Intel(R) Core(TM) Ultra 7 155H","/dev/nvme0n1p3[/tmp] ext4   rw,nosuid,nodev,noatime,errors=remount-ro","/tmp/pigment-db-durability-bench","pigment_db","buffered","key_value","vector","ordinary_write","1","32","5","8","191936","100017349","1919027.067994","470","0"
"baseline-protocol-v4-20260807-155736","6d7edc7c29a60a94c59effeeb2b78d8b95038135","default-hasher:de0de3506157cdeb","rustc 1.97.0 (2d8144b78 2026-07-07)","x86_64-unknown-linux-gnu","Linux 7.0.11-76070011-generic x86_64","Intel(R) Core(TM) Ultra 7 155H","/dev/nvme0n1p3[/tmp] ext4   rw,nosuid,nodev,noatime,errors=remount-ro","/tmp/pigment-db-durability-bench","pigment_db","buffered","key_value","vector","ordinary_write","1","32","5","9","192128","100022959","1920838.994575","469","0"
"baseline-protocol-v4-20260807-155736","6d7edc7c29a60a94c59effeeb2b78d8b95038135","default-hasher:de0de3506157cdeb","rustc 1.97.0 (2d8144b78 2026-07-07)","x86_64-unknown-linux-gnu","Linux 7.0.11-76070011-generic x86_64","Intel(R) Core(TM) Ultra 7 155H","/dev/nvme0n1p3[/tmp] ext4   rw,nosuid,nodev,noatime,errors=remount-ro","/tmp/pigment-db-durability-bench","pigment_db","buffered","key_value","vector","ordinary_write","1","32","5","10","192064","100028173","1920099.050495","469","0"
"baseline-protocol-v4-20260807-155736","6d7edc7c29a60a94c59effeeb2b78d8b95038135","default-hasher:de0de3506157cdeb","rustc 1.97.0 (2d8144b78 2026-07-07)","x86_64-unknown-linux-gnu","Linux 7.0.11-76070011-generic x86_64","Intel(R) Core(TM) Ultra 7 155H","/dev/nvme0n1p3[/tmp] ext4   rw,nosuid,nodev,noatime,errors=remount-ro","/tmp/pigment-db-durability-bench","pigment_db","buffered","key_value","vector","ordinary_write","8","32","5","0","79360","100105173","792766.223979","23919","0"
"baseline-protocol-v4-20260807-155736","6d7edc7c29a60a94c59effeeb2b78d8b95038135","default-hasher:de0de3506157cdeb","rustc 1.97.0 (2d8144b78 2026-07-07)","x86_64-unknown-linux-gnu","Linux 7.0.11-76070011-generic x86_64","Intel(R) Core(TM) Ultra 7 155H","/dev/nvme0n1p3[/tmp] ext4   rw,nosuid,nodev,noatime,errors=remount-ro","/tmp/pigment-db-durability-bench","pigment_db","buffered","key_value","vector","ordinary_write","8","32","5","1","85504","100041127","854688.492264","25619","0"
"baseline-protocol-v4-20260807-155736","6d7edc7c29a60a94c59effeeb2b78d8b95038135","default-hasher:de0de3506157cdeb","rustc 1.97.0 (2d8144b78 2026-07-07)","x86_64-unknown-linux-gnu","Linux 7.0.11-76070011-generic x86_64","Intel(R) Core(TM) Ultra 7 155H","/dev/nvme0n1p3[/tmp] ext4   rw,nosuid,nodev,noatime,errors=remount-ro","/tmp/pigment-db-durability-bench","pigment_db","buffered","key_value","vector","ordinary_write","8","32","5","2","94208","100100243","941136.576462","16932","0"
"baseline-protocol-v4-20260807-155736","6d7edc7c29a60a94c59effeeb2b78d8b95038135","default-hasher:de0de3506157cdeb","rustc 1.97.0 (2d8144b78 2026-07-07)","x86_64-unknown-linux-gnu","Linux 7.0.11-76070011-generic x86_64","Intel(R) Core(TM) Ultra 7 155H","/dev/nvme0n1p3[/tmp] ext4   rw,nosuid,nodev,noatime,errors=remount-ro","/tmp/pigment-db-durability-bench","pigment_db","buffered","key_value","vector","ordinary_write","8","32","5","3","69120","100161136","690088.019768","22462","0"
"baseline-protocol-v4-20260807-155736","6d7edc7c29a60a94c59effeeb2b78d8b95038135","default-hasher:de0de3506157cdeb","rustc 1.97.0 (2d8144b78 2026-07-07)","x86_64-unknown-linux-gnu","Linux 7.0.11-76070011-generic x86_64","Intel(R) Core(TM) Ultra 7 155H","/dev/nvme0n1p3[/tmp] ext4   rw,nosuid,nodev,noatime,errors=remount-ro","/tmp/pigment-db-durability-bench","pigment_db","buffered","key_value","vector","ordinary_write","8","32","5","4","77312","100346589","770449.706068","13363","0"
"baseline-protocol-v4-20260807-155736","6d7edc7c29a60a94c59effeeb2b78d8b95038135","default-hasher:de0de3506157cdeb","rustc 1.97.0 (2d8144b78 2026-07-07)","x86_64-unknown-linux-gnu","Linux 7.0.11-76070011-generic x86_64","Intel(R) Core(TM) Ultra 7 155H","/dev/nvme0n1p3[/tmp] ext4   rw,nosuid,nodev,noatime,errors=remount-ro","/tmp/pigment-db-durability-bench","pigment_db","buffered","key_value","vector","ordinary_write","8","32","5","5","85504","100438746","851304.933656","15959","0"
"baseline-protocol-v4-20260807-155736","6d7edc7c29a60a94c59effeeb2b78d8b95038135","default-hasher:de0de3506157cdeb","rustc 1.97.0 (2d8144b78 2026-07-07)","x86_64-unknown-linux-gnu","Linux 7.0.11-76070011-generic x86_64","Intel(R) Core(TM) Ultra 7 155H","/dev/nvme0n1p3[/tmp] ext4   rw,nosuid,nodev,noatime,errors=remount-ro","/tmp/pigment-db-durability-bench","pigment_db","buffered","key_value","vector","ordinary_write","8","32","5","6","86016","100397611","856753.454024","16582","0"
"baseline-protocol-v4-20260807-155736","6d7edc7c29a60a94c59effeeb2b78d8b95038135","default-hasher:de0de3506157cdeb","rustc 1.97.0 (2d8144b78 2026-07-07)","x86_64-unknown-linux-gnu","Linux 7.0.11-76070011-generic x86_64","Intel(R) Core(TM) Ultra 7 155H","/dev/nvme0n1p3[/tmp] ext4   rw,nosuid,nodev,noatime,errors=remount-ro","/tmp/pigment-db-durability-bench","pigment_db","buffered","key_value","vector","ordinary_write","8","32","5","7","94208","100252310","939709.020171","16809","0"
"baseline-protocol-v4-20260807-155736","6d7edc7c29a60a94c59effeeb2b78d8b95038135","default-hasher:de0de3506157cdeb","rustc 1.97.0 (2d8144b78 2026-07-07)","x86_64-unknown-linux-gnu","Linux 7.0.11-76070011-generic x86_64","Intel(R) Core(TM) Ultra 7 155H","/dev/nvme0n1p3[/tmp] ext4   rw,nosuid,nodev,noatime,errors=remount-ro","/tmp/pigment-db-durability-bench","pigment_db","buffered","key_value","vector","ordinary_write","8","32","5","8","79872","100139196","797609.759120","24819","0"
"baseline-protocol-v4-20260807-155736","6d7edc7c29a60a94c59effeeb2b78d8b95038135","default-hasher:de0de3506157cdeb","rustc 1.97.0 (2d8144b78 2026-07-07)","x86_64-unknown-linux-gnu","Linux 7.0.11-76070011-generic x86_64","Intel(R) Core(TM) Ultra 7 155H","/dev/nvme0n1p3[/tmp] ext4   rw,nosuid,nodev,noatime,errors=remount-ro","/tmp/pigment-db-durability-bench","pigment_db","buffered","key_value","vector","ordinary_write","8","32","5","9","84992","100377731","846721.669770","19666","0"
"baseline-protocol-v4-20260807-155736","6d7edc7c29a60a94c59effeeb2b78d8b95038135","default-hasher:de0de3506157cdeb","rustc 1.97.0 (2d8144b78 2026-07-07)","x86_64-unknown-linux-gnu","Linux 7.0.11-76070011-generic x86_64","Intel(R) Core(TM) Ultra 7 155H","/dev/nvme0n1p3[/tmp] ext4   rw,nosuid,nodev,noatime,errors=remount-ro","/tmp/pigment-db-durability-bench","pigment_db","buffered","key_value","vector","ordinary_write","8","32","5","10","94208","100434764","938001.905396","19377","0"
"baseline-protocol-v4-20260807-155736","6d7edc7c29a60a94c59effeeb2b78d8b95038135","default-hasher:de0de3506157cdeb","rustc 1.97.0 (2d8144b78 2026-07-07)","x86_64-unknown-linux-gnu","Linux 7.0.11-76070011-generic x86_64","Intel(R) Core(TM) Ultra 7 155H","/dev/nvme0n1p3[/tmp] ext4   rw,nosuid,nodev,noatime,errors=remount-ro","/tmp/pigment-db-durability-bench","pigment_db","buffered","key_value","vector","successful_remove","1","32","5","0","162560","100018137","1625305.218393","572","0"
"baseline-protocol-v4-20260807-155736","6d7edc7c29a60a94c59effeeb2b78d8b95038135","default-hasher:de0de3506157cdeb","rustc 1.97.0 (2d8144b78 2026-07-07)","x86_64-unknown-linux-gnu","Linux 7.0.11-76070011-generic x86_64","Intel(R) Core(TM) Ultra 7 155H","/dev/nvme0n1p3[/tmp] ext4   rw,nosuid,nodev,noatime,errors=remount-ro","/tmp/pigment-db-durability-bench","pigment_db","buffered","key_value","vector","successful_remove","1","32","5","1","162304","100014322","1622807.581498","584","0"
"baseline-protocol-v4-20260807-155736","6d7edc7c29a60a94c59effeeb2b78d8b95038135","default-hasher:de0de3506157cdeb","rustc 1.97.0 (2d8144b78 2026-07-07)","x86_64-unknown-linux-gnu","Linux 7.0.11-76070011-generic x86_64","Intel(R) Core(TM) Ultra 7 155H","/dev/nvme0n1p3[/tmp] ext4   rw,nosuid,nodev,noatime,errors=remount-ro","/tmp/pigment-db-durability-bench","pigment_db","buffered","key_value","vector","successful_remove","1","32","5","2","147520","100017002","1474949.229132","569","0"
"baseline-protocol-v4-20260807-155736","6d7edc7c29a60a94c59effeeb2b78d8b95038135","default-hasher:de0de3506157cdeb","rustc 1.97.0 (2d8144b78 2026-07-07)","x86_64-unknown-linux-gnu","Linux 7.0.11-76070011-generic x86_64","Intel(R) Core(TM) Ultra 7 155H","/dev/nvme0n1p3[/tmp] ext4   rw,nosuid,nodev,noatime,errors=remount-ro","/tmp/pigment-db-durability-bench","pigment_db","buffered","key_value","vector","successful_remove","1","32","5","3","159296","100021064","1592624.529569","571","0"
"baseline-protocol-v4-20260807-155736","6d7edc7c29a60a94c59effeeb2b78d8b95038135","default-hasher:de0de3506157cdeb","rustc 1.97.0 (2d8144b78 2026-07-07)","x86_64-unknown-linux-gnu","Linux 7.0.11-76070011-generic x86_64","Intel(R) Core(TM) Ultra 7 155H","/dev/nvme0n1p3[/tmp] ext4   rw,nosuid,nodev,noatime,errors=remount-ro","/tmp/pigment-db-durability-bench","pigment_db","buffered","key_value","vector","successful_remove","1","32","5","4","159168","100038754","1591063.399290","578","0"
"baseline-protocol-v4-20260807-155736","6d7edc7c29a60a94c59effeeb2b78d8b95038135","default-hasher:de0de3506157cdeb","rustc 1.97.0 (2d8144b78 2026-07-07)","x86_64-unknown-linux-gnu","Linux 7.0.11-76070011-generic x86_64","Intel(R) Core(TM) Ultra 7 155H","/dev/nvme0n1p3[/tmp] ext4   rw,nosuid,nodev,noatime,errors=remount-ro","/tmp/pigment-db-durability-bench","pigment_db","buffered","key_value","vector","successful_remove","1","32","5","5","163648","100006511","1636373.455724","569","0"
"baseline-protocol-v4-20260807-155736","6d7edc7c29a60a94c59effeeb2b78d8b95038135","default-hasher:de0de3506157cdeb","rustc 1.97.0 (2d8144b78 2026-07-07)","x86_64-unknown-linux-gnu","Linux 7.0.11-76070011-generic x86_64","Intel(R) Core(TM) Ultra 7 155H","/dev/nvme0n1p3[/tmp] ext4   rw,nosuid,nodev,noatime,errors=remount-ro","/tmp/pigment-db-durability-bench","pigment_db","buffered","key_value","vector","successful_remove","1","32","5","6","160256","100034808","1602002.375013","572","0"
"baseline-protocol-v4-20260807-155736","6d7edc7c29a60a94c59effeeb2b78d8b95038135","default-hasher:de0de3506157cdeb","rustc 1.97.0 (2d8144b78 2026-07-07)","x86_64-unknown-linux-gnu","Linux 7.0.11-76070011-generic x86_64","Intel(R) Core(TM) Ultra 7 155H","/dev/nvme0n1p3[/tmp] ext4   rw,nosuid,nodev,noatime,errors=remount-ro","/tmp/pigment-db-durability-bench","pigment_db","buffered","key_value","vector","successful_remove","1","32","5","7","163840","100001246","1638379.585790","570","0"
"baseline-protocol-v4-20260807-155736","6d7edc7c29a60a94c59effeeb2b78d8b95038135","default-hasher:de0de3506157cdeb","rustc 1.97.0 (2d8144b78 2026-07-07)","x86_64-unknown-linux-gnu","Linux 7.0.11-76070011-generic x86_64","Intel(R) Core(TM) Ultra 7 155H","/dev/nvme0n1p3[/tmp] ext4   rw,nosuid,nodev,noatime,errors=remount-ro","/tmp/pigment-db-durability-bench","pigment_db","buffered","key_value","vector","successful_remove","1","32","5","8","163008","100027946","1629624.585113","568","0"
"baseline-protocol-v4-20260807-155736","6d7edc7c29a60a94c59effeeb2b78d8b95038135","default-hasher:de0de3506157cdeb","rustc 1.97.0 (2d8144b78 2026-07-07)","x86_64-unknown-linux-gnu","Linux 7.0.11-76070011-generic x86_64","Intel(R) Core(TM) Ultra 7 155H","/dev/nvme0n1p3[/tmp] ext4   rw,nosuid,nodev,noatime,errors=remount-ro","/tmp/pigment-db-durability-bench","pigment_db","buffered","key_value","vector","successful_remove","1","32","5","9","163520","100016920","1634923.370966","575","0"
"baseline-protocol-v4-20260807-155736","6d7edc7c29a60a94c59effeeb2b78d8b95038135","default-hasher:de0de3506157cdeb","rustc 1.97.0 (2d8144b78 2026-07-07)","x86_64-unknown-linux-gnu","Linux 7.0.11-76070011-generic x86_64","Intel(R) Core(TM) Ultra 7 155H","/dev/nvme0n1p3[/tmp] ext4   rw,nosuid,nodev,noatime,errors=remount-ro","/tmp/pigment-db-durability-bench","pigment_db","buffered","key_value","vector","successful_remove","1","32","5","10","163776","100015171","1637511.573119","568","0"
"baseline-protocol-v4-20260807-155736","6d7edc7c29a60a94c59effeeb2b78d8b95038135","default-hasher:de0de3506157cdeb","rustc 1.97.0 (2d8144b78 2026-07-07)","x86_64-unknown-linux-gnu","Linux 7.0.11-76070011-generic x86_64","Intel(R) Core(TM) Ultra 7 155H","/dev/nvme0n1p3[/tmp] ext4   rw,nosuid,nodev,noatime,errors=remount-ro","/tmp/pigment-db-durability-bench","pigment_db","buffered","key_value","vector","successful_remove","8","32","5","0","42496","103089465","412224.469300","17773","0"
"baseline-protocol-v4-20260807-155736","6d7edc7c29a60a94c59effeeb2b78d8b95038135","default-hasher:de0de3506157cdeb","rustc 1.97.0 (2d8144b78 2026-07-07)","x86_64-unknown-linux-gnu","Linux 7.0.11-76070011-generic x86_64","Intel(R) Core(TM) Ultra 7 155H","/dev/nvme0n1p3[/tmp] ext4   rw,nosuid,nodev,noatime,errors=remount-ro","/tmp/pigment-db-durability-bench","pigment_db","buffered","key_value","vector","successful_remove","8","32","5","1","41984","101060540","415434.154617","18077","0"
"baseline-protocol-v4-20260807-155736","6d7edc7c29a60a94c59effeeb2b78d8b95038135","default-hasher:de0de3506157cdeb","rustc 1.97.0 (2d8144b78 2026-07-07)","x86_64-unknown-linux-gnu","Linux 7.0.11-76070011-generic x86_64","Intel(R) Core(TM) Ultra 7 155H","/dev/nvme0n1p3[/tmp] ext4   rw,nosuid,nodev,noatime,errors=remount-ro","/tmp/pigment-db-durability-bench","pigment_db","buffered","key_value","vector","successful_remove","8","32","5","2","58368","100574412","580346.420519","18359","0"
"baseline-protocol-v4-20260807-155736","6d7edc7c29a60a94c59effeeb2b78d8b95038135","default-hasher:de0de3506157cdeb","rustc 1.97.0 (2d8144b78 2026-07-07)","x86_64-unknown-linux-gnu","Linux 7.0.11-76070011-generic x86_64","Intel(R) Core(TM) Ultra 7 155H","/dev/nvme0n1p3[/tmp] ext4   rw,nosuid,nodev,noatime,errors=remount-ro","/tmp/pigment-db-durability-bench","pigment_db","buffered","key_value","vector","successful_remove","8","32","5","3","33280","102547199","324533.486283","18146","0"
"baseline-protocol-v4-20260807-155736","6d7edc7c29a60a94c59effeeb2b78d8b95038135","default-hasher:de0de3506157cdeb","rustc 1.97.0 (2d8144b78 2026-07-07)","x86_64-unknown-linux-gnu","Linux 7.0.11-76070011-generic x86_64","Intel(R) Core(TM) Ultra 7 155H","/dev/nvme0n1p3[/tmp] ext4   rw,nosuid,nodev,noatime,errors=remount-ro","/tmp/pigment-db-durability-bench","pigment_db","buffered","key_value","vector","successful_remove","8","32","5","4","41984","100182366","419075.748321","17817","0"
"baseline-protocol-v4-20260807-155736","6d7edc7c29a60a94c59effeeb2b78d8b95038135","default-hasher:de0de3506157cdeb","rustc 1.97.0 (2d8144b78 2026-07-07)","x86_64-unknown-linux-gnu","Linux 7.0.11-76070011-generic x86_64","Intel(R) Core(TM) Ultra 7 155H","/dev/nvme0n1p3[/tmp] ext4   rw,nosuid,nodev,noatime,errors=remount-ro","/tmp/pigment-db-durability-bench","pigment_db","buffered","key_value","vector","successful_remove","8","32","5","5","46080","100146427","460126.250935","18332","0"
"baseline-protocol-v4-20260807-155736","6d7edc7c29a60a94c59effeeb2b78d8b95038135","default-hasher:de0de3506157cdeb","rustc 1.97.0 (2d8144b78 2026-07-07)","x86_64-unknown-linux-gnu","Linux 7.0.11-76070011-generic x86_64","Intel(R) Core(TM) Ultra 7 155H","/dev/nvme0n1p3[/tmp] ext4   rw,nosuid,nodev,noatime,errors=remount-ro","/tmp/pigment-db-durability-bench","pigment_db","buffered","key_value","vector","successful_remove","8","32","5","6","46592","101452437","459249.687615","18384","0"
"baseline-protocol-v4-20260807-155736","6d7edc7c29a60a94c59effeeb2b78d8b95038135","default-hasher:de0de3506157cdeb","rustc 1.97.0 (2d8144b78 2026-07-07)","x86_64-unknown-linux-gnu","Linux 7.0.11-76070011-generic x86_64","Intel(R) Core(TM) Ultra 7 155H","/dev/nvme0n1p3[/tmp] ext4   rw,nosuid,nodev,noatime,errors=remount-ro","/tmp/pigment-db-durability-bench","pigment_db","buffered","key_value","vector","successful_remove","8","32","5","7","29184","101014548","288908.880729","17411","0"
"baseline-protocol-v4-20260807-155736","6d7edc7c29a60a94c59effeeb2b78d8b95038135","default-hasher:de0de3506157cdeb","rustc 1.97.0 (2d8144b78 2026-07-07)","x86_64-unknown-linux-gnu","Linux 7.0.11-76070011-generic x86_64","Intel(R) Core(TM) Ultra 7 155H","/dev/nvme0n1p3[/tmp] ext4   rw,nosuid,nodev,noatime,errors=remount-ro","/tmp/pigment-db-durability-bench","pigment_db","buffered","key_value","vector","successful_remove","8","32","5","8","52736","100285345","525859.486249","18562","0"
"baseline-protocol-v4-20260807-155736","6d7edc7c29a60a94c59effeeb2b78d8b95038135","default-hasher:de0de3506157cdeb","rustc 1.97.0 (2d8144b78 2026-07-07)","x86_64-unknown-linux-gnu","Linux 7.0.11-76070011-generic x86_64","Intel(R) Core(TM) Ultra 7 155H","/dev/nvme0n1p3[/tmp] ext4   rw,nosuid,nodev,noatime,errors=remount-ro","/tmp/pigment-db-durability-bench","pigment_db","buffered","key_value","vector","successful_remove","8","32","5","9","31232","100535773","310655.591219","16639","0"
"baseline-protocol-v4-20260807-155736","6d7edc7c29a60a94c59effeeb2b78d8b95038135","default-hasher:de0de3506157cdeb","rustc 1.97.0 (2d8144b78 2026-07-07)","x86_64-unknown-linux-gnu","Linux 7.0.11-76070011-generic x86_64","Intel(R) Core(TM) Ultra 7 155H","/dev/nvme0n1p3[/tmp] ext4   rw,nosuid,nodev,noatime,errors=remount-ro","/tmp/pigment-db-durability-bench","pigment_db","buffered","key_value","vector","successful_remove","8","32","5","10","14848","101343264","146511.957618","12114","0"
"baseline-protocol-v4-20260807-155736","6d7edc7c29a60a94c59effeeb2b78d8b95038135","default-hasher:de0de3506157cdeb","rustc 1.97.0 (2d8144b78 2026-07-07)","x86_64-unknown-linux-gnu","Linux 7.0.11-76070011-generic x86_64","Intel(R) Core(TM) Ultra 7 155H","/dev/nvme0n1p3[/tmp] ext4   rw,nosuid,nodev,noatime,errors=remount-ro","/tmp/pigment-db-durability-bench","pigment_db","buffered","key_value","vector","minimal_callback","1","32","5","0","175424","100000518","1754230.913084","506","0"
"baseline-protocol-v4-20260807-155736","6d7edc7c29a60a94c59effeeb2b78d8b95038135","default-hasher:de0de3506157cdeb","rustc 1.97.0 (2d8144b78 2026-07-07)","x86_64-unknown-linux-gnu","Linux 7.0.11-76070011-generic x86_64","Intel(R) Core(TM) Ultra 7 155H","/dev/nvme0n1p3[/tmp] ext4   rw,nosuid,nodev,noatime,errors=remount-ro","/tmp/pigment-db-durability-bench","pigment_db","buffered","key_value","vector","minimal_callback","1","32","5","1","173568","100013330","1735448.664693","513","0"
"baseline-protocol-v4-20260807-155736","6d7edc7c29a60a94c59effeeb2b78d8b95038135","default-hasher:de0de3506157cdeb","rustc 1.97.0 (2d8144b78 2026-07-07)","x86_64-unknown-linux-gnu","Linux 7.0.11-76070011-generic x86_64","Intel(R) Core(TM) Ultra 7 155H","/dev/nvme0n1p3[/tmp] ext4   rw,nosuid,nodev,noatime,errors=remount-ro","/tmp/pigment-db-durability-bench","pigment_db","buffered","key_value","vector","minimal_callback","1","32","5","2","175040","100023803","1749983.451439","517","0"
"baseline-protocol-v4-20260807-155736","6d7edc7c29a60a94c59effeeb2b78d8b95038135","default-hasher:de0de3506157cdeb","rustc 1.97.0 (2d8144b78 2026-07-07)","x86_64-unknown-linux-gnu","Linux 7.0.11-76070011-generic x86_64","Intel(R) Core(TM) Ultra 7 155H","/dev/nvme0n1p3[/tmp] ext4   rw,nosuid,nodev,noatime,errors=remount-ro","/tmp/pigment-db-durability-bench","pigment_db","buffered","key_value","vector","minimal_callback","1","32","5","3","175040","100024646","1749968.702714","505","0"
"baseline-protocol-v4-20260807-155736","6d7edc7c29a60a94c59effeeb2b78d8b95038135","default-hasher:de0de3506157cdeb","rustc 1.97.0 (2d8144b78 2026-07-07)","x86_64-unknown-linux-gnu","Linux 7.0.11-76070011-generic x86_64","Intel(R) Core(TM) Ultra 7 155H","/dev/nvme0n1p3[/tmp] ext4   rw,nosuid,nodev,noatime,errors=remount-ro","/tmp/pigment-db-durability-bench","pigment_db","buffered","key_value","vector","minimal_callback","1","32","5","4","175360","100019302","1753261.585449","504","0"
"baseline-protocol-v4-20260807-155736","6d7edc7c29a60a94c59effeeb2b78d8b95038135","default-hasher:de0de3506157cdeb","rustc 1.97.0 (2d8144b78 2026-07-07)","x86_64-unknown-linux-gnu","Linux 7.0.11-76070011-generic x86_64","Intel(R) Core(TM) Ultra 7 155H","/dev/nvme0n1p3[/tmp] ext4   rw,nosuid,nodev,noatime,errors=remount-ro","/tmp/pigment-db-durability-bench","pigment_db","buffered","key_value","vector","minimal_callback","1","32","5","5","174784","100000594","1747829.617892","507","0"
"baseline-protocol-v4-20260807-155736","6d7edc7c29a60a94c59effeeb2b78d8b95038135","default-hasher:de0de3506157cdeb","rustc 1.97.0 (2d8144b78 2026-07-07)","x86_64-unknown-linux-gnu","Linux 7.0.11-76070011-generic x86_64","Intel(R) Core(TM) Ultra 7 155H","/dev/nvme0n1p3[/tmp] ext4   rw,nosuid,nodev,noatime,errors=remount-ro","/tmp/pigment-db-durability-bench","pigment_db","buffered","key_value","vector","minimal_callback","1","32","5","6","174528","100025525","1744834.630960","511","0"
"baseline-protocol-v4-20260807-155736","6d7edc7c29a60a94c59effeeb2b78d8b95038135","default-hasher:de0de3506157cdeb","rustc 1.97.0 (2d8144b78 2026-07-07)","x86_64-unknown-linux-gnu","Linux 7.0.11-76070011-generic x86_64","Intel(R) Core(TM) Ultra 7 155H","/dev/nvme0n1p3[/tmp] ext4   rw,nosuid,nodev,noatime,errors=remount-ro","/tmp/pigment-db-durability-bench","pigment_db","buffered","key_value","vector","minimal_callback","1","32","5","7","172992","100019104","1729589.579207","526","0"
"baseline-protocol-v4-20260807-155736","6d7edc7c29a60a94c59effeeb2b78d8b95038135","default-hasher:de0de3506157cdeb","rustc 1.97.0 (2d8144b78 2026-07-07)","x86_64-unknown-linux-gnu","Linux 7.0.11-76070011-generic x86_64","Intel(R) Core(TM) Ultra 7 155H","/dev/nvme0n1p3[/tmp] ext4   rw,nosuid,nodev,noatime,errors=remount-ro","/tmp/pigment-db-durability-bench","pigment_db","buffered","key_value","vector","minimal_callback","1","32","5","8","174016","100013484","1739925.388461","514","0"
"baseline-protocol-v4-20260807-155736","6d7edc7c29a60a94c59effeeb2b78d8b95038135","default-hasher:de0de3506157cdeb","rustc 1.97.0 (2d8144b78 2026-07-07)","x86_64-unknown-linux-gnu","Linux 7.0.11-76070011-generic x86_64","Intel(R) Core(TM) Ultra 7 155H","/dev/nvme0n1p3[/tmp] ext4   rw,nosuid,nodev,noatime,errors=remount-ro","/tmp/pigment-db-durability-bench","pigment_db","buffered","key_value","vector","minimal_callback","1","32","5","9","174464","100019818","1744294.315753","512","0"
"baseline-protocol-v4-20260807-155736","6d7edc7c29a60a94c59effeeb2b78d8b95038135","default-hasher:de0de3506157cdeb","rustc 1.97.0 (2d8144b78 2026-07-07)","x86_64-unknown-linux-gnu","Linux 7.0.11-76070011-generic x86_64","Intel(R) Core(TM) Ultra 7 155H","/dev/nvme0n1p3[/tmp] ext4   rw,nosuid,nodev,noatime,errors=remount-ro","/tmp/pigment-db-durability-bench","pigment_db","buffered","key_value","vector","minimal_callback","1","32","5","10","178240","100009826","1782224.878583","496","0"
"baseline-protocol-v4-20260807-155736","6d7edc7c29a60a94c59effeeb2b78d8b95038135","default-hasher:de0de3506157cdeb","rustc 1.97.0 (2d8144b78 2026-07-07)","x86_64-unknown-linux-gnu","Linux 7.0.11-76070011-generic x86_64","Intel(R) Core(TM) Ultra 7 155H","/dev/nvme0n1p3[/tmp] ext4   rw,nosuid,nodev,noatime,errors=remount-ro","/tmp/pigment-db-durability-bench","pigment_db","buffered","key_value","vector","minimal_callback","8","32","5","0","93184","100820463","924256.814810","19539","0"
"baseline-protocol-v4-20260807-155736","6d7edc7c29a60a94c59effeeb2b78d8b95038135","default-hasher:de0de3506157cdeb","rustc 1.97.0 (2d8144b78 2026-07-07)","x86_64-unknown-linux-gnu","Linux 7.0.11-76070011-generic x86_64","Intel(R) Core(TM) Ultra 7 155H","/dev/nvme0n1p3[/tmp] ext4   rw,nosuid,nodev,noatime,errors=remount-ro","/tmp/pigment-db-durability-bench","pigment_db","buffered","key_value","vector","minimal_callback","8","32","5","1","91648","100219574","914472.057125","17601","0"
"baseline-protocol-v4-20260807-155736","6d7edc7c29a60a94c59effeeb2b78d8b95038135","default-hasher:de0de3506157cdeb","rustc 1.97.0 (2d8144b78 2026-07-07)","x86_64-unknown-linux-gnu","Linux 7.0.11-76070011-generic x86_64","Intel(R) Core(TM) Ultra 7 155H","/dev/nvme0n1p3[/tmp] ext4   rw,nosuid,nodev,noatime,errors=remount-ro","/tmp/pigment-db-durability-bench","pigment_db","buffered","key_value","vector","minimal_callback","8","32","5","2","96256","100047934","962098.827548","13906","0"
"baseline-protocol-v4-20260807-155736","6d7edc7c29a60a94c59effeeb2b78d8b95038135","default-hasher:de0de3506157cdeb","rustc 1.97.0 (2d8144b78 2026-07-07)","x86_64-unknown-linux-gnu","Linux 7.0.11-76070011-generic x86_64","Intel(R) Core(TM) Ultra 7 155H","/dev/nvme0n1p3[/tmp] ext4   rw,nosuid,nodev,noatime,errors=remount-ro","/tmp/pigment-db-durability-bench","pigment_db","buffered","key_value","vector","minimal_callback","8","32","5","3","86016","100347911","857177.784199","18394","0"
"baseline-protocol-v4-20260807-155736","6d7edc7c29a60a94c59effeeb2b78d8b95038135","default-hasher:de0de3506157cdeb","rustc 1.97.0 (2d8144b78 2026-07-07)","x86_64-unknown-linux-gnu","Linux 7.0.11-76070011-generic x86_64","Intel(R) Core(TM) Ultra 7 155H","/dev/nvme0n1p3[/tmp] ext4   rw,nosuid,nodev,noatime,errors=remount-ro","/tmp/pigment-db-durability-bench","pigment_db","buffered","key_value","vector","minimal_callback","8","32","5","4","88576","100448087","881808.729717","16019","0"
"baseline-protocol-v4-20260807-155736","6d7edc7c29a60a94c59effeeb2b78d8b95038135","default-hasher:de0de3506157cdeb","rustc 1.97.0 (2d8144b78 2026-07-07)","x86_64-unknown-linux-gnu","Linux 7.0.11-76070011-generic x86_64","Intel(R) Core(TM) Ultra 7 155H","/dev/nvme0n1p3[/tmp] ext4   rw,nosuid,nodev,noatime,errors=remount-ro","/tmp/pigment-db-durability-bench","pigment_db","buffered","key_value","vector","minimal_callback","8","32","5","5","93696","100276079","934380.372013","17671","0"
"baseline-protocol-v4-20260807-155736","6d7edc7c29a60a94c59effeeb2b78d8b95038135","default-hasher:de0de3506157cdeb","rustc 1.97.0 (2d8144b78 2026-07-07)","x86_64-unknown-linux-gnu","Linux 7.0.11-76070011-generic x86_64","Intel(R) Core(TM) Ultra 7 155H","/dev/nvme0n1p3[/tmp] ext4   rw,nosuid,nodev,noatime,errors=remount-ro","/tmp/pigment-db-durability-bench","pigment_db","buffered","key_value","vector","minimal_callback","8","32","5","6","95232","100412445","948408.337233","18732","0"
"baseline-protocol-v4-20260807-155736","6d7edc7c29a60a94c59effeeb2b78d8b95038135","default-hasher:de0de3506157cdeb","rustc 1.97.0 (2d8144b78 2026-07-07)","x86_64-unknown-linux-gnu","Linux 7.0.11-76070011-generic x86_64","Intel(R) Core(TM) Ultra 7 155H","/dev/nvme0n1p3[/tmp] ext4   rw,nosuid,nodev,noatime,errors=remount-ro","/tmp/pigment-db-durability-bench","pigment_db","buffered","key_value","vector","minimal_callback","8","32","5","7","99840","102285424","976092.155613","18522","0"
"baseline-protocol-v4-20260807-155736","6d7edc7c29a60a94c59effeeb2b78d8b95038135","default-hasher:de0de3506157cdeb","rustc 1.97.0 (2d8144b78 2026-07-07)","x86_64-unknown-linux-gnu","Linux 7.0.11-76070011-generic x86_64","Intel(R) Core(TM) Ultra 7 155H","/dev/nvme0n1p3[/tmp] ext4   rw,nosuid,nodev,noatime,errors=remount-ro","/tmp/pigment-db-durability-bench","pigment_db","buffered","key_value","vector","minimal_callback","8","32","5","8","91136","100184038","909685.832388","17302","0"
"baseline-protocol-v4-20260807-155736","6d7edc7c29a60a94c59effeeb2b78d8b95038135","default-hasher:de0de3506157cdeb","rustc 1.97.0 (2d8144b78 2026-07-07)","x86_64-unknown-linux-gnu","Linux 7.0.11-76070011-generic x86_64","Intel(R) Core(TM) Ultra 7 155H","/dev/nvme0n1p3[/tmp] ext4   rw,nosuid,nodev,noatime,errors=remount-ro","/tmp/pigment-db-durability-bench","pigment_db","buffered","key_value","vector","minimal_callback","8","32","5","9","94208","100118315","940966.695255","19290","0"
"baseline-protocol-v4-20260807-155736","6d7edc7c29a60a94c59effeeb2b78d8b95038135","default-hasher:de0de3506157cdeb","rustc 1.97.0 (2d8144b78 2026-07-07)","x86_64-unknown-linux-gnu","Linux 7.0.11-76070011-generic x86_64","Intel(R) Core(TM) Ultra 7 155H","/dev/nvme0n1p3[/tmp] ext4   rw,nosuid,nodev,noatime,errors=remount-ro","/tmp/pigment-db-durability-bench","pigment_db","buffered","key_value","vector","minimal_callback","8","32","5","10","98816","100309414","985111.925786","18442","0"
"baseline-protocol-v4-20260807-155736","6d7edc7c29a60a94c59effeeb2b78d8b95038135","default-hasher:de0de3506157cdeb","rustc 1.97.0 (2d8144b78 2026-07-07)","x86_64-unknown-linux-gnu","Linux 7.0.11-76070011-generic x86_64","Intel(R) Core(TM) Ultra 7 155H","/dev/nvme0n1p3[/tmp] ext4   rw,nosuid,nodev,noatime,errors=remount-ro","/tmp/pigment-db-durability-bench","pigment_db","buffered","key_value","file","ordinary_write","1","32","5","0","40512","100020506","405036.943124","2640","0"
"baseline-protocol-v4-20260807-155736","6d7edc7c29a60a94c59effeeb2b78d8b95038135","default-hasher:de0de3506157cdeb","rustc 1.97.0 (2d8144b78 2026-07-07)","x86_64-unknown-linux-gnu","Linux 7.0.11-76070011-generic x86_64","Intel(R) Core(TM) Ultra 7 155H","/dev/nvme0n1p3[/tmp] ext4   rw,nosuid,nodev,noatime,errors=remount-ro","/tmp/pigment-db-durability-bench","pigment_db","buffered","key_value","file","ordinary_write","1","32","5","1","40512","100080347","404794.759555","2636","0"
"baseline-protocol-v4-20260807-155736","6d7edc7c29a60a94c59effeeb2b78d8b95038135","default-hasher:de0de3506157cdeb","rustc 1.97.0 (2d8144b78 2026-07-07)","x86_64-unknown-linux-gnu","Linux 7.0.11-76070011-generic x86_64","Intel(R) Core(TM) Ultra 7 155H","/dev/nvme0n1p3[/tmp] ext4   rw,nosuid,nodev,noatime,errors=remount-ro","/tmp/pigment-db-durability-bench","pigment_db","buffered","key_value","file","ordinary_write","1","32","5","2","41024","100117730","409757.592386","2577","0"
"baseline-protocol-v4-20260807-155736","6d7edc7c29a60a94c59effeeb2b78d8b95038135","default-hasher:de0de3506157cdeb","rustc 1.97.0 (2d8144b78 2026-07-07)","x86_64-unknown-linux-gnu","Linux 7.0.11-76070011-generic x86_64","Intel(R) Core(TM) Ultra 7 155H","/dev/nvme0n1p3[/tmp] ext4   rw,nosuid,nodev,noatime,errors=remount-ro","/tmp/pigment-db-durability-bench","pigment_db","buffered","key_value","file","ordinary_write","1","32","5","3","41216","100149049","411546.593917","2594","0"
"baseline-protocol-v4-20260807-155736","6d7edc7c29a60a94c59effeeb2b78d8b95038135","default-hasher:de0de3506157cdeb","rustc 1.97.0 (2d8144b78 2026-07-07)","x86_64-unknown-linux-gnu","Linux 7.0.11-76070011-generic x86_64","Intel(R) Core(TM) Ultra 7 155H","/dev/nvme0n1p3[/tmp] ext4   rw,nosuid,nodev,noatime,errors=remount-ro","/tmp/pigment-db-durability-bench","pigment_db","buffered","key_value","file","ordinary_write","1","32","5","4","40832","100065582","408052.391081","2704","0"
"baseline-protocol-v4-20260807-155736","6d7edc7c29a60a94c59effeeb2b78d8b95038135","default-hasher:de0de3506157cdeb","rustc 1.97.0 (2d8144b78 2026-07-07)","x86_64-unknown-linux-gnu","Linux 7.0.11-76070011-generic x86_64","Intel(R) Core(TM) Ultra 7 155H","/dev/nvme0n1p3[/tmp] ext4   rw,nosuid,nodev,noatime,errors=remount-ro","/tmp/pigment-db-durability-bench","pigment_db","buffered","key_value","file","ordinary_write","1","32","5","5","40896","100014724","408899.793594","2555","0"
"baseline-protocol-v4-20260807-155736","6d7edc7c29a60a94c59effeeb2b78d8b95038135","default-hasher:de0de3506157cdeb","rustc 1.97.0 (2d8144b78 2026-07-07)","x86_64-unknown-linux-gnu","Linux 7.0.11-76070011-generic x86_64","Intel(R) Core(TM) Ultra 7 155H","/dev/nvme0n1p3[/tmp] ext4   rw,nosuid,nodev,noatime,errors=remount-ro","/tmp/pigment-db-durability-bench","pigment_db","buffered","key_value","file","ordinary_write","1","32","5","6","40896","100002248","408950.806786","2737","0"
"baseline-protocol-v4-20260807-155736","6d7edc7c29a60a94c59effeeb2b78d8b95038135","default-hasher:de0de3506157cdeb","rustc 1.97.0 (2d8144b78 2026-07-07)","x86_64-unknown-linux-gnu","Linux 7.0.11-76070011-generic x86_64","Intel(R) Core(TM) Ultra 7 155H","/dev/nvme0n1p3[/tmp] ext4   rw,nosuid,nodev,noatime,errors=remount-ro","/tmp/pigment-db-durability-bench","pigment_db","buffered","key_value","file","ordinary_write","1","32","5","7","41280","100025460","412694.927871","2536","0"
"baseline-protocol-v4-20260807-155736","6d7edc7c29a60a94c59effeeb2b78d8b95038135","default-hasher:de0de3506157cdeb","rustc 1.97.0 (2d8144b78 2026-07-07)","x86_64-unknown-linux-gnu","Linux 7.0.11-76070011-generic x86_64","Intel(R) Core(TM) Ultra 7 155H","/dev/nvme0n1p3[/tmp] ext4   rw,nosuid,nodev,noatime,errors=remount-ro","/tmp/pigment-db-durability-bench","pigment_db","buffered","key_value","file","ordinary_write","1","32","5","8","40512","100088269","404762.719995","2671","0"
"baseline-protocol-v4-20260807-155736","6d7edc7c29a60a94c59effeeb2b78d8b95038135","default-hasher:de0de3506157cdeb","rustc 1.97.0 (2d8144b78 2026-07-07)","x86_64-unknown-linux-gnu","Linux 7.0.11-76070011-generic x86_64","Intel(R) Core(TM) Ultra 7 155H","/dev/nvme0n1p3[/tmp] ext4   rw,nosuid,nodev,noatime,errors=remount-ro","/tmp/pigment-db-durability-bench","pigment_db","buffered","key_value","file","ordinary_write","1","32","5","9","41152","100073328","411218.461726","2646","0"
"baseline-protocol-v4-20260807-155736","6d7edc7c29a60a94c59effeeb2b78d8b95038135","default-hasher:de0de3506157cdeb","rustc 1.97.0 (2d8144b78 2026-07-07)","x86_64-unknown-linux-gnu","Linux 7.0.11-76070011-generic x86_64","Intel(R) Core(TM) Ultra 7 155H","/dev/nvme0n1p3[/tmp] ext4   rw,nosuid,nodev,noatime,errors=remount-ro","/tmp/pigment-db-durability-bench","pigment_db","buffered","key_value","file","ordinary_write","1","32","5","10","41024","100052361","410025.306649","2631","0"
"baseline-protocol-v4-20260807-155736","6d7edc7c29a60a94c59effeeb2b78d8b95038135","default-hasher:de0de3506157cdeb","rustc 1.97.0 (2d8144b78 2026-07-07)","x86_64-unknown-linux-gnu","Linux 7.0.11-76070011-generic x86_64","Intel(R) Core(TM) Ultra 7 155H","/dev/nvme0n1p3[/tmp] ext4   rw,nosuid,nodev,noatime,errors=remount-ro","/tmp/pigment-db-durability-bench","pigment_db","buffered","key_value","file","ordinary_write","8","32","5","0","17408","101952774","170745.721936","110134","0"
"baseline-protocol-v4-20260807-155736","6d7edc7c29a60a94c59effeeb2b78d8b95038135","default-hasher:de0de3506157cdeb","rustc 1.97.0 (2d8144b78 2026-07-07)","x86_64-unknown-linux-gnu","Linux 7.0.11-76070011-generic x86_64","Intel(R) Core(TM) Ultra 7 155H","/dev/nvme0n1p3[/tmp] ext4   rw,nosuid,nodev,noatime,errors=remount-ro","/tmp/pigment-db-durability-bench","pigment_db","buffered","key_value","file","ordinary_write","8","32","5","1","19968","101785731","196176.809891","114675","0"
"baseline-protocol-v4-20260807-155736","6d7edc7c29a60a94c59effeeb2b78d8b95038135","default-hasher:de0de3506157cdeb","rustc 1.97.0 (2d8144b78 2026-07-07)","x86_64-unknown-linux-gnu","Linux 7.0.11-76070011-generic x86_64","Intel(R) Core(TM) Ultra 7 155H","/dev/nvme0n1p3[/tmp] ext4   rw,nosuid,nodev,noatime,errors=remount-ro","/tmp/pigment-db-durability-bench","pigment_db","buffered","key_value","file","ordinary_write","8","32","5","2","15872","102305048","155143.859568","104592","0"
"baseline-protocol-v4-20260807-155736","6d7edc7c29a60a94c59effeeb2b78d8b95038135","default-hasher:de0de3506157cdeb","rustc 1.97.0 (2d8144b78 2026-07-07)","x86_64-unknown-linux-gnu","Linux 7.0.11-76070011-generic x86_64","Intel(R) Core(TM) Ultra 7 155H","/dev/nvme0n1p3[/tmp] ext4   rw,nosuid,nodev,noatime,errors=remount-ro","/tmp/pigment-db-durability-bench","pigment_db","buffered","key_value","file","ordinary_write","8","32","5","3","20992","101802262","206203.669620","117205","0"
"baseline-protocol-v4-20260807-155736","6d7edc7c29a60a94c59effeeb2b78d8b95038135","default-hasher:de0de3506157cdeb","rustc 1.97.0 (2d8144b78 2026-07-07)","x86_64-unknown-linux-gnu","Linux 7.0.11-76070011-generic x86_64","Intel(R) Core(TM) Ultra 7 155H","/dev/nvme0n1p3[/tmp] ext4   rw,nosuid,nodev,noatime,errors=remount-ro","/tmp/pigment-db-durability-bench","pigment_db","buffered","key_value","file","ordinary_write","8","32","5","4","18944","102088469","185564.542064","104782","0"
"baseline-protocol-v4-20260807-155736","6d7edc7c29a60a94c59effeeb2b78d8b95038135","default-hasher:de0de3506157cdeb","rustc 1.97.0 (2d8144b78 2026-07-07)","x86_64-unknown-linux-gnu","Linux 7.0.11-76070011-generic x86_64","Intel(R) Core(TM) Ultra 7 155H","/dev/nvme0n1p3[/tmp] ext4   rw,nosuid,nodev,noatime,errors=remount-ro","/tmp/pigment-db-durability-bench","pigment_db","buffered","key_value","file","ordinary_write","8","32","5","5","22016","100441745","219191.731486","97259","0"
"baseline-protocol-v4-20260807-155736","6d7edc7c29a60a94c59effeeb2b78d8b95038135","default-hasher:de0de3506157cdeb","rustc 1.97.0 (2d8144b78 2026-07-07)","x86_64-unknown-linux-gnu","Linux 7.0.11-76070011-generic x86_64","Intel(R) Core(TM) Ultra 7 155H","/dev/nvme0n1p3[/tmp] ext4   rw,nosuid,nodev,noatime,errors=remount-ro","/tmp/pigment-db-durability-bench","pigment_db","buffered","key_value","file","ordinary_write","8","32","5","6","20480","100510108","203760.600874","112186","0"
"baseline-protocol-v4-20260807-155736","6d7edc7c29a60a94c59effeeb2b78d8b95038135","default-hasher:de0de3506157cdeb","rustc 1.97.0 (2d8144b78 2026-07-07)","x86_64-unknown-linux-gnu","Linux 7.0.11-76070011-generic x86_64","Intel(R) Core(TM) Ultra 7 155H","/dev/nvme0n1p3[/tmp] ext4   rw,nosuid,nodev,noatime,errors=remount-ro","/tmp/pigment-db-durability-bench","pigment_db","buffered","key_value","file","ordinary_write","8","32","5","7","20480","100933172","202906.533047","106619","0"
"baseline-protocol-v4-20260807-155736","6d7edc7c29a60a94c59effeeb2b78d8b95038135","default-hasher:de0de3506157cdeb","rustc 1.97.0 (2d8144b78 2026-07-07)","x86_64-unknown-linux-gnu","Linux 7.0.11-76070011-generic x86_64","Intel(R) Core(TM) Ultra 7 155H","/dev/nvme0n1p3[/tmp] ext4   rw,nosuid,nodev,noatime,errors=remount-ro","/tmp/pigment-db-durability-bench","pigment_db","buffered","key_value","file","ordinary_write","8","32","5","8","19968","100543057","198601.480757","94961","0"
"baseline-protocol-v4-20260807-155736","6d7edc7c29a60a94c59effeeb2b78d8b95038135","default-hasher:de0de3506157cdeb","rustc 1.97.0 (2d8144b78 2026-07-07)","x86_64-unknown-linux-gnu","Linux 7.0.11-76070011-generic x86_64","Intel(R) Core(TM) Ultra 7 155H","/dev/nvme0n1p3[/tmp] ext4   rw,nosuid,nodev,noatime,errors=remount-ro","/tmp/pigment-db-durability-bench","pigment_db","buffered","key_value","file","ordinary_write","8","32","5","9","17920","100978662","177463.234757","116570","0"
"baseline-protocol-v4-20260807-155736","6d7edc7c29a60a94c59effeeb2b78d8b95038135","default-hasher:de0de3506157cdeb","rustc 1.97.0 (2d8144b78 2026-07-07)","x86_64-unknown-linux-gnu","Linux 7.0.11-76070011-generic x86_64","Intel(R) Core(TM) Ultra 7 155H","/dev/nvme0n1p3[/tmp] ext4   rw,nosuid,nodev,noatime,errors=remount-ro","/tmp/pigment-db-durability-bench","pigment_db","buffered","key_value","file","ordinary_write","8","32","5","10","20480","102326059","200144.520371","107965","0"
"baseline-protocol-v4-20260807-155736","6d7edc7c29a60a94c59effeeb2b78d8b95038135","default-hasher:de0de3506157cdeb","rustc 1.97.0 (2d8144b78 2026-07-07)","x86_64-unknown-linux-gnu","Linux 7.0.11-76070011-generic x86_64","Intel(R) Core(TM) Ultra 7 155H","/dev/nvme0n1p3[/tmp] ext4   rw,nosuid,nodev,noatime,errors=remount-ro","/tmp/pigment-db-durability-bench","pigment_db","buffered","key_value","file","successful_remove","1","32","5","0","44096","100164447","440236.045031","2372","0"
"baseline-protocol-v4-20260807-155736","6d7edc7c29a60a94c59effeeb2b78d8b95038135","default-hasher:de0de3506157cdeb","rustc 1.97.0 (2d8144b78 2026-07-07)","x86_64-unknown-linux-gnu","Linux 7.0.11-76070011-generic x86_64","Intel(R) Core(TM) Ultra 7 155H","/dev/nvme0n1p3[/tmp] ext4   rw,nosuid,nodev,noatime,errors=remount-ro","/tmp/pigment-db-durability-bench","pigment_db","buffered","key_value","file","successful_remove","1","32","5","1","44544","100004183","445421.368024","2316","0"
"baseline-protocol-v4-20260807-155736","6d7edc7c29a60a94c59effeeb2b78d8b95038135","default-hasher:de0de3506157cdeb","rustc 1.97.0 (2d8144b78 2026-07-07)","x86_64-unknown-linux-gnu","Linux 7.0.11-76070011-generic x86_64","Intel(R) Core(TM) Ultra 7 155H","/dev/nvme0n1p3[/tmp] ext4   rw,nosuid,nodev,noatime,errors=remount-ro","/tmp/pigment-db-durability-bench","pigment_db","buffered","key_value","file","successful_remove","1","32","5","2","44352","100085272","443142.123848","2342","0"
"baseline-protocol-v4-20260807-155736","6d7edc7c29a60a94c59effeeb2b78d8b95038135","default-hasher:de0de3506157cdeb","rustc 1.97.0 (2d8144b78 2026-07-07)","x86_64-unknown-linux-gnu","Linux 7.0.11-76070011-generic x86_64","Intel(R) Core(TM) Ultra 7 155H","/dev/nvme0n1p3[/tmp] ext4   rw,nosuid,nodev,noatime,errors=remount-ro","/tmp/pigment-db-durability-bench","pigment_db","buffered","key_value","file","successful_remove","1","32","5","3","44224","100002183","442230.346112","2355","0"
"baseline-protocol-v4-20260807-155736","6d7edc7c29a60a94c59effeeb2b78d8b95038135","default-hasher:de0de3506157cdeb","rustc 1.97.0 (2d8144b78 2026-07-07)","x86_64-unknown-linux-gnu","Linux 7.0.11-76070011-generic x86_64","Intel(R) Core(TM) Ultra 7 155H","/dev/nvme0n1p3[/tmp] ext4   rw,nosuid,nodev,noatime,errors=remount-ro","/tmp/pigment-db-durability-bench","pigment_db","buffered","key_value","file","successful_remove","1","32","5","4","44608","100011112","446030.437098","2331","0"
"baseline-protocol-v4-20260807-155736","6d7edc7c29a60a94c59effeeb2b78d8b95038135","default-hasher:de0de3506157cdeb","rustc 1.97.0 (2d8144b78 2026-07-07)","x86_64-unknown-linux-gnu","Linux 7.0.11-76070011-generic x86_64","Intel(R) Core(TM) Ultra 7 155H","/dev/nvme0n1p3[/tmp] ext4   rw,nosuid,nodev,noatime,errors=remount-ro","/tmp/pigment-db-durability-bench","pigment_db","buffered","key_value","file","successful_remove","1","32","5","5","44224","100131941","441657.272977","2329","0"
"baseline-protocol-v4-20260807-155736","6d7edc7c29a60a94c59effeeb2b78d8b95038135","default-hasher:de0de3506157cdeb","rustc 1.97.0 (2d8144b78 2026-07-07)","x86_64-unknown-linux-gnu","Linux 7.0.11-76070011-generic x86_64","Intel(R) Core(TM) Ultra 7 155H","/dev/nvme0n1p3[/tmp] ext4   rw,nosuid,nodev,noatime,errors=remount-ro","/tmp/pigment-db-durability-bench","pigment_db","buffered","key_value","file","successful_remove","1","32","5","6","44160","100108711","441120.453544","2357","0"
"baseline-protocol-v4-20260807-155736","6d7edc7c29a60a94c59effeeb2b78d8b95038135","default-hasher:de0de3506157cdeb","rustc 1.97.0 (2d8144b78 2026-07-07)","x86_64-unknown-linux-gnu","Linux 7.0.11-76070011-generic x86_64","Intel(R) Core(TM) Ultra 7 155H","/dev/nvme0n1p3[/tmp] ext4   rw,nosuid,nodev,noatime,errors=remount-ro","/tmp/pigment-db-durability-bench","pigment_db","buffered","key_value","file","successful_remove","1","32","5","7","44672","100129506","446142.219058","2330","0"
"baseline-protocol-v4-20260807-155736","6d7edc7c29a60a94c59effeeb2b78d8b95038135","default-hasher:de0de3506157cdeb","rustc 1.97.0 (2d8144b78 2026-07-07)","x86_64-unknown-linux-gnu","Linux 7.0.11-76070011-generic x86_64","Intel(R) Core(TM) Ultra 7 155H","/dev/nvme0n1p3[/tmp] ext4   rw,nosuid,nodev,noatime,errors=remount-ro","/tmp/pigment-db-durability-bench","pigment_db","buffered","key_value","file","successful_remove","1","32","5","8","44288","100018042","442800.110004","2344","0"
"baseline-protocol-v4-20260807-155736","6d7edc7c29a60a94c59effeeb2b78d8b95038135","default-hasher:de0de3506157cdeb","rustc 1.97.0 (2d8144b78 2026-07-07)","x86_64-unknown-linux-gnu","Linux 7.0.11-76070011-generic x86_64","Intel(R) Core(TM) Ultra 7 155H","/dev/nvme0n1p3[/tmp] ext4   rw,nosuid,nodev,noatime,errors=remount-ro","/tmp/pigment-db-durability-bench","pigment_db","buffered","key_value","file","successful_remove","1","32","5","9","44608","100082672","445711.521371","2317","0"
"baseline-protocol-v4-20260807-155736","6d7edc7c29a60a94c59effeeb2b78d8b95038135","default-hasher:de0de3506157cdeb","rustc 1.97.0 (2d8144b78 2026-07-07)","x86_64-unknown-linux-gnu","Linux 7.0.11-76070011-generic x86_64","Intel(R) Core(TM) Ultra 7 155H","/dev/nvme0n1p3[/tmp] ext4   rw,nosuid,nodev,noatime,errors=remount-ro","/tmp/pigment-db-durability-bench","pigment_db","buffered","key_value","file","successful_remove","1","32","5","10","44160","100098852","441163.900661","2341","0"
"baseline-protocol-v4-20260807-155736","6d7edc7c29a60a94c59effeeb2b78d8b95038135","default-hasher:de0de3506157cdeb","rustc 1.97.0 (2d8144b78 2026-07-07)","x86_64-unknown-linux-gnu","Linux 7.0.11-76070011-generic x86_64","Intel(R) Core(TM) Ultra 7 155H","/dev/nvme0n1p3[/tmp] ext4   rw,nosuid,nodev,noatime,errors=remount-ro","/tmp/pigment-db-durability-bench","pigment_db","buffered","key_value","file","successful_remove","8","32","5","0","15872","103456137","153417.674971","120778","0"
"baseline-protocol-v4-20260807-155736","6d7edc7c29a60a94c59effeeb2b78d8b95038135","default-hasher:de0de3506157cdeb","rustc 1.97.0 (2d8144b78 2026-07-07)","x86_64-unknown-linux-gnu","Linux 7.0.11-76070011-generic x86_64","Intel(R) Core(TM) Ultra 7 155H","/dev/nvme0n1p3[/tmp] ext4   rw,nosuid,nodev,noatime,errors=remount-ro","/tmp/pigment-db-durability-bench","pigment_db","buffered","key_value","file","successful_remove","8","32","5","1","15360","100684839","152555.242205","117465","0"
"baseline-protocol-v4-20260807-155736","6d7edc7c29a60a94c59effeeb2b78d8b95038135","default-hasher:de0de3506157cdeb","rustc 1.97.0 (2d8144b78 2026-07-07)","x86_64-unknown-linux-gnu","Linux 7.0.11-76070011-generic x86_64","Intel(R) Core(TM) Ultra 7 155H","/dev/nvme0n1p3[/tmp] ext4   rw,nosuid,nodev,noatime,errors=remount-ro","/tmp/pigment-db-durability-bench","pigment_db","buffered","key_value","file","successful_remove","8","32","5","2","18432","101819491","181026.243787","115649","0"
"baseline-protocol-v4-20260807-155736","6d7edc7c29a60a94c59effeeb2b78d8b95038135","default-hasher:de0de3506157cdeb","rustc 1.97.0 (2d8144b78 2026-07-07)","x86_64-unknown-linux-gnu","Linux 7.0.11-76070011-generic x86_64","Intel(R) Core(TM) Ultra 7 155H","/dev/nvme0n1p3[/tmp] ext4   rw,nosuid,nodev,noatime,errors=remount-ro","/tmp/pigment-db-durability-bench","pigment_db","buffered","key_value","file","successful_remove","8","32","5","3","16384","102547303","159770.169675","116545","0"
"baseline-protocol-v4-20260807-155736","6d7edc7c29a60a94c59effeeb2b78d8b95038135","default-hasher:de0de3506157cdeb","rustc 1.97.0 (2d8144b78 2026-07-07)","x86_64-unknown-linux-gnu","Linux 7.0.11-76070011-generic x86_64","Intel(R) Core(TM) Ultra 7 155H","/dev/nvme0n1p3[/tmp] ext4   rw,nosuid,nodev,noatime,errors=remount-ro","/tmp/pigment-db-durability-bench","pigment_db","buffered","key_value","file","successful_remove","8","32","5","4","15872","101111597","156975.069833","123077","0"
"baseline-protocol-v4-20260807-155736","6d7edc7c29a60a94c59effeeb2b78d8b95038135","default-hasher:de0de3506157cdeb","rustc 1.97.0 (2d8144b78 2026-07-07)","x86_64-unknown-linux-gnu","Linux 7.0.11-76070011-generic x86_64","Intel(R) Core(TM) Ultra 7 155H","/dev/nvme0n1p3[/tmp] ext4   rw,nosuid,nodev,noatime,errors=remount-ro","/tmp/pigment-db-durability-bench","pigment_db","buffered","key_value","file","successful_remove","8","32","5","5","19456","101997990","190748.856914","117161","0"
"baseline-protocol-v4-20260807-155736","6d7edc7c29a60a94c59effeeb2b78d8b95038135","default-hasher:de0de3506157cdeb","rustc 1.97.0 (2d8144b78 2026-07-07)","x86_64-unknown-linux-gnu","Linux 7.0.11-76070011-generic x86_64","Intel(R) Core(TM) Ultra 7 155H","/dev/nvme0n1p3[/tmp] ext4   rw,nosuid,nodev,noatime,errors=remount-ro","/tmp/pigment-db-durability-bench","pigment_db","buffered","key_value","file","successful_remove","8","32","5","6","16384","100454496","163098.722829","113093","0"
"baseline-protocol-v4-20260807-155736","6d7edc7c29a60a94c59effeeb2b78d8b95038135","default-hasher:de0de3506157cdeb","rustc 1.97.0 (2d8144b78 2026-07-07)","x86_64-unknown-linux-gnu","Linux 7.0.11-76070011-generic x86_64","Intel(R) Core(TM) Ultra 7 155H","/dev/nvme0n1p3[/tmp] ext4   rw,nosuid,nodev,noatime,errors=remount-ro","/tmp/pigment-db-durability-bench","pigment_db","buffered","key_value","file","successful_remove","8","32","5","7","15360","100311750","153122.640169","119335","0"
"baseline-protocol-v4-20260807-155736","6d7edc7c29a60a94c59effeeb2b78d8b95038135","default-hasher:de0de3506157cdeb","rustc 1.97.0 (2d8144b78 2026-07-07)","x86_64-unknown-linux-gnu","Linux 7.0.11-76070011-generic x86_64","Intel(R) Core(TM) Ultra 7 155H","/dev/nvme0n1p3[/tmp] ext4   rw,nosuid,nodev,noatime,errors=remount-ro","/tmp/pigment-db-durability-bench","pigment_db","buffered","key_value","file","successful_remove","8","32","5","8","18432","100961447","182564.736815","116397","0"
"baseline-protocol-v4-20260807-155736","6d7edc7c29a60a94c59effeeb2b78d8b95038135","default-hasher:de0de3506157cdeb","rustc 1.97.0 (2d8144b78 2026-07-07)","x86_64-unknown-linux-gnu","Linux 7.0.11-76070011-generic x86_64","Intel(R) Core(TM) Ultra 7 155H","/dev/nvme0n1p3[/tmp] ext4   rw,nosuid,nodev,noatime,errors=remount-ro","/tmp/pigment-db-durability-bench","pigment_db","buffered","key_value","file","successful_remove","8","32","5","9","17408","129118524","134821.863360","115238","0"
"baseline-protocol-v4-20260807-155736","6d7edc7c29a60a94c59effeeb2b78d8b95038135","default-hasher:de0de3506157cdeb","rustc 1.97.0 (2d8144b78 2026-07-07)","x86_64-unknown-linux-gnu","Linux 7.0.11-76070011-generic x86_64","Intel(R) Core(TM) Ultra 7 155H","/dev/nvme0n1p3[/tmp] ext4   rw,nosuid,nodev,noatime,errors=remount-ro","/tmp/pigment-db-durability-bench","pigment_db","buffered","key_value","file","successful_remove","8","32","5","10","15872","100809638","157445.263319","116720","0"
"baseline-protocol-v4-20260807-155736","6d7edc7c29a60a94c59effeeb2b78d8b95038135","default-hasher:de0de3506157cdeb","rustc 1.97.0 (2d8144b78 2026-07-07)","x86_64-unknown-linux-gnu","Linux 7.0.11-76070011-generic x86_64","Intel(R) Core(TM) Ultra 7 155H","/dev/nvme0n1p3[/tmp] ext4   rw,nosuid,nodev,noatime,errors=remount-ro","/tmp/pigment-db-durability-bench","pigment_db","buffered","key_value","file","minimal_callback","1","32","5","0","40384","100067391","403568.031468","2701","0"
"baseline-protocol-v4-20260807-155736","6d7edc7c29a60a94c59effeeb2b78d8b95038135","default-hasher:de0de3506157cdeb","rustc 1.97.0 (2d8144b78 2026-07-07)","x86_64-unknown-linux-gnu","Linux 7.0.11-76070011-generic x86_64","Intel(R) Core(TM) Ultra 7 155H","/dev/nvme0n1p3[/tmp] ext4   rw,nosuid,nodev,noatime,errors=remount-ro","/tmp/pigment-db-durability-bench","pigment_db","buffered","key_value","file","minimal_callback","1","32","5","1","40192","100008876","401884.328747","2610","0"
"baseline-protocol-v4-20260807-155736","6d7edc7c29a60a94c59effeeb2b78d8b95038135","default-hasher:de0de3506157cdeb","rustc 1.97.0 (2d8144b78 2026-07-07)","x86_64-unknown-linux-gnu","Linux 7.0.11-76070011-generic x86_64","Intel(R) Core(TM) Ultra 7 155H","/dev/nvme0n1p3[/tmp] ext4   rw,nosuid,nodev,noatime,errors=remount-ro","/tmp/pigment-db-durability-bench","pigment_db","buffered","key_value","file","minimal_callback","1","32","5","2","37568","100097255","375314.987409","3149","0"
"baseline-protocol-v4-20260807-155736","6d7edc7c29a60a94c59effeeb2b78d8b95038135","default-hasher:de0de3506157cdeb","rustc 1.97.0 (2d8144b78 2026-07-07)","x86_64-unknown-linux-gnu","Linux 7.0.11-76070011-generic x86_64","Intel(R) Core(TM) Ultra 7 155H","/dev/nvme0n1p3[/tmp] ext4   rw,nosuid,nodev,noatime,errors=remount-ro","/tmp/pigment-db-durability-bench","pigment_db","buffered","key_value","file","minimal_callback","1","32","5","3","35072","100292681","349696.504773","3320","0"
"baseline-protocol-v4-20260807-155736","6d7edc7c29a60a94c59effeeb2b78d8b95038135","default-hasher:de0de3506157cdeb","rustc 1.97.0 (2d8144b78 2026-07-07)","x86_64-unknown-linux-gnu","Linux 7.0.11-76070011-generic x86_64","Intel(R) Core(TM) Ultra 7 155H","/dev/nvme0n1p3[/tmp] ext4   rw,nosuid,nodev,noatime,errors=remount-ro","/tmp/pigment-db-durability-bench","pigment_db","buffered","key_value","file","minimal_callback","1","32","5","4","36352","100105028","363138.602788","3605","0"
"baseline-protocol-v4-20260807-155736","6d7edc7c29a60a94c59effeeb2b78d8b95038135","default-hasher:de0de3506157cdeb","rustc 1.97.0 (2d8144b78 2026-07-07)","x86_64-unknown-linux-gnu","Linux 7.0.11-76070011-generic x86_64","Intel(R) Core(TM) Ultra 7 155H","/dev/nvme0n1p3[/tmp] ext4   rw,nosuid,nodev,noatime,errors=remount-ro","/tmp/pigment-db-durability-bench","pigment_db","buffered","key_value","file","minimal_callback","1","32","5","5","40000","100045335","399818.742173","2671","0"
"baseline-protocol-v4-20260807-155736","6d7edc7c29a60a94c59effeeb2b78d8b95038135","default-hasher:de0de3506157cdeb","rustc 1.97.0 (2d8144b78 2026-07-07)","x86_64-unknown-linux-gnu","Linux 7.0.11-76070011-generic x86_64","Intel(R) Core(TM) Ultra 7 155H","/dev/nvme0n1p3[/tmp] ext4   rw,nosuid,nodev,noatime,errors=remount-ro","/tmp/pigment-db-durability-bench","pigment_db","buffered","key_value","file","minimal_callback","1","32","5","6","40064","100092282","400270.622264","2737","0"
"baseline-protocol-v4-20260807-155736","6d7edc7c29a60a94c59effeeb2b78d8b95038135","default-hasher:de0de3506157cdeb","rustc 1.97.0 (2d8144b78 2026-07-07)","x86_64-unknown-linux-gnu","Linux 7.0.11-76070011-generic x86_64","Intel(R) Core(TM) Ultra 7 155H","/dev/nvme0n1p3[/tmp] ext4   rw,nosuid,nodev,noatime,errors=remount-ro","/tmp/pigment-db-durability-bench","pigment_db","buffered","key_value","file","minimal_callback","1","32","5","7","40064","100010143","400599.367206","2736","0"
"baseline-protocol-v4-20260807-155736","6d7edc7c29a60a94c59effeeb2b78d8b95038135","default-hasher:de0de3506157cdeb","rustc 1.97.0 (2d8144b78 2026-07-07)","x86_64-unknown-linux-gnu","Linux 7.0.11-76070011-generic x86_64","Intel(R) Core(TM) Ultra 7 155H","/dev/nvme0n1p3[/tmp] ext4   rw,nosuid,nodev,noatime,errors=remount-ro","/tmp/pigment-db-durability-bench","pigment_db","buffered","key_value","file","minimal_callback","1","32","5","8","39232","100051699","392117.279288","2808","0"
"baseline-protocol-v4-20260807-155736","6d7edc7c29a60a94c59effeeb2b78d8b95038135","default-hasher:de0de3506157cdeb","rustc 1.97.0 (2d8144b78 2026-07-07)","x86_64-unknown-linux-gnu","Linux 7.0.11-76070011-generic x86_64","Intel(R) Core(TM) Ultra 7 155H","/dev/nvme0n1p3[/tmp] ext4   rw,nosuid,nodev,noatime,errors=remount-ro","/tmp/pigment-db-durability-bench","pigment_db","buffered","key_value","file","minimal_callback","1","32","5","9","39936","100044335","399183.022207","2723","0"
"baseline-protocol-v4-20260807-155736","6d7edc7c29a60a94c59effeeb2b78d8b95038135","default-hasher:de0de3506157cdeb","rustc 1.97.0 (2d8144b78 2026-07-07)","x86_64-unknown-linux-gnu","Linux 7.0.11-76070011-generic x86_64","Intel(R) Core(TM) Ultra 7 155H","/dev/nvme0n1p3[/tmp] ext4   rw,nosuid,nodev,noatime,errors=remount-ro","/tmp/pigment-db-durability-bench","pigment_db","buffered","key_value","file","minimal_callback","1","32","5","10","36544","100133586","364952.474587","3069","0"
"baseline-protocol-v4-20260807-155736","6d7edc7c29a60a94c59effeeb2b78d8b95038135","default-hasher:de0de3506157cdeb","rustc 1.97.0 (2d8144b78 2026-07-07)","x86_64-unknown-linux-gnu","Linux 7.0.11-76070011-generic x86_64","Intel(R) Core(TM) Ultra 7 155H","/dev/nvme0n1p3[/tmp] ext4   rw,nosuid,nodev,noatime,errors=remount-ro","/tmp/pigment-db-durability-bench","pigment_db","buffered","key_value","file","minimal_callback","8","32","5","0","19968","100995003","197712.752184","114345","0"
"baseline-protocol-v4-20260807-155736","6d7edc7c29a60a94c59effeeb2b78d8b95038135","default-hasher:de0de3506157cdeb","rustc 1.97.0 (2d8144b78 2026-07-07)","x86_64-unknown-linux-gnu","Linux 7.0.11-76070011-generic x86_64","Intel(R) Core(TM) Ultra 7 155H","/dev/nvme0n1p3[/tmp] ext4   rw,nosuid,nodev,noatime,errors=remount-ro","/tmp/pigment-db-durability-bench","pigment_db","buffered","key_value","file","minimal_callback","8","32","5","1","18944","102623826","184596.508807","107426","0"
"baseline-protocol-v4-20260807-155736","6d7edc7c29a60a94c59effeeb2b78d8b95038135","default-hasher:de0de3506157cdeb","rustc 1.97.0 (2d8144b78 2026-07-07)","x86_64-unknown-linux-gnu","Linux 7.0.11-76070011-generic x86_64","Intel(R) Core(TM) Ultra 7 155H","/dev/nvme0n1p3[/tmp] ext4   rw,nosuid,nodev,noatime,errors=remount-ro","/tmp/pigment-db-durability-bench","pigment_db","buffered","key_value","file","minimal_callback","8","32","5","2","19968","100654161","198382.260620","120920","0"
"baseline-protocol-v4-20260807-155736","6d7edc7c29a60a94c59effeeb2b78d8b95038135","default-hasher:de0de3506157cdeb","rustc 1.97.0 (2d8144b78 2026-07-07)","x86_64-unknown-linux-gnu","Linux 7.0.11-76070011-generic x86_64","Intel(R) Core(TM) Ultra 7 155H","/dev/nvme0n1p3[/tmp] ext4   rw,nosuid,nodev,noatime,errors=remount-ro","/tmp/pigment-db-durability-bench","pigment_db","buffered","key_value","file","minimal_callback","8","32","5","3","18944","100475316","188543.821052","138522","0"
"baseline-protocol-v4-20260807-155736","6d7edc7c29a60a94c59effeeb2b78d8b95038135","default-hasher:de0de3506157cdeb","rustc 1.97.0 (2d8144b78 2026-07-07)","x86_64-unknown-linux-gnu","Linux 7.0.11-76070011-generic x86_64","Intel(R) Core(TM) Ultra 7 155H","/dev/nvme0n1p3[/tmp] ext4   rw,nosuid,nodev,noatime,errors=remount-ro","/tmp/pigment-db-durability-bench","pigment_db","buffered","key_value","file","minimal_callback","8","32","5","4","18944","100180674","189098.348450","131763","0"
"baseline-protocol-v4-20260807-155736","6d7edc7c29a60a94c59effeeb2b78d8b95038135","default-hasher:de0de3506157cdeb","rustc 1.97.0 (2d8144b78 2026-07-07)","x86_64-unknown-linux-gnu","Linux 7.0.11-76070011-generic x86_64","Intel(R) Core(TM) Ultra 7 155H","/dev/nvme0n1p3[/tmp] ext4   rw,nosuid,nodev,noatime,errors=remount-ro","/tmp/pigment-db-durability-bench","pigment_db","buffered","key_value","file","minimal_callback","8","32","5","5","14848","101033040","146961.825557","112183","0"
"baseline-protocol-v4-20260807-155736","6d7edc7c29a60a94c59effeeb2b78d8b95038135","default-hasher:de0de3506157cdeb","rustc 1.97.0 (2d8144b78 2026-07-07)","x86_64-unknown-linux-gnu","Linux 7.0.11-76070011-generic x86_64","Intel(R) Core(TM) Ultra 7 155H","/dev/nvme0n1p3[/tmp] ext4   rw,nosuid,nodev,noatime,errors=remount-ro","/tmp/pigment-db-durability-bench","pigment_db","buffered","key_value","file","minimal_callback","8","32","5","6","19456","101273668","192113.116709","107912","0"
"baseline-protocol-v4-20260807-155736","6d7edc7c29a60a94c59effeeb2b78d8b95038135","default-hasher:de0de3506157cdeb","rustc 1.97.0 (2d8144b78 2026-07-07)","x86_64-unknown-linux-gnu","Linux 7.0.11-76070011-generic x86_64","Intel(R) Core(TM) Ultra 7 155H","/dev/nvme0n1p3[/tmp] ext4   rw,nosuid,nodev,noatime,errors=remount-ro","/tmp/pigment-db-durability-bench","pigment_db","buffered","key_value","file","minimal_callback","8","32","5","7","18432","101079042","182352.341646","115586","0"
"baseline-protocol-v4-20260807-155736","6d7edc7c29a60a94c59effeeb2b78d8b95038135","default-hasher:de0de3506157cdeb","rustc 1.97.0 (2d8144b78 2026-07-07)","x86_64-unknown-linux-gnu","Linux 7.0.11-76070011-generic x86_64","Intel(R) Core(TM) Ultra 7 155H","/dev/nvme0n1p3[/tmp] ext4   rw,nosuid,nodev,noatime,errors=remount-ro","/tmp/pigment-db-durability-bench","pigment_db","buffered","key_value","file","minimal_callback","8","32","5","8","20480","102691486","199432.307368","119466","0"
"baseline-protocol-v4-20260807-155736","6d7edc7c29a60a94c59effeeb2b78d8b95038135","default-hasher:de0de3506157cdeb","rustc 1.97.0 (2d8144b78 2026-07-07)","x86_64-unknown-linux-gnu","Linux 7.0.11-76070011-generic x86_64","Intel(R) Core(TM) Ultra 7 155H","/dev/nvme0n1p3[/tmp] ext4   rw,nosuid,nodev,noatime,errors=remount-ro","/tmp/pigment-db-durability-bench","pigment_db","buffered","key_value","file","minimal_callback","8","32","5","9","17920","100350464","178574.161849","95575","0"
"baseline-protocol-v4-20260807-155736","6d7edc7c29a60a94c59effeeb2b78d8b95038135","default-hasher:de0de3506157cdeb","rustc 1.97.0 (2d8144b78 2026-07-07)","x86_64-unknown-linux-gnu","Linux 7.0.11-76070011-generic x86_64","Intel(R) Core(TM) Ultra 7 155H","/dev/nvme0n1p3[/tmp] ext4   rw,nosuid,nodev,noatime,errors=remount-ro","/tmp/pigment-db-durability-bench","pigment_db","buffered","key_value","file","minimal_callback","8","32","5","10","18432","101413046","181751.763969","106822","0"
"baseline-protocol-v4-20260807-155736","6d7edc7c29a60a94c59effeeb2b78d8b95038135","default-hasher:de0de3506157cdeb","rustc 1.97.0 (2d8144b78 2026-07-07)","x86_64-unknown-linux-gnu","Linux 7.0.11-76070011-generic x86_64","Intel(R) Core(TM) Ultra 7 155H","/dev/nvme0n1p3[/tmp] ext4   rw,nosuid,nodev,noatime,errors=remount-ro","/tmp/pigment-db-durability-bench","pigment_db","buffered","key_set","vector","ordinary_write","1","32","5","0","114752","114195674","1004871.690674","811","0"
"baseline-protocol-v4-20260807-155736","6d7edc7c29a60a94c59effeeb2b78d8b95038135","default-hasher:de0de3506157cdeb","rustc 1.97.0 (2d8144b78 2026-07-07)","x86_64-unknown-linux-gnu","Linux 7.0.11-76070011-generic x86_64","Intel(R) Core(TM) Ultra 7 155H","/dev/nvme0n1p3[/tmp] ext4   rw,nosuid,nodev,noatime,errors=remount-ro","/tmp/pigment-db-durability-bench","pigment_db","buffered","key_set","vector","ordinary_write","1","32","5","1","114752","112976614","1015714.632765","817","0"
"baseline-protocol-v4-20260807-155736","6d7edc7c29a60a94c59effeeb2b78d8b95038135","default-hasher:de0de3506157cdeb","rustc 1.97.0 (2d8144b78 2026-07-07)","x86_64-unknown-linux-gnu","Linux 7.0.11-76070011-generic x86_64","Intel(R) Core(TM) Ultra 7 155H","/dev/nvme0n1p3[/tmp] ext4   rw,nosuid,nodev,noatime,errors=remount-ro","/tmp/pigment-db-durability-bench","pigment_db","buffered","key_set","vector","ordinary_write","1","32","5","2","114752","113855966","1007869.890630","825","0"
"baseline-protocol-v4-20260807-155736","6d7edc7c29a60a94c59effeeb2b78d8b95038135","default-hasher:de0de3506157cdeb","rustc 1.97.0 (2d8144b78 2026-07-07)","x86_64-unknown-linux-gnu","Linux 7.0.11-76070011-generic x86_64","Intel(R) Core(TM) Ultra 7 155H","/dev/nvme0n1p3[/tmp] ext4   rw,nosuid,nodev,noatime,errors=remount-ro","/tmp/pigment-db-durability-bench","pigment_db","buffered","key_set","vector","ordinary_write","1","32","5","3","114752","116521357","984815.169978","811","0"
"baseline-protocol-v4-20260807-155736","6d7edc7c29a60a94c59effeeb2b78d8b95038135","default-hasher:de0de3506157cdeb","rustc 1.97.0 (2d8144b78 2026-07-07)","x86_64-unknown-linux-gnu","Linux 7.0.11-76070011-generic x86_64","Intel(R) Core(TM) Ultra 7 155H","/dev/nvme0n1p3[/tmp] ext4   rw,nosuid,nodev,noatime,errors=remount-ro","/tmp/pigment-db-durability-bench","pigment_db","buffered","key_set","vector","ordinary_write","1","32","5","4","114752","114768637","999855.038794","835","0"
"baseline-protocol-v4-20260807-155736","6d7edc7c29a60a94c59effeeb2b78d8b95038135","default-hasher:de0de3506157cdeb","rustc 1.97.0 (2d8144b78 2026-07-07)","x86_64-unknown-linux-gnu","Linux 7.0.11-76070011-generic x86_64","Intel(R) Core(TM) Ultra 7 155H","/dev/nvme0n1p3[/tmp] ext4   rw,nosuid,nodev,noatime,errors=remount-ro","/tmp/pigment-db-durability-bench","pigment_db","buffered","key_set","vector","ordinary_write","1","32","5","5","114752","111630705","1027960.900184","813","0"
"baseline-protocol-v4-20260807-155736","6d7edc7c29a60a94c59effeeb2b78d8b95038135","default-hasher:de0de3506157cdeb","rustc 1.97.0 (2d8144b78 2026-07-07)","x86_64-unknown-linux-gnu","Linux 7.0.11-76070011-generic x86_64","Intel(R) Core(TM) Ultra 7 155H","/dev/nvme0n1p3[/tmp] ext4   rw,nosuid,nodev,noatime,errors=remount-ro","/tmp/pigment-db-durability-bench","pigment_db","buffered","key_set","vector","ordinary_write","1","32","5","6","114752","108707024","1055607.961451","793","0"
"baseline-protocol-v4-20260807-155736","6d7edc7c29a60a94c59effeeb2b78d8b95038135","default-hasher:de0de3506157cdeb","rustc 1.97.0 (2d8144b78 2026-07-07)","x86_64-unknown-linux-gnu","Linux 7.0.11-76070011-generic x86_64","Intel(R) Core(TM) Ultra 7 155H","/dev/nvme0n1p3[/tmp] ext4   rw,nosuid,nodev,noatime,errors=remount-ro","/tmp/pigment-db-durability-bench","pigment_db","buffered","key_set","vector","ordinary_write","1","32","5","7","114752","114997252","997867.322951","832","0"
"baseline-protocol-v4-20260807-155736","6d7edc7c29a60a94c59effeeb2b78d8b95038135","default-hasher:de0de3506157cdeb","rustc 1.97.0 (2d8144b78 2026-07-07)","x86_64-unknown-linux-gnu","Linux 7.0.11-76070011-generic x86_64","Intel(R) Core(TM) Ultra 7 155H","/dev/nvme0n1p3[/tmp] ext4   rw,nosuid,nodev,noatime,errors=remount-ro","/tmp/pigment-db-durability-bench","pigment_db","buffered","key_set","vector","ordinary_write","1","32","5","8","114752","115638132","992337.025991","823","0"
"baseline-protocol-v4-20260807-155736","6d7edc7c29a60a94c59effeeb2b78d8b95038135","default-hasher:de0de3506157cdeb","rustc 1.97.0 (2d8144b78 2026-07-07)","x86_64-unknown-linux-gnu","Linux 7.0.11-76070011-generic x86_64","Intel(R) Core(TM) Ultra 7 155H","/dev/nvme0n1p3[/tmp] ext4   rw,nosuid,nodev,noatime,errors=remount-ro","/tmp/pigment-db-durability-bench","pigment_db","buffered","key_set","vector","ordinary_write","1","32","5","9","114752","115503378","993494.753028","818","0"
"baseline-protocol-v4-20260807-155736","6d7edc7c29a60a94c59effeeb2b78d8b95038135","default-hasher:de0de3506157cdeb","rustc 1.97.0 (2d8144b78 2026-07-07)","x86_64-unknown-linux-gnu","Linux 7.0.11-76070011-generic x86_64","Intel(R) Core(TM) Ultra 7 155H","/dev/nvme0n1p3[/tmp] ext4   rw,nosuid,nodev,noatime,errors=remount-ro","/tmp/pigment-db-durability-bench","pigment_db","buffered","key_set","vector","ordinary_write","1","32","5","10","114752","115505397","993477.387035","826","0"
"baseline-protocol-v4-20260807-155736","6d7edc7c29a60a94c59effeeb2b78d8b95038135","default-hasher:de0de3506157cdeb","rustc 1.97.0 (2d8144b78 2026-07-07)","x86_64-unknown-linux-gnu","Linux 7.0.11-76070011-generic x86_64","Intel(R) Core(TM) Ultra 7 155H","/dev/nvme0n1p3[/tmp] ext4   rw,nosuid,nodev,noatime,errors=remount-ro","/tmp/pigment-db-durability-bench","pigment_db","buffered","key_set","vector","ordinary_write","8","32","5","0","89088","100062418","890324.277393","16729","0"
"baseline-protocol-v4-20260807-155736","6d7edc7c29a60a94c59effeeb2b78d8b95038135","default-hasher:de0de3506157cdeb","rustc 1.97.0 (2d8144b78 2026-07-07)","x86_64-unknown-linux-gnu","Linux 7.0.11-76070011-generic x86_64","Intel(R) Core(TM) Ultra 7 155H","/dev/nvme0n1p3[/tmp] ext4   rw,nosuid,nodev,noatime,errors=remount-ro","/tmp/pigment-db-durability-bench","pigment_db","buffered","key_set","vector","ordinary_write","8","32","5","1","84992","100605337","844806.076242","15494","0"
"baseline-protocol-v4-20260807-155736","6d7edc7c29a60a94c59effeeb2b78d8b95038135","default-hasher:de0de3506157cdeb","rustc 1.97.0 (2d8144b78 2026-07-07)","x86_64-unknown-linux-gnu","Linux 7.0.11-76070011-generic x86_64","Intel(R) Core(TM) Ultra 7 155H","/dev/nvme0n1p3[/tmp] ext4   rw,nosuid,nodev,noatime,errors=remount-ro","/tmp/pigment-db-durability-bench","pigment_db","buffered","key_set","vector","ordinary_write","8","32","5","2","74240","100301551","740168.015946","12148","0"
"baseline-protocol-v4-20260807-155736","6d7edc7c29a60a94c59effeeb2b78d8b95038135","default-hasher:de0de3506157cdeb","rustc 1.97.0 (2d8144b78 2026-07-07)","x86_64-unknown-linux-gnu","Linux 7.0.11-76070011-generic x86_64","Intel(R) Core(TM) Ultra 7 155H","/dev/nvme0n1p3[/tmp] ext4   rw,nosuid,nodev,noatime,errors=remount-ro","/tmp/pigment-db-durability-bench","pigment_db","buffered","key_set","vector","ordinary_write","8","32","5","3","96768","100240469","965358.611800","13579","0"
"baseline-protocol-v4-20260807-155736","6d7edc7c29a60a94c59effeeb2b78d8b95038135","default-hasher:de0de3506157cdeb","rustc 1.97.0 (2d8144b78 2026-07-07)","x86_64-unknown-linux-gnu","Linux 7.0.11-76070011-generic x86_64","Intel(R) Core(TM) Ultra 7 155H","/dev/nvme0n1p3[/tmp] ext4   rw,nosuid,nodev,noatime,errors=remount-ro","/tmp/pigment-db-durability-bench","pigment_db","buffered","key_set","vector","ordinary_write","8","32","5","4","39424","102073331","386232.129527","7561","0"
"baseline-protocol-v4-20260807-155736","6d7edc7c29a60a94c59effeeb2b78d8b95038135","default-hasher:de0de3506157cdeb","rustc 1.97.0 (2d8144b78 2026-07-07)","x86_64-unknown-linux-gnu","Linux 7.0.11-76070011-generic x86_64","Intel(R) Core(TM) Ultra 7 155H","/dev/nvme0n1p3[/tmp] ext4   rw,nosuid,nodev,noatime,errors=remount-ro","/tmp/pigment-db-durability-bench","pigment_db","buffered","key_set","vector","ordinary_write","8","32","5","5","89088","100017086","890727.810246","15846","0"
"baseline-protocol-v4-20260807-155736","6d7edc7c29a60a94c59effeeb2b78d8b95038135","default-hasher:de0de3506157cdeb","rustc 1.97.0 (2d8144b78 2026-07-07)","x86_64-unknown-linux-gnu","Linux 7.0.11-76070011-generic x86_64","Intel(R) Core(TM) Ultra 7 155H","/dev/nvme0n1p3[/tmp] ext4   rw,nosuid,nodev,noatime,errors=remount-ro","/tmp/pigment-db-durability-bench","pigment_db","buffered","key_set","vector","ordinary_write","8","32","5","6","95232","100380127","948713.683138","16555","0"
"baseline-protocol-v4-20260807-155736","6d7edc7c29a60a94c59effeeb2b78d8b95038135","default-hasher:de0de3506157cdeb","rustc 1.97.0 (2d8144b78 2026-07-07)","x86_64-unknown-linux-gnu","Linux 7.0.11-76070011-generic x86_64","Intel(R) Core(TM) Ultra 7 155H","/dev/nvme0n1p3[/tmp] ext4   rw,nosuid,nodev,noatime,errors=remount-ro","/tmp/pigment-db-durability-bench","pigment_db","buffered","key_set","vector","ordinary_write","8","32","5","7","92160","100423295","917715.356781","16859","0"
"baseline-protocol-v4-20260807-155736","6d7edc7c29a60a94c59effeeb2b78d8b95038135","default-hasher:de0de3506157cdeb","rustc 1.97.0 (2d8144b78 2026-07-07)","x86_64-unknown-linux-gnu","Linux 7.0.11-76070011-generic x86_64","Intel(R) Core(TM) Ultra 7 155H","/dev/nvme0n1p3[/tmp] ext4   rw,nosuid,nodev,noatime,errors=remount-ro","/tmp/pigment-db-durability-bench","pigment_db","buffered","key_set","vector","ordinary_write","8","32","5","8","81408","100262561","811948.140842","14450","0"
"baseline-protocol-v4-20260807-155736","6d7edc7c29a60a94c59effeeb2b78d8b95038135","default-hasher:de0de3506157cdeb","rustc 1.97.0 (2d8144b78 2026-07-07)","x86_64-unknown-linux-gnu","Linux 7.0.11-76070011-generic x86_64","Intel(R) Core(TM) Ultra 7 155H","/dev/nvme0n1p3[/tmp] ext4   rw,nosuid,nodev,noatime,errors=remount-ro","/tmp/pigment-db-durability-bench","pigment_db","buffered","key_set","vector","ordinary_write","8","32","5","9","92672","100370005","923303.730034","19529","0"
"baseline-protocol-v4-20260807-155736","6d7edc7c29a60a94c59effeeb2b78d8b95038135","default-hasher:de0de3506157cdeb","rustc 1.97.0 (2d8144b78 2026-07-07)","x86_64-unknown-linux-gnu","Linux 7.0.11-76070011-generic x86_64","Intel(R) Core(TM) Ultra 7 155H","/dev/nvme0n1p3[/tmp] ext4   rw,nosuid,nodev,noatime,errors=remount-ro","/tmp/pigment-db-durability-bench","pigment_db","buffered","key_set","vector","ordinary_write","8","32","5","10","89088","100430014","887065.494186","17832","0"
"baseline-protocol-v4-20260807-155736","6d7edc7c29a60a94c59effeeb2b78d8b95038135","default-hasher:de0de3506157cdeb","rustc 1.97.0 (2d8144b78 2026-07-07)","x86_64-unknown-linux-gnu","Linux 7.0.11-76070011-generic x86_64","Intel(R) Core(TM) Ultra 7 155H","/dev/nvme0n1p3[/tmp] ext4   rw,nosuid,nodev,noatime,errors=remount-ro","/tmp/pigment-db-durability-bench","pigment_db","buffered","key_set","vector","successful_remove","1","32","5","0","125952","106011278","1188100.005737","634","0"
"baseline-protocol-v4-20260807-155736","6d7edc7c29a60a94c59effeeb2b78d8b95038135","default-hasher:de0de3506157cdeb","rustc 1.97.0 (2d8144b78 2026-07-07)","x86_64-unknown-linux-gnu","Linux 7.0.11-76070011-generic x86_64","Intel(R) Core(TM) Ultra 7 155H","/dev/nvme0n1p3[/tmp] ext4   rw,nosuid,nodev,noatime,errors=remount-ro","/tmp/pigment-db-durability-bench","pigment_db","buffered","key_set","vector","successful_remove","1","32","5","1","125952","104875269","1200969.505976","631","0"
"baseline-protocol-v4-20260807-155736","6d7edc7c29a60a94c59effeeb2b78d8b95038135","default-hasher:de0de3506157cdeb","rustc 1.97.0 (2d8144b78 2026-07-07)","x86_64-unknown-linux-gnu","Linux 7.0.11-76070011-generic x86_64","Intel(R) Core(TM) Ultra 7 155H","/dev/nvme0n1p3[/tmp] ext4   rw,nosuid,nodev,noatime,errors=remount-ro","/tmp/pigment-db-durability-bench","pigment_db","buffered","key_set","vector","successful_remove","1","32","5","2","125952","105494528","1193919.745297","633","0"
"baseline-protocol-v4-20260807-155736","6d7edc7c29a60a94c59effeeb2b78d8b95038135","default-hasher:de0de3506157cdeb","rustc 1.97.0 (2d8144b78 2026-07-07)","x86_64-unknown-linux-gnu","Linux 7.0.11-76070011-generic x86_64","Intel(R) Core(TM) Ultra 7 155H","/dev/nvme0n1p3[/tmp] ext4   rw,nosuid,nodev,noatime,errors=remount-ro","/tmp/pigment-db-durability-bench","pigment_db","buffered","key_set","vector","successful_remove","1","32","5","3","125952","104967671","1199912.304428","642","0"
"baseline-protocol-v4-20260807-155736","6d7edc7c29a60a94c59effeeb2b78d8b95038135","default-hasher:de0de3506157cdeb","rustc 1.97.0 (2d8144b78 2026-07-07)","x86_64-unknown-linux-gnu","Linux 7.0.11-76070011-generic x86_64","Intel(R) Core(TM) Ultra 7 155H","/dev/nvme0n1p3[/tmp] ext4   rw,nosuid,nodev,noatime,errors=remount-ro","/tmp/pigment-db-durability-bench","pigment_db","buffered","key_set","vector","successful_remove","1","32","5","4","125952","104086803","1210066.947680","626","0"
"baseline-protocol-v4-20260807-155736","6d7edc7c29a60a94c59effeeb2b78d8b95038135","default-hasher:de0de3506157cdeb","rustc 1.97.0 (2d8144b78 2026-07-07)","x86_64-unknown-linux-gnu","Linux 7.0.11-76070011-generic x86_64","Intel(R) Core(TM) Ultra 7 155H","/dev/nvme0n1p3[/tmp] ext4   rw,nosuid,nodev,noatime,errors=remount-ro","/tmp/pigment-db-durability-bench","pigment_db","buffered","key_set","vector","successful_remove","1","32","5","5","125952","104297368","1207623.954614","626","0"
"baseline-protocol-v4-20260807-155736","6d7edc7c29a60a94c59effeeb2b78d8b95038135","default-hasher:de0de3506157cdeb","rustc 1.97.0 (2d8144b78 2026-07-07)","x86_64-unknown-linux-gnu","Linux 7.0.11-76070011-generic x86_64","Intel(R) Core(TM) Ultra 7 155H","/dev/nvme0n1p3[/tmp] ext4   rw,nosuid,nodev,noatime,errors=remount-ro","/tmp/pigment-db-durability-bench","pigment_db","buffered","key_set","vector","successful_remove","1","32","5","6","125952","106047802","1187690.811357","655","0"
"baseline-protocol-v4-20260807-155736","6d7edc7c29a60a94c59effeeb2b78d8b95038135","default-hasher:de0de3506157cdeb","rustc 1.97.0 (2d8144b78 2026-07-07)","x86_64-unknown-linux-gnu","Linux 7.0.11-76070011-generic x86_64","Intel(R) Core(TM) Ultra 7 155H","/dev/nvme0n1p3[/tmp] ext4   rw,nosuid,nodev,noatime,errors=remount-ro","/tmp/pigment-db-durability-bench","pigment_db","buffered","key_set","vector","successful_remove","1","32","5","7","125952","104193775","1208824.615482","625","0"
"baseline-protocol-v4-20260807-155736","6d7edc7c29a60a94c59effeeb2b78d8b95038135","default-hasher:de0de3506157cdeb","rustc 1.97.0 (2d8144b78 2026-07-07)","x86_64-unknown-linux-gnu","Linux 7.0.11-76070011-generic x86_64","Intel(R) Core(TM) Ultra 7 155H","/dev/nvme0n1p3[/tmp] ext4   rw,nosuid,nodev,noatime,errors=remount-ro","/tmp/pigment-db-durability-bench","pigment_db","buffered","key_set","vector","successful_remove","1","32","5","8","125952","104049119","1210505.203797","624","0"
"baseline-protocol-v4-20260807-155736","6d7edc7c29a60a94c59effeeb2b78d8b95038135","default-hasher:de0de3506157cdeb","rustc 1.97.0 (2d8144b78 2026-07-07)","x86_64-unknown-linux-gnu","Linux 7.0.11-76070011-generic x86_64","Intel(R) Core(TM) Ultra 7 155H","/dev/nvme0n1p3[/tmp] ext4   rw,nosuid,nodev,noatime,errors=remount-ro","/tmp/pigment-db-durability-bench","pigment_db","buffered","key_set","vector","successful_remove","1","32","5","9","125952","104043000","1210576.396298","631","0"
"baseline-protocol-v4-20260807-155736","6d7edc7c29a60a94c59effeeb2b78d8b95038135","default-hasher:de0de3506157cdeb","rustc 1.97.0 (2d8144b78 2026-07-07)","x86_64-unknown-linux-gnu","Linux 7.0.11-76070011-generic x86_64","Intel(R) Core(TM) Ultra 7 155H","/dev/nvme0n1p3[/tmp] ext4   rw,nosuid,nodev,noatime,errors=remount-ro","/tmp/pigment-db-durability-bench","pigment_db","buffered","key_set","vector","successful_remove","1","32","5","10","125952","104360200","1206896.882145","630","0"
"baseline-protocol-v4-20260807-155736","6d7edc7c29a60a94c59effeeb2b78d8b95038135","default-hasher:de0de3506157cdeb","rustc 1.97.0 (2d8144b78 2026-07-07)","x86_64-unknown-linux-gnu","Linux 7.0.11-76070011-generic x86_64","Intel(R) Core(TM) Ultra 7 155H","/dev/nvme0n1p3[/tmp] ext4   rw,nosuid,nodev,noatime,errors=remount-ro","/tmp/pigment-db-durability-bench","pigment_db","buffered","key_set","vector","successful_remove","8","32","5","0","90112","100505333","896589.238702","15038","0"
"baseline-protocol-v4-20260807-155736","6d7edc7c29a60a94c59effeeb2b78d8b95038135","default-hasher:de0de3506157cdeb","rustc 1.97.0 (2d8144b78 2026-07-07)","x86_64-unknown-linux-gnu","Linux 7.0.11-76070011-generic x86_64","Intel(R) Core(TM) Ultra 7 155H","/dev/nvme0n1p3[/tmp] ext4   rw,nosuid,nodev,noatime,errors=remount-ro","/tmp/pigment-db-durability-bench","pigment_db","buffered","key_set","vector","successful_remove","8","32","5","1","94208","100254353","939689.870623","16355","0"
"baseline-protocol-v4-20260807-155736","6d7edc7c29a60a94c59effeeb2b78d8b95038135","default-hasher:de0de3506157cdeb","rustc 1.97.0 (2d8144b78 2026-07-07)","x86_64-unknown-linux-gnu","Linux 7.0.11-76070011-generic x86_64","Intel(R) Core(TM) Ultra 7 155H","/dev/nvme0n1p3[/tmp] ext4   rw,nosuid,nodev,noatime,errors=remount-ro","/tmp/pigment-db-durability-bench","pigment_db","buffered","key_set","vector","successful_remove","8","32","5","2","94208","100167777","940502.053869","16325","0"
"baseline-protocol-v4-20260807-155736","6d7edc7c29a60a94c59effeeb2b78d8b95038135","default-hasher:de0de3506157cdeb","rustc 1.97.0 (2d8144b78 2026-07-07)","x86_64-unknown-linux-gnu","Linux 7.0.11-76070011-generic x86_64","Intel(R) Core(TM) Ultra 7 155H","/dev/nvme0n1p3[/tmp] ext4   rw,nosuid,nodev,noatime,errors=remount-ro","/tmp/pigment-db-durability-bench","pigment_db","buffered","key_set","vector","successful_remove","8","32","5","3","95232","100005495","952267.672891","16625","0"
"baseline-protocol-v4-20260807-155736","6d7edc7c29a60a94c59effeeb2b78d8b95038135","default-hasher:de0de3506157cdeb","rustc 1.97.0 (2d8144b78 2026-07-07)","x86_64-unknown-linux-gnu","Linux 7.0.11-76070011-generic x86_64","Intel(R) Core(TM) Ultra 7 155H","/dev/nvme0n1p3[/tmp] ext4   rw,nosuid,nodev,noatime,errors=remount-ro","/tmp/pigment-db-durability-bench","pigment_db","buffered","key_set","vector","successful_remove","8","32","5","4","74240","100406057","739397.624189","15231","0"
"baseline-protocol-v4-20260807-155736","6d7edc7c29a60a94c59effeeb2b78d8b95038135","default-hasher:de0de3506157cdeb","rustc 1.97.0 (2d8144b78 2026-07-07)","x86_64-unknown-linux-gnu","Linux 7.0.11-76070011-generic x86_64","Intel(R) Core(TM) Ultra 7 155H","/dev/nvme0n1p3[/tmp] ext4   rw,nosuid,nodev,noatime,errors=remount-ro","/tmp/pigment-db-durability-bench","pigment_db","buffered","key_set","vector","successful_remove","8","32","5","5","75776","100282454","755625.704971","15935","0"
"baseline-protocol-v4-20260807-155736","6d7edc7c29a60a94c59effeeb2b78d8b95038135","default-hasher:de0de3506157cdeb","rustc 1.97.0 (2d8144b78 2026-07-07)","x86_64-unknown-linux-gnu","Linux 7.0.11-76070011-generic x86_64","Intel(R) Core(TM) Ultra 7 155H","/dev/nvme0n1p3[/tmp] ext4   rw,nosuid,nodev,noatime,errors=remount-ro","/tmp/pigment-db-durability-bench","pigment_db","buffered","key_set","vector","successful_remove","8","32","5","6","94208","100209693","940108.657952","17032","0"
"baseline-protocol-v4-20260807-155736","6d7edc7c29a60a94c59effeeb2b78d8b95038135","default-hasher:de0de3506157cdeb","rustc 1.97.0 (2d8144b78 2026-07-07)","x86_64-unknown-linux-gnu","Linux 7.0.11-76070011-generic x86_64","Intel(R) Core(TM) Ultra 7 155H","/dev/nvme0n1p3[/tmp] ext4   rw,nosuid,nodev,noatime,errors=remount-ro","/tmp/pigment-db-durability-bench","pigment_db","buffered","key_set","vector","successful_remove","8","32","5","7","84992","100207260","848162.099233","16788","0"
"baseline-protocol-v4-20260807-155736","6d7edc7c29a60a94c59effeeb2b78d8b95038135","default-hasher:de0de3506157cdeb","rustc 1.97.0 (2d8144b78 2026-07-07)","x86_64-unknown-linux-gnu","Linux 7.0.11-76070011-generic x86_64","Intel(R) Core(TM) Ultra 7 155H","/dev/nvme0n1p3[/tmp] ext4   rw,nosuid,nodev,noatime,errors=remount-ro","/tmp/pigment-db-durability-bench","pigment_db","buffered","key_set","vector","successful_remove","8","32","5","8","89600","100260499","893671.993394","16327","0"
"baseline-protocol-v4-20260807-155736","6d7edc7c29a60a94c59effeeb2b78d8b95038135","default-hasher:de0de3506157cdeb","rustc 1.97.0 (2d8144b78 2026-07-07)","x86_64-unknown-linux-gnu","Linux 7.0.11-76070011-generic x86_64","Intel(R) Core(TM) Ultra 7 155H","/dev/nvme0n1p3[/tmp] ext4   rw,nosuid,nodev,noatime,errors=remount-ro","/tmp/pigment-db-durability-bench","pigment_db","buffered","key_set","vector","successful_remove","8","32","5","9","74240","100435464","739181.132274","14390","0"
"baseline-protocol-v4-20260807-155736","6d7edc7c29a60a94c59effeeb2b78d8b95038135","default-hasher:de0de3506157cdeb","rustc 1.97.0 (2d8144b78 2026-07-07)","x86_64-unknown-linux-gnu","Linux 7.0.11-76070011-generic x86_64","Intel(R) Core(TM) Ultra 7 155H","/dev/nvme0n1p3[/tmp] ext4   rw,nosuid,nodev,noatime,errors=remount-ro","/tmp/pigment-db-durability-bench","pigment_db","buffered","key_set","vector","successful_remove","8","32","5","10","97792","100087874","977061.417050","19094","0"
"baseline-protocol-v4-20260807-155736","6d7edc7c29a60a94c59effeeb2b78d8b95038135","default-hasher:de0de3506157cdeb","rustc 1.97.0 (2d8144b78 2026-07-07)","x86_64-unknown-linux-gnu","Linux 7.0.11-76070011-generic x86_64","Intel(R) Core(TM) Ultra 7 155H","/dev/nvme0n1p3[/tmp] ext4   rw,nosuid,nodev,noatime,errors=remount-ro","/tmp/pigment-db-durability-bench","pigment_db","buffered","key_set","vector","minimal_callback","1","32","5","0","67968","100078054","679149.896340","1666","0"
"baseline-protocol-v4-20260807-155736","6d7edc7c29a60a94c59effeeb2b78d8b95038135","default-hasher:de0de3506157cdeb","rustc 1.97.0 (2d8144b78 2026-07-07)","x86_64-unknown-linux-gnu","Linux 7.0.11-76070011-generic x86_64","Intel(R) Core(TM) Ultra 7 155H","/dev/nvme0n1p3[/tmp] ext4   rw,nosuid,nodev,noatime,errors=remount-ro","/tmp/pigment-db-durability-bench","pigment_db","buffered","key_set","vector","minimal_callback","1","32","5","1","68352","100033241","683292.866618","1661","0"
"baseline-protocol-v4-20260807-155736","6d7edc7c29a60a94c59effeeb2b78d8b95038135","default-hasher:de0de3506157cdeb","rustc 1.97.0 (2d8144b78 2026-07-07)","x86_64-unknown-linux-gnu","Linux 7.0.11-76070011-generic x86_64","Intel(R) Core(TM) Ultra 7 155H","/dev/nvme0n1p3[/tmp] ext4   rw,nosuid,nodev,noatime,errors=remount-ro","/tmp/pigment-db-durability-bench","pigment_db","buffered","key_set","vector","minimal_callback","1","32","5","2","59072","100020491","590598.980363","1937","0"
"baseline-protocol-v4-20260807-155736","6d7edc7c29a60a94c59effeeb2b78d8b95038135","default-hasher:de0de3506157cdeb","rustc 1.97.0 (2d8144b78 2026-07-07)","x86_64-unknown-linux-gnu","Linux 7.0.11-76070011-generic x86_64","Intel(R) Core(TM) Ultra 7 155H","/dev/nvme0n1p3[/tmp] ext4   rw,nosuid,nodev,noatime,errors=remount-ro","/tmp/pigment-db-durability-bench","pigment_db","buffered","key_set","vector","minimal_callback","1","32","5","3","57920","100007933","579154.055709","1927","0"
"baseline-protocol-v4-20260807-155736","6d7edc7c29a60a94c59effeeb2b78d8b95038135","default-hasher:de0de3506157cdeb","rustc 1.97.0 (2d8144b78 2026-07-07)","x86_64-unknown-linux-gnu","Linux 7.0.11-76070011-generic x86_64","Intel(R) Core(TM) Ultra 7 155H","/dev/nvme0n1p3[/tmp] ext4   rw,nosuid,nodev,noatime,errors=remount-ro","/tmp/pigment-db-durability-bench","pigment_db","buffered","key_set","vector","minimal_callback","1","32","5","4","58496","100047771","584680.692187","1913","0"
"baseline-protocol-v4-20260807-155736","6d7edc7c29a60a94c59effeeb2b78d8b95038135","default-hasher:de0de3506157cdeb","rustc 1.97.0 (2d8144b78 2026-07-07)","x86_64-unknown-linux-gnu","Linux 7.0.11-76070011-generic x86_64","Intel(R) Core(TM) Ultra 7 155H","/dev/nvme0n1p3[/tmp] ext4   rw,nosuid,nodev,noatime,errors=remount-ro","/tmp/pigment-db-durability-bench","pigment_db","buffered","key_set","vector","minimal_callback","1","32","5","5","58752","100061318","587159.965253","1895","0"
"baseline-protocol-v4-20260807-155736","6d7edc7c29a60a94c59effeeb2b78d8b95038135","default-hasher:de0de3506157cdeb","rustc 1.97.0 (2d8144b78 2026-07-07)","x86_64-unknown-linux-gnu","Linux 7.0.11-76070011-generic x86_64","Intel(R) Core(TM) Ultra 7 155H","/dev/nvme0n1p3[/tmp] ext4   rw,nosuid,nodev,noatime,errors=remount-ro","/tmp/pigment-db-durability-bench","pigment_db","buffered","key_set","vector","minimal_callback","1","32","5","6","60736","100094696","606785.398499","1824","0"
"baseline-protocol-v4-20260807-155736","6d7edc7c29a60a94c59effeeb2b78d8b95038135","default-hasher:de0de3506157cdeb","rustc 1.97.0 (2d8144b78 2026-07-07)","x86_64-unknown-linux-gnu","Linux 7.0.11-76070011-generic x86_64","Intel(R) Core(TM) Ultra 7 155H","/dev/nvme0n1p3[/tmp] ext4   rw,nosuid,nodev,noatime,errors=remount-ro","/tmp/pigment-db-durability-bench","pigment_db","buffered","key_set","vector","minimal_callback","1","32","5","7","60928","100089857","608733.010779","1823","0"
"baseline-protocol-v4-20260807-155736","6d7edc7c29a60a94c59effeeb2b78d8b95038135","default-hasher:de0de3506157cdeb","rustc 1.97.0 (2d8144b78 2026-07-07)","x86_64-unknown-linux-gnu","Linux 7.0.11-76070011-generic x86_64","Intel(R) Core(TM) Ultra 7 155H","/dev/nvme0n1p3[/tmp] ext4   rw,nosuid,nodev,noatime,errors=remount-ro","/tmp/pigment-db-durability-bench","pigment_db","buffered","key_set","vector","minimal_callback","1","32","5","8","61056","100073329","610112.610524","1824","0"
"baseline-protocol-v4-20260807-155736","6d7edc7c29a60a94c59effeeb2b78d8b95038135","default-hasher:de0de3506157cdeb","rustc 1.97.0 (2d8144b78 2026-07-07)","x86_64-unknown-linux-gnu","Linux 7.0.11-76070011-generic x86_64","Intel(R) Core(TM) Ultra 7 155H","/dev/nvme0n1p3[/tmp] ext4   rw,nosuid,nodev,noatime,errors=remount-ro","/tmp/pigment-db-durability-bench","pigment_db","buffered","key_set","vector","minimal_callback","1","32","5","9","60800","100067714","607588.577471","1843","0"
"baseline-protocol-v4-20260807-155736","6d7edc7c29a60a94c59effeeb2b78d8b95038135","default-hasher:de0de3506157cdeb","rustc 1.97.0 (2d8144b78 2026-07-07)","x86_64-unknown-linux-gnu","Linux 7.0.11-76070011-generic x86_64","Intel(R) Core(TM) Ultra 7 155H","/dev/nvme0n1p3[/tmp] ext4   rw,nosuid,nodev,noatime,errors=remount-ro","/tmp/pigment-db-durability-bench","pigment_db","buffered","key_set","vector","minimal_callback","1","32","5","10","64832","100010687","648250.721445","1817","0"
"baseline-protocol-v4-20260807-155736","6d7edc7c29a60a94c59effeeb2b78d8b95038135","default-hasher:de0de3506157cdeb","rustc 1.97.0 (2d8144b78 2026-07-07)","x86_64-unknown-linux-gnu","Linux 7.0.11-76070011-generic x86_64","Intel(R) Core(TM) Ultra 7 155H","/dev/nvme0n1p3[/tmp] ext4   rw,nosuid,nodev,noatime,errors=remount-ro","/tmp/pigment-db-durability-bench","pigment_db","buffered","key_set","vector","minimal_callback","8","32","5","0","34304","101216061","338918.543767","60414","0"
"baseline-protocol-v4-20260807-155736","6d7edc7c29a60a94c59effeeb2b78d8b95038135","default-hasher:de0de3506157cdeb","rustc 1.97.0 (2d8144b78 2026-07-07)","x86_64-unknown-linux-gnu","Linux 7.0.11-76070011-generic x86_64","Intel(R) Core(TM) Ultra 7 155H","/dev/nvme0n1p3[/tmp] ext4   rw,nosuid,nodev,noatime,errors=remount-ro","/tmp/pigment-db-durability-bench","pigment_db","buffered","key_set","vector","minimal_callback","8","32","5","1","32768","100264168","326816.654979","69703","0"
"baseline-protocol-v4-20260807-155736","6d7edc7c29a60a94c59effeeb2b78d8b95038135","default-hasher:de0de3506157cdeb","rustc 1.97.0 (2d8144b78 2026-07-07)","x86_64-unknown-linux-gnu","Linux 7.0.11-76070011-generic x86_64","Intel(R) Core(TM) Ultra 7 155H","/dev/nvme0n1p3[/tmp] ext4   rw,nosuid,nodev,noatime,errors=remount-ro","/tmp/pigment-db-durability-bench","pigment_db","buffered","key_set","vector","minimal_callback","8","32","5","2","34304","101067649","339416.226057","69376","0"
"baseline-protocol-v4-20260807-155736","6d7edc7c29a60a94c59effeeb2b78d8b95038135","default-hasher:de0de3506157cdeb","rustc 1.97.0 (2d8144b78 2026-07-07)","x86_64-unknown-linux-gnu","Linux 7.0.11-76070011-generic x86_64","Intel(R) Core(TM) Ultra 7 155H","/dev/nvme0n1p3[/tmp] ext4   rw,nosuid,nodev,noatime,errors=remount-ro","/tmp/pigment-db-durability-bench","pigment_db","buffered","key_set","vector","minimal_callback","8","32","5","3","34304","101157810","339113.707582","54429","0"
"baseline-protocol-v4-20260807-155736","6d7edc7c29a60a94c59effeeb2b78d8b95038135","default-hasher:de0de3506157cdeb","rustc 1.97.0 (2d8144b78 2026-07-07)","x86_64-unknown-linux-gnu","Linux 7.0.11-76070011-generic x86_64","Intel(R) Core(TM) Ultra 7 155H","/dev/nvme0n1p3[/tmp] ext4   rw,nosuid,nodev,noatime,errors=remount-ro","/tmp/pigment-db-durability-bench","pigment_db","buffered","key_set","vector","minimal_callback","8","32","5","4","33792","101325319","333500.060335","77352","0"
"baseline-protocol-v4-20260807-155736","6d7edc7c29a60a94c59effeeb2b78d8b95038135","default-hasher:de0de3506157cdeb","rustc 1.97.0 (2d8144b78 2026-07-07)","x86_64-unknown-linux-gnu","Linux 7.0.11-76070011-generic x86_64","Intel(R) Core(TM) Ultra 7 155H","/dev/nvme0n1p3[/tmp] ext4   rw,nosuid,nodev,noatime,errors=remount-ro","/tmp/pigment-db-durability-bench","pigment_db","buffered","key_set","vector","minimal_callback","8","32","5","5","31232","100172855","311781.070830","69351","0"
"baseline-protocol-v4-20260807-155736","6d7edc7c29a60a94c59effeeb2b78d8b95038135","default-hasher:de0de3506157cdeb","rustc 1.97.0 (2d8144b78 2026-07-07)","x86_64-unknown-linux-gnu","Linux 7.0.11-76070011-generic x86_64","Intel(R) Core(TM) Ultra 7 155H","/dev/nvme0n1p3[/tmp] ext4   rw,nosuid,nodev,noatime,errors=remount-ro","/tmp/pigment-db-durability-bench","pigment_db","buffered","key_set","vector","minimal_callback","8","32","5","6","33792","100287024","336952.864410","77812","0"
"baseline-protocol-v4-20260807-155736","6d7edc7c29a60a94c59effeeb2b78d8b95038135","default-hasher:de0de3506157cdeb","rustc 1.97.0 (2d8144b78 2026-07-07)","x86_64-unknown-linux-gnu","Linux 7.0.11-76070011-generic x86_64","Intel(R) Core(TM) Ultra 7 155H","/dev/nvme0n1p3[/tmp] ext4   rw,nosuid,nodev,noatime,errors=remount-ro","/tmp/pigment-db-durability-bench","pigment_db","buffered","key_set","vector","minimal_callback","8","32","5","7","33792","100409744","336541.043268","67335","0"
"baseline-protocol-v4-20260807-155736","6d7edc7c29a60a94c59effeeb2b78d8b95038135","default-hasher:de0de3506157cdeb","rustc 1.97.0 (2d8144b78 2026-07-07)","x86_64-unknown-linux-gnu","Linux 7.0.11-76070011-generic x86_64","Intel(R) Core(TM) Ultra 7 155H","/dev/nvme0n1p3[/tmp] ext4   rw,nosuid,nodev,noatime,errors=remount-ro","/tmp/pigment-db-durability-bench","pigment_db","buffered","key_set","vector","minimal_callback","8","32","5","8","32256","100024500","322480.992157","70836","0"
"baseline-protocol-v4-20260807-155736","6d7edc7c29a60a94c59effeeb2b78d8b95038135","default-hasher:de0de3506157cdeb","rustc 1.97.0 (2d8144b78 2026-07-07)","x86_64-unknown-linux-gnu","Linux 7.0.11-76070011-generic x86_64","Intel(R) Core(TM) Ultra 7 155H","/dev/nvme0n1p3[/tmp] ext4   rw,nosuid,nodev,noatime,errors=remount-ro","/tmp/pigment-db-durability-bench","pigment_db","buffered","key_set","vector","minimal_callback","8","32","5","9","34304","100400674","341671.013085","61044","0"
"baseline-protocol-v4-20260807-155736","6d7edc7c29a60a94c59effeeb2b78d8b95038135","default-hasher:de0de3506157cdeb","rustc 1.97.0 (2d8144b78 2026-07-07)","x86_64-unknown-linux-gnu","Linux 7.0.11-76070011-generic x86_64","Intel(R) Core(TM) Ultra 7 155H","/dev/nvme0n1p3[/tmp] ext4   rw,nosuid,nodev,noatime,errors=remount-ro","/tmp/pigment-db-durability-bench","pigment_db","buffered","key_set","vector","minimal_callback","8","32","5","10","34304","101294067","338657.544474","78889","0"
"baseline-protocol-v4-20260807-155736","6d7edc7c29a60a94c59effeeb2b78d8b95038135","default-hasher:de0de3506157cdeb","rustc 1.97.0 (2d8144b78 2026-07-07)","x86_64-unknown-linux-gnu","Linux 7.0.11-76070011-generic x86_64","Intel(R) Core(TM) Ultra 7 155H","/dev/nvme0n1p3[/tmp] ext4   rw,nosuid,nodev,noatime,errors=remount-ro","/tmp/pigment-db-durability-bench","pigment_db","buffered","key_set","file","ordinary_write","1","32","5","0","34560","100102927","345244.650039","3016","0"
"baseline-protocol-v4-20260807-155736","6d7edc7c29a60a94c59effeeb2b78d8b95038135","default-hasher:de0de3506157cdeb","rustc 1.97.0 (2d8144b78 2026-07-07)","x86_64-unknown-linux-gnu","Linux 7.0.11-76070011-generic x86_64","Intel(R) Core(TM) Ultra 7 155H","/dev/nvme0n1p3[/tmp] ext4   rw,nosuid,nodev,noatime,errors=remount-ro","/tmp/pigment-db-durability-bench","pigment_db","buffered","key_set","file","ordinary_write","1","32","5","1","34752","100037661","347389.169765","2992","0"
"baseline-protocol-v4-20260807-155736","6d7edc7c29a60a94c59effeeb2b78d8b95038135","default-hasher:de0de3506157cdeb","rustc 1.97.0 (2d8144b78 2026-07-07)","x86_64-unknown-linux-gnu","Linux 7.0.11-76070011-generic x86_64","Intel(R) Core(TM) Ultra 7 155H","/dev/nvme0n1p3[/tmp] ext4   rw,nosuid,nodev,noatime,errors=remount-ro","/tmp/pigment-db-durability-bench","pigment_db","buffered","key_set","file","ordinary_write","1","32","5","2","34816","100118922","347746.452963","3081","0"
"baseline-protocol-v4-20260807-155736","6d7edc7c29a60a94c59effeeb2b78d8b95038135","default-hasher:de0de3506157cdeb","rustc 1.97.0 (2d8144b78 2026-07-07)","x86_64-unknown-linux-gnu","Linux 7.0.11-76070011-generic x86_64","Intel(R) Core(TM) Ultra 7 155H","/dev/nvme0n1p3[/tmp] ext4   rw,nosuid,nodev,noatime,errors=remount-ro","/tmp/pigment-db-durability-bench","pigment_db","buffered","key_set","file","ordinary_write","1","32","5","3","34432","100139896","343838.983016","3027","0"
"baseline-protocol-v4-20260807-155736","6d7edc7c29a60a94c59effeeb2b78d8b95038135","default-hasher:de0de3506157cdeb","rustc 1.97.0 (2d8144b78 2026-07-07)","x86_64-unknown-linux-gnu","Linux 7.0.11-76070011-generic x86_64","Intel(R) Core(TM) Ultra 7 155H","/dev/nvme0n1p3[/tmp] ext4   rw,nosuid,nodev,noatime,errors=remount-ro","/tmp/pigment-db-durability-bench","pigment_db","buffered","key_set","file","ordinary_write","1","32","5","4","33856","100148068","338059.442145","3157","0"
"baseline-protocol-v4-20260807-155736","6d7edc7c29a60a94c59effeeb2b78d8b95038135","default-hasher:de0de3506157cdeb","rustc 1.97.0 (2d8144b78 2026-07-07)","x86_64-unknown-linux-gnu","Linux 7.0.11-76070011-generic x86_64","Intel(R) Core(TM) Ultra 7 155H","/dev/nvme0n1p3[/tmp] ext4   rw,nosuid,nodev,noatime,errors=remount-ro","/tmp/pigment-db-durability-bench","pigment_db","buffered","key_set","file","ordinary_write","1","32","5","5","33728","100146284","336787.334016","3287","0"
"baseline-protocol-v4-20260807-155736","6d7edc7c29a60a94c59effeeb2b78d8b95038135","default-hasher:de0de3506157cdeb","rustc 1.97.0 (2d8144b78 2026-07-07)","x86_64-unknown-linux-gnu","Linux 7.0.11-76070011-generic x86_64","Intel(R) Core(TM) Ultra 7 155H","/dev/nvme0n1p3[/tmp] ext4   rw,nosuid,nodev,noatime,errors=remount-ro","/tmp/pigment-db-durability-bench","pigment_db","buffered","key_set","file","ordinary_write","1","32","5","6","33792","100038807","337788.914256","3103","0"
"baseline-protocol-v4-20260807-155736","6d7edc7c29a60a94c59effeeb2b78d8b95038135","default-hasher:de0de3506157cdeb","rustc 1.97.0 (2d8144b78 2026-07-07)","x86_64-unknown-linux-gnu","Linux 7.0.11-76070011-generic x86_64","Intel(R) Core(TM) Ultra 7 155H","/dev/nvme0n1p3[/tmp] ext4   rw,nosuid,nodev,noatime,errors=remount-ro","/tmp/pigment-db-durability-bench","pigment_db","buffered","key_set","file","ordinary_write","1","32","5","7","34432","100069152","344082.060374","3041","0"
"baseline-protocol-v4-20260807-155736","6d7edc7c29a60a94c59effeeb2b78d8b95038135","default-hasher:de0de3506157cdeb","rustc 1.97.0 (2d8144b78 2026-07-07)","x86_64-unknown-linux-gnu","Linux 7.0.11-76070011-generic x86_64","Intel(R) Core(TM) Ultra 7 155H","/dev/nvme0n1p3[/tmp] ext4   rw,nosuid,nodev,noatime,errors=remount-ro","/tmp/pigment-db-durability-bench","pigment_db","buffered","key_set","file","ordinary_write","1","32","5","8","34240","100001749","342394.011529","2986","0"
"baseline-protocol-v4-20260807-155736","6d7edc7c29a60a94c59effeeb2b78d8b95038135","default-hasher:de0de3506157cdeb","rustc 1.97.0 (2d8144b78 2026-07-07)","x86_64-unknown-linux-gnu","Linux 7.0.11-76070011-generic x86_64","Intel(R) Core(TM) Ultra 7 155H","/dev/nvme0n1p3[/tmp] ext4   rw,nosuid,nodev,noatime,errors=remount-ro","/tmp/pigment-db-durability-bench","pigment_db","buffered","key_set","file","ordinary_write","1","32","5","9","34240","100026560","342309.082708","3104","0"
"baseline-protocol-v4-20260807-155736","6d7edc7c29a60a94c59effeeb2b78d8b95038135","default-hasher:de0de3506157cdeb","rustc 1.97.0 (2d8144b78 2026-07-07)","x86_64-unknown-linux-gnu","Linux 7.0.11-76070011-generic x86_64","Intel(R) Core(TM) Ultra 7 155H","/dev/nvme0n1p3[/tmp] ext4   rw,nosuid,nodev,noatime,errors=remount-ro","/tmp/pigment-db-durability-bench","pigment_db","buffered","key_set","file","ordinary_write","1","32","5","10","34560","100108987","345223.750991","2984","0"
"baseline-protocol-v4-20260807-155736","6d7edc7c29a60a94c59effeeb2b78d8b95038135","default-hasher:de0de3506157cdeb","rustc 1.97.0 (2d8144b78 2026-07-07)","x86_64-unknown-linux-gnu","Linux 7.0.11-76070011-generic x86_64","Intel(R) Core(TM) Ultra 7 155H","/dev/nvme0n1p3[/tmp] ext4   rw,nosuid,nodev,noatime,errors=remount-ro","/tmp/pigment-db-durability-bench","pigment_db","buffered","key_set","file","ordinary_write","8","32","5","0","18944","101985475","185751.941637","121504","0"
"baseline-protocol-v4-20260807-155736","6d7edc7c29a60a94c59effeeb2b78d8b95038135","default-hasher:de0de3506157cdeb","rustc 1.97.0 (2d8144b78 2026-07-07)","x86_64-unknown-linux-gnu","Linux 7.0.11-76070011-generic x86_64","Intel(R) Core(TM) Ultra 7 155H","/dev/nvme0n1p3[/tmp] ext4   rw,nosuid,nodev,noatime,errors=remount-ro","/tmp/pigment-db-durability-bench","pigment_db","buffered","key_set","file","ordinary_write","8","32","5","1","16896","100046163","168882.038984","104974","0"
"baseline-protocol-v4-20260807-155736","6d7edc7c29a60a94c59effeeb2b78d8b95038135","default-hasher:de0de3506157cdeb","rustc 1.97.0 (2d8144b78 2026-07-07)","x86_64-unknown-linux-gnu","Linux 7.0.11-76070011-generic x86_64","Intel(R) Core(TM) Ultra 7 155H","/dev/nvme0n1p3[/tmp] ext4   rw,nosuid,nodev,noatime,errors=remount-ro","/tmp/pigment-db-durability-bench","pigment_db","buffered","key_set","file","ordinary_write","8","32","5","2","18432","101153579","182217.971744","122525","0"
"baseline-protocol-v4-20260807-155736","6d7edc7c29a60a94c59effeeb2b78d8b95038135","default-hasher:de0de3506157cdeb","rustc 1.97.0 (2d8144b78 2026-07-07)","x86_64-unknown-linux-gnu","Linux 7.0.11-76070011-generic x86_64","Intel(R) Core(TM) Ultra 7 155H","/dev/nvme0n1p3[/tmp] ext4   rw,nosuid,nodev,noatime,errors=remount-ro","/tmp/pigment-db-durability-bench","pigment_db","buffered","key_set","file","ordinary_write","8","32","5","3","18944","102101782","185540.346397","115417","0"
"baseline-protocol-v4-20260807-155736","6d7edc7c29a60a94c59effeeb2b78d8b95038135","default-hasher:de0de3506157cdeb","rustc 1.97.0 (2d8144b78 2026-07-07)","x86_64-unknown-linux-gnu","Linux 7.0.11-76070011-generic x86_64","Intel(R) Core(TM) Ultra 7 155H","/dev/nvme0n1p3[/tmp] ext4   rw,nosuid,nodev,noatime,errors=remount-ro","/tmp/pigment-db-durability-bench","pigment_db","buffered","key_set","file","ordinary_write","8","32","5","4","18944","100063026","189320.678749","123895","0"
"baseline-protocol-v4-20260807-155736","6d7edc7c29a60a94c59effeeb2b78d8b95038135","default-hasher:de0de3506157cdeb","rustc 1.97.0 (2d8144b78 2026-07-07)","x86_64-unknown-linux-gnu","Linux 7.0.11-76070011-generic x86_64","Intel(R) Core(TM) Ultra 7 155H","/dev/nvme0n1p3[/tmp] ext4   rw,nosuid,nodev,noatime,errors=remount-ro","/tmp/pigment-db-durability-bench","pigment_db","buffered","key_set","file","ordinary_write","8","32","5","5","18944","101615739","186427.813117","127048","0"
"baseline-protocol-v4-20260807-155736","6d7edc7c29a60a94c59effeeb2b78d8b95038135","default-hasher:de0de3506157cdeb","rustc 1.97.0 (2d8144b78 2026-07-07)","x86_64-unknown-linux-gnu","Linux 7.0.11-76070011-generic x86_64","Intel(R) Core(TM) Ultra 7 155H","/dev/nvme0n1p3[/tmp] ext4   rw,nosuid,nodev,noatime,errors=remount-ro","/tmp/pigment-db-durability-bench","pigment_db","buffered","key_set","file","ordinary_write","8","32","5","6","17408","102169526","170383.485972","126066","0"
"baseline-protocol-v4-20260807-155736","6d7edc7c29a60a94c59effeeb2b78d8b95038135","default-hasher:de0de3506157cdeb","rustc 1.97.0 (2d8144b78 2026-07-07)","x86_64-unknown-linux-gnu","Linux 7.0.11-76070011-generic x86_64","Intel(R) Core(TM) Ultra 7 155H","/dev/nvme0n1p3[/tmp] ext4   rw,nosuid,nodev,noatime,errors=remount-ro","/tmp/pigment-db-durability-bench","pigment_db","buffered","key_set","file","ordinary_write","8","32","5","7","18432","100557848","183297.478681","126963","0"
"baseline-protocol-v4-20260807-155736","6d7edc7c29a60a94c59effeeb2b78d8b95038135","default-hasher:de0de3506157cdeb","rustc 1.97.0 (2d8144b78 2026-07-07)","x86_64-unknown-linux-gnu","Linux 7.0.11-76070011-generic x86_64","Intel(R) Core(TM) Ultra 7 155H","/dev/nvme0n1p3[/tmp] ext4   rw,nosuid,nodev,noatime,errors=remount-ro","/tmp/pigment-db-durability-bench","pigment_db","buffered","key_set","file","ordinary_write","8","32","5","8","18944","101118071","187345.346016","115560","0"
"baseline-protocol-v4-20260807-155736","6d7edc7c29a60a94c59effeeb2b78d8b95038135","default-hasher:de0de3506157cdeb","rustc 1.97.0 (2d8144b78 2026-07-07)","x86_64-unknown-linux-gnu","Linux 7.0.11-76070011-generic x86_64","Intel(R) Core(TM) Ultra 7 155H","/dev/nvme0n1p3[/tmp] ext4   rw,nosuid,nodev,noatime,errors=remount-ro","/tmp/pigment-db-durability-bench","pigment_db","buffered","key_set","file","ordinary_write","8","32","5","9","17920","102103482","175508.216262","107127","0"
"baseline-protocol-v4-20260807-155736","6d7edc7c29a60a94c59effeeb2b78d8b95038135","default-hasher:de0de3506157cdeb","rustc 1.97.0 (2d8144b78 2026-07-07)","x86_64-unknown-linux-gnu","Linux 7.0.11-76070011-generic x86_64","Intel(R) Core(TM) Ultra 7 155H","/dev/nvme0n1p3[/tmp] ext4   rw,nosuid,nodev,noatime,errors=remount-ro","/tmp/pigment-db-durability-bench","pigment_db","buffered","key_set","file","ordinary_write","8","32","5","10","18432","101098925","182316.478637","131367","0"
"baseline-protocol-v4-20260807-155736","6d7edc7c29a60a94c59effeeb2b78d8b95038135","default-hasher:de0de3506157cdeb","rustc 1.97.0 (2d8144b78 2026-07-07)","x86_64-unknown-linux-gnu","Linux 7.0.11-76070011-generic x86_64","Intel(R) Core(TM) Ultra 7 155H","/dev/nvme0n1p3[/tmp] ext4   rw,nosuid,nodev,noatime,errors=remount-ro","/tmp/pigment-db-durability-bench","pigment_db","buffered","key_set","file","successful_remove","1","32","5","0","37824","100042222","378080.366907","2841","0"
"baseline-protocol-v4-20260807-155736","6d7edc7c29a60a94c59effeeb2b78d8b95038135","default-hasher:de0de3506157cdeb","rustc 1.97.0 (2d8144b78 2026-07-07)","x86_64-unknown-linux-gnu","Linux 7.0.11-76070011-generic x86_64","Intel(R) Core(TM) Ultra 7 155H","/dev/nvme0n1p3[/tmp] ext4   rw,nosuid,nodev,noatime,errors=remount-ro","/tmp/pigment-db-durability-bench","pigment_db","buffered","key_set","file","successful_remove","1","32","5","1","38016","100138041","379635.946743","2911","0"
"baseline-protocol-v4-20260807-155736","6d7edc7c29a60a94c59effeeb2b78d8b95038135","default-hasher:de0de3506157cdeb","rustc 1.97.0 (2d8144b78 2026-07-07)","x86_64-unknown-linux-gnu","Linux 7.0.11-76070011-generic x86_64","Intel(R) Core(TM) Ultra 7 155H","/dev/nvme0n1p3[/tmp] ext4   rw,nosuid,nodev,noatime,errors=remount-ro","/tmp/pigment-db-durability-bench","pigment_db","buffered","key_set","file","successful_remove","1","32","5","2","37376","100075108","373479.487027","3046","0"
"baseline-protocol-v4-20260807-155736","6d7edc7c29a60a94c59effeeb2b78d8b95038135","default-hasher:de0de3506157cdeb","rustc 1.97.0 (2d8144b78 2026-07-07)","x86_64-unknown-linux-gnu","Linux 7.0.11-76070011-generic x86_64","Intel(R) Core(TM) Ultra 7 155H","/dev/nvme0n1p3[/tmp] ext4   rw,nosuid,nodev,noatime,errors=remount-ro","/tmp/pigment-db-durability-bench","pigment_db","buffered","key_set","file","successful_remove","1","32","5","3","37888","100056783","378664.982663","2844","0"
"baseline-protocol-v4-20260807-155736","6d7edc7c29a60a94c59effeeb2b78d8b95038135","default-hasher:de0de3506157cdeb","rustc 1.97.0 (2d8144b78 2026-07-07)","x86_64-unknown-linux-gnu","Linux 7.0.11-76070011-generic x86_64","Intel(R) Core(TM) Ultra 7 155H","/dev/nvme0n1p3[/tmp] ext4   rw,nosuid,nodev,noatime,errors=remount-ro","/tmp/pigment-db-durability-bench","pigment_db","buffered","key_set","file","successful_remove","1","32","5","4","37184","100363460","370493.404671","2898","0"
"baseline-protocol-v4-20260807-155736","6d7edc7c29a60a94c59effeeb2b78d8b95038135","default-hasher:de0de3506157cdeb","rustc 1.97.0 (2d8144b78 2026-07-07)","x86_64-unknown-linux-gnu","Linux 7.0.11-76070011-generic x86_64","Intel(R) Core(TM) Ultra 7 155H","/dev/nvme0n1p3[/tmp] ext4   rw,nosuid,nodev,noatime,errors=remount-ro","/tmp/pigment-db-durability-bench","pigment_db","buffered","key_set","file","successful_remove","1","32","5","5","38016","100071807","379887.214388","2824","0"
"baseline-protocol-v4-20260807-155736","6d7edc7c29a60a94c59effeeb2b78d8b95038135","default-hasher:de0de3506157cdeb","rustc 1.97.0 (2d8144b78 2026-07-07)","x86_64-unknown-linux-gnu","Linux 7.0.11-76070011-generic x86_64","Intel(R) Core(TM) Ultra 7 155H","/dev/nvme0n1p3[/tmp] ext4   rw,nosuid,nodev,noatime,errors=remount-ro","/tmp/pigment-db-durability-bench","pigment_db","buffered","key_set","file","successful_remove","1","32","5","6","36800","100030809","367886.657800","2935","0"
"baseline-protocol-v4-20260807-155736","6d7edc7c29a60a94c59effeeb2b78d8b95038135","default-hasher:de0de3506157cdeb","rustc 1.97.0 (2d8144b78 2026-07-07)","x86_64-unknown-linux-gnu","Linux 7.0.11-76070011-generic x86_64","Intel(R) Core(TM) Ultra 7 155H","/dev/nvme0n1p3[/tmp] ext4   rw,nosuid,nodev,noatime,errors=remount-ro","/tmp/pigment-db-durability-bench","pigment_db","buffered","key_set","file","successful_remove","1","32","5","7","34176","100063180","341544.212367","3395","0"
"baseline-protocol-v4-20260807-155736","6d7edc7c29a60a94c59effeeb2b78d8b95038135","default-hasher:de0de3506157cdeb","rustc 1.97.0 (2d8144b78 2026-07-07)","x86_64-unknown-linux-gnu","Linux 7.0.11-76070011-generic x86_64","Intel(R) Core(TM) Ultra 7 155H","/dev/nvme0n1p3[/tmp] ext4   rw,nosuid,nodev,noatime,errors=remount-ro","/tmp/pigment-db-durability-bench","pigment_db","buffered","key_set","file","successful_remove","1","32","5","8","37632","100136796","375805.912544","2929","0"
"baseline-protocol-v4-20260807-155736","6d7edc7c29a60a94c59effeeb2b78d8b95038135","default-hasher:de0de3506157cdeb","rustc 1.97.0 (2d8144b78 2026-07-07)","x86_64-unknown-linux-gnu","Linux 7.0.11-76070011-generic x86_64","Intel(R) Core(TM) Ultra 7 155H","/dev/nvme0n1p3[/tmp] ext4   rw,nosuid,nodev,noatime,errors=remount-ro","/tmp/pigment-db-durability-bench","pigment_db","buffered","key_set","file","successful_remove","1","32","5","9","37440","100158972","373805.753518","2955","0"
"baseline-protocol-v4-20260807-155736","6d7edc7c29a60a94c59effeeb2b78d8b95038135","default-hasher:de0de3506157cdeb","rustc 1.97.0 (2d8144b78 2026-07-07)","x86_64-unknown-linux-gnu","Linux 7.0.11-76070011-generic x86_64","Intel(R) Core(TM) Ultra 7 155H","/dev/nvme0n1p3[/tmp] ext4   rw,nosuid,nodev,noatime,errors=remount-ro","/tmp/pigment-db-durability-bench","pigment_db","buffered","key_set","file","successful_remove","1","32","5","10","37696","100112043","376538.115399","2958","0"
"baseline-protocol-v4-20260807-155736","6d7edc7c29a60a94c59effeeb2b78d8b95038135","default-hasher:de0de3506157cdeb","rustc 1.97.0 (2d8144b78 2026-07-07)","x86_64-unknown-linux-gnu","Linux 7.0.11-76070011-generic x86_64","Intel(R) Core(TM) Ultra 7 155H","/dev/nvme0n1p3[/tmp] ext4   rw,nosuid,nodev,noatime,errors=remount-ro","/tmp/pigment-db-durability-bench","pigment_db","buffered","key_set","file","successful_remove","8","32","5","0","16896","100687394","167806.508131","107311","0"
"baseline-protocol-v4-20260807-155736","6d7edc7c29a60a94c59effeeb2b78d8b95038135","default-hasher:de0de3506157cdeb","rustc 1.97.0 (2d8144b78 2026-07-07)","x86_64-unknown-linux-gnu","Linux 7.0.11-76070011-generic x86_64","Intel(R) Core(TM) Ultra 7 155H","/dev/nvme0n1p3[/tmp] ext4   rw,nosuid,nodev,noatime,errors=remount-ro","/tmp/pigment-db-durability-bench","pigment_db","buffered","key_set","file","successful_remove","8","32","5","1","17920","100888972","177620.999052","104292","0"
"baseline-protocol-v4-20260807-155736","6d7edc7c29a60a94c59effeeb2b78d8b95038135","default-hasher:de0de3506157cdeb","rustc 1.97.0 (2d8144b78 2026-07-07)","x86_64-unknown-linux-gnu","Linux 7.0.11-76070011-generic x86_64","Intel(R) Core(TM) Ultra 7 155H","/dev/nvme0n1p3[/tmp] ext4   rw,nosuid,nodev,noatime,errors=remount-ro","/tmp/pigment-db-durability-bench","pigment_db","buffered","key_set","file","successful_remove","8","32","5","2","17920","101805397","176022.102247","135190","0"
"baseline-protocol-v4-20260807-155736","6d7edc7c29a60a94c59effeeb2b78d8b95038135","default-hasher:de0de3506157cdeb","rustc 1.97.0 (2d8144b78 2026-07-07)","x86_64-unknown-linux-gnu","Linux 7.0.11-76070011-generic x86_64","Intel(R) Core(TM) Ultra 7 155H","/dev/nvme0n1p3[/tmp] ext4   rw,nosuid,nodev,noatime,errors=remount-ro","/tmp/pigment-db-durability-bench","pigment_db","buffered","key_set","file","successful_remove","8","32","5","3","18432","100807505","182843.529358","104431","0"
"baseline-protocol-v4-20260807-155736","6d7edc7c29a60a94c59effeeb2b78d8b95038135","default-hasher:de0de3506157cdeb","rustc 1.97.0 (2d8144b78 2026-07-07)","x86_64-unknown-linux-gnu","Linux 7.0.11-76070011-generic x86_64","Intel(R) Core(TM) Ultra 7 155H","/dev/nvme0n1p3[/tmp] ext4   rw,nosuid,nodev,noatime,errors=remount-ro","/tmp/pigment-db-durability-bench","pigment_db","buffered","key_set","file","successful_remove","8","32","5","4","17408","101619154","171306.287395","88190","0"
"baseline-protocol-v4-20260807-155736","6d7edc7c29a60a94c59effeeb2b78d8b95038135","default-hasher:de0de3506157cdeb","rustc 1.97.0 (2d8144b78 2026-07-07)","x86_64-unknown-linux-gnu","Linux 7.0.11-76070011-generic x86_64","Intel(R) Core(TM) Ultra 7 155H","/dev/nvme0n1p3[/tmp] ext4   rw,nosuid,nodev,noatime,errors=remount-ro","/tmp/pigment-db-durability-bench","pigment_db","buffered","key_set","file","successful_remove","8","32","5","5","17920","104201097","171975.156845","94530","0"
"baseline-protocol-v4-20260807-155736","6d7edc7c29a60a94c59effeeb2b78d8b95038135","default-hasher:de0de3506157cdeb","rustc 1.97.0 (2d8144b78 2026-07-07)","x86_64-unknown-linux-gnu","Linux 7.0.11-76070011-generic x86_64","Intel(R) Core(TM) Ultra 7 155H","/dev/nvme0n1p3[/tmp] ext4   rw,nosuid,nodev,noatime,errors=remount-ro","/tmp/pigment-db-durability-bench","pigment_db","buffered","key_set","file","successful_remove","8","32","5","6","17920","100821360","177740.113801","118688","0"
"baseline-protocol-v4-20260807-155736","6d7edc7c29a60a94c59effeeb2b78d8b95038135","default-hasher:de0de3506157cdeb","rustc 1.97.0 (2d8144b78 2026-07-07)","x86_64-unknown-linux-gnu","Linux 7.0.11-76070011-generic x86_64","Intel(R) Core(TM) Ultra 7 155H","/dev/nvme0n1p3[/tmp] ext4   rw,nosuid,nodev,noatime,errors=remount-ro","/tmp/pigment-db-durability-bench","pigment_db","buffered","key_set","file","successful_remove","8","32","5","7","18432","100120413","184098.321688","119740","0"
"baseline-protocol-v4-20260807-155736","6d7edc7c29a60a94c59effeeb2b78d8b95038135","default-hasher:de0de3506157cdeb","rustc 1.97.0 (2d8144b78 2026-07-07)","x86_64-unknown-linux-gnu","Linux 7.0.11-76070011-generic x86_64","Intel(R) Core(TM) Ultra 7 155H","/dev/nvme0n1p3[/tmp] ext4   rw,nosuid,nodev,noatime,errors=remount-ro","/tmp/pigment-db-durability-bench","pigment_db","buffered","key_set","file","successful_remove","8","32","5","8","17920","100974234","177471.017012","108151","0"
"baseline-protocol-v4-20260807-155736","6d7edc7c29a60a94c59effeeb2b78d8b95038135","default-hasher:de0de3506157cdeb","rustc 1.97.0 (2d8144b78 2026-07-07)","x86_64-unknown-linux-gnu","Linux 7.0.11-76070011-generic x86_64","Intel(R) Core(TM) Ultra 7 155H","/dev/nvme0n1p3[/tmp] ext4   rw,nosuid,nodev,noatime,errors=remount-ro","/tmp/pigment-db-durability-bench","pigment_db","buffered","key_set","file","successful_remove","8","32","5","9","16896","101332023","166738.998194","104708","0"
"baseline-protocol-v4-20260807-155736","6d7edc7c29a60a94c59effeeb2b78d8b95038135","default-hasher:de0de3506157cdeb","rustc 1.97.0 (2d8144b78 2026-07-07)","x86_64-unknown-linux-gnu","Linux 7.0.11-76070011-generic x86_64","Intel(R) Core(TM) Ultra 7 155H","/dev/nvme0n1p3[/tmp] ext4   rw,nosuid,nodev,noatime,errors=remount-ro","/tmp/pigment-db-durability-bench","pigment_db","buffered","key_set","file","successful_remove","8","32","5","10","19456","101033517","192569.758806","106852","0"
"baseline-protocol-v4-20260807-155736","6d7edc7c29a60a94c59effeeb2b78d8b95038135","default-hasher:de0de3506157cdeb","rustc 1.97.0 (2d8144b78 2026-07-07)","x86_64-unknown-linux-gnu","Linux 7.0.11-76070011-generic x86_64","Intel(R) Core(TM) Ultra 7 155H","/dev/nvme0n1p3[/tmp] ext4   rw,nosuid,nodev,noatime,errors=remount-ro","/tmp/pigment-db-durability-bench","pigment_db","buffered","key_set","file","minimal_callback","1","32","5","0","30208","100221380","301412.732493","3775","0"
"baseline-protocol-v4-20260807-155736","6d7edc7c29a60a94c59effeeb2b78d8b95038135","default-hasher:de0de3506157cdeb","rustc 1.97.0 (2d8144b78 2026-07-07)","x86_64-unknown-linux-gnu","Linux 7.0.11-76070011-generic x86_64","Intel(R) Core(TM) Ultra 7 155H","/dev/nvme0n1p3[/tmp] ext4   rw,nosuid,nodev,noatime,errors=remount-ro","/tmp/pigment-db-durability-bench","pigment_db","buffered","key_set","file","minimal_callback","1","32","5","1","29952","100147286","299079.497771","3851","0"
"baseline-protocol-v4-20260807-155736","6d7edc7c29a60a94c59effeeb2b78d8b95038135","default-hasher:de0de3506157cdeb","rustc 1.97.0 (2d8144b78 2026-07-07)","x86_64-unknown-linux-gnu","Linux 7.0.11-76070011-generic x86_64","Intel(R) Core(TM) Ultra 7 155H","/dev/nvme0n1p3[/tmp] ext4   rw,nosuid,nodev,noatime,errors=remount-ro","/tmp/pigment-db-durability-bench","pigment_db","buffered","key_set","file","minimal_callback","1","32","5","2","30080","100129862","300409.881719","3832","0"
"baseline-protocol-v4-20260807-155736","6d7edc7c29a60a94c59effeeb2b78d8b95038135","default-hasher:de0de3506157cdeb","rustc 1.97.0 (2d8144b78 2026-07-07)","x86_64-unknown-linux-gnu","Linux 7.0.11-76070011-generic x86_64","Intel(R) Core(TM) Ultra 7 155H","/dev/nvme0n1p3[/tmp] ext4   rw,nosuid,nodev,noatime,errors=remount-ro","/tmp/pigment-db-durability-bench","pigment_db","buffered","key_set","file","minimal_callback","1","32","5","3","30080","100143181","300369.927334","3800","0"
"baseline-protocol-v4-20260807-155736","6d7edc7c29a60a94c59effeeb2b78d8b95038135","default-hasher:de0de3506157cdeb","rustc 1.97.0 (2d8144b78 2026-07-07)","x86_64-unknown-linux-gnu","Linux 7.0.11-76070011-generic x86_64","Intel(R) Core(TM) Ultra 7 155H","/dev/nvme0n1p3[/tmp] ext4   rw,nosuid,nodev,noatime,errors=remount-ro","/tmp/pigment-db-durability-bench","pigment_db","buffered","key_set","file","minimal_callback","1","32","5","4","30592","100152279","305454.856399","3703","0"
"baseline-protocol-v4-20260807-155736","6d7edc7c29a60a94c59effeeb2b78d8b95038135","default-hasher:de0de3506157cdeb","rustc 1.97.0 (2d8144b78 2026-07-07)","x86_64-unknown-linux-gnu","Linux 7.0.11-76070011-generic x86_64","Intel(R) Core(TM) Ultra 7 155H","/dev/nvme0n1p3[/tmp] ext4   rw,nosuid,nodev,noatime,errors=remount-ro","/tmp/pigment-db-durability-bench","pigment_db","buffered","key_set","file","minimal_callback","1","32","5","5","29120","100100316","290908.172558","4103","0"
"baseline-protocol-v4-20260807-155736","6d7edc7c29a60a94c59effeeb2b78d8b95038135","default-hasher:de0de3506157cdeb","rustc 1.97.0 (2d8144b78 2026-07-07)","x86_64-unknown-linux-gnu","Linux 7.0.11-76070011-generic x86_64","Intel(R) Core(TM) Ultra 7 155H","/dev/nvme0n1p3[/tmp] ext4   rw,nosuid,nodev,noatime,errors=remount-ro","/tmp/pigment-db-durability-bench","pigment_db","buffered","key_set","file","minimal_callback","1","32","5","6","26752","100236934","266887.652410","4271","0"
"baseline-protocol-v4-20260807-155736","6d7edc7c29a60a94c59effeeb2b78d8b95038135","default-hasher:de0de3506157cdeb","rustc 1.97.0 (2d8144b78 2026-07-07)","x86_64-unknown-linux-gnu","Linux 7.0.11-76070011-generic x86_64","Intel(R) Core(TM) Ultra 7 155H","/dev/nvme0n1p3[/tmp] ext4   rw,nosuid,nodev,noatime,errors=remount-ro","/tmp/pigment-db-durability-bench","pigment_db","buffered","key_set","file","minimal_callback","1","32","5","7","29184","100046934","291703.092071","4009","0"
"baseline-protocol-v4-20260807-155736","6d7edc7c29a60a94c59effeeb2b78d8b95038135","default-hasher:de0de3506157cdeb","rustc 1.97.0 (2d8144b78 2026-07-07)","x86_64-unknown-linux-gnu","Linux 7.0.11-76070011-generic x86_64","Intel(R) Core(TM) Ultra 7 155H","/dev/nvme0n1p3[/tmp] ext4   rw,nosuid,nodev,noatime,errors=remount-ro","/tmp/pigment-db-durability-bench","pigment_db","buffered","key_set","file","minimal_callback","1","32","5","8","29824","100026216","298161.833894","3915","0"
"baseline-protocol-v4-20260807-155736","6d7edc7c29a60a94c59effeeb2b78d8b95038135","default-hasher:de0de3506157cdeb","rustc 1.97.0 (2d8144b78 2026-07-07)","x86_64-unknown-linux-gnu","Linux 7.0.11-76070011-generic x86_64","Intel(R) Core(TM) Ultra 7 155H","/dev/nvme0n1p3[/tmp] ext4   rw,nosuid,nodev,noatime,errors=remount-ro","/tmp/pigment-db-durability-bench","pigment_db","buffered","key_set","file","minimal_callback","1","32","5","9","29056","100201623","289975.343014","4025","0"
"baseline-protocol-v4-20260807-155736","6d7edc7c29a60a94c59effeeb2b78d8b95038135","default-hasher:de0de3506157cdeb","rustc 1.97.0 (2d8144b78 2026-07-07)","x86_64-unknown-linux-gnu","Linux 7.0.11-76070011-generic x86_64","Intel(R) Core(TM) Ultra 7 155H","/dev/nvme0n1p3[/tmp] ext4   rw,nosuid,nodev,noatime,errors=remount-ro","/tmp/pigment-db-durability-bench","pigment_db","buffered","key_set","file","minimal_callback","1","32","5","10","30272","100041636","302594.011957","3771","0"
"baseline-protocol-v4-20260807-155736","6d7edc7c29a60a94c59effeeb2b78d8b95038135","default-hasher:de0de3506157cdeb","rustc 1.97.0 (2d8144b78 2026-07-07)","x86_64-unknown-linux-gnu","Linux 7.0.11-76070011-generic x86_64","Intel(R) Core(TM) Ultra 7 155H","/dev/nvme0n1p3[/tmp] ext4   rw,nosuid,nodev,noatime,errors=remount-ro","/tmp/pigment-db-durability-bench","pigment_db","buffered","key_set","file","minimal_callback","8","32","5","0","15360","101883561","150760.337087","121151","0"
"baseline-protocol-v4-20260807-155736","6d7edc7c29a60a94c59effeeb2b78d8b95038135","default-hasher:de0de3506157cdeb","rustc 1.97.0 (2d8144b78 2026-07-07)","x86_64-unknown-linux-gnu","Linux 7.0.11-76070011-generic x86_64","Intel(R) Core(TM) Ultra 7 155H","/dev/nvme0n1p3[/tmp] ext4   rw,nosuid,nodev,noatime,errors=remount-ro","/tmp/pigment-db-durability-bench","pigment_db","buffered","key_set","file","minimal_callback","8","32","5","1","15360","101852918","150805.694148","118087","0"
"baseline-protocol-v4-20260807-155736","6d7edc7c29a60a94c59effeeb2b78d8b95038135","default-hasher:de0de3506157cdeb","rustc 1.97.0 (2d8144b78 2026-07-07)","x86_64-unknown-linux-gnu","Linux 7.0.11-76070011-generic x86_64","Intel(R) Core(TM) Ultra 7 155H","/dev/nvme0n1p3[/tmp] ext4   rw,nosuid,nodev,noatime,errors=remount-ro","/tmp/pigment-db-durability-bench","pigment_db","buffered","key_set","file","minimal_callback","8","32","5","2","14848","101022577","146977.046527","129439","0"
"baseline-protocol-v4-20260807-155736","6d7edc7c29a60a94c59effeeb2b78d8b95038135","default-hasher:de0de3506157cdeb","rustc 1.97.0 (2d8144b78 2026-07-07)","x86_64-unknown-linux-gnu","Linux 7.0.11-76070011-generic x86_64","Intel(R) Core(TM) Ultra 7 155H","/dev/nvme0n1p3[/tmp] ext4   rw,nosuid,nodev,noatime,errors=remount-ro","/tmp/pigment-db-durability-bench","pigment_db","buffered","key_set","file","minimal_callback","8","32","5","3","15872","100547349","157855.976889","104301","0"
"baseline-protocol-v4-20260807-155736","6d7edc7c29a60a94c59effeeb2b78d8b95038135","default-hasher:de0de3506157cdeb","rustc 1.97.0 (2d8144b78 2026-07-07)","x86_64-unknown-linux-gnu","Linux 7.0.11-76070011-generic x86_64","Intel(R) Core(TM) Ultra 7 155H","/dev/nvme0n1p3[/tmp] ext4   rw,nosuid,nodev,noatime,errors=remount-ro","/tmp/pigment-db-durability-bench","pigment_db","buffered","key_set","file","minimal_callback","8","32","5","4","14848","101807645","145843.664295","102915","0"
"baseline-protocol-v4-20260807-155736","6d7edc7c29a60a94c59effeeb2b78d8b95038135","default-hasher:de0de3506157cdeb","rustc 1.97.0 (2d8144b78 2026-07-07)","x86_64-unknown-linux-gnu","Linux 7.0.11-76070011-generic x86_64","Intel(R) Core(TM) Ultra 7 155H","/dev/nvme0n1p3[/tmp] ext4   rw,nosuid,nodev,noatime,errors=remount-ro","/tmp/pigment-db-durability-bench","pigment_db","buffered","key_set","file","minimal_callback","8","32","5","5","15872","101010743","157131.801317","107862","0"
"baseline-protocol-v4-20260807-155736","6d7edc7c29a60a94c59effeeb2b78d8b95038135","default-hasher:de0de3506157cdeb","rustc 1.97.0 (2d8144b78 2026-07-07)","x86_64-unknown-linux-gnu","Linux 7.0.11-76070011-generic x86_64","Intel(R) Core(TM) Ultra 7 155H","/dev/nvme0n1p3[/tmp] ext4   rw,nosuid,nodev,noatime,errors=remount-ro","/tmp/pigment-db-durability-bench","pigment_db","buffered","key_set","file","minimal_callback","8","32","5","6","14848","100598104","147597.215152","116740","0"
"baseline-protocol-v4-20260807-155736","6d7edc7c29a60a94c59effeeb2b78d8b95038135","default-hasher:de0de3506157cdeb","rustc 1.97.0 (2d8144b78 2026-07-07)","x86_64-unknown-linux-gnu","Linux 7.0.11-76070011-generic x86_64","Intel(R) Core(TM) Ultra 7 155H","/dev/nvme0n1p3[/tmp] ext4   rw,nosuid,nodev,noatime,errors=remount-ro","/tmp/pigment-db-durability-bench","pigment_db","buffered","key_set","file","minimal_callback","8","32","5","7","15360","102630005","149663.833691","124442","0"
"baseline-protocol-v4-20260807-155736","6d7edc7c29a60a94c59effeeb2b78d8b95038135","default-hasher:de0de3506157cdeb","rustc 1.97.0 (2d8144b78 2026-07-07)","x86_64-unknown-linux-gnu","Linux 7.0.11-76070011-generic x86_64","Intel(R) Core(TM) Ultra 7 155H","/dev/nvme0n1p3[/tmp] ext4   rw,nosuid,nodev,noatime,errors=remount-ro","/tmp/pigment-db-durability-bench","pigment_db","buffered","key_set","file","minimal_callback","8","32","5","8","14848","101450061","146357.723728","129767","0"
"baseline-protocol-v4-20260807-155736","6d7edc7c29a60a94c59effeeb2b78d8b95038135","default-hasher:de0de3506157cdeb","rustc 1.97.0 (2d8144b78 2026-07-07)","x86_64-unknown-linux-gnu","Linux 7.0.11-76070011-generic x86_64","Intel(R) Core(TM) Ultra 7 155H","/dev/nvme0n1p3[/tmp] ext4   rw,nosuid,nodev,noatime,errors=remount-ro","/tmp/pigment-db-durability-bench","pigment_db","buffered","key_set","file","minimal_callback","8","32","5","9","14848","101710883","145982.411735","126709","0"
"baseline-protocol-v4-20260807-155736","6d7edc7c29a60a94c59effeeb2b78d8b95038135","default-hasher:de0de3506157cdeb","rustc 1.97.0 (2d8144b78 2026-07-07)","x86_64-unknown-linux-gnu","Linux 7.0.11-76070011-generic x86_64","Intel(R) Core(TM) Ultra 7 155H","/dev/nvme0n1p3[/tmp] ext4   rw,nosuid,nodev,noatime,errors=remount-ro","/tmp/pigment-db-durability-bench","pigment_db","buffered","key_set","file","minimal_callback","8","32","5","10","14336","100313077","142912.573602","114406","0"
"baseline-protocol-v4-20260807-155736","6d7edc7c29a60a94c59effeeb2b78d8b95038135","default-hasher:de0de3506157cdeb","rustc 1.97.0 (2d8144b78 2026-07-07)","x86_64-unknown-linux-gnu","Linux 7.0.11-76070011-generic x86_64","Intel(R) Core(TM) Ultra 7 155H","/dev/nvme0n1p3[/tmp] ext4   rw,nosuid,nodev,noatime,errors=remount-ro","/tmp/pigment-db-durability-bench","pigment_db","buffered","key_map","vector","ordinary_write","1","32","5","0","105920","100028710","1058895.990961","950","0"
"baseline-protocol-v4-20260807-155736","6d7edc7c29a60a94c59effeeb2b78d8b95038135","default-hasher:de0de3506157cdeb","rustc 1.97.0 (2d8144b78 2026-07-07)","x86_64-unknown-linux-gnu","Linux 7.0.11-76070011-generic x86_64","Intel(R) Core(TM) Ultra 7 155H","/dev/nvme0n1p3[/tmp] ext4   rw,nosuid,nodev,noatime,errors=remount-ro","/tmp/pigment-db-durability-bench","pigment_db","buffered","key_map","vector","ordinary_write","1","32","5","1","106688","100018981","1066677.533937","918","0"
"baseline-protocol-v4-20260807-155736","6d7edc7c29a60a94c59effeeb2b78d8b95038135","default-hasher:de0de3506157cdeb","rustc 1.97.0 (2d8144b78 2026-07-07)","x86_64-unknown-linux-gnu","Linux 7.0.11-76070011-generic x86_64","Intel(R) Core(TM) Ultra 7 155H","/dev/nvme0n1p3[/tmp] ext4   rw,nosuid,nodev,noatime,errors=remount-ro","/tmp/pigment-db-durability-bench","pigment_db","buffered","key_map","vector","ordinary_write","1","32","5","2","106432","100012217","1064189.987909","922","0"
"baseline-protocol-v4-20260807-155736","6d7edc7c29a60a94c59effeeb2b78d8b95038135","default-hasher:de0de3506157cdeb","rustc 1.97.0 (2d8144b78 2026-07-07)","x86_64-unknown-linux-gnu","Linux 7.0.11-76070011-generic x86_64","Intel(R) Core(TM) Ultra 7 155H","/dev/nvme0n1p3[/tmp] ext4   rw,nosuid,nodev,noatime,errors=remount-ro","/tmp/pigment-db-durability-bench","pigment_db","buffered","key_map","vector","ordinary_write","1","32","5","3","107136","100040835","1070922.688720","928","0"
"baseline-protocol-v4-20260807-155736","6d7edc7c29a60a94c59effeeb2b78d8b95038135","default-hasher:de0de3506157cdeb","rustc 1.97.0 (2d8144b78 2026-07-07)","x86_64-unknown-linux-gnu","Linux 7.0.11-76070011-generic x86_64","Intel(R) Core(TM) Ultra 7 155H","/dev/nvme0n1p3[/tmp] ext4   rw,nosuid,nodev,noatime,errors=remount-ro","/tmp/pigment-db-durability-bench","pigment_db","buffered","key_map","vector","ordinary_write","1","32","5","4","109568","100000928","1095669.832184","891","0"
"baseline-protocol-v4-20260807-155736","6d7edc7c29a60a94c59effeeb2b78d8b95038135","default-hasher:de0de3506157cdeb","rustc 1.97.0 (2d8144b78 2026-07-07)","x86_64-unknown-linux-gnu","Linux 7.0.11-76070011-generic x86_64","Intel(R) Core(TM) Ultra 7 155H","/dev/nvme0n1p3[/tmp] ext4   rw,nosuid,nodev,noatime,errors=remount-ro","/tmp/pigment-db-durability-bench","pigment_db","buffered","key_map","vector","ordinary_write","1","32","5","5","109760","100005463","1097540.041388","891","0"
"baseline-protocol-v4-20260807-155736","6d7edc7c29a60a94c59effeeb2b78d8b95038135","default-hasher:de0de3506157cdeb","rustc 1.97.0 (2d8144b78 2026-07-07)","x86_64-unknown-linux-gnu","Linux 7.0.11-76070011-generic x86_64","Intel(R) Core(TM) Ultra 7 155H","/dev/nvme0n1p3[/tmp] ext4   rw,nosuid,nodev,noatime,errors=remount-ro","/tmp/pigment-db-durability-bench","pigment_db","buffered","key_map","vector","ordinary_write","1","32","5","6","110528","100035438","1104888.449631","875","0"
"baseline-protocol-v4-20260807-155736","6d7edc7c29a60a94c59effeeb2b78d8b95038135","default-hasher:de0de3506157cdeb","rustc 1.97.0 (2d8144b78 2026-07-07)","x86_64-unknown-linux-gnu","Linux 7.0.11-76070011-generic x86_64","Intel(R) Core(TM) Ultra 7 155H","/dev/nvme0n1p3[/tmp] ext4   rw,nosuid,nodev,noatime,errors=remount-ro","/tmp/pigment-db-durability-bench","pigment_db","buffered","key_map","vector","ordinary_write","1","32","5","7","110656","100005192","1106502.550388","871","0"
"baseline-protocol-v4-20260807-155736","6d7edc7c29a60a94c59effeeb2b78d8b95038135","default-hasher:de0de3506157cdeb","rustc 1.97.0 (2d8144b78 2026-07-07)","x86_64-unknown-linux-gnu","Linux 7.0.11-76070011-generic x86_64","Intel(R) Core(TM) Ultra 7 155H","/dev/nvme0n1p3[/tmp] ext4   rw,nosuid,nodev,noatime,errors=remount-ro","/tmp/pigment-db-durability-bench","pigment_db","buffered","key_map","vector","ordinary_write","1","32","5","8","109120","100030090","1090871.756688","883","0"
"baseline-protocol-v4-20260807-155736","6d7edc7c29a60a94c59effeeb2b78d8b95038135","default-hasher:de0de3506157cdeb","rustc 1.97.0 (2d8144b78 2026-07-07)","x86_64-unknown-linux-gnu","Linux 7.0.11-76070011-generic x86_64","Intel(R) Core(TM) Ultra 7 155H","/dev/nvme0n1p3[/tmp] ext4   rw,nosuid,nodev,noatime,errors=remount-ro","/tmp/pigment-db-durability-bench","pigment_db","buffered","key_map","vector","ordinary_write","1","32","5","9","109056","100011855","1090430.729437","874","0"
"baseline-protocol-v4-20260807-155736","6d7edc7c29a60a94c59effeeb2b78d8b95038135","default-hasher:de0de3506157cdeb","rustc 1.97.0 (2d8144b78 2026-07-07)","x86_64-unknown-linux-gnu","Linux 7.0.11-76070011-generic x86_64","Intel(R) Core(TM) Ultra 7 155H","/dev/nvme0n1p3[/tmp] ext4   rw,nosuid,nodev,noatime,errors=remount-ro","/tmp/pigment-db-durability-bench","pigment_db","buffered","key_map","vector","ordinary_write","1","32","5","10","109504","100028268","1094730.541571","868","0"
"baseline-protocol-v4-20260807-155736","6d7edc7c29a60a94c59effeeb2b78d8b95038135","default-hasher:de0de3506157cdeb","rustc 1.97.0 (2d8144b78 2026-07-07)","x86_64-unknown-linux-gnu","Linux 7.0.11-76070011-generic x86_64","Intel(R) Core(TM) Ultra 7 155H","/dev/nvme0n1p3[/tmp] ext4   rw,nosuid,nodev,noatime,errors=remount-ro","/tmp/pigment-db-durability-bench","pigment_db","buffered","key_map","vector","ordinary_write","8","32","5","0","86528","101115375","855735.341930","10405","0"
"baseline-protocol-v4-20260807-155736","6d7edc7c29a60a94c59effeeb2b78d8b95038135","default-hasher:de0de3506157cdeb","rustc 1.97.0 (2d8144b78 2026-07-07)","x86_64-unknown-linux-gnu","Linux 7.0.11-76070011-generic x86_64","Intel(R) Core(TM) Ultra 7 155H","/dev/nvme0n1p3[/tmp] ext4   rw,nosuid,nodev,noatime,errors=remount-ro","/tmp/pigment-db-durability-bench","pigment_db","buffered","key_map","vector","ordinary_write","8","32","5","1","112128","100296034","1117970.427425","13109","0"
"baseline-protocol-v4-20260807-155736","6d7edc7c29a60a94c59effeeb2b78d8b95038135","default-hasher:de0de3506157cdeb","rustc 1.97.0 (2d8144b78 2026-07-07)","x86_64-unknown-linux-gnu","Linux 7.0.11-76070011-generic x86_64","Intel(R) Core(TM) Ultra 7 155H","/dev/nvme0n1p3[/tmp] ext4   rw,nosuid,nodev,noatime,errors=remount-ro","/tmp/pigment-db-durability-bench","pigment_db","buffered","key_map","vector","ordinary_write","8","32","5","2","111104","100101209","1109916.664443","13189","0"
"baseline-protocol-v4-20260807-155736","6d7edc7c29a60a94c59effeeb2b78d8b95038135","default-hasher:de0de3506157cdeb","rustc 1.97.0 (2d8144b78 2026-07-07)","x86_64-unknown-linux-gnu","Linux 7.0.11-76070011-generic x86_64","Intel(R) Core(TM) Ultra 7 155H","/dev/nvme0n1p3[/tmp] ext4   rw,nosuid,nodev,noatime,errors=remount-ro","/tmp/pigment-db-durability-bench","pigment_db","buffered","key_map","vector","ordinary_write","8","32","5","3","107008","100272843","1067168.305979","13974","0"
"baseline-protocol-v4-20260807-155736","6d7edc7c29a60a94c59effeeb2b78d8b95038135","default-hasher:de0de3506157cdeb","rustc 1.97.0 (2d8144b78 2026-07-07)","x86_64-unknown-linux-gnu","Linux 7.0.11-76070011-generic x86_64","Intel(R) Core(TM) Ultra 7 155H","/dev/nvme0n1p3[/tmp] ext4   rw,nosuid,nodev,noatime,errors=remount-ro","/tmp/pigment-db-durability-bench","pigment_db","buffered","key_map","vector","ordinary_write","8","32","5","4","121344","100179989","1211259.865481","14490","0"
"baseline-protocol-v4-20260807-155736","6d7edc7c29a60a94c59effeeb2b78d8b95038135","default-hasher:de0de3506157cdeb","rustc 1.97.0 (2d8144b78 2026-07-07)","x86_64-unknown-linux-gnu","Linux 7.0.11-76070011-generic x86_64","Intel(R) Core(TM) Ultra 7 155H","/dev/nvme0n1p3[/tmp] ext4   rw,nosuid,nodev,noatime,errors=remount-ro","/tmp/pigment-db-durability-bench","pigment_db","buffered","key_map","vector","ordinary_write","8","32","5","5","122880","100098788","1227587.291067","11848","0"
"baseline-protocol-v4-20260807-155736","6d7edc7c29a60a94c59effeeb2b78d8b95038135","default-hasher:de0de3506157cdeb","rustc 1.97.0 (2d8144b78 2026-07-07)","x86_64-unknown-linux-gnu","Linux 7.0.11-76070011-generic x86_64","Intel(R) Core(TM) Ultra 7 155H","/dev/nvme0n1p3[/tmp] ext4   rw,nosuid,nodev,noatime,errors=remount-ro","/tmp/pigment-db-durability-bench","pigment_db","buffered","key_map","vector","ordinary_write","8","32","5","6","123392","100283925","1230426.511527","14150","0"
"baseline-protocol-v4-20260807-155736","6d7edc7c29a60a94c59effeeb2b78d8b95038135","default-hasher:de0de3506157cdeb","rustc 1.97.0 (2d8144b78 2026-07-07)","x86_64-unknown-linux-gnu","Linux 7.0.11-76070011-generic x86_64","Intel(R) Core(TM) Ultra 7 155H","/dev/nvme0n1p3[/tmp] ext4   rw,nosuid,nodev,noatime,errors=remount-ro","/tmp/pigment-db-durability-bench","pigment_db","buffered","key_map","vector","ordinary_write","8","32","5","7","117760","100093677","1176497.892070","14461","0"
"baseline-protocol-v4-20260807-155736","6d7edc7c29a60a94c59effeeb2b78d8b95038135","default-hasher:de0de3506157cdeb","rustc 1.97.0 (2d8144b78 2026-07-07)","x86_64-unknown-linux-gnu","Linux 7.0.11-76070011-generic x86_64","Intel(R) Core(TM) Ultra 7 155H","/dev/nvme0n1p3[/tmp] ext4   rw,nosuid,nodev,noatime,errors=remount-ro","/tmp/pigment-db-durability-bench","pigment_db","buffered","key_map","vector","ordinary_write","8","32","5","8","113152","100247011","1128731.908027","14224","0"
"baseline-protocol-v4-20260807-155736","6d7edc7c29a60a94c59effeeb2b78d8b95038135","default-hasher:de0de3506157cdeb","rustc 1.97.0 (2d8144b78 2026-07-07)","x86_64-unknown-linux-gnu","Linux 7.0.11-76070011-generic x86_64","Intel(R) Core(TM) Ultra 7 155H","/dev/nvme0n1p3[/tmp] ext4   rw,nosuid,nodev,noatime,errors=remount-ro","/tmp/pigment-db-durability-bench","pigment_db","buffered","key_map","vector","ordinary_write","8","32","5","9","116736","100437300","1162277.361100","15176","0"
"baseline-protocol-v4-20260807-155736","6d7edc7c29a60a94c59effeeb2b78d8b95038135","default-hasher:de0de3506157cdeb","rustc 1.97.0 (2d8144b78 2026-07-07)","x86_64-unknown-linux-gnu","Linux 7.0.11-76070011-generic x86_64","Intel(R) Core(TM) Ultra 7 155H","/dev/nvme0n1p3[/tmp] ext4   rw,nosuid,nodev,noatime,errors=remount-ro","/tmp/pigment-db-durability-bench","pigment_db","buffered","key_map","vector","ordinary_write","8","32","5","10","122880","100342263","1224608.617806","14420","0"
"baseline-protocol-v4-20260807-155736","6d7edc7c29a60a94c59effeeb2b78d8b95038135","default-hasher:de0de3506157cdeb","rustc 1.97.0 (2d8144b78 2026-07-07)","x86_64-unknown-linux-gnu","Linux 7.0.11-76070011-generic x86_64","Intel(R) Core(TM) Ultra 7 155H","/dev/nvme0n1p3[/tmp] ext4   rw,nosuid,nodev,noatime,errors=remount-ro","/tmp/pigment-db-durability-bench","pigment_db","buffered","key_map","vector","successful_remove","1","32","5","0","95168","100026320","951429.583734","1133","0"
"baseline-protocol-v4-20260807-155736","6d7edc7c29a60a94c59effeeb2b78d8b95038135","default-hasher:de0de3506157cdeb","rustc 1.97.0 (2d8144b78 2026-07-07)","x86_64-unknown-linux-gnu","Linux 7.0.11-76070011-generic x86_64","Intel(R) Core(TM) Ultra 7 155H","/dev/nvme0n1p3[/tmp] ext4   rw,nosuid,nodev,noatime,errors=remount-ro","/tmp/pigment-db-durability-bench","pigment_db","buffered","key_map","vector","successful_remove","1","32","5","1","95616","100057520","955610.332936","1126","0"
"baseline-protocol-v4-20260807-155736","6d7edc7c29a60a94c59effeeb2b78d8b95038135","default-hasher:de0de3506157cdeb","rustc 1.97.0 (2d8144b78 2026-07-07)","x86_64-unknown-linux-gnu","Linux 7.0.11-76070011-generic x86_64","Intel(R) Core(TM) Ultra 7 155H","/dev/nvme0n1p3[/tmp] ext4   rw,nosuid,nodev,noatime,errors=remount-ro","/tmp/pigment-db-durability-bench","pigment_db","buffered","key_map","vector","successful_remove","1","32","5","2","93568","100042824","935279.475917","1186","0"
"baseline-protocol-v4-20260807-155736","6d7edc7c29a60a94c59effeeb2b78d8b95038135","default-hasher:de0de3506157cdeb","rustc 1.97.0 (2d8144b78 2026-07-07)","x86_64-unknown-linux-gnu","Linux 7.0.11-76070011-generic x86_64","Intel(R) Core(TM) Ultra 7 155H","/dev/nvme0n1p3[/tmp] ext4   rw,nosuid,nodev,noatime,errors=remount-ro","/tmp/pigment-db-durability-bench","pigment_db","buffered","key_map","vector","successful_remove","1","32","5","3","95168","100028929","951404.768115","1143","0"
"baseline-protocol-v4-20260807-155736","6d7edc7c29a60a94c59effeeb2b78d8b95038135","default-hasher:de0de3506157cdeb","rustc 1.97.0 (2d8144b78 2026-07-07)","x86_64-unknown-linux-gnu","Linux 7.0.11-76070011-generic x86_64","Intel(R) Core(TM) Ultra 7 155H","/dev/nvme0n1p3[/tmp] ext4   rw,nosuid,nodev,noatime,errors=remount-ro","/tmp/pigment-db-durability-bench","pigment_db","buffered","key_map","vector","successful_remove","1","32","5","4","94080","100043489","940391.033344","1162","0"
"baseline-protocol-v4-20260807-155736","6d7edc7c29a60a94c59effeeb2b78d8b95038135","default-hasher:de0de3506157cdeb","rustc 1.97.0 (2d8144b78 2026-07-07)","x86_64-unknown-linux-gnu","Linux 7.0.11-76070011-generic x86_64","Intel(R) Core(TM) Ultra 7 155H","/dev/nvme0n1p3[/tmp] ext4   rw,nosuid,nodev,noatime,errors=remount-ro","/tmp/pigment-db-durability-bench","pigment_db","buffered","key_map","vector","successful_remove","1","32","5","5","94208","100060498","941510.405035","1159","0"
"baseline-protocol-v4-20260807-155736","6d7edc7c29a60a94c59effeeb2b78d8b95038135","default-hasher:de0de3506157cdeb","rustc 1.97.0 (2d8144b78 2026-07-07)","x86_64-unknown-linux-gnu","Linux 7.0.11-76070011-generic x86_64","Intel(R) Core(TM) Ultra 7 155H","/dev/nvme0n1p3[/tmp] ext4   rw,nosuid,nodev,noatime,errors=remount-ro","/tmp/pigment-db-durability-bench","pigment_db","buffered","key_map","vector","successful_remove","1","32","5","6","93824","100064537","937634.878578","1139","0"
"baseline-protocol-v4-20260807-155736","6d7edc7c29a60a94c59effeeb2b78d8b95038135","default-hasher:de0de3506157cdeb","rustc 1.97.0 (2d8144b78 2026-07-07)","x86_64-unknown-linux-gnu","Linux 7.0.11-76070011-generic x86_64","Intel(R) Core(TM) Ultra 7 155H","/dev/nvme0n1p3[/tmp] ext4   rw,nosuid,nodev,noatime,errors=remount-ro","/tmp/pigment-db-durability-bench","pigment_db","buffered","key_map","vector","successful_remove","1","32","5","7","93952","100054569","939007.592947","1169","0"
"baseline-protocol-v4-20260807-155736","6d7edc7c29a60a94c59effeeb2b78d8b95038135","default-hasher:de0de3506157cdeb","rustc 1.97.0 (2d8144b78 2026-07-07)","x86_64-unknown-linux-gnu","Linux 7.0.11-76070011-generic x86_64","Intel(R) Core(TM) Ultra 7 155H","/dev/nvme0n1p3[/tmp] ext4   rw,nosuid,nodev,noatime,errors=remount-ro","/tmp/pigment-db-durability-bench","pigment_db","buffered","key_map","vector","successful_remove","1","32","5","8","94720","100062940","946604.207312","1149","0"
"baseline-protocol-v4-20260807-155736","6d7edc7c29a60a94c59effeeb2b78d8b95038135","default-hasher:de0de3506157cdeb","rustc 1.97.0 (2d8144b78 2026-07-07)","x86_64-unknown-linux-gnu","Linux 7.0.11-76070011-generic x86_64","Intel(R) Core(TM) Ultra 7 155H","/dev/nvme0n1p3[/tmp] ext4   rw,nosuid,nodev,noatime,errors=remount-ro","/tmp/pigment-db-durability-bench","pigment_db","buffered","key_map","vector","successful_remove","1","32","5","9","95104","100006009","950982.855440","1137","0"
"baseline-protocol-v4-20260807-155736","6d7edc7c29a60a94c59effeeb2b78d8b95038135","default-hasher:de0de3506157cdeb","rustc 1.97.0 (2d8144b78 2026-07-07)","x86_64-unknown-linux-gnu","Linux 7.0.11-76070011-generic x86_64","Intel(R) Core(TM) Ultra 7 155H","/dev/nvme0n1p3[/tmp] ext4   rw,nosuid,nodev,noatime,errors=remount-ro","/tmp/pigment-db-durability-bench","pigment_db","buffered","key_map","vector","successful_remove","1","32","5","10","94080","100031983","940499.200141","1159","0"
"baseline-protocol-v4-20260807-155736","6d7edc7c29a60a94c59effeeb2b78d8b95038135","default-hasher:de0de3506157cdeb","rustc 1.97.0 (2d8144b78 2026-07-07)","x86_64-unknown-linux-gnu","Linux 7.0.11-76070011-generic x86_64","Intel(R) Core(TM) Ultra 7 155H","/dev/nvme0n1p3[/tmp] ext4   rw,nosuid,nodev,noatime,errors=remount-ro","/tmp/pigment-db-durability-bench","pigment_db","buffered","key_map","vector","successful_remove","8","32","5","0","68608","100490822","682729.015790","24845","0"
"baseline-protocol-v4-20260807-155736","6d7edc7c29a60a94c59effeeb2b78d8b95038135","default-hasher:de0de3506157cdeb","rustc 1.97.0 (2d8144b78 2026-07-07)","x86_64-unknown-linux-gnu","Linux 7.0.11-76070011-generic x86_64","Intel(R) Core(TM) Ultra 7 155H","/dev/nvme0n1p3[/tmp] ext4   rw,nosuid,nodev,noatime,errors=remount-ro","/tmp/pigment-db-durability-bench","pigment_db","buffered","key_map","vector","successful_remove","8","32","5","1","71168","100195842","710288.955903","25625","0"
"baseline-protocol-v4-20260807-155736","6d7edc7c29a60a94c59effeeb2b78d8b95038135","default-hasher:de0de3506157cdeb","rustc 1.97.0 (2d8144b78 2026-07-07)","x86_64-unknown-linux-gnu","Linux 7.0.11-76070011-generic x86_64","Intel(R) Core(TM) Ultra 7 155H","/dev/nvme0n1p3[/tmp] ext4   rw,nosuid,nodev,noatime,errors=remount-ro","/tmp/pigment-db-durability-bench","pigment_db","buffered","key_map","vector","successful_remove","8","32","5","2","61440","100022110","614264.186188","25384","0"
"baseline-protocol-v4-20260807-155736","6d7edc7c29a60a94c59effeeb2b78d8b95038135","default-hasher:de0de3506157cdeb","rustc 1.97.0 (2d8144b78 2026-07-07)","x86_64-unknown-linux-gnu","Linux 7.0.11-76070011-generic x86_64","Intel(R) Core(TM) Ultra 7 155H","/dev/nvme0n1p3[/tmp] ext4   rw,nosuid,nodev,noatime,errors=remount-ro","/tmp/pigment-db-durability-bench","pigment_db","buffered","key_map","vector","successful_remove","8","32","5","3","74752","100530217","743577.426079","24543","0"
"baseline-protocol-v4-20260807-155736","6d7edc7c29a60a94c59effeeb2b78d8b95038135","default-hasher:de0de3506157cdeb","rustc 1.97.0 (2d8144b78 2026-07-07)","x86_64-unknown-linux-gnu","Linux 7.0.11-76070011-generic x86_64","Intel(R) Core(TM) Ultra 7 155H","/dev/nvme0n1p3[/tmp] ext4   rw,nosuid,nodev,noatime,errors=remount-ro","/tmp/pigment-db-durability-bench","pigment_db","buffered","key_map","vector","successful_remove","8","32","5","4","65024","100119476","649464.046336","25427","0"
"baseline-protocol-v4-20260807-155736","6d7edc7c29a60a94c59effeeb2b78d8b95038135","default-hasher:de0de3506157cdeb","rustc 1.97.0 (2d8144b78 2026-07-07)","x86_64-unknown-linux-gnu","Linux 7.0.11-76070011-generic x86_64","Intel(R) Core(TM) Ultra 7 155H","/dev/nvme0n1p3[/tmp] ext4   rw,nosuid,nodev,noatime,errors=remount-ro","/tmp/pigment-db-durability-bench","pigment_db","buffered","key_map","vector","successful_remove","8","32","5","5","72704","100354799","724469.589142","25037","0"
"baseline-protocol-v4-20260807-155736","6d7edc7c29a60a94c59effeeb2b78d8b95038135","default-hasher:de0de3506157cdeb","rustc 1.97.0 (2d8144b78 2026-07-07)","x86_64-unknown-linux-gnu","Linux 7.0.11-76070011-generic x86_64","Intel(R) Core(TM) Ultra 7 155H","/dev/nvme0n1p3[/tmp] ext4   rw,nosuid,nodev,noatime,errors=remount-ro","/tmp/pigment-db-durability-bench","pigment_db","buffered","key_map","vector","successful_remove","8","32","5","6","66048","101658231","649706.367603","25038","0"
"baseline-protocol-v4-20260807-155736","6d7edc7c29a60a94c59effeeb2b78d8b95038135","default-hasher:de0de3506157cdeb","rustc 1.97.0 (2d8144b78 2026-07-07)","x86_64-unknown-linux-gnu","Linux 7.0.11-76070011-generic x86_64","Intel(R) Core(TM) Ultra 7 155H","/dev/nvme0n1p3[/tmp] ext4   rw,nosuid,nodev,noatime,errors=remount-ro","/tmp/pigment-db-durability-bench","pigment_db","buffered","key_map","vector","successful_remove","8","32","5","7","73216","100923934","725457.253777","25438","0"
"baseline-protocol-v4-20260807-155736","6d7edc7c29a60a94c59effeeb2b78d8b95038135","default-hasher:de0de3506157cdeb","rustc 1.97.0 (2d8144b78 2026-07-07)","x86_64-unknown-linux-gnu","Linux 7.0.11-76070011-generic x86_64","Intel(R) Core(TM) Ultra 7 155H","/dev/nvme0n1p3[/tmp] ext4   rw,nosuid,nodev,noatime,errors=remount-ro","/tmp/pigment-db-durability-bench","pigment_db","buffered","key_map","vector","successful_remove","8","32","5","8","61952","100651746","615508.448308","23962","0"
"baseline-protocol-v4-20260807-155736","6d7edc7c29a60a94c59effeeb2b78d8b95038135","default-hasher:de0de3506157cdeb","rustc 1.97.0 (2d8144b78 2026-07-07)","x86_64-unknown-linux-gnu","Linux 7.0.11-76070011-generic x86_64","Intel(R) Core(TM) Ultra 7 155H","/dev/nvme0n1p3[/tmp] ext4   rw,nosuid,nodev,noatime,errors=remount-ro","/tmp/pigment-db-durability-bench","pigment_db","buffered","key_map","vector","successful_remove","8","32","5","9","73216","100487675","728606.766949","24535","0"
"baseline-protocol-v4-20260807-155736","6d7edc7c29a60a94c59effeeb2b78d8b95038135","default-hasher:de0de3506157cdeb","rustc 1.97.0 (2d8144b78 2026-07-07)","x86_64-unknown-linux-gnu","Linux 7.0.11-76070011-generic x86_64","Intel(R) Core(TM) Ultra 7 155H","/dev/nvme0n1p3[/tmp] ext4   rw,nosuid,nodev,noatime,errors=remount-ro","/tmp/pigment-db-durability-bench","pigment_db","buffered","key_map","vector","successful_remove","8","32","5","10","73216","100331710","729739.381498","23070","0"
"baseline-protocol-v4-20260807-155736","6d7edc7c29a60a94c59effeeb2b78d8b95038135","default-hasher:de0de3506157cdeb","rustc 1.97.0 (2d8144b78 2026-07-07)","x86_64-unknown-linux-gnu","Linux 7.0.11-76070011-generic x86_64","Intel(R) Core(TM) Ultra 7 155H","/dev/nvme0n1p3[/tmp] ext4   rw,nosuid,nodev,noatime,errors=remount-ro","/tmp/pigment-db-durability-bench","pigment_db","buffered","key_map","vector","minimal_callback","1","32","5","0","51392","100105332","513379.247371","1940","0"
"baseline-protocol-v4-20260807-155736","6d7edc7c29a60a94c59effeeb2b78d8b95038135","default-hasher:de0de3506157cdeb","rustc 1.97.0 (2d8144b78 2026-07-07)","x86_64-unknown-linux-gnu","Linux 7.0.11-76070011-generic x86_64","Intel(R) Core(TM) Ultra 7 155H","/dev/nvme0n1p3[/tmp] ext4   rw,nosuid,nodev,noatime,errors=remount-ro","/tmp/pigment-db-durability-bench","pigment_db","buffered","key_map","vector","minimal_callback","1","32","5","1","51712","100071919","516748.359747","1933","0"
"baseline-protocol-v4-20260807-155736","6d7edc7c29a60a94c59effeeb2b78d8b95038135","default-hasher:de0de3506157cdeb","rustc 1.97.0 (2d8144b78 2026-07-07)","x86_64-unknown-linux-gnu","Linux 7.0.11-76070011-generic x86_64","Intel(R) Core(TM) Ultra 7 155H","/dev/nvme0n1p3[/tmp] ext4   rw,nosuid,nodev,noatime,errors=remount-ro","/tmp/pigment-db-durability-bench","pigment_db","buffered","key_map","vector","minimal_callback","1","32","5","2","50816","100030154","508006.815625","1974","0"
"baseline-protocol-v4-20260807-155736","6d7edc7c29a60a94c59effeeb2b78d8b95038135","default-hasher:de0de3506157cdeb","rustc 1.97.0 (2d8144b78 2026-07-07)","x86_64-unknown-linux-gnu","Linux 7.0.11-76070011-generic x86_64","Intel(R) Core(TM) Ultra 7 155H","/dev/nvme0n1p3[/tmp] ext4   rw,nosuid,nodev,noatime,errors=remount-ro","/tmp/pigment-db-durability-bench","pigment_db","buffered","key_map","vector","minimal_callback","1","32","5","3","51136","100052264","511092.882416","1955","0"
"baseline-protocol-v4-20260807-155736","6d7edc7c29a60a94c59effeeb2b78d8b95038135","default-hasher:de0de3506157cdeb","rustc 1.97.0 (2d8144b78 2026-07-07)","x86_64-unknown-linux-gnu","Linux 7.0.11-76070011-generic x86_64","Intel(R) Core(TM) Ultra 7 155H","/dev/nvme0n1p3[/tmp] ext4   rw,nosuid,nodev,noatime,errors=remount-ro","/tmp/pigment-db-durability-bench","pigment_db","buffered","key_map","vector","minimal_callback","1","32","5","4","50752","100027431","507380.820367","1964","0"
"baseline-protocol-v4-20260807-155736","6d7edc7c29a60a94c59effeeb2b78d8b95038135","default-hasher:de0de3506157cdeb","rustc 1.97.0 (2d8144b78 2026-07-07)","x86_64-unknown-linux-gnu","Linux 7.0.11-76070011-generic x86_64","Intel(R) Core(TM) Ultra 7 155H","/dev/nvme0n1p3[/tmp] ext4   rw,nosuid,nodev,noatime,errors=remount-ro","/tmp/pigment-db-durability-bench","pigment_db","buffered","key_map","vector","minimal_callback","1","32","5","5","51072","100047474","510477.655838","1963","0"
"baseline-protocol-v4-20260807-155736","6d7edc7c29a60a94c59effeeb2b78d8b95038135","default-hasher:de0de3506157cdeb","rustc 1.97.0 (2d8144b78 2026-07-07)","x86_64-unknown-linux-gnu","Linux 7.0.11-76070011-generic x86_64","Intel(R) Core(TM) Ultra 7 155H","/dev/nvme0n1p3[/tmp] ext4   rw,nosuid,nodev,noatime,errors=remount-ro","/tmp/pigment-db-durability-bench","pigment_db","buffered","key_map","vector","minimal_callback","1","32","5","6","49984","100084642","499417.283223","2043","0"
"baseline-protocol-v4-20260807-155736","6d7edc7c29a60a94c59effeeb2b78d8b95038135","default-hasher:de0de3506157cdeb","rustc 1.97.0 (2d8144b78 2026-07-07)","x86_64-unknown-linux-gnu","Linux 7.0.11-76070011-generic x86_64","Intel(R) Core(TM) Ultra 7 155H","/dev/nvme0n1p3[/tmp] ext4   rw,nosuid,nodev,noatime,errors=remount-ro","/tmp/pigment-db-durability-bench","pigment_db","buffered","key_map","vector","minimal_callback","1","32","5","7","51072","100104429","510187.216592","1957","0"
"baseline-protocol-v4-20260807-155736","6d7edc7c29a60a94c59effeeb2b78d8b95038135","default-hasher:de0de3506157cdeb","rustc 1.97.0 (2d8144b78 2026-07-07)","x86_64-unknown-linux-gnu","Linux 7.0.11-76070011-generic x86_64","Intel(R) Core(TM) Ultra 7 155H","/dev/nvme0n1p3[/tmp] ext4   rw,nosuid,nodev,noatime,errors=remount-ro","/tmp/pigment-db-durability-bench","pigment_db","buffered","key_map","vector","minimal_callback","1","32","5","8","50816","100044962","507931.623783","1982","0"
"baseline-protocol-v4-20260807-155736","6d7edc7c29a60a94c59effeeb2b78d8b95038135","default-hasher:de0de3506157cdeb","rustc 1.97.0 (2d8144b78 2026-07-07)","x86_64-unknown-linux-gnu","Linux 7.0.11-76070011-generic x86_64","Intel(R) Core(TM) Ultra 7 155H","/dev/nvme0n1p3[/tmp] ext4   rw,nosuid,nodev,noatime,errors=remount-ro","/tmp/pigment-db-durability-bench","pigment_db","buffered","key_map","vector","minimal_callback","1","32","5","9","51072","100087060","510275.753929","1962","0"
"baseline-protocol-v4-20260807-155736","6d7edc7c29a60a94c59effeeb2b78d8b95038135","default-hasher:de0de3506157cdeb","rustc 1.97.0 (2d8144b78 2026-07-07)","x86_64-unknown-linux-gnu","Linux 7.0.11-76070011-generic x86_64","Intel(R) Core(TM) Ultra 7 155H","/dev/nvme0n1p3[/tmp] ext4   rw,nosuid,nodev,noatime,errors=remount-ro","/tmp/pigment-db-durability-bench","pigment_db","buffered","key_map","vector","minimal_callback","1","32","5","10","50688","100057067","506590.903769","1983","0"
"baseline-protocol-v4-20260807-155736","6d7edc7c29a60a94c59effeeb2b78d8b95038135","default-hasher:de0de3506157cdeb","rustc 1.97.0 (2d8144b78 2026-07-07)","x86_64-unknown-linux-gnu","Linux 7.0.11-76070011-generic x86_64","Intel(R) Core(TM) Ultra 7 155H","/dev/nvme0n1p3[/tmp] ext4   rw,nosuid,nodev,noatime,errors=remount-ro","/tmp/pigment-db-durability-bench","pigment_db","buffered","key_map","vector","minimal_callback","8","32","5","0","30720","100617661","305314.193301","81749","0"
"baseline-protocol-v4-20260807-155736","6d7edc7c29a60a94c59effeeb2b78d8b95038135","default-hasher:de0de3506157cdeb","rustc 1.97.0 (2d8144b78 2026-07-07)","x86_64-unknown-linux-gnu","Linux 7.0.11-76070011-generic x86_64","Intel(R) Core(TM) Ultra 7 155H","/dev/nvme0n1p3[/tmp] ext4   rw,nosuid,nodev,noatime,errors=remount-ro","/tmp/pigment-db-durability-bench","pigment_db","buffered","key_map","vector","minimal_callback","8","32","5","1","31744","100135118","317011.660185","87734","0"
"baseline-protocol-v4-20260807-155736","6d7edc7c29a60a94c59effeeb2b78d8b95038135","default-hasher:de0de3506157cdeb","rustc 1.97.0 (2d8144b78 2026-07-07)","x86_64-unknown-linux-gnu","Linux 7.0.11-76070011-generic x86_64","Intel(R) Core(TM) Ultra 7 155H","/dev/nvme0n1p3[/tmp] ext4   rw,nosuid,nodev,noatime,errors=remount-ro","/tmp/pigment-db-durability-bench","pigment_db","buffered","key_map","vector","minimal_callback","8","32","5","2","31232","101195118","308631.489515","92424","0"
"baseline-protocol-v4-20260807-155736","6d7edc7c29a60a94c59effeeb2b78d8b95038135","default-hasher:de0de3506157cdeb","rustc 1.97.0 (2d8144b78 2026-07-07)","x86_64-unknown-linux-gnu","Linux 7.0.11-76070011-generic x86_64","Intel(R) Core(TM) Ultra 7 155H","/dev/nvme0n1p3[/tmp] ext4   rw,nosuid,nodev,noatime,errors=remount-ro","/tmp/pigment-db-durability-bench","pigment_db","buffered","key_map","vector","minimal_callback","8","32","5","3","31232","101249111","308466.905946","91413","0"
"baseline-protocol-v4-20260807-155736","6d7edc7c29a60a94c59effeeb2b78d8b95038135","default-hasher:de0de3506157cdeb","rustc 1.97.0 (2d8144b78 2026-07-07)","x86_64-unknown-linux-gnu","Linux 7.0.11-76070011-generic x86_64","Intel(R) Core(TM) Ultra 7 155H","/dev/nvme0n1p3[/tmp] ext4   rw,nosuid,nodev,noatime,errors=remount-ro","/tmp/pigment-db-durability-bench","pigment_db","buffered","key_map","vector","minimal_callback","8","32","5","4","30208","100280454","301235.173905","77763","0"
"baseline-protocol-v4-20260807-155736","6d7edc7c29a60a94c59effeeb2b78d8b95038135","default-hasher:de0de3506157cdeb","rustc 1.97.0 (2d8144b78 2026-07-07)","x86_64-unknown-linux-gnu","Linux 7.0.11-76070011-generic x86_64","Intel(R) Core(TM) Ultra 7 155H","/dev/nvme0n1p3[/tmp] ext4   rw,nosuid,nodev,noatime,errors=remount-ro","/tmp/pigment-db-durability-bench","pigment_db","buffered","key_map","vector","minimal_callback","8","32","5","5","30720","100670817","305152.981921","61623","0"
"baseline-protocol-v4-20260807-155736","6d7edc7c29a60a94c59effeeb2b78d8b95038135","default-hasher:de0de3506157cdeb","rustc 1.97.0 (2d8144b78 2026-07-07)","x86_64-unknown-linux-gnu","Linux 7.0.11-76070011-generic x86_64","Intel(R) Core(TM) Ultra 7 155H","/dev/nvme0n1p3[/tmp] ext4   rw,nosuid,nodev,noatime,errors=remount-ro","/tmp/pigment-db-durability-bench","pigment_db","buffered","key_map","vector","minimal_callback","8","32","5","6","31744","102064571","311018.796131","68283","0"
"baseline-protocol-v4-20260807-155736","6d7edc7c29a60a94c59effeeb2b78d8b95038135","default-hasher:de0de3506157cdeb","rustc 1.97.0 (2d8144b78 2026-07-07)","x86_64-unknown-linux-gnu","Linux 7.0.11-76070011-generic x86_64","Intel(R) Core(TM) Ultra 7 155H","/dev/nvme0n1p3[/tmp] ext4   rw,nosuid,nodev,noatime,errors=remount-ro","/tmp/pigment-db-durability-bench","pigment_db","buffered","key_map","vector","minimal_callback","8","32","5","7","30208","100032251","301982.607589","76035","0"
"baseline-protocol-v4-20260807-155736","6d7edc7c29a60a94c59effeeb2b78d8b95038135","default-hasher:de0de3506157cdeb","rustc 1.97.0 (2d8144b78 2026-07-07)","x86_64-unknown-linux-gnu","Linux 7.0.11-76070011-generic x86_64","Intel(R) Core(TM) Ultra 7 155H","/dev/nvme0n1p3[/tmp] ext4   rw,nosuid,nodev,noatime,errors=remount-ro","/tmp/pigment-db-durability-bench","pigment_db","buffered","key_map","vector","minimal_callback","8","32","5","8","27136","100051467","271220.410991","72956","0"
"baseline-protocol-v4-20260807-155736","6d7edc7c29a60a94c59effeeb2b78d8b95038135","default-hasher:de0de3506157cdeb","rustc 1.97.0 (2d8144b78 2026-07-07)","x86_64-unknown-linux-gnu","Linux 7.0.11-76070011-generic x86_64","Intel(R) Core(TM) Ultra 7 155H","/dev/nvme0n1p3[/tmp] ext4   rw,nosuid,nodev,noatime,errors=remount-ro","/tmp/pigment-db-durability-bench","pigment_db","buffered","key_map","vector","minimal_callback","8","32","5","9","29696","100719512","294838.600886","76779","0"
"baseline-protocol-v4-20260807-155736","6d7edc7c29a60a94c59effeeb2b78d8b95038135","default-hasher:de0de3506157cdeb","rustc 1.97.0 (2d8144b78 2026-07-07)","x86_64-unknown-linux-gnu","Linux 7.0.11-76070011-generic x86_64","Intel(R) Core(TM) Ultra 7 155H","/dev/nvme0n1p3[/tmp] ext4   rw,nosuid,nodev,noatime,errors=remount-ro","/tmp/pigment-db-durability-bench","pigment_db","buffered","key_map","vector","minimal_callback","8","32","5","10","29696","100497700","295489.349508","63200","0"
"baseline-protocol-v4-20260807-155736","6d7edc7c29a60a94c59effeeb2b78d8b95038135","default-hasher:de0de3506157cdeb","rustc 1.97.0 (2d8144b78 2026-07-07)","x86_64-unknown-linux-gnu","Linux 7.0.11-76070011-generic x86_64","Intel(R) Core(TM) Ultra 7 155H","/dev/nvme0n1p3[/tmp] ext4   rw,nosuid,nodev,noatime,errors=remount-ro","/tmp/pigment-db-durability-bench","pigment_db","buffered","key_map","file","ordinary_write","1","32","5","0","39680","100019550","396722.440763","3337","0"
"baseline-protocol-v4-20260807-155736","6d7edc7c29a60a94c59effeeb2b78d8b95038135","default-hasher:de0de3506157cdeb","rustc 1.97.0 (2d8144b78 2026-07-07)","x86_64-unknown-linux-gnu","Linux 7.0.11-76070011-generic x86_64","Intel(R) Core(TM) Ultra 7 155H","/dev/nvme0n1p3[/tmp] ext4   rw,nosuid,nodev,noatime,errors=remount-ro","/tmp/pigment-db-durability-bench","pigment_db","buffered","key_map","file","ordinary_write","1","32","5","1","39488","100030627","394759.097131","3465","0"
"baseline-protocol-v4-20260807-155736","6d7edc7c29a60a94c59effeeb2b78d8b95038135","default-hasher:de0de3506157cdeb","rustc 1.97.0 (2d8144b78 2026-07-07)","x86_64-unknown-linux-gnu","Linux 7.0.11-76070011-generic x86_64","Intel(R) Core(TM) Ultra 7 155H","/dev/nvme0n1p3[/tmp] ext4   rw,nosuid,nodev,noatime,errors=remount-ro","/tmp/pigment-db-durability-bench","pigment_db","buffered","key_map","file","ordinary_write","1","32","5","2","39552","100011403","395474.903997","3766","0"
"baseline-protocol-v4-20260807-155736","6d7edc7c29a60a94c59effeeb2b78d8b95038135","default-hasher:de0de3506157cdeb","rustc 1.97.0 (2d8144b78 2026-07-07)","x86_64-unknown-linux-gnu","Linux 7.0.11-76070011-generic x86_64","Intel(R) Core(TM) Ultra 7 155H","/dev/nvme0n1p3[/tmp] ext4   rw,nosuid,nodev,noatime,errors=remount-ro","/tmp/pigment-db-durability-bench","pigment_db","buffered","key_map","file","ordinary_write","1","32","5","3","40384","100019555","403761.044528","3298","0"
"baseline-protocol-v4-20260807-155736","6d7edc7c29a60a94c59effeeb2b78d8b95038135","default-hasher:de0de3506157cdeb","rustc 1.97.0 (2d8144b78 2026-07-07)","x86_64-unknown-linux-gnu","Linux 7.0.11-76070011-generic x86_64","Intel(R) Core(TM) Ultra 7 155H","/dev/nvme0n1p3[/tmp] ext4   rw,nosuid,nodev,noatime,errors=remount-ro","/tmp/pigment-db-durability-bench","pigment_db","buffered","key_map","file","ordinary_write","1","32","5","4","40064","100016132","400575.379180","3608","0"
"baseline-protocol-v4-20260807-155736","6d7edc7c29a60a94c59effeeb2b78d8b95038135","default-hasher:de0de3506157cdeb","rustc 1.97.0 (2d8144b78 2026-07-07)","x86_64-unknown-linux-gnu","Linux 7.0.11-76070011-generic x86_64","Intel(R) Core(TM) Ultra 7 155H","/dev/nvme0n1p3[/tmp] ext4   rw,nosuid,nodev,noatime,errors=remount-ro","/tmp/pigment-db-durability-bench","pigment_db","buffered","key_map","file","ordinary_write","1","32","5","5","39552","100062426","395273.246723","3615","0"
"baseline-protocol-v4-20260807-155736","6d7edc7c29a60a94c59effeeb2b78d8b95038135","default-hasher:de0de3506157cdeb","rustc 1.97.0 (2d8144b78 2026-07-07)","x86_64-unknown-linux-gnu","Linux 7.0.11-76070011-generic x86_64","Intel(R) Core(TM) Ultra 7 155H","/dev/nvme0n1p3[/tmp] ext4   rw,nosuid,nodev,noatime,errors=remount-ro","/tmp/pigment-db-durability-bench","pigment_db","buffered","key_map","file","ordinary_write","1","32","5","6","40256","100098711","402163.020860","3167","0"
"baseline-protocol-v4-20260807-155736","6d7edc7c29a60a94c59effeeb2b78d8b95038135","default-hasher:de0de3506157cdeb","rustc 1.97.0 (2d8144b78 2026-07-07)","x86_64-unknown-linux-gnu","Linux 7.0.11-76070011-generic x86_64","Intel(R) Core(TM) Ultra 7 155H","/dev/nvme0n1p3[/tmp] ext4   rw,nosuid,nodev,noatime,errors=remount-ro","/tmp/pigment-db-durability-bench","pigment_db","buffered","key_map","file","ordinary_write","1","32","5","7","39424","100059462","394005.716321","3790","0"
"baseline-protocol-v4-20260807-155736","6d7edc7c29a60a94c59effeeb2b78d8b95038135","default-hasher:de0de3506157cdeb","rustc 1.97.0 (2d8144b78 2026-07-07)","x86_64-unknown-linux-gnu","Linux 7.0.11-76070011-generic x86_64","Intel(R) Core(TM) Ultra 7 155H","/dev/nvme0n1p3[/tmp] ext4   rw,nosuid,nodev,noatime,errors=remount-ro","/tmp/pigment-db-durability-bench","pigment_db","buffered","key_map","file","ordinary_write","1","32","5","8","40064","100123431","400146.095673","3245","0"
"baseline-protocol-v4-20260807-155736","6d7edc7c29a60a94c59effeeb2b78d8b95038135","default-hasher:de0de3506157cdeb","rustc 1.97.0 (2d8144b78 2026-07-07)","x86_64-unknown-linux-gnu","Linux 7.0.11-76070011-generic x86_64","Intel(R) Core(TM) Ultra 7 155H","/dev/nvme0n1p3[/tmp] ext4   rw,nosuid,nodev,noatime,errors=remount-ro","/tmp/pigment-db-durability-bench","pigment_db","buffered","key_map","file","ordinary_write","1","32","5","9","36480","100174214","364165.572589","4235","0"
"baseline-protocol-v4-20260807-155736","6d7edc7c29a60a94c59effeeb2b78d8b95038135","default-hasher:de0de3506157cdeb","rustc 1.97.0 (2d8144b78 2026-07-07)","x86_64-unknown-linux-gnu","Linux 7.0.11-76070011-generic x86_64","Intel(R) Core(TM) Ultra 7 155H","/dev/nvme0n1p3[/tmp] ext4   rw,nosuid,nodev,noatime,errors=remount-ro","/tmp/pigment-db-durability-bench","pigment_db","buffered","key_map","file","ordinary_write","1","32","5","10","39104","100096921","390661.367096","3742","0"
"baseline-protocol-v4-20260807-155736","6d7edc7c29a60a94c59effeeb2b78d8b95038135","default-hasher:de0de3506157cdeb","rustc 1.97.0 (2d8144b78 2026-07-07)","x86_64-unknown-linux-gnu","Linux 7.0.11-76070011-generic x86_64","Intel(R) Core(TM) Ultra 7 155H","/dev/nvme0n1p3[/tmp] ext4   rw,nosuid,nodev,noatime,errors=remount-ro","/tmp/pigment-db-durability-bench","pigment_db","buffered","key_map","file","ordinary_write","8","32","5","0","20480","100571483","203636.253430","89142","0"
"baseline-protocol-v4-20260807-155736","6d7edc7c29a60a94c59effeeb2b78d8b95038135","default-hasher:de0de3506157cdeb","rustc 1.97.0 (2d8144b78 2026-07-07)","x86_64-unknown-linux-gnu","Linux 7.0.11-76070011-generic x86_64","Intel(R) Core(TM) Ultra 7 155H","/dev/nvme0n1p3[/tmp] ext4   rw,nosuid,nodev,noatime,errors=remount-ro","/tmp/pigment-db-durability-bench","pigment_db","buffered","key_map","file","ordinary_write","8","32","5","1","17408","102454340","169909.834957","92991","0"
"baseline-protocol-v4-20260807-155736","6d7edc7c29a60a94c59effeeb2b78d8b95038135","default-hasher:de0de3506157cdeb","rustc 1.97.0 (2d8144b78 2026-07-07)","x86_64-unknown-linux-gnu","Linux 7.0.11-76070011-generic x86_64","Intel(R) Core(TM) Ultra 7 155H","/dev/nvme0n1p3[/tmp] ext4   rw,nosuid,nodev,noatime,errors=remount-ro","/tmp/pigment-db-durability-bench","pigment_db","buffered","key_map","file","ordinary_write","8","32","5","2","19456","100510517","193571.783140","98192","0"
"baseline-protocol-v4-20260807-155736","6d7edc7c29a60a94c59effeeb2b78d8b95038135","default-hasher:de0de3506157cdeb","rustc 1.97.0 (2d8144b78 2026-07-07)","x86_64-unknown-linux-gnu","Linux 7.0.11-76070011-generic x86_64","Intel(R) Core(TM) Ultra 7 155H","/dev/nvme0n1p3[/tmp] ext4   rw,nosuid,nodev,noatime,errors=remount-ro","/tmp/pigment-db-durability-bench","pigment_db","buffered","key_map","file","ordinary_write","8","32","5","3","19456","101728279","191254.587134","124034","0"
"baseline-protocol-v4-20260807-155736","6d7edc7c29a60a94c59effeeb2b78d8b95038135","default-hasher:de0de3506157cdeb","rustc 1.97.0 (2d8144b78 2026-07-07)","x86_64-unknown-linux-gnu","Linux 7.0.11-76070011-generic x86_64","Intel(R) Core(TM) Ultra 7 155H","/dev/nvme0n1p3[/tmp] ext4   rw,nosuid,nodev,noatime,errors=remount-ro","/tmp/pigment-db-durability-bench","pigment_db","buffered","key_map","file","ordinary_write","8","32","5","4","18944","101554399","186540.417614","103854","0"
"baseline-protocol-v4-20260807-155736","6d7edc7c29a60a94c59effeeb2b78d8b95038135","default-hasher:de0de3506157cdeb","rustc 1.97.0 (2d8144b78 2026-07-07)","x86_64-unknown-linux-gnu","Linux 7.0.11-76070011-generic x86_64","Intel(R) Core(TM) Ultra 7 155H","/dev/nvme0n1p3[/tmp] ext4   rw,nosuid,nodev,noatime,errors=remount-ro","/tmp/pigment-db-durability-bench","pigment_db","buffered","key_map","file","ordinary_write","8","32","5","5","19968","102143822","195489.062471","98088","0"
"baseline-protocol-v4-20260807-155736","6d7edc7c29a60a94c59effeeb2b78d8b95038135","default-hasher:de0de3506157cdeb","rustc 1.97.0 (2d8144b78 2026-07-07)","x86_64-unknown-linux-gnu","Linux 7.0.11-76070011-generic x86_64","Intel(R) Core(TM) Ultra 7 155H","/dev/nvme0n1p3[/tmp] ext4   rw,nosuid,nodev,noatime,errors=remount-ro","/tmp/pigment-db-durability-bench","pigment_db","buffered","key_map","file","ordinary_write","8","32","5","6","17408","102290863","170181.377783","102782","0"
"baseline-protocol-v4-20260807-155736","6d7edc7c29a60a94c59effeeb2b78d8b95038135","default-hasher:de0de3506157cdeb","rustc 1.97.0 (2d8144b78 2026-07-07)","x86_64-unknown-linux-gnu","Linux 7.0.11-76070011-generic x86_64","Intel(R) Core(TM) Ultra 7 155H","/dev/nvme0n1p3[/tmp] ext4   rw,nosuid,nodev,noatime,errors=remount-ro","/tmp/pigment-db-durability-bench","pigment_db","buffered","key_map","file","ordinary_write","8","32","5","7","18944","100231087","189003.238087","95795","0"
"baseline-protocol-v4-20260807-155736","6d7edc7c29a60a94c59effeeb2b78d8b95038135","default-hasher:de0de3506157cdeb","rustc 1.97.0 (2d8144b78 2026-07-07)","x86_64-unknown-linux-gnu","Linux 7.0.11-76070011-generic x86_64","Intel(R) Core(TM) Ultra 7 155H","/dev/nvme0n1p3[/tmp] ext4   rw,nosuid,nodev,noatime,errors=remount-ro","/tmp/pigment-db-durability-bench","pigment_db","buffered","key_map","file","ordinary_write","8","32","5","8","19456","100866349","192888.908867","108259","0"
"baseline-protocol-v4-20260807-155736","6d7edc7c29a60a94c59effeeb2b78d8b95038135","default-hasher:de0de3506157cdeb","rustc 1.97.0 (2d8144b78 2026-07-07)","x86_64-unknown-linux-gnu","Linux 7.0.11-76070011-generic x86_64","Intel(R) Core(TM) Ultra 7 155H","/dev/nvme0n1p3[/tmp] ext4   rw,nosuid,nodev,noatime,errors=remount-ro","/tmp/pigment-db-durability-bench","pigment_db","buffered","key_map","file","ordinary_write","8","32","5","9","18944","102433012","184940.378401","104976","0"
"baseline-protocol-v4-20260807-155736","6d7edc7c29a60a94c59effeeb2b78d8b95038135","default-hasher:de0de3506157cdeb","rustc 1.97.0 (2d8144b78 2026-07-07)","x86_64-unknown-linux-gnu","Linux 7.0.11-76070011-generic x86_64","Intel(R) Core(TM) Ultra 7 155H","/dev/nvme0n1p3[/tmp] ext4   rw,nosuid,nodev,noatime,errors=remount-ro","/tmp/pigment-db-durability-bench","pigment_db","buffered","key_map","file","ordinary_write","8","32","5","10","16384","101236617","161838.675427","98040","0"
"baseline-protocol-v4-20260807-155736","6d7edc7c29a60a94c59effeeb2b78d8b95038135","default-hasher:de0de3506157cdeb","rustc 1.97.0 (2d8144b78 2026-07-07)","x86_64-unknown-linux-gnu","Linux 7.0.11-76070011-generic x86_64","Intel(R) Core(TM) Ultra 7 155H","/dev/nvme0n1p3[/tmp] ext4   rw,nosuid,nodev,noatime,errors=remount-ro","/tmp/pigment-db-durability-bench","pigment_db","buffered","key_map","file","successful_remove","1","32","5","0","35328","100138979","352789.696408","3214","0"
"baseline-protocol-v4-20260807-155736","6d7edc7c29a60a94c59effeeb2b78d8b95038135","default-hasher:de0de3506157cdeb","rustc 1.97.0 (2d8144b78 2026-07-07)","x86_64-unknown-linux-gnu","Linux 7.0.11-76070011-generic x86_64","Intel(R) Core(TM) Ultra 7 155H","/dev/nvme0n1p3[/tmp] ext4   rw,nosuid,nodev,noatime,errors=remount-ro","/tmp/pigment-db-durability-bench","pigment_db","buffered","key_map","file","successful_remove","1","32","5","1","34816","100023097","348079.604054","3337","0"
"baseline-protocol-v4-20260807-155736","6d7edc7c29a60a94c59effeeb2b78d8b95038135","default-hasher:de0de3506157cdeb","rustc 1.97.0 (2d8144b78 2026-07-07)","x86_64-unknown-linux-gnu","Linux 7.0.11-76070011-generic x86_64","Intel(R) Core(TM) Ultra 7 155H","/dev/nvme0n1p3[/tmp] ext4   rw,nosuid,nodev,noatime,errors=remount-ro","/tmp/pigment-db-durability-bench","pigment_db","buffered","key_map","file","successful_remove","1","32","5","2","35008","100156595","349532.649348","3360","0"
"baseline-protocol-v4-20260807-155736","6d7edc7c29a60a94c59effeeb2b78d8b95038135","default-hasher:de0de3506157cdeb","rustc 1.97.0 (2d8144b78 2026-07-07)","x86_64-unknown-linux-gnu","Linux 7.0.11-76070011-generic x86_64","Intel(R) Core(TM) Ultra 7 155H","/dev/nvme0n1p3[/tmp] ext4   rw,nosuid,nodev,noatime,errors=remount-ro","/tmp/pigment-db-durability-bench","pigment_db","buffered","key_map","file","successful_remove","1","32","5","3","34752","100073288","347265.496063","3331","0"
"baseline-protocol-v4-20260807-155736","6d7edc7c29a60a94c59effeeb2b78d8b95038135","default-hasher:de0de3506157cdeb","rustc 1.97.0 (2d8144b78 2026-07-07)","x86_64-unknown-linux-gnu","Linux 7.0.11-76070011-generic x86_64","Intel(R) Core(TM) Ultra 7 155H","/dev/nvme0n1p3[/tmp] ext4   rw,nosuid,nodev,noatime,errors=remount-ro","/tmp/pigment-db-durability-bench","pigment_db","buffered","key_map","file","successful_remove","1","32","5","4","33792","100107082","337558.535569","3662","0"
"baseline-protocol-v4-20260807-155736","6d7edc7c29a60a94c59effeeb2b78d8b95038135","default-hasher:de0de3506157cdeb","rustc 1.97.0 (2d8144b78 2026-07-07)","x86_64-unknown-linux-gnu","Linux 7.0.11-76070011-generic x86_64","Intel(R) Core(TM) Ultra 7 155H","/dev/nvme0n1p3[/tmp] ext4   rw,nosuid,nodev,noatime,errors=remount-ro","/tmp/pigment-db-durability-bench","pigment_db","buffered","key_map","file","successful_remove","1","32","5","5","34304","100058510","342839.404664","3389","0"
"baseline-protocol-v4-20260807-155736","6d7edc7c29a60a94c59effeeb2b78d8b95038135","default-hasher:de0de3506157cdeb","rustc 1.97.0 (2d8144b78 2026-07-07)","x86_64-unknown-linux-gnu","Linux 7.0.11-76070011-generic x86_64","Intel(R) Core(TM) Ultra 7 155H","/dev/nvme0n1p3[/tmp] ext4   rw,nosuid,nodev,noatime,errors=remount-ro","/tmp/pigment-db-durability-bench","pigment_db","buffered","key_map","file","successful_remove","1","32","5","6","34688","100114074","346484.750985","3317","0"
"baseline-protocol-v4-20260807-155736","6d7edc7c29a60a94c59effeeb2b78d8b95038135","default-hasher:de0de3506157cdeb","rustc 1.97.0 (2d8144b78 2026-07-07)","x86_64-unknown-linux-gnu","Linux 7.0.11-76070011-generic x86_64","Intel(R) Core(TM) Ultra 7 155H","/dev/nvme0n1p3[/tmp] ext4   rw,nosuid,nodev,noatime,errors=remount-ro","/tmp/pigment-db-durability-bench","pigment_db","buffered","key_map","file","successful_remove","1","32","5","7","34176","100147405","341256.970163","3692","0"
"baseline-protocol-v4-20260807-155736","6d7edc7c29a60a94c59effeeb2b78d8b95038135","default-hasher:de0de3506157cdeb","rustc 1.97.0 (2d8144b78 2026-07-07)","x86_64-unknown-linux-gnu","Linux 7.0.11-76070011-generic x86_64","Intel(R) Core(TM) Ultra 7 155H","/dev/nvme0n1p3[/tmp] ext4   rw,nosuid,nodev,noatime,errors=remount-ro","/tmp/pigment-db-durability-bench","pigment_db","buffered","key_map","file","successful_remove","1","32","5","8","34432","100032100","344209.508748","3518","0"
"baseline-protocol-v4-20260807-155736","6d7edc7c29a60a94c59effeeb2b78d8b95038135","default-hasher:de0de3506157cdeb","rustc 1.97.0 (2d8144b78 2026-07-07)","x86_64-unknown-linux-gnu","Linux 7.0.11-76070011-generic x86_64","Intel(R) Core(TM) Ultra 7 155H","/dev/nvme0n1p3[/tmp] ext4   rw,nosuid,nodev,noatime,errors=remount-ro","/tmp/pigment-db-durability-bench","pigment_db","buffered","key_map","file","successful_remove","1","32","5","9","33152","100017299","331462.660274","3841","0"
"baseline-protocol-v4-20260807-155736","6d7edc7c29a60a94c59effeeb2b78d8b95038135","default-hasher:de0de3506157cdeb","rustc 1.97.0 (2d8144b78 2026-07-07)","x86_64-unknown-linux-gnu","Linux 7.0.11-76070011-generic x86_64","Intel(R) Core(TM) Ultra 7 155H","/dev/nvme0n1p3[/tmp] ext4   rw,nosuid,nodev,noatime,errors=remount-ro","/tmp/pigment-db-durability-bench","pigment_db","buffered","key_map","file","successful_remove","1","32","5","10","34112","100121717","340705.303725","3552","0"
"baseline-protocol-v4-20260807-155736","6d7edc7c29a60a94c59effeeb2b78d8b95038135","default-hasher:de0de3506157cdeb","rustc 1.97.0 (2d8144b78 2026-07-07)","x86_64-unknown-linux-gnu","Linux 7.0.11-76070011-generic x86_64","Intel(R) Core(TM) Ultra 7 155H","/dev/nvme0n1p3[/tmp] ext4   rw,nosuid,nodev,noatime,errors=remount-ro","/tmp/pigment-db-durability-bench","pigment_db","buffered","key_map","file","successful_remove","8","32","5","0","16384","102162971","160371.217082","116635","0"
"baseline-protocol-v4-20260807-155736","6d7edc7c29a60a94c59effeeb2b78d8b95038135","default-hasher:de0de3506157cdeb","rustc 1.97.0 (2d8144b78 2026-07-07)","x86_64-unknown-linux-gnu","Linux 7.0.11-76070011-generic x86_64","Intel(R) Core(TM) Ultra 7 155H","/dev/nvme0n1p3[/tmp] ext4   rw,nosuid,nodev,noatime,errors=remount-ro","/tmp/pigment-db-durability-bench","pigment_db","buffered","key_map","file","successful_remove","8","32","5","1","16384","100744208","162629.696786","115912","0"
"baseline-protocol-v4-20260807-155736","6d7edc7c29a60a94c59effeeb2b78d8b95038135","default-hasher:de0de3506157cdeb","rustc 1.97.0 (2d8144b78 2026-07-07)","x86_64-unknown-linux-gnu","Linux 7.0.11-76070011-generic x86_64","Intel(R) Core(TM) Ultra 7 155H","/dev/nvme0n1p3[/tmp] ext4   rw,nosuid,nodev,noatime,errors=remount-ro","/tmp/pigment-db-durability-bench","pigment_db","buffered","key_map","file","successful_remove","8","32","5","2","16896","101542884","166392.752839","106201","0"
"baseline-protocol-v4-20260807-155736","6d7edc7c29a60a94c59effeeb2b78d8b95038135","default-hasher:de0de3506157cdeb","rustc 1.97.0 (2d8144b78 2026-07-07)","x86_64-unknown-linux-gnu","Linux 7.0.11-76070011-generic x86_64","Intel(R) Core(TM) Ultra 7 155H","/dev/nvme0n1p3[/tmp] ext4   rw,nosuid,nodev,noatime,errors=remount-ro","/tmp/pigment-db-durability-bench","pigment_db","buffered","key_map","file","successful_remove","8","32","5","3","17408","101721093","171134.614136","103014","0"
"baseline-protocol-v4-20260807-155736","6d7edc7c29a60a94c59effeeb2b78d8b95038135","default-hasher:de0de3506157cdeb","rustc 1.97.0 (2d8144b78 2026-07-07)","x86_64-unknown-linux-gnu","Linux 7.0.11-76070011-generic x86_64","Intel(R) Core(TM) Ultra 7 155H","/dev/nvme0n1p3[/tmp] ext4   rw,nosuid,nodev,noatime,errors=remount-ro","/tmp/pigment-db-durability-bench","pigment_db","buffered","key_map","file","successful_remove","8","32","5","4","15360","101827959","150842.658056","120290","0"
"baseline-protocol-v4-20260807-155736","6d7edc7c29a60a94c59effeeb2b78d8b95038135","default-hasher:de0de3506157cdeb","rustc 1.97.0 (2d8144b78 2026-07-07)","x86_64-unknown-linux-gnu","Linux 7.0.11-76070011-generic x86_64","Intel(R) Core(TM) Ultra 7 155H","/dev/nvme0n1p3[/tmp] ext4   rw,nosuid,nodev,noatime,errors=remount-ro","/tmp/pigment-db-durability-bench","pigment_db","buffered","key_map","file","successful_remove","8","32","5","5","15872","100120656","158528.725581","115936","0"
"baseline-protocol-v4-20260807-155736","6d7edc7c29a60a94c59effeeb2b78d8b95038135","default-hasher:de0de3506157cdeb","rustc 1.97.0 (2d8144b78 2026-07-07)","x86_64-unknown-linux-gnu","Linux 7.0.11-76070011-generic x86_64","Intel(R) Core(TM) Ultra 7 155H","/dev/nvme0n1p3[/tmp] ext4   rw,nosuid,nodev,noatime,errors=remount-ro","/tmp/pigment-db-durability-bench","pigment_db","buffered","key_map","file","successful_remove","8","32","5","6","16384","100783138","162566.877011","107704","0"
"baseline-protocol-v4-20260807-155736","6d7edc7c29a60a94c59effeeb2b78d8b95038135","default-hasher:de0de3506157cdeb","rustc 1.97.0 (2d8144b78 2026-07-07)","x86_64-unknown-linux-gnu","Linux 7.0.11-76070011-generic x86_64","Intel(R) Core(TM) Ultra 7 155H","/dev/nvme0n1p3[/tmp] ext4   rw,nosuid,nodev,noatime,errors=remount-ro","/tmp/pigment-db-durability-bench","pigment_db","buffered","key_map","file","successful_remove","8","32","5","7","16384","100337100","163289.550924","113945","0"
"baseline-protocol-v4-20260807-155736","6d7edc7c29a60a94c59effeeb2b78d8b95038135","default-hasher:de0de3506157cdeb","rustc 1.97.0 (2d8144b78 2026-07-07)","x86_64-unknown-linux-gnu","Linux 7.0.11-76070011-generic x86_64","Intel(R) Core(TM) Ultra 7 155H","/dev/nvme0n1p3[/tmp] ext4   rw,nosuid,nodev,noatime,errors=remount-ro","/tmp/pigment-db-durability-bench","pigment_db","buffered","key_map","file","successful_remove","8","32","5","8","17408","101876496","170873.564399","103557","0"
"baseline-protocol-v4-20260807-155736","6d7edc7c29a60a94c59effeeb2b78d8b95038135","default-hasher:de0de3506157cdeb","rustc 1.97.0 (2d8144b78 2026-07-07)","x86_64-unknown-linux-gnu","Linux 7.0.11-76070011-generic x86_64","Intel(R) Core(TM) Ultra 7 155H","/dev/nvme0n1p3[/tmp] ext4   rw,nosuid,nodev,noatime,errors=remount-ro","/tmp/pigment-db-durability-bench","pigment_db","buffered","key_map","file","successful_remove","8","32","5","9","16896","100125764","168747.776047","105029","0"
"baseline-protocol-v4-20260807-155736","6d7edc7c29a60a94c59effeeb2b78d8b95038135","default-hasher:de0de3506157cdeb","rustc 1.97.0 (2d8144b78 2026-07-07)","x86_64-unknown-linux-gnu","Linux 7.0.11-76070011-generic x86_64","Intel(R) Core(TM) Ultra 7 155H","/dev/nvme0n1p3[/tmp] ext4   rw,nosuid,nodev,noatime,errors=remount-ro","/tmp/pigment-db-durability-bench","pigment_db","buffered","key_map","file","successful_remove","8","32","5","10","16384","104327209","157044.362224","102355","0"
"baseline-protocol-v4-20260807-155736","6d7edc7c29a60a94c59effeeb2b78d8b95038135","default-hasher:de0de3506157cdeb","rustc 1.97.0 (2d8144b78 2026-07-07)","x86_64-unknown-linux-gnu","Linux 7.0.11-76070011-generic x86_64","Intel(R) Core(TM) Ultra 7 155H","/dev/nvme0n1p3[/tmp] ext4   rw,nosuid,nodev,noatime,errors=remount-ro","/tmp/pigment-db-durability-bench","pigment_db","buffered","key_map","file","minimal_callback","1","32","5","0","28096","100115346","280636.297257","5283","0"
"baseline-protocol-v4-20260807-155736","6d7edc7c29a60a94c59effeeb2b78d8b95038135","default-hasher:de0de3506157cdeb","rustc 1.97.0 (2d8144b78 2026-07-07)","x86_64-unknown-linux-gnu","Linux 7.0.11-76070011-generic x86_64","Intel(R) Core(TM) Ultra 7 155H","/dev/nvme0n1p3[/tmp] ext4   rw,nosuid,nodev,noatime,errors=remount-ro","/tmp/pigment-db-durability-bench","pigment_db","buffered","key_map","file","minimal_callback","1","32","5","1","27904","100192325","278504.366477","6045","0"
"baseline-protocol-v4-20260807-155736","6d7edc7c29a60a94c59effeeb2b78d8b95038135","default-hasher:de0de3506157cdeb","rustc 1.97.0 (2d8144b78 2026-07-07)","x86_64-unknown-linux-gnu","Linux 7.0.11-76070011-generic x86_64","Intel(R) Core(TM) Ultra 7 155H","/dev/nvme0n1p3[/tmp] ext4   rw,nosuid,nodev,noatime,errors=remount-ro","/tmp/pigment-db-durability-bench","pigment_db","buffered","key_map","file","minimal_callback","1","32","5","2","27776","100013393","277722.804585","5498","0"
"baseline-protocol-v4-20260807-155736","6d7edc7c29a60a94c59effeeb2b78d8b95038135","default-hasher:de0de3506157cdeb","rustc 1.97.0 (2d8144b78 2026-07-07)","x86_64-unknown-linux-gnu","Linux 7.0.11-76070011-generic x86_64","Intel(R) Core(TM) Ultra 7 155H","/dev/nvme0n1p3[/tmp] ext4   rw,nosuid,nodev,noatime,errors=remount-ro","/tmp/pigment-db-durability-bench","pigment_db","buffered","key_map","file","minimal_callback","1","32","5","3","27904","100062111","278866.793046","5777","0"
"baseline-protocol-v4-20260807-155736","6d7edc7c29a60a94c59effeeb2b78d8b95038135","default-hasher:de0de3506157cdeb","rustc 1.97.0 (2d8144b78 2026-07-07)","x86_64-unknown-linux-gnu","Linux 7.0.11-76070011-generic x86_64","Intel(R) Core(TM) Ultra 7 155H","/dev/nvme0n1p3[/tmp] ext4   rw,nosuid,nodev,noatime,errors=remount-ro","/tmp/pigment-db-durability-bench","pigment_db","buffered","key_map","file","minimal_callback","1","32","5","4","27904","100082231","278810.731148","6068","0"
"baseline-protocol-v4-20260807-155736","6d7edc7c29a60a94c59effeeb2b78d8b95038135","default-hasher:de0de3506157cdeb","rustc 1.97.0 (2d8144b78 2026-07-07)","x86_64-unknown-linux-gnu","Linux 7.0.11-76070011-generic x86_64","Intel(R) Core(TM) Ultra 7 155H","/dev/nvme0n1p3[/tmp] ext4   rw,nosuid,nodev,noatime,errors=remount-ro","/tmp/pigment-db-durability-bench","pigment_db","buffered","key_map","file","minimal_callback","1","32","5","5","28032","100121935","279978.608084","5325","0"
"baseline-protocol-v4-20260807-155736","6d7edc7c29a60a94c59effeeb2b78d8b95038135","default-hasher:de0de3506157cdeb","rustc 1.97.0 (2d8144b78 2026-07-07)","x86_64-unknown-linux-gnu","Linux 7.0.11-76070011-generic x86_64","Intel(R) Core(TM) Ultra 7 155H","/dev/nvme0n1p3[/tmp] ext4   rw,nosuid,nodev,noatime,errors=remount-ro","/tmp/pigment-db-durability-bench","pigment_db","buffered","key_map","file","minimal_callback","1","32","5","6","28032","100097130","280047.989388","5373","0"
"baseline-protocol-v4-20260807-155736","6d7edc7c29a60a94c59effeeb2b78d8b95038135","default-hasher:de0de3506157cdeb","rustc 1.97.0 (2d8144b78 2026-07-07)","x86_64-unknown-linux-gnu","Linux 7.0.11-76070011-generic x86_64","Intel(R) Core(TM) Ultra 7 155H","/dev/nvme0n1p3[/tmp] ext4   rw,nosuid,nodev,noatime,errors=remount-ro","/tmp/pigment-db-durability-bench","pigment_db","buffered","key_map","file","minimal_callback","1","32","5","7","27584","100135304","275467.281749","5683","0"
"baseline-protocol-v4-20260807-155736","6d7edc7c29a60a94c59effeeb2b78d8b95038135","default-hasher:de0de3506157cdeb","rustc 1.97.0 (2d8144b78 2026-07-07)","x86_64-unknown-linux-gnu","Linux 7.0.11-76070011-generic x86_64","Intel(R) Core(TM) Ultra 7 155H","/dev/nvme0n1p3[/tmp] ext4   rw,nosuid,nodev,noatime,errors=remount-ro","/tmp/pigment-db-durability-bench","pigment_db","buffered","key_map","file","minimal_callback","1","32","5","8","27712","100030529","277035.423855","5571","0"
"baseline-protocol-v4-20260807-155736","6d7edc7c29a60a94c59effeeb2b78d8b95038135","default-hasher:de0de3506157cdeb","rustc 1.97.0 (2d8144b78 2026-07-07)","x86_64-unknown-linux-gnu","Linux 7.0.11-76070011-generic x86_64","Intel(R) Core(TM) Ultra 7 155H","/dev/nvme0n1p3[/tmp] ext4   rw,nosuid,nodev,noatime,errors=remount-ro","/tmp/pigment-db-durability-bench","pigment_db","buffered","key_map","file","minimal_callback","1","32","5","9","27968","100213784","279083.364420","5473","0"
"baseline-protocol-v4-20260807-155736","6d7edc7c29a60a94c59effeeb2b78d8b95038135","default-hasher:de0de3506157cdeb","rustc 1.97.0 (2d8144b78 2026-07-07)","x86_64-unknown-linux-gnu","Linux 7.0.11-76070011-generic x86_64","Intel(R) Core(TM) Ultra 7 155H","/dev/nvme0n1p3[/tmp] ext4   rw,nosuid,nodev,noatime,errors=remount-ro","/tmp/pigment-db-durability-bench","pigment_db","buffered","key_map","file","minimal_callback","1","32","5","10","27840","100042387","278282.044590","5710","0"
"baseline-protocol-v4-20260807-155736","6d7edc7c29a60a94c59effeeb2b78d8b95038135","default-hasher:de0de3506157cdeb","rustc 1.97.0 (2d8144b78 2026-07-07)","x86_64-unknown-linux-gnu","Linux 7.0.11-76070011-generic x86_64","Intel(R) Core(TM) Ultra 7 155H","/dev/nvme0n1p3[/tmp] ext4   rw,nosuid,nodev,noatime,errors=remount-ro","/tmp/pigment-db-durability-bench","pigment_db","buffered","key_map","file","minimal_callback","8","32","5","0","13824","101824109","135763.525316","149552","0"
"baseline-protocol-v4-20260807-155736","6d7edc7c29a60a94c59effeeb2b78d8b95038135","default-hasher:de0de3506157cdeb","rustc 1.97.0 (2d8144b78 2026-07-07)","x86_64-unknown-linux-gnu","Linux 7.0.11-76070011-generic x86_64","Intel(R) Core(TM) Ultra 7 155H","/dev/nvme0n1p3[/tmp] ext4   rw,nosuid,nodev,noatime,errors=remount-ro","/tmp/pigment-db-durability-bench","pigment_db","buffered","key_map","file","minimal_callback","8","32","5","1","12800","100937040","126811.723427","125265","0"
"baseline-protocol-v4-20260807-155736","6d7edc7c29a60a94c59effeeb2b78d8b95038135","default-hasher:de0de3506157cdeb","rustc 1.97.0 (2d8144b78 2026-07-07)","x86_64-unknown-linux-gnu","Linux 7.0.11-76070011-generic x86_64","Intel(R) Core(TM) Ultra 7 155H","/dev/nvme0n1p3[/tmp] ext4   rw,nosuid,nodev,noatime,errors=remount-ro","/tmp/pigment-db-durability-bench","pigment_db","buffered","key_map","file","minimal_callback","8","32","5","2","13824","104011145","132908.833952","147257","0"
"baseline-protocol-v4-20260807-155736","6d7edc7c29a60a94c59effeeb2b78d8b95038135","default-hasher:de0de3506157cdeb","rustc 1.97.0 (2d8144b78 2026-07-07)","x86_64-unknown-linux-gnu","Linux 7.0.11-76070011-generic x86_64","Intel(R) Core(TM) Ultra 7 155H","/dev/nvme0n1p3[/tmp] ext4   rw,nosuid,nodev,noatime,errors=remount-ro","/tmp/pigment-db-durability-bench","pigment_db","buffered","key_map","file","minimal_callback","8","32","5","3","14336","103691946","138255.675132","113183","0"
"baseline-protocol-v4-20260807-155736","6d7edc7c29a60a94c59effeeb2b78d8b95038135","default-hasher:de0de3506157cdeb","rustc 1.97.0 (2d8144b78 2026-07-07)","x86_64-unknown-linux-gnu","Linux 7.0.11-76070011-generic x86_64","Intel(R) Core(TM) Ultra 7 155H","/dev/nvme0n1p3[/tmp] ext4   rw,nosuid,nodev,noatime,errors=remount-ro","/tmp/pigment-db-durability-bench","pigment_db","buffered","key_map","file","minimal_callback","8","32","5","4","14336","102232214","140229.771410","121794","0"
"baseline-protocol-v4-20260807-155736","6d7edc7c29a60a94c59effeeb2b78d8b95038135","default-hasher:de0de3506157cdeb","rustc 1.97.0 (2d8144b78 2026-07-07)","x86_64-unknown-linux-gnu","Linux 7.0.11-76070011-generic x86_64","Intel(R) Core(TM) Ultra 7 155H","/dev/nvme0n1p3[/tmp] ext4   rw,nosuid,nodev,noatime,errors=remount-ro","/tmp/pigment-db-durability-bench","pigment_db","buffered","key_map","file","minimal_callback","8","32","5","5","13824","103738843","133257.703674","137087","0"
"baseline-protocol-v4-20260807-155736","6d7edc7c29a60a94c59effeeb2b78d8b95038135","default-hasher:de0de3506157cdeb","rustc 1.97.0 (2d8144b78 2026-07-07)","x86_64-unknown-linux-gnu","Linux 7.0.11-76070011-generic x86_64","Intel(R) Core(TM) Ultra 7 155H","/dev/nvme0n1p3[/tmp] ext4   rw,nosuid,nodev,noatime,errors=remount-ro","/tmp/pigment-db-durability-bench","pigment_db","buffered","key_map","file","minimal_callback","8","32","5","6","13312","102151666","130316.034200","146135","0"
"baseline-protocol-v4-20260807-155736","6d7edc7c29a60a94c59effeeb2b78d8b95038135","default-hasher:de0de3506157cdeb","rustc 1.97.0 (2d8144b78 2026-07-07)","x86_64-unknown-linux-gnu","Linux 7.0.11-76070011-generic x86_64","Intel(R) Core(TM) Ultra 7 155H","/dev/nvme0n1p3[/tmp] ext4   rw,nosuid,nodev,noatime,errors=remount-ro","/tmp/pigment-db-durability-bench","pigment_db","buffered","key_map","file","minimal_callback","8","32","5","7","13824","101554749","136123.619389","128674","0"
"baseline-protocol-v4-20260807-155736","6d7edc7c29a60a94c59effeeb2b78d8b95038135","default-hasher:de0de3506157cdeb","rustc 1.97.0 (2d8144b78 2026-07-07)","x86_64-unknown-linux-gnu","Linux 7.0.11-76070011-generic x86_64","Intel(R) Core(TM) Ultra 7 155H","/dev/nvme0n1p3[/tmp] ext4   rw,nosuid,nodev,noatime,errors=remount-ro","/tmp/pigment-db-durability-bench","pigment_db","buffered","key_map","file","minimal_callback","8","32","5","8","13824","102896890","134348.083795","151906","0"
"baseline-protocol-v4-20260807-155736","6d7edc7c29a60a94c59effeeb2b78d8b95038135","default-hasher:de0de3506157cdeb","rustc 1.97.0 (2d8144b78 2026-07-07)","x86_64-unknown-linux-gnu","Linux 7.0.11-76070011-generic x86_64","Intel(R) Core(TM) Ultra 7 155H","/dev/nvme0n1p3[/tmp] ext4   rw,nosuid,nodev,noatime,errors=remount-ro","/tmp/pigment-db-durability-bench","pigment_db","buffered","key_map","file","minimal_callback","8","32","5","9","14336","102053130","140475.848217","150771","0"
"baseline-protocol-v4-20260807-155736","6d7edc7c29a60a94c59effeeb2b78d8b95038135","default-hasher:de0de3506157cdeb","rustc 1.97.0 (2d8144b78 2026-07-07)","x86_64-unknown-linux-gnu","Linux 7.0.11-76070011-generic x86_64","Intel(R) Core(TM) Ultra 7 155H","/dev/nvme0n1p3[/tmp] ext4   rw,nosuid,nodev,noatime,errors=remount-ro","/tmp/pigment-db-durability-bench","pigment_db","buffered","key_map","file","minimal_callback","8","32","5","10","13312","102824178","129463.714264","158202","0"
