capture_id,commit,dirty_hash,toolchain,target,os,cpu,filesystem,benchmark_root,implementation,policy,store_family,storage_mode,workload,workers,payload_bytes,warmup_count,sample_index,operations,elapsed_ns,ops_per_second,p95_latency_ns,failed_operations
"candidate-20260807-060515","6d7edc7c29a60a94c59effeeb2b78d8b95038135","default-hasher:b6a599c56dd29bca","rustc 1.97.0 (2d8144b78 2026-07-07)","x86_64-unknown-linux-gnu","Linux 7.0.11-76070011-generic x86_64","Intel(R) Core(TM) Ultra 7 155H","/dev/nvme0n1p3 ext4   rw,noatime,errors=remount-ro","/tmp/pigment-db-durability-bench","pigment_db","buffered","key_value","vector","ordinary_write","1","32","5","0","198976","100023007","1989302.321215","497","0"
"candidate-20260807-060515","6d7edc7c29a60a94c59effeeb2b78d8b95038135","default-hasher:b6a599c56dd29bca","rustc 1.97.0 (2d8144b78 2026-07-07)","x86_64-unknown-linux-gnu","Linux 7.0.11-76070011-generic x86_64","Intel(R) Core(TM) Ultra 7 155H","/dev/nvme0n1p3 ext4   rw,noatime,errors=remount-ro","/tmp/pigment-db-durability-bench","pigment_db","buffered","key_value","vector","ordinary_write","1","32","5","1","200064","100026073","2000118.509101","490","0"
"candidate-20260807-060515","6d7edc7c29a60a94c59effeeb2b78d8b95038135","default-hasher:b6a599c56dd29bca","rustc 1.97.0 (2d8144b78 2026-07-07)","x86_64-unknown-linux-gnu","Linux 7.0.11-76070011-generic x86_64","Intel(R) Core(TM) Ultra 7 155H","/dev/nvme0n1p3 ext4   rw,noatime,errors=remount-ro","/tmp/pigment-db-durability-bench","pigment_db","buffered","key_value","vector","ordinary_write","1","32","5","2","198848","100004655","1988387.440565","503","0"
"candidate-20260807-060515","6d7edc7c29a60a94c59effeeb2b78d8b95038135","default-hasher:b6a599c56dd29bca","rustc 1.97.0 (2d8144b78 2026-07-07)","x86_64-unknown-linux-gnu","Linux 7.0.11-76070011-generic x86_64","Intel(R) Core(TM) Ultra 7 155H","/dev/nvme0n1p3 ext4   rw,noatime,errors=remount-ro","/tmp/pigment-db-durability-bench","pigment_db","buffered","key_value","vector","ordinary_write","1","32","5","3","199872","100031010","1998100.389069","490","0"
"candidate-20260807-060515","6d7edc7c29a60a94c59effeeb2b78d8b95038135","default-hasher:b6a599c56dd29bca","rustc 1.97.0 (2d8144b78 2026-07-07)","x86_64-unknown-linux-gnu","Linux 7.0.11-76070011-generic x86_64","Intel(R) Core(TM) Ultra 7 155H","/dev/nvme0n1p3 ext4   rw,noatime,errors=remount-ro","/tmp/pigment-db-durability-bench","pigment_db","buffered","key_value","vector","ordinary_write","1","32","5","4","200576","100025875","2005241.143854","488","0"
"candidate-20260807-060515","6d7edc7c29a60a94c59effeeb2b78d8b95038135","default-hasher:b6a599c56dd29bca","rustc 1.97.0 (2d8144b78 2026-07-07)","x86_64-unknown-linux-gnu","Linux 7.0.11-76070011-generic x86_64","Intel(R) Core(TM) Ultra 7 155H","/dev/nvme0n1p3 ext4   rw,noatime,errors=remount-ro","/tmp/pigment-db-durability-bench","pigment_db","buffered","key_value","vector","ordinary_write","1","32","5","5","200256","100011892","2002321.883882","489","0"
"candidate-20260807-060515","6d7edc7c29a60a94c59effeeb2b78d8b95038135","default-hasher:b6a599c56dd29bca","rustc 1.97.0 (2d8144b78 2026-07-07)","x86_64-unknown-linux-gnu","Linux 7.0.11-76070011-generic x86_64","Intel(R) Core(TM) Ultra 7 155H","/dev/nvme0n1p3 ext4   rw,noatime,errors=remount-ro","/tmp/pigment-db-durability-bench","pigment_db","buffered","key_value","vector","ordinary_write","1","32","5","6","199488","100001800","1994844.092806","493","0"
"candidate-20260807-060515","6d7edc7c29a60a94c59effeeb2b78d8b95038135","default-hasher:b6a599c56dd29bca","rustc 1.97.0 (2d8144b78 2026-07-07)","x86_64-unknown-linux-gnu","Linux 7.0.11-76070011-generic x86_64","Intel(R) Core(TM) Ultra 7 155H","/dev/nvme0n1p3 ext4   rw,noatime,errors=remount-ro","/tmp/pigment-db-durability-bench","pigment_db","buffered","key_value","vector","ordinary_write","1","32","5","7","200512","100008002","2004959.563136","488","0"
"candidate-20260807-060515","6d7edc7c29a60a94c59effeeb2b78d8b95038135","default-hasher:b6a599c56dd29bca","rustc 1.97.0 (2d8144b78 2026-07-07)","x86_64-unknown-linux-gnu","Linux 7.0.11-76070011-generic x86_64","Intel(R) Core(TM) Ultra 7 155H","/dev/nvme0n1p3 ext4   rw,noatime,errors=remount-ro","/tmp/pigment-db-durability-bench","pigment_db","buffered","key_value","vector","ordinary_write","1","32","5","8","199936","100010246","1999155.166562","490","0"
"candidate-20260807-060515","6d7edc7c29a60a94c59effeeb2b78d8b95038135","default-hasher:b6a599c56dd29bca","rustc 1.97.0 (2d8144b78 2026-07-07)","x86_64-unknown-linux-gnu","Linux 7.0.11-76070011-generic x86_64","Intel(R) Core(TM) Ultra 7 155H","/dev/nvme0n1p3 ext4   rw,noatime,errors=remount-ro","/tmp/pigment-db-durability-bench","pigment_db","buffered","key_value","vector","ordinary_write","1","32","5","9","199488","100003004","1994820.075605","491","0"
"candidate-20260807-060515","6d7edc7c29a60a94c59effeeb2b78d8b95038135","default-hasher:b6a599c56dd29bca","rustc 1.97.0 (2d8144b78 2026-07-07)","x86_64-unknown-linux-gnu","Linux 7.0.11-76070011-generic x86_64","Intel(R) Core(TM) Ultra 7 155H","/dev/nvme0n1p3 ext4   rw,noatime,errors=remount-ro","/tmp/pigment-db-durability-bench","pigment_db","buffered","key_value","vector","ordinary_write","1","32","5","10","200000","100021328","1999573.530957","489","0"
"candidate-20260807-060515","6d7edc7c29a60a94c59effeeb2b78d8b95038135","default-hasher:b6a599c56dd29bca","rustc 1.97.0 (2d8144b78 2026-07-07)","x86_64-unknown-linux-gnu","Linux 7.0.11-76070011-generic x86_64","Intel(R) Core(TM) Ultra 7 155H","/dev/nvme0n1p3 ext4   rw,noatime,errors=remount-ro","/tmp/pigment-db-durability-bench","pigment_db","buffered","key_value","vector","ordinary_write","8","32","5","0","72704","100245389","725260.291024","24382","0"
"candidate-20260807-060515","6d7edc7c29a60a94c59effeeb2b78d8b95038135","default-hasher:b6a599c56dd29bca","rustc 1.97.0 (2d8144b78 2026-07-07)","x86_64-unknown-linux-gnu","Linux 7.0.11-76070011-generic x86_64","Intel(R) Core(TM) Ultra 7 155H","/dev/nvme0n1p3 ext4   rw,noatime,errors=remount-ro","/tmp/pigment-db-durability-bench","pigment_db","buffered","key_value","vector","ordinary_write","8","32","5","1","67072","100109245","669988.071531","24200","0"
"candidate-20260807-060515","6d7edc7c29a60a94c59effeeb2b78d8b95038135","default-hasher:b6a599c56dd29bca","rustc 1.97.0 (2d8144b78 2026-07-07)","x86_64-unknown-linux-gnu","Linux 7.0.11-76070011-generic x86_64","Intel(R) Core(TM) Ultra 7 155H","/dev/nvme0n1p3 ext4   rw,noatime,errors=remount-ro","/tmp/pigment-db-durability-bench","pigment_db","buffered","key_value","vector","ordinary_write","8","32","5","2","72704","100181575","725722.269789","24718","0"
"candidate-20260807-060515","6d7edc7c29a60a94c59effeeb2b78d8b95038135","default-hasher:b6a599c56dd29bca","rustc 1.97.0 (2d8144b78 2026-07-07)","x86_64-unknown-linux-gnu","Linux 7.0.11-76070011-generic x86_64","Intel(R) Core(TM) Ultra 7 155H","/dev/nvme0n1p3 ext4   rw,noatime,errors=remount-ro","/tmp/pigment-db-durability-bench","pigment_db","buffered","key_value","vector","ordinary_write","8","32","5","3","73728","100104965","736506.925506","24612","0"
"candidate-20260807-060515","6d7edc7c29a60a94c59effeeb2b78d8b95038135","default-hasher:b6a599c56dd29bca","rustc 1.97.0 (2d8144b78 2026-07-07)","x86_64-unknown-linux-gnu","Linux 7.0.11-76070011-generic x86_64","Intel(R) Core(TM) Ultra 7 155H","/dev/nvme0n1p3 ext4   rw,noatime,errors=remount-ro","/tmp/pigment-db-durability-bench","pigment_db","buffered","key_value","vector","ordinary_write","8","32","5","4","62976","101602038","619830.086479","24471","0"
"candidate-20260807-060515","6d7edc7c29a60a94c59effeeb2b78d8b95038135","default-hasher:b6a599c56dd29bca","rustc 1.97.0 (2d8144b78 2026-07-07)","x86_64-unknown-linux-gnu","Linux 7.0.11-76070011-generic x86_64","Intel(R) Core(TM) Ultra 7 155H","/dev/nvme0n1p3 ext4   rw,noatime,errors=remount-ro","/tmp/pigment-db-durability-bench","pigment_db","buffered","key_value","vector","ordinary_write","8","32","5","5","57856","100064684","578186.006164","21860","0"
"candidate-20260807-060515","6d7edc7c29a60a94c59effeeb2b78d8b95038135","default-hasher:b6a599c56dd29bca","rustc 1.97.0 (2d8144b78 2026-07-07)","x86_64-unknown-linux-gnu","Linux 7.0.11-76070011-generic x86_64","Intel(R) Core(TM) Ultra 7 155H","/dev/nvme0n1p3 ext4   rw,noatime,errors=remount-ro","/tmp/pigment-db-durability-bench","pigment_db","buffered","key_value","vector","ordinary_write","8","32","5","6","47616","100724600","472734.565340","2221","0"
"candidate-20260807-060515","6d7edc7c29a60a94c59effeeb2b78d8b95038135","default-hasher:b6a599c56dd29bca","rustc 1.97.0 (2d8144b78 2026-07-07)","x86_64-unknown-linux-gnu","Linux 7.0.11-76070011-generic x86_64","Intel(R) Core(TM) Ultra 7 155H","/dev/nvme0n1p3 ext4   rw,noatime,errors=remount-ro","/tmp/pigment-db-durability-bench","pigment_db","buffered","key_value","vector","ordinary_write","8","32","5","7","62464","100408512","622098.652353","21712","0"
"candidate-20260807-060515","6d7edc7c29a60a94c59effeeb2b78d8b95038135","default-hasher:b6a599c56dd29bca","rustc 1.97.0 (2d8144b78 2026-07-07)","x86_64-unknown-linux-gnu","Linux 7.0.11-76070011-generic x86_64","Intel(R) Core(TM) Ultra 7 155H","/dev/nvme0n1p3 ext4   rw,noatime,errors=remount-ro","/tmp/pigment-db-durability-bench","pigment_db","buffered","key_value","vector","ordinary_write","8","32","5","8","71680","100388067","714029.088736","25069","0"
"candidate-20260807-060515","6d7edc7c29a60a94c59effeeb2b78d8b95038135","default-hasher:b6a599c56dd29bca","rustc 1.97.0 (2d8144b78 2026-07-07)","x86_64-unknown-linux-gnu","Linux 7.0.11-76070011-generic x86_64","Intel(R) Core(TM) Ultra 7 155H","/dev/nvme0n1p3 ext4   rw,noatime,errors=remount-ro","/tmp/pigment-db-durability-bench","pigment_db","buffered","key_value","vector","ordinary_write","8","32","5","9","73728","112678720","654320.531863","23868","0"
"candidate-20260807-060515","6d7edc7c29a60a94c59effeeb2b78d8b95038135","default-hasher:b6a599c56dd29bca","rustc 1.97.0 (2d8144b78 2026-07-07)","x86_64-unknown-linux-gnu","Linux 7.0.11-76070011-generic x86_64","Intel(R) Core(TM) Ultra 7 155H","/dev/nvme0n1p3 ext4   rw,noatime,errors=remount-ro","/tmp/pigment-db-durability-bench","pigment_db","buffered","key_value","vector","ordinary_write","8","32","5","10","24576","101773832","241476.610609","2184","0"
"candidate-20260807-060515","6d7edc7c29a60a94c59effeeb2b78d8b95038135","default-hasher:b6a599c56dd29bca","rustc 1.97.0 (2d8144b78 2026-07-07)","x86_64-unknown-linux-gnu","Linux 7.0.11-76070011-generic x86_64","Intel(R) Core(TM) Ultra 7 155H","/dev/nvme0n1p3 ext4   rw,noatime,errors=remount-ro","/tmp/pigment-db-durability-bench","pigment_db","buffered","key_value","vector","successful_remove","1","32","5","0","189824","100005462","1898136.323794","532","0"
"candidate-20260807-060515","6d7edc7c29a60a94c59effeeb2b78d8b95038135","default-hasher:b6a599c56dd29bca","rustc 1.97.0 (2d8144b78 2026-07-07)","x86_64-unknown-linux-gnu","Linux 7.0.11-76070011-generic x86_64","Intel(R) Core(TM) Ultra 7 155H","/dev/nvme0n1p3 ext4   rw,noatime,errors=remount-ro","/tmp/pigment-db-durability-bench","pigment_db","buffered","key_value","vector","successful_remove","1","32","5","1","188608","100029199","1885529.444258","541","0"
"candidate-20260807-060515","6d7edc7c29a60a94c59effeeb2b78d8b95038135","default-hasher:b6a599c56dd29bca","rustc 1.97.0 (2d8144b78 2026-07-07)","x86_64-unknown-linux-gnu","Linux 7.0.11-76070011-generic x86_64","Intel(R) Core(TM) Ultra 7 155H","/dev/nvme0n1p3 ext4   rw,noatime,errors=remount-ro","/tmp/pigment-db-durability-bench","pigment_db","buffered","key_value","vector","successful_remove","1","32","5","2","186560","100015978","1865301.962053","523","0"
"candidate-20260807-060515","6d7edc7c29a60a94c59effeeb2b78d8b95038135","default-hasher:b6a599c56dd29bca","rustc 1.97.0 (2d8144b78 2026-07-07)","x86_64-unknown-linux-gnu","Linux 7.0.11-76070011-generic x86_64","Intel(R) Core(TM) Ultra 7 155H","/dev/nvme0n1p3 ext4   rw,noatime,errors=remount-ro","/tmp/pigment-db-durability-bench","pigment_db","buffered","key_value","vector","successful_remove","1","32","5","3","187008","100018368","1869736.566787","520","0"
"candidate-20260807-060515","6d7edc7c29a60a94c59effeeb2b78d8b95038135","default-hasher:b6a599c56dd29bca","rustc 1.97.0 (2d8144b78 2026-07-07)","x86_64-unknown-linux-gnu","Linux 7.0.11-76070011-generic x86_64","Intel(R) Core(TM) Ultra 7 155H","/dev/nvme0n1p3 ext4   rw,noatime,errors=remount-ro","/tmp/pigment-db-durability-bench","pigment_db","buffered","key_value","vector","successful_remove","1","32","5","4","190016","100020255","1899775.200533","528","0"
"candidate-20260807-060515","6d7edc7c29a60a94c59effeeb2b78d8b95038135","default-hasher:b6a599c56dd29bca","rustc 1.97.0 (2d8144b78 2026-07-07)","x86_64-unknown-linux-gnu","Linux 7.0.11-76070011-generic x86_64","Intel(R) Core(TM) Ultra 7 155H","/dev/nvme0n1p3 ext4   rw,noatime,errors=remount-ro","/tmp/pigment-db-durability-bench","pigment_db","buffered","key_value","vector","successful_remove","1","32","5","5","187520","100032171","1874596.923424","589","0"
"candidate-20260807-060515","6d7edc7c29a60a94c59effeeb2b78d8b95038135","default-hasher:b6a599c56dd29bca","rustc 1.97.0 (2d8144b78 2026-07-07)","x86_64-unknown-linux-gnu","Linux 7.0.11-76070011-generic x86_64","Intel(R) Core(TM) Ultra 7 155H","/dev/nvme0n1p3 ext4   rw,noatime,errors=remount-ro","/tmp/pigment-db-durability-bench","pigment_db","buffered","key_value","vector","successful_remove","1","32","5","6","189056","100032505","1889945.673159","544","0"
"candidate-20260807-060515","6d7edc7c29a60a94c59effeeb2b78d8b95038135","default-hasher:b6a599c56dd29bca","rustc 1.97.0 (2d8144b78 2026-07-07)","x86_64-unknown-linux-gnu","Linux 7.0.11-76070011-generic x86_64","Intel(R) Core(TM) Ultra 7 155H","/dev/nvme0n1p3 ext4   rw,noatime,errors=remount-ro","/tmp/pigment-db-durability-bench","pigment_db","buffered","key_value","vector","successful_remove","1","32","5","7","188992","100004882","1889827.738610","539","0"
"candidate-20260807-060515","6d7edc7c29a60a94c59effeeb2b78d8b95038135","default-hasher:b6a599c56dd29bca","rustc 1.97.0 (2d8144b78 2026-07-07)","x86_64-unknown-linux-gnu","Linux 7.0.11-76070011-generic x86_64","Intel(R) Core(TM) Ultra 7 155H","/dev/nvme0n1p3 ext4   rw,noatime,errors=remount-ro","/tmp/pigment-db-durability-bench","pigment_db","buffered","key_value","vector","successful_remove","1","32","5","8","189568","100059732","1894548.348381","531","0"
"candidate-20260807-060515","6d7edc7c29a60a94c59effeeb2b78d8b95038135","default-hasher:b6a599c56dd29bca","rustc 1.97.0 (2d8144b78 2026-07-07)","x86_64-unknown-linux-gnu","Linux 7.0.11-76070011-generic x86_64","Intel(R) Core(TM) Ultra 7 155H","/dev/nvme0n1p3 ext4   rw,noatime,errors=remount-ro","/tmp/pigment-db-durability-bench","pigment_db","buffered","key_value","vector","successful_remove","1","32","5","9","190016","100030891","1899573.202842","526","0"
"candidate-20260807-060515","6d7edc7c29a60a94c59effeeb2b78d8b95038135","default-hasher:b6a599c56dd29bca","rustc 1.97.0 (2d8144b78 2026-07-07)","x86_64-unknown-linux-gnu","Linux 7.0.11-76070011-generic x86_64","Intel(R) Core(TM) Ultra 7 155H","/dev/nvme0n1p3 ext4   rw,noatime,errors=remount-ro","/tmp/pigment-db-durability-bench","pigment_db","buffered","key_value","vector","successful_remove","1","32","5","10","188032","100006311","1880201.340493","568","0"
"candidate-20260807-060515","6d7edc7c29a60a94c59effeeb2b78d8b95038135","default-hasher:b6a599c56dd29bca","rustc 1.97.0 (2d8144b78 2026-07-07)","x86_64-unknown-linux-gnu","Linux 7.0.11-76070011-generic x86_64","Intel(R) Core(TM) Ultra 7 155H","/dev/nvme0n1p3 ext4   rw,noatime,errors=remount-ro","/tmp/pigment-db-durability-bench","pigment_db","buffered","key_value","vector","successful_remove","8","32","5","0","68608","100660983","681574.905741","23819","0"
"candidate-20260807-060515","6d7edc7c29a60a94c59effeeb2b78d8b95038135","default-hasher:b6a599c56dd29bca","rustc 1.97.0 (2d8144b78 2026-07-07)","x86_64-unknown-linux-gnu","Linux 7.0.11-76070011-generic x86_64","Intel(R) Core(TM) Ultra 7 155H","/dev/nvme0n1p3 ext4   rw,noatime,errors=remount-ro","/tmp/pigment-db-durability-bench","pigment_db","buffered","key_value","vector","successful_remove","8","32","5","1","73728","100648005","732533.148571","23877","0"
"candidate-20260807-060515","6d7edc7c29a60a94c59effeeb2b78d8b95038135","default-hasher:b6a599c56dd29bca","rustc 1.97.0 (2d8144b78 2026-07-07)","x86_64-unknown-linux-gnu","Linux 7.0.11-76070011-generic x86_64","Intel(R) Core(TM) Ultra 7 155H","/dev/nvme0n1p3 ext4   rw,noatime,errors=remount-ro","/tmp/pigment-db-durability-bench","pigment_db","buffered","key_value","vector","successful_remove","8","32","5","2","66048","100610420","656472.758985","24097","0"
"candidate-20260807-060515","6d7edc7c29a60a94c59effeeb2b78d8b95038135","default-hasher:b6a599c56dd29bca","rustc 1.97.0 (2d8144b78 2026-07-07)","x86_64-unknown-linux-gnu","Linux 7.0.11-76070011-generic x86_64","Intel(R) Core(TM) Ultra 7 155H","/dev/nvme0n1p3 ext4   rw,noatime,errors=remount-ro","/tmp/pigment-db-durability-bench","pigment_db","buffered","key_value","vector","successful_remove","8","32","5","3","57344","102637851","558702.266672","23923","0"
"candidate-20260807-060515","6d7edc7c29a60a94c59effeeb2b78d8b95038135","default-hasher:b6a599c56dd29bca","rustc 1.97.0 (2d8144b78 2026-07-07)","x86_64-unknown-linux-gnu","Linux 7.0.11-76070011-generic x86_64","Intel(R) Core(TM) Ultra 7 155H","/dev/nvme0n1p3 ext4   rw,noatime,errors=remount-ro","/tmp/pigment-db-durability-bench","pigment_db","buffered","key_value","vector","successful_remove","8","32","5","4","68096","100361897","678504.512524","24201","0"
"candidate-20260807-060515","6d7edc7c29a60a94c59effeeb2b78d8b95038135","default-hasher:b6a599c56dd29bca","rustc 1.97.0 (2d8144b78 2026-07-07)","x86_64-unknown-linux-gnu","Linux 7.0.11-76070011-generic x86_64","Intel(R) Core(TM) Ultra 7 155H","/dev/nvme0n1p3 ext4   rw,noatime,errors=remount-ro","/tmp/pigment-db-durability-bench","pigment_db","buffered","key_value","vector","successful_remove","8","32","5","5","71168","100519980","707998.549144","23872","0"
"candidate-20260807-060515","6d7edc7c29a60a94c59effeeb2b78d8b95038135","default-hasher:b6a599c56dd29bca","rustc 1.97.0 (2d8144b78 2026-07-07)","x86_64-unknown-linux-gnu","Linux 7.0.11-76070011-generic x86_64","Intel(R) Core(TM) Ultra 7 155H","/dev/nvme0n1p3 ext4   rw,noatime,errors=remount-ro","/tmp/pigment-db-durability-bench","pigment_db","buffered","key_value","vector","successful_remove","8","32","5","6","70144","100159017","700326.362029","23865","0"
"candidate-20260807-060515","6d7edc7c29a60a94c59effeeb2b78d8b95038135","default-hasher:b6a599c56dd29bca","rustc 1.97.0 (2d8144b78 2026-07-07)","x86_64-unknown-linux-gnu","Linux 7.0.11-76070011-generic x86_64","Intel(R) Core(TM) Ultra 7 155H","/dev/nvme0n1p3 ext4   rw,noatime,errors=remount-ro","/tmp/pigment-db-durability-bench","pigment_db","buffered","key_value","vector","successful_remove","8","32","5","7","69632","100167586","695155.017512","23482","0"
"candidate-20260807-060515","6d7edc7c29a60a94c59effeeb2b78d8b95038135","default-hasher:b6a599c56dd29bca","rustc 1.97.0 (2d8144b78 2026-07-07)","x86_64-unknown-linux-gnu","Linux 7.0.11-76070011-generic x86_64","Intel(R) Core(TM) Ultra 7 155H","/dev/nvme0n1p3 ext4   rw,noatime,errors=remount-ro","/tmp/pigment-db-durability-bench","pigment_db","buffered","key_value","vector","successful_remove","8","32","5","8","71168","100483707","708254.125219","23488","0"
"candidate-20260807-060515","6d7edc7c29a60a94c59effeeb2b78d8b95038135","default-hasher:b6a599c56dd29bca","rustc 1.97.0 (2d8144b78 2026-07-07)","x86_64-unknown-linux-gnu","Linux 7.0.11-76070011-generic x86_64","Intel(R) Core(TM) Ultra 7 155H","/dev/nvme0n1p3 ext4   rw,noatime,errors=remount-ro","/tmp/pigment-db-durability-bench","pigment_db","buffered","key_value","vector","successful_remove","8","32","5","9","75264","100017026","752511.877328","24017","0"
"candidate-20260807-060515","6d7edc7c29a60a94c59effeeb2b78d8b95038135","default-hasher:b6a599c56dd29bca","rustc 1.97.0 (2d8144b78 2026-07-07)","x86_64-unknown-linux-gnu","Linux 7.0.11-76070011-generic x86_64","Intel(R) Core(TM) Ultra 7 155H","/dev/nvme0n1p3 ext4   rw,noatime,errors=remount-ro","/tmp/pigment-db-durability-bench","pigment_db","buffered","key_value","vector","successful_remove","8","32","5","10","61440","100231196","612982.808267","23482","0"
"candidate-20260807-060515","6d7edc7c29a60a94c59effeeb2b78d8b95038135","default-hasher:b6a599c56dd29bca","rustc 1.97.0 (2d8144b78 2026-07-07)","x86_64-unknown-linux-gnu","Linux 7.0.11-76070011-generic x86_64","Intel(R) Core(TM) Ultra 7 155H","/dev/nvme0n1p3 ext4   rw,noatime,errors=remount-ro","/tmp/pigment-db-durability-bench","pigment_db","buffered","key_value","vector","minimal_callback","1","32","5","0","186240","100008359","1862244.334996","521","0"
"candidate-20260807-060515","6d7edc7c29a60a94c59effeeb2b78d8b95038135","default-hasher:b6a599c56dd29bca","rustc 1.97.0 (2d8144b78 2026-07-07)","x86_64-unknown-linux-gnu","Linux 7.0.11-76070011-generic x86_64","Intel(R) Core(TM) Ultra 7 155H","/dev/nvme0n1p3 ext4   rw,noatime,errors=remount-ro","/tmp/pigment-db-durability-bench","pigment_db","buffered","key_value","vector","minimal_callback","1","32","5","1","186048","100004782","1860391.036101","527","0"
"candidate-20260807-060515","6d7edc7c29a60a94c59effeeb2b78d8b95038135","default-hasher:b6a599c56dd29bca","rustc 1.97.0 (2d8144b78 2026-07-07)","x86_64-unknown-linux-gnu","Linux 7.0.11-76070011-generic x86_64","Intel(R) Core(TM) Ultra 7 155H","/dev/nvme0n1p3 ext4   rw,noatime,errors=remount-ro","/tmp/pigment-db-durability-bench","pigment_db","buffered","key_value","vector","minimal_callback","1","32","5","2","186944","100020764","1869051.910061","524","0"
"candidate-20260807-060515","6d7edc7c29a60a94c59effeeb2b78d8b95038135","default-hasher:b6a599c56dd29bca","rustc 1.97.0 (2d8144b78 2026-07-07)","x86_64-unknown-linux-gnu","Linux 7.0.11-76070011-generic x86_64","Intel(R) Core(TM) Ultra 7 155H","/dev/nvme0n1p3 ext4   rw,noatime,errors=remount-ro","/tmp/pigment-db-durability-bench","pigment_db","buffered","key_value","vector","minimal_callback","1","32","5","3","187136","100000328","1871353.861959","520","0"
"candidate-20260807-060515","6d7edc7c29a60a94c59effeeb2b78d8b95038135","default-hasher:b6a599c56dd29bca","rustc 1.97.0 (2d8144b78 2026-07-07)","x86_64-unknown-linux-gnu","Linux 7.0.11-76070011-generic x86_64","Intel(R) Core(TM) Ultra 7 155H","/dev/nvme0n1p3 ext4   rw,noatime,errors=remount-ro","/tmp/pigment-db-durability-bench","pigment_db","buffered","key_value","vector","minimal_callback","1","32","5","4","182528","100007424","1825144.501272","553","0"
"candidate-20260807-060515","6d7edc7c29a60a94c59effeeb2b78d8b95038135","default-hasher:b6a599c56dd29bca","rustc 1.97.0 (2d8144b78 2026-07-07)","x86_64-unknown-linux-gnu","Linux 7.0.11-76070011-generic x86_64","Intel(R) Core(TM) Ultra 7 155H","/dev/nvme0n1p3 ext4   rw,noatime,errors=remount-ro","/tmp/pigment-db-durability-bench","pigment_db","buffered","key_value","vector","minimal_callback","1","32","5","5","181056","100002012","1810523.572266","547","0"
"candidate-20260807-060515","6d7edc7c29a60a94c59effeeb2b78d8b95038135","default-hasher:b6a599c56dd29bca","rustc 1.97.0 (2d8144b78 2026-07-07)","x86_64-unknown-linux-gnu","Linux 7.0.11-76070011-generic x86_64","Intel(R) Core(TM) Ultra 7 155H","/dev/nvme0n1p3 ext4   rw,noatime,errors=remount-ro","/tmp/pigment-db-durability-bench","pigment_db","buffered","key_value","vector","minimal_callback","1","32","5","6","185280","100028578","1852270.658091","528","0"
"candidate-20260807-060515","6d7edc7c29a60a94c59effeeb2b78d8b95038135","default-hasher:b6a599c56dd29bca","rustc 1.97.0 (2d8144b78 2026-07-07)","x86_64-unknown-linux-gnu","Linux 7.0.11-76070011-generic x86_64","Intel(R) Core(TM) Ultra 7 155H","/dev/nvme0n1p3 ext4   rw,noatime,errors=remount-ro","/tmp/pigment-db-durability-bench","pigment_db","buffered","key_value","vector","minimal_callback","1","32","5","7","184576","100000656","1845747.891894","538","0"
"candidate-20260807-060515","6d7edc7c29a60a94c59effeeb2b78d8b95038135","default-hasher:b6a599c56dd29bca","rustc 1.97.0 (2d8144b78 2026-07-07)","x86_64-unknown-linux-gnu","Linux 7.0.11-76070011-generic x86_64","Intel(R) Core(TM) Ultra 7 155H","/dev/nvme0n1p3 ext4   rw,noatime,errors=remount-ro","/tmp/pigment-db-durability-bench","pigment_db","buffered","key_value","vector","minimal_callback","1","32","5","8","184960","100021784","1849197.170888","526","0"
"candidate-20260807-060515","6d7edc7c29a60a94c59effeeb2b78d8b95038135","default-hasher:b6a599c56dd29bca","rustc 1.97.0 (2d8144b78 2026-07-07)","x86_64-unknown-linux-gnu","Linux 7.0.11-76070011-generic x86_64","Intel(R) Core(TM) Ultra 7 155H","/dev/nvme0n1p3 ext4   rw,noatime,errors=remount-ro","/tmp/pigment-db-durability-bench","pigment_db","buffered","key_value","vector","minimal_callback","1","32","5","9","177664","100024315","1776208.114997","550","0"
"candidate-20260807-060515","6d7edc7c29a60a94c59effeeb2b78d8b95038135","default-hasher:b6a599c56dd29bca","rustc 1.97.0 (2d8144b78 2026-07-07)","x86_64-unknown-linux-gnu","Linux 7.0.11-76070011-generic x86_64","Intel(R) Core(TM) Ultra 7 155H","/dev/nvme0n1p3 ext4   rw,noatime,errors=remount-ro","/tmp/pigment-db-durability-bench","pigment_db","buffered","key_value","vector","minimal_callback","1","32","5","10","179200","100006785","1791878.421049","548","0"
"candidate-20260807-060515","6d7edc7c29a60a94c59effeeb2b78d8b95038135","default-hasher:b6a599c56dd29bca","rustc 1.97.0 (2d8144b78 2026-07-07)","x86_64-unknown-linux-gnu","Linux 7.0.11-76070011-generic x86_64","Intel(R) Core(TM) Ultra 7 155H","/dev/nvme0n1p3 ext4   rw,noatime,errors=remount-ro","/tmp/pigment-db-durability-bench","pigment_db","buffered","key_value","vector","minimal_callback","8","32","5","0","74240","100323495","740006.117211","24314","0"
"candidate-20260807-060515","6d7edc7c29a60a94c59effeeb2b78d8b95038135","default-hasher:b6a599c56dd29bca","rustc 1.97.0 (2d8144b78 2026-07-07)","x86_64-unknown-linux-gnu","Linux 7.0.11-76070011-generic x86_64","Intel(R) Core(TM) Ultra 7 155H","/dev/nvme0n1p3 ext4   rw,noatime,errors=remount-ro","/tmp/pigment-db-durability-bench","pigment_db","buffered","key_value","vector","minimal_callback","8","32","5","1","76800","100582845","763549.688816","23923","0"
"candidate-20260807-060515","6d7edc7c29a60a94c59effeeb2b78d8b95038135","default-hasher:b6a599c56dd29bca","rustc 1.97.0 (2d8144b78 2026-07-07)","x86_64-unknown-linux-gnu","Linux 7.0.11-76070011-generic x86_64","Intel(R) Core(TM) Ultra 7 155H","/dev/nvme0n1p3 ext4   rw,noatime,errors=remount-ro","/tmp/pigment-db-durability-bench","pigment_db","buffered","key_value","vector","minimal_callback","8","32","5","2","67072","100661232","666314.117832","24875","0"
"candidate-20260807-060515","6d7edc7c29a60a94c59effeeb2b78d8b95038135","default-hasher:b6a599c56dd29bca","rustc 1.97.0 (2d8144b78 2026-07-07)","x86_64-unknown-linux-gnu","Linux 7.0.11-76070011-generic x86_64","Intel(R) Core(TM) Ultra 7 155H","/dev/nvme0n1p3 ext4   rw,noatime,errors=remount-ro","/tmp/pigment-db-durability-bench","pigment_db","buffered","key_value","vector","minimal_callback","8","32","5","3","73728","100264130","735337.752395","24742","0"
"candidate-20260807-060515","6d7edc7c29a60a94c59effeeb2b78d8b95038135","default-hasher:b6a599c56dd29bca","rustc 1.97.0 (2d8144b78 2026-07-07)","x86_64-unknown-linux-gnu","Linux 7.0.11-76070011-generic x86_64","Intel(R) Core(TM) Ultra 7 155H","/dev/nvme0n1p3 ext4   rw,noatime,errors=remount-ro","/tmp/pigment-db-durability-bench","pigment_db","buffered","key_value","vector","minimal_callback","8","32","5","4","72192","100441776","718744.758157","24490","0"
"candidate-20260807-060515","6d7edc7c29a60a94c59effeeb2b78d8b95038135","default-hasher:b6a599c56dd29bca","rustc 1.97.0 (2d8144b78 2026-07-07)","x86_64-unknown-linux-gnu","Linux 7.0.11-76070011-generic x86_64","Intel(R) Core(TM) Ultra 7 155H","/dev/nvme0n1p3 ext4   rw,noatime,errors=remount-ro","/tmp/pigment-db-durability-bench","pigment_db","buffered","key_value","vector","minimal_callback","8","32","5","5","73216","100033170","731917.223057","24618","0"
"candidate-20260807-060515","6d7edc7c29a60a94c59effeeb2b78d8b95038135","default-hasher:b6a599c56dd29bca","rustc 1.97.0 (2d8144b78 2026-07-07)","x86_64-unknown-linux-gnu","Linux 7.0.11-76070011-generic x86_64","Intel(R) Core(TM) Ultra 7 155H","/dev/nvme0n1p3 ext4   rw,noatime,errors=remount-ro","/tmp/pigment-db-durability-bench","pigment_db","buffered","key_value","vector","minimal_callback","8","32","5","6","67584","100611035","671735.461225","25492","0"
"candidate-20260807-060515","6d7edc7c29a60a94c59effeeb2b78d8b95038135","default-hasher:b6a599c56dd29bca","rustc 1.97.0 (2d8144b78 2026-07-07)","x86_64-unknown-linux-gnu","Linux 7.0.11-76070011-generic x86_64","Intel(R) Core(TM) Ultra 7 155H","/dev/nvme0n1p3 ext4   rw,noatime,errors=remount-ro","/tmp/pigment-db-durability-bench","pigment_db","buffered","key_value","vector","minimal_callback","8","32","5","7","69632","100142726","695327.586749","24345","0"
"candidate-20260807-060515","6d7edc7c29a60a94c59effeeb2b78d8b95038135","default-hasher:b6a599c56dd29bca","rustc 1.97.0 (2d8144b78 2026-07-07)","x86_64-unknown-linux-gnu","Linux 7.0.11-76070011-generic x86_64","Intel(R) Core(TM) Ultra 7 155H","/dev/nvme0n1p3 ext4   rw,noatime,errors=remount-ro","/tmp/pigment-db-durability-bench","pigment_db","buffered","key_value","vector","minimal_callback","8","32","5","8","72704","100229866","725372.614985","24602","0"
"candidate-20260807-060515","6d7edc7c29a60a94c59effeeb2b78d8b95038135","default-hasher:b6a599c56dd29bca","rustc 1.97.0 (2d8144b78 2026-07-07)","x86_64-unknown-linux-gnu","Linux 7.0.11-76070011-generic x86_64","Intel(R) Core(TM) Ultra 7 155H","/dev/nvme0n1p3 ext4   rw,noatime,errors=remount-ro","/tmp/pigment-db-durability-bench","pigment_db","buffered","key_value","vector","minimal_callback","8","32","5","9","74240","100320668","740026.970315","24197","0"
"candidate-20260807-060515","6d7edc7c29a60a94c59effeeb2b78d8b95038135","default-hasher:b6a599c56dd29bca","rustc 1.97.0 (2d8144b78 2026-07-07)","x86_64-unknown-linux-gnu","Linux 7.0.11-76070011-generic x86_64","Intel(R) Core(TM) Ultra 7 155H","/dev/nvme0n1p3 ext4   rw,noatime,errors=remount-ro","/tmp/pigment-db-durability-bench","pigment_db","buffered","key_value","vector","minimal_callback","8","32","5","10","73216","100084316","731543.192042","24822","0"
"candidate-20260807-060515","6d7edc7c29a60a94c59effeeb2b78d8b95038135","default-hasher:b6a599c56dd29bca","rustc 1.97.0 (2d8144b78 2026-07-07)","x86_64-unknown-linux-gnu","Linux 7.0.11-76070011-generic x86_64","Intel(R) Core(TM) Ultra 7 155H","/dev/nvme0n1p3 ext4   rw,noatime,errors=remount-ro","/tmp/pigment-db-durability-bench","pigment_db","buffered","key_value","file","ordinary_write","1","32","5","0","47744","100002343","477428.813843","2686","0"
"candidate-20260807-060515","6d7edc7c29a60a94c59effeeb2b78d8b95038135","default-hasher:b6a599c56dd29bca","rustc 1.97.0 (2d8144b78 2026-07-07)","x86_64-unknown-linux-gnu","Linux 7.0.11-76070011-generic x86_64","Intel(R) Core(TM) Ultra 7 155H","/dev/nvme0n1p3 ext4   rw,noatime,errors=remount-ro","/tmp/pigment-db-durability-bench","pigment_db","buffered","key_value","file","ordinary_write","1","32","5","1","48000","100110018","479472.493952","2643","0"
"candidate-20260807-060515","6d7edc7c29a60a94c59effeeb2b78d8b95038135","default-hasher:b6a599c56dd29bca","rustc 1.97.0 (2d8144b78 2026-07-07)","x86_64-unknown-linux-gnu","Linux 7.0.11-76070011-generic x86_64","Intel(R) Core(TM) Ultra 7 155H","/dev/nvme0n1p3 ext4   rw,noatime,errors=remount-ro","/tmp/pigment-db-durability-bench","pigment_db","buffered","key_value","file","ordinary_write","1","32","5","2","47424","100045871","474022.561111","2717","0"
"candidate-20260807-060515","6d7edc7c29a60a94c59effeeb2b78d8b95038135","default-hasher:b6a599c56dd29bca","rustc 1.97.0 (2d8144b78 2026-07-07)","x86_64-unknown-linux-gnu","Linux 7.0.11-76070011-generic x86_64","Intel(R) Core(TM) Ultra 7 155H","/dev/nvme0n1p3 ext4   rw,noatime,errors=remount-ro","/tmp/pigment-db-durability-bench","pigment_db","buffered","key_value","file","ordinary_write","1","32","5","3","46976","100028402","469626.616648","2869","0"
"candidate-20260807-060515","6d7edc7c29a60a94c59effeeb2b78d8b95038135","default-hasher:b6a599c56dd29bca","rustc 1.97.0 (2d8144b78 2026-07-07)","x86_64-unknown-linux-gnu","Linux 7.0.11-76070011-generic x86_64","Intel(R) Core(TM) Ultra 7 155H","/dev/nvme0n1p3 ext4   rw,noatime,errors=remount-ro","/tmp/pigment-db-durability-bench","pigment_db","buffered","key_value","file","ordinary_write","1","32","5","4","47488","100049774","474643.750819","2705","0"
"candidate-20260807-060515","6d7edc7c29a60a94c59effeeb2b78d8b95038135","default-hasher:b6a599c56dd29bca","rustc 1.97.0 (2d8144b78 2026-07-07)","x86_64-unknown-linux-gnu","Linux 7.0.11-76070011-generic x86_64","Intel(R) Core(TM) Ultra 7 155H","/dev/nvme0n1p3 ext4   rw,noatime,errors=remount-ro","/tmp/pigment-db-durability-bench","pigment_db","buffered","key_value","file","ordinary_write","1","32","5","5","47488","100034377","474716.806603","2749","0"
"candidate-20260807-060515","6d7edc7c29a60a94c59effeeb2b78d8b95038135","default-hasher:b6a599c56dd29bca","rustc 1.97.0 (2d8144b78 2026-07-07)","x86_64-unknown-linux-gnu","Linux 7.0.11-76070011-generic x86_64","Intel(R) Core(TM) Ultra 7 155H","/dev/nvme0n1p3 ext4   rw,noatime,errors=remount-ro","/tmp/pigment-db-durability-bench","pigment_db","buffered","key_value","file","ordinary_write","1","32","5","6","46720","100123672","466622.918105","2847","0"
"candidate-20260807-060515","6d7edc7c29a60a94c59effeeb2b78d8b95038135","default-hasher:b6a599c56dd29bca","rustc 1.97.0 (2d8144b78 2026-07-07)","x86_64-unknown-linux-gnu","Linux 7.0.11-76070011-generic x86_64","Intel(R) Core(TM) Ultra 7 155H","/dev/nvme0n1p3 ext4   rw,noatime,errors=remount-ro","/tmp/pigment-db-durability-bench","pigment_db","buffered","key_value","file","ordinary_write","1","32","5","7","47936","100096166","478899.461544","2660","0"
"candidate-20260807-060515","6d7edc7c29a60a94c59effeeb2b78d8b95038135","default-hasher:b6a599c56dd29bca","rustc 1.97.0 (2d8144b78 2026-07-07)","x86_64-unknown-linux-gnu","Linux 7.0.11-76070011-generic x86_64","Intel(R) Core(TM) Ultra 7 155H","/dev/nvme0n1p3 ext4   rw,noatime,errors=remount-ro","/tmp/pigment-db-durability-bench","pigment_db","buffered","key_value","file","ordinary_write","1","32","5","8","47808","100089680","477651.642007","2677","0"
"candidate-20260807-060515","6d7edc7c29a60a94c59effeeb2b78d8b95038135","default-hasher:b6a599c56dd29bca","rustc 1.97.0 (2d8144b78 2026-07-07)","x86_64-unknown-linux-gnu","Linux 7.0.11-76070011-generic x86_64","Intel(R) Core(TM) Ultra 7 155H","/dev/nvme0n1p3 ext4   rw,noatime,errors=remount-ro","/tmp/pigment-db-durability-bench","pigment_db","buffered","key_value","file","ordinary_write","1","32","5","9","47808","100043564","477871.819920","2700","0"
"candidate-20260807-060515","6d7edc7c29a60a94c59effeeb2b78d8b95038135","default-hasher:b6a599c56dd29bca","rustc 1.97.0 (2d8144b78 2026-07-07)","x86_64-unknown-linux-gnu","Linux 7.0.11-76070011-generic x86_64","Intel(R) Core(TM) Ultra 7 155H","/dev/nvme0n1p3 ext4   rw,noatime,errors=remount-ro","/tmp/pigment-db-durability-bench","pigment_db","buffered","key_value","file","ordinary_write","1","32","5","10","47616","100122527","475577.289415","2726","0"
"candidate-20260807-060515","6d7edc7c29a60a94c59effeeb2b78d8b95038135","default-hasher:b6a599c56dd29bca","rustc 1.97.0 (2d8144b78 2026-07-07)","x86_64-unknown-linux-gnu","Linux 7.0.11-76070011-generic x86_64","Intel(R) Core(TM) Ultra 7 155H","/dev/nvme0n1p3 ext4   rw,noatime,errors=remount-ro","/tmp/pigment-db-durability-bench","pigment_db","buffered","key_value","file","ordinary_write","8","32","5","0","22528","102184150","220464.719822","104073","0"
"candidate-20260807-060515","6d7edc7c29a60a94c59effeeb2b78d8b95038135","default-hasher:b6a599c56dd29bca","rustc 1.97.0 (2d8144b78 2026-07-07)","x86_64-unknown-linux-gnu","Linux 7.0.11-76070011-generic x86_64","Intel(R) Core(TM) Ultra 7 155H","/dev/nvme0n1p3 ext4   rw,noatime,errors=remount-ro","/tmp/pigment-db-durability-bench","pigment_db","buffered","key_value","file","ordinary_write","8","32","5","1","22528","101776675","221347.376499","102809","0"
"candidate-20260807-060515","6d7edc7c29a60a94c59effeeb2b78d8b95038135","default-hasher:b6a599c56dd29bca","rustc 1.97.0 (2d8144b78 2026-07-07)","x86_64-unknown-linux-gnu","Linux 7.0.11-76070011-generic x86_64","Intel(R) Core(TM) Ultra 7 155H","/dev/nvme0n1p3 ext4   rw,noatime,errors=remount-ro","/tmp/pigment-db-durability-bench","pigment_db","buffered","key_value","file","ordinary_write","8","32","5","2","23040","100767521","228645.100836","101179","0"
"candidate-20260807-060515","6d7edc7c29a60a94c59effeeb2b78d8b95038135","default-hasher:b6a599c56dd29bca","rustc 1.97.0 (2d8144b78 2026-07-07)","x86_64-unknown-linux-gnu","Linux 7.0.11-76070011-generic x86_64","Intel(R) Core(TM) Ultra 7 155H","/dev/nvme0n1p3 ext4   rw,noatime,errors=remount-ro","/tmp/pigment-db-durability-bench","pigment_db","buffered","key_value","file","ordinary_write","8","32","5","3","23040","101097469","227898.880436","91970","0"
"candidate-20260807-060515","6d7edc7c29a60a94c59effeeb2b78d8b95038135","default-hasher:b6a599c56dd29bca","rustc 1.97.0 (2d8144b78 2026-07-07)","x86_64-unknown-linux-gnu","Linux 7.0.11-76070011-generic x86_64","Intel(R) Core(TM) Ultra 7 155H","/dev/nvme0n1p3 ext4   rw,noatime,errors=remount-ro","/tmp/pigment-db-durability-bench","pigment_db","buffered","key_value","file","ordinary_write","8","32","5","4","22016","100295585","219511.157944","92974","0"
"candidate-20260807-060515","6d7edc7c29a60a94c59effeeb2b78d8b95038135","default-hasher:b6a599c56dd29bca","rustc 1.97.0 (2d8144b78 2026-07-07)","x86_64-unknown-linux-gnu","Linux 7.0.11-76070011-generic x86_64","Intel(R) Core(TM) Ultra 7 155H","/dev/nvme0n1p3 ext4   rw,noatime,errors=remount-ro","/tmp/pigment-db-durability-bench","pigment_db","buffered","key_value","file","ordinary_write","8","32","5","5","22528","102116643","220610.464055","102760","0"
"candidate-20260807-060515","6d7edc7c29a60a94c59effeeb2b78d8b95038135","default-hasher:b6a599c56dd29bca","rustc 1.97.0 (2d8144b78 2026-07-07)","x86_64-unknown-linux-gnu","Linux 7.0.11-76070011-generic x86_64","Intel(R) Core(TM) Ultra 7 155H","/dev/nvme0n1p3 ext4   rw,noatime,errors=remount-ro","/tmp/pigment-db-durability-bench","pigment_db","buffered","key_value","file","ordinary_write","8","32","5","6","23040","101459173","227086.416326","101563","0"
"candidate-20260807-060515","6d7edc7c29a60a94c59effeeb2b78d8b95038135","default-hasher:b6a599c56dd29bca","rustc 1.97.0 (2d8144b78 2026-07-07)","x86_64-unknown-linux-gnu","Linux 7.0.11-76070011-generic x86_64","Intel(R) Core(TM) Ultra 7 155H","/dev/nvme0n1p3 ext4   rw,noatime,errors=remount-ro","/tmp/pigment-db-durability-bench","pigment_db","buffered","key_value","file","ordinary_write","8","32","5","7","22528","100548149","224051.861959","103803","0"
"candidate-20260807-060515","6d7edc7c29a60a94c59effeeb2b78d8b95038135","default-hasher:b6a599c56dd29bca","rustc 1.97.0 (2d8144b78 2026-07-07)","x86_64-unknown-linux-gnu","Linux 7.0.11-76070011-generic x86_64","Intel(R) Core(TM) Ultra 7 155H","/dev/nvme0n1p3 ext4   rw,noatime,errors=remount-ro","/tmp/pigment-db-durability-bench","pigment_db","buffered","key_value","file","ordinary_write","8","32","5","8","22528","101293778","222402.604038","104650","0"
"candidate-20260807-060515","6d7edc7c29a60a94c59effeeb2b78d8b95038135","default-hasher:b6a599c56dd29bca","rustc 1.97.0 (2d8144b78 2026-07-07)","x86_64-unknown-linux-gnu","Linux 7.0.11-76070011-generic x86_64","Intel(R) Core(TM) Ultra 7 155H","/dev/nvme0n1p3 ext4   rw,noatime,errors=remount-ro","/tmp/pigment-db-durability-bench","pigment_db","buffered","key_value","file","ordinary_write","8","32","5","9","22528","100751109","223600.516397","92234","0"
"candidate-20260807-060515","6d7edc7c29a60a94c59effeeb2b78d8b95038135","default-hasher:b6a599c56dd29bca","rustc 1.97.0 (2d8144b78 2026-07-07)","x86_64-unknown-linux-gnu","Linux 7.0.11-76070011-generic x86_64","Intel(R) Core(TM) Ultra 7 155H","/dev/nvme0n1p3 ext4   rw,noatime,errors=remount-ro","/tmp/pigment-db-durability-bench","pigment_db","buffered","key_value","file","ordinary_write","8","32","5","10","23040","100730711","228728.654561","100142","0"
"candidate-20260807-060515","6d7edc7c29a60a94c59effeeb2b78d8b95038135","default-hasher:b6a599c56dd29bca","rustc 1.97.0 (2d8144b78 2026-07-07)","x86_64-unknown-linux-gnu","Linux 7.0.11-76070011-generic x86_64","Intel(R) Core(TM) Ultra 7 155H","/dev/nvme0n1p3 ext4   rw,noatime,errors=remount-ro","/tmp/pigment-db-durability-bench","pigment_db","buffered","key_value","file","successful_remove","1","32","5","0","53184","100107487","531268.954938","2626","0"
"candidate-20260807-060515","6d7edc7c29a60a94c59effeeb2b78d8b95038135","default-hasher:b6a599c56dd29bca","rustc 1.97.0 (2d8144b78 2026-07-07)","x86_64-unknown-linux-gnu","Linux 7.0.11-76070011-generic x86_64","Intel(R) Core(TM) Ultra 7 155H","/dev/nvme0n1p3 ext4   rw,noatime,errors=remount-ro","/tmp/pigment-db-durability-bench","pigment_db","buffered","key_value","file","successful_remove","1","32","5","1","54592","100020916","545805.839251","2019","0"
"candidate-20260807-060515","6d7edc7c29a60a94c59effeeb2b78d8b95038135","default-hasher:b6a599c56dd29bca","rustc 1.97.0 (2d8144b78 2026-07-07)","x86_64-unknown-linux-gnu","Linux 7.0.11-76070011-generic x86_64","Intel(R) Core(TM) Ultra 7 155H","/dev/nvme0n1p3 ext4   rw,noatime,errors=remount-ro","/tmp/pigment-db-durability-bench","pigment_db","buffered","key_value","file","successful_remove","1","32","5","2","51520","100086284","514755.848064","2510","0"
"candidate-20260807-060515","6d7edc7c29a60a94c59effeeb2b78d8b95038135","default-hasher:b6a599c56dd29bca","rustc 1.97.0 (2d8144b78 2026-07-07)","x86_64-unknown-linux-gnu","Linux 7.0.11-76070011-generic x86_64","Intel(R) Core(TM) Ultra 7 155H","/dev/nvme0n1p3 ext4   rw,noatime,errors=remount-ro","/tmp/pigment-db-durability-bench","pigment_db","buffered","key_value","file","successful_remove","1","32","5","3","38912","100139229","388578.985364","2568","0"
"candidate-20260807-060515","6d7edc7c29a60a94c59effeeb2b78d8b95038135","default-hasher:b6a599c56dd29bca","rustc 1.97.0 (2d8144b78 2026-07-07)","x86_64-unknown-linux-gnu","Linux 7.0.11-76070011-generic x86_64","Intel(R) Core(TM) Ultra 7 155H","/dev/nvme0n1p3 ext4   rw,noatime,errors=remount-ro","/tmp/pigment-db-durability-bench","pigment_db","buffered","key_value","file","successful_remove","1","32","5","4","38720","100120724","386733.120308","2585","0"
"candidate-20260807-060515","6d7edc7c29a60a94c59effeeb2b78d8b95038135","default-hasher:b6a599c56dd29bca","rustc 1.97.0 (2d8144b78 2026-07-07)","x86_64-unknown-linux-gnu","Linux 7.0.11-76070011-generic x86_64","Intel(R) Core(TM) Ultra 7 155H","/dev/nvme0n1p3 ext4   rw,noatime,errors=remount-ro","/tmp/pigment-db-durability-bench","pigment_db","buffered","key_value","file","successful_remove","1","32","5","5","49856","100012257","498498.898990","2410","0"
"candidate-20260807-060515","6d7edc7c29a60a94c59effeeb2b78d8b95038135","default-hasher:b6a599c56dd29bca","rustc 1.97.0 (2d8144b78 2026-07-07)","x86_64-unknown-linux-gnu","Linux 7.0.11-76070011-generic x86_64","Intel(R) Core(TM) Ultra 7 155H","/dev/nvme0n1p3 ext4   rw,noatime,errors=remount-ro","/tmp/pigment-db-durability-bench","pigment_db","buffered","key_value","file","successful_remove","1","32","5","6","55296","100035080","552766.089656","1985","0"
"candidate-20260807-060515","6d7edc7c29a60a94c59effeeb2b78d8b95038135","default-hasher:b6a599c56dd29bca","rustc 1.97.0 (2d8144b78 2026-07-07)","x86_64-unknown-linux-gnu","Linux 7.0.11-76070011-generic x86_64","Intel(R) Core(TM) Ultra 7 155H","/dev/nvme0n1p3 ext4   rw,noatime,errors=remount-ro","/tmp/pigment-db-durability-bench","pigment_db","buffered","key_value","file","successful_remove","1","32","5","7","52736","100015773","527276.832625","2252","0"
"candidate-20260807-060515","6d7edc7c29a60a94c59effeeb2b78d8b95038135","default-hasher:b6a599c56dd29bca","rustc 1.97.0 (2d8144b78 2026-07-07)","x86_64-unknown-linux-gnu","Linux 7.0.11-76070011-generic x86_64","Intel(R) Core(TM) Ultra 7 155H","/dev/nvme0n1p3 ext4   rw,noatime,errors=remount-ro","/tmp/pigment-db-durability-bench","pigment_db","buffered","key_value","file","successful_remove","1","32","5","8","55488","100008246","554834.248368","1919","0"
"candidate-20260807-060515","6d7edc7c29a60a94c59effeeb2b78d8b95038135","default-hasher:b6a599c56dd29bca","rustc 1.97.0 (2d8144b78 2026-07-07)","x86_64-unknown-linux-gnu","Linux 7.0.11-76070011-generic x86_64","Intel(R) Core(TM) Ultra 7 155H","/dev/nvme0n1p3 ext4   rw,noatime,errors=remount-ro","/tmp/pigment-db-durability-bench","pigment_db","buffered","key_value","file","successful_remove","1","32","5","9","54208","100063755","541734.617095","2182","0"
"candidate-20260807-060515","6d7edc7c29a60a94c59effeeb2b78d8b95038135","default-hasher:b6a599c56dd29bca","rustc 1.97.0 (2d8144b78 2026-07-07)","x86_64-unknown-linux-gnu","Linux 7.0.11-76070011-generic x86_64","Intel(R) Core(TM) Ultra 7 155H","/dev/nvme0n1p3 ext4   rw,noatime,errors=remount-ro","/tmp/pigment-db-durability-bench","pigment_db","buffered","key_value","file","successful_remove","1","32","5","10","54784","100048312","547575.455346","2017","0"
"candidate-20260807-060515","6d7edc7c29a60a94c59effeeb2b78d8b95038135","default-hasher:b6a599c56dd29bca","rustc 1.97.0 (2d8144b78 2026-07-07)","x86_64-unknown-linux-gnu","Linux 7.0.11-76070011-generic x86_64","Intel(R) Core(TM) Ultra 7 155H","/dev/nvme0n1p3 ext4   rw,noatime,errors=remount-ro","/tmp/pigment-db-durability-bench","pigment_db","buffered","key_value","file","successful_remove","8","32","5","0","22528","100882307","223309.722685","95578","0"
"candidate-20260807-060515","6d7edc7c29a60a94c59effeeb2b78d8b95038135","default-hasher:b6a599c56dd29bca","rustc 1.97.0 (2d8144b78 2026-07-07)","x86_64-unknown-linux-gnu","Linux 7.0.11-76070011-generic x86_64","Intel(R) Core(TM) Ultra 7 155H","/dev/nvme0n1p3 ext4   rw,noatime,errors=remount-ro","/tmp/pigment-db-durability-bench","pigment_db","buffered","key_value","file","successful_remove","8","32","5","1","21504","102320602","210162.954280","98150","0"
"candidate-20260807-060515","6d7edc7c29a60a94c59effeeb2b78d8b95038135","default-hasher:b6a599c56dd29bca","rustc 1.97.0 (2d8144b78 2026-07-07)","x86_64-unknown-linux-gnu","Linux 7.0.11-76070011-generic x86_64","Intel(R) Core(TM) Ultra 7 155H","/dev/nvme0n1p3 ext4   rw,noatime,errors=remount-ro","/tmp/pigment-db-durability-bench","pigment_db","buffered","key_value","file","successful_remove","8","32","5","2","21504","102157263","210498.983318","98321","0"
"candidate-20260807-060515","6d7edc7c29a60a94c59effeeb2b78d8b95038135","default-hasher:b6a599c56dd29bca","rustc 1.97.0 (2d8144b78 2026-07-07)","x86_64-unknown-linux-gnu","Linux 7.0.11-76070011-generic x86_64","Intel(R) Core(TM) Ultra 7 155H","/dev/nvme0n1p3 ext4   rw,noatime,errors=remount-ro","/tmp/pigment-db-durability-bench","pigment_db","buffered","key_value","file","successful_remove","8","32","5","3","20480","100511468","203757.843831","94444","0"
"candidate-20260807-060515","6d7edc7c29a60a94c59effeeb2b78d8b95038135","default-hasher:b6a599c56dd29bca","rustc 1.97.0 (2d8144b78 2026-07-07)","x86_64-unknown-linux-gnu","Linux 7.0.11-76070011-generic x86_64","Intel(R) Core(TM) Ultra 7 155H","/dev/nvme0n1p3 ext4   rw,noatime,errors=remount-ro","/tmp/pigment-db-durability-bench","pigment_db","buffered","key_value","file","successful_remove","8","32","5","4","22016","101865514","216128.100036","97074","0"
"candidate-20260807-060515","6d7edc7c29a60a94c59effeeb2b78d8b95038135","default-hasher:b6a599c56dd29bca","rustc 1.97.0 (2d8144b78 2026-07-07)","x86_64-unknown-linux-gnu","Linux 7.0.11-76070011-generic x86_64","Intel(R) Core(TM) Ultra 7 155H","/dev/nvme0n1p3 ext4   rw,noatime,errors=remount-ro","/tmp/pigment-db-durability-bench","pigment_db","buffered","key_value","file","successful_remove","8","32","5","5","22528","101800581","221295.397125","95215","0"
"candidate-20260807-060515","6d7edc7c29a60a94c59effeeb2b78d8b95038135","default-hasher:b6a599c56dd29bca","rustc 1.97.0 (2d8144b78 2026-07-07)","x86_64-unknown-linux-gnu","Linux 7.0.11-76070011-generic x86_64","Intel(R) Core(TM) Ultra 7 155H","/dev/nvme0n1p3 ext4   rw,noatime,errors=remount-ro","/tmp/pigment-db-durability-bench","pigment_db","buffered","key_value","file","successful_remove","8","32","5","6","22528","101838142","221213.776661","94733","0"
"candidate-20260807-060515","6d7edc7c29a60a94c59effeeb2b78d8b95038135","default-hasher:b6a599c56dd29bca","rustc 1.97.0 (2d8144b78 2026-07-07)","x86_64-unknown-linux-gnu","Linux 7.0.11-76070011-generic x86_64","Intel(R) Core(TM) Ultra 7 155H","/dev/nvme0n1p3 ext4   rw,noatime,errors=remount-ro","/tmp/pigment-db-durability-bench","pigment_db","buffered","key_value","file","successful_remove","8","32","5","7","23040","101175509","227723.094529","97543","0"
"candidate-20260807-060515","6d7edc7c29a60a94c59effeeb2b78d8b95038135","default-hasher:b6a599c56dd29bca","rustc 1.97.0 (2d8144b78 2026-07-07)","x86_64-unknown-linux-gnu","Linux 7.0.11-76070011-generic x86_64","Intel(R) Core(TM) Ultra 7 155H","/dev/nvme0n1p3 ext4   rw,noatime,errors=remount-ro","/tmp/pigment-db-durability-bench","pigment_db","buffered","key_value","file","successful_remove","8","32","5","8","22528","102076076","220698.138906","99283","0"
"candidate-20260807-060515","6d7edc7c29a60a94c59effeeb2b78d8b95038135","default-hasher:b6a599c56dd29bca","rustc 1.97.0 (2d8144b78 2026-07-07)","x86_64-unknown-linux-gnu","Linux 7.0.11-76070011-generic x86_64","Intel(R) Core(TM) Ultra 7 155H","/dev/nvme0n1p3 ext4   rw,noatime,errors=remount-ro","/tmp/pigment-db-durability-bench","pigment_db","buffered","key_value","file","successful_remove","8","32","5","9","22528","102014608","220831.118618","95222","0"
"candidate-20260807-060515","6d7edc7c29a60a94c59effeeb2b78d8b95038135","default-hasher:b6a599c56dd29bca","rustc 1.97.0 (2d8144b78 2026-07-07)","x86_64-unknown-linux-gnu","Linux 7.0.11-76070011-generic x86_64","Intel(R) Core(TM) Ultra 7 155H","/dev/nvme0n1p3 ext4   rw,noatime,errors=remount-ro","/tmp/pigment-db-durability-bench","pigment_db","buffered","key_value","file","successful_remove","8","32","5","10","21504","103319591","208130.905203","100558","0"
"candidate-20260807-060515","6d7edc7c29a60a94c59effeeb2b78d8b95038135","default-hasher:b6a599c56dd29bca","rustc 1.97.0 (2d8144b78 2026-07-07)","x86_64-unknown-linux-gnu","Linux 7.0.11-76070011-generic x86_64","Intel(R) Core(TM) Ultra 7 155H","/dev/nvme0n1p3 ext4   rw,noatime,errors=remount-ro","/tmp/pigment-db-durability-bench","pigment_db","buffered","key_value","file","minimal_callback","1","32","5","0","47744","100154929","476701.451209","2361","0"
"candidate-20260807-060515","6d7edc7c29a60a94c59effeeb2b78d8b95038135","default-hasher:b6a599c56dd29bca","rustc 1.97.0 (2d8144b78 2026-07-07)","x86_64-unknown-linux-gnu","Linux 7.0.11-76070011-generic x86_64","Intel(R) Core(TM) Ultra 7 155H","/dev/nvme0n1p3 ext4   rw,noatime,errors=remount-ro","/tmp/pigment-db-durability-bench","pigment_db","buffered","key_value","file","minimal_callback","1","32","5","1","48000","100113276","479456.890413","2056","0"
"candidate-20260807-060515","6d7edc7c29a60a94c59effeeb2b78d8b95038135","default-hasher:b6a599c56dd29bca","rustc 1.97.0 (2d8144b78 2026-07-07)","x86_64-unknown-linux-gnu","Linux 7.0.11-76070011-generic x86_64","Intel(R) Core(TM) Ultra 7 155H","/dev/nvme0n1p3 ext4   rw,noatime,errors=remount-ro","/tmp/pigment-db-durability-bench","pigment_db","buffered","key_value","file","minimal_callback","1","32","5","2","46976","100045631","469545.741583","2564","0"
"candidate-20260807-060515","6d7edc7c29a60a94c59effeeb2b78d8b95038135","default-hasher:b6a599c56dd29bca","rustc 1.97.0 (2d8144b78 2026-07-07)","x86_64-unknown-linux-gnu","Linux 7.0.11-76070011-generic x86_64","Intel(R) Core(TM) Ultra 7 155H","/dev/nvme0n1p3 ext4   rw,noatime,errors=remount-ro","/tmp/pigment-db-durability-bench","pigment_db","buffered","key_value","file","minimal_callback","1","32","5","3","46400","100112527","463478.461592","2799","0"
"candidate-20260807-060515","6d7edc7c29a60a94c59effeeb2b78d8b95038135","default-hasher:b6a599c56dd29bca","rustc 1.97.0 (2d8144b78 2026-07-07)","x86_64-unknown-linux-gnu","Linux 7.0.11-76070011-generic x86_64","Intel(R) Core(TM) Ultra 7 155H","/dev/nvme0n1p3 ext4   rw,noatime,errors=remount-ro","/tmp/pigment-db-durability-bench","pigment_db","buffered","key_value","file","minimal_callback","1","32","5","4","47552","100039753","475331.041651","2283","0"
"candidate-20260807-060515","6d7edc7c29a60a94c59effeeb2b78d8b95038135","default-hasher:b6a599c56dd29bca","rustc 1.97.0 (2d8144b78 2026-07-07)","x86_64-unknown-linux-gnu","Linux 7.0.11-76070011-generic x86_64","Intel(R) Core(TM) Ultra 7 155H","/dev/nvme0n1p3 ext4   rw,noatime,errors=remount-ro","/tmp/pigment-db-durability-bench","pigment_db","buffered","key_value","file","minimal_callback","1","32","5","5","46080","100112221","460283.465292","2785","0"
"candidate-20260807-060515","6d7edc7c29a60a94c59effeeb2b78d8b95038135","default-hasher:b6a599c56dd29bca","rustc 1.97.0 (2d8144b78 2026-07-07)","x86_64-unknown-linux-gnu","Linux 7.0.11-76070011-generic x86_64","Intel(R) Core(TM) Ultra 7 155H","/dev/nvme0n1p3 ext4   rw,noatime,errors=remount-ro","/tmp/pigment-db-durability-bench","pigment_db","buffered","key_value","file","minimal_callback","1","32","5","6","46656","100068827","466239.101614","2621","0"
"candidate-20260807-060515","6d7edc7c29a60a94c59effeeb2b78d8b95038135","default-hasher:b6a599c56dd29bca","rustc 1.97.0 (2d8144b78 2026-07-07)","x86_64-unknown-linux-gnu","Linux 7.0.11-76070011-generic x86_64","Intel(R) Core(TM) Ultra 7 155H","/dev/nvme0n1p3 ext4   rw,noatime,errors=remount-ro","/tmp/pigment-db-durability-bench","pigment_db","buffered","key_value","file","minimal_callback","1","32","5","7","46784","100085335","467441.109130","2602","0"
"candidate-20260807-060515","6d7edc7c29a60a94c59effeeb2b78d8b95038135","default-hasher:b6a599c56dd29bca","rustc 1.97.0 (2d8144b78 2026-07-07)","x86_64-unknown-linux-gnu","Linux 7.0.11-76070011-generic x86_64","Intel(R) Core(TM) Ultra 7 155H","/dev/nvme0n1p3 ext4   rw,noatime,errors=remount-ro","/tmp/pigment-db-durability-bench","pigment_db","buffered","key_value","file","minimal_callback","1","32","5","8","47360","100117826","473042.632787","2438","0"
"candidate-20260807-060515","6d7edc7c29a60a94c59effeeb2b78d8b95038135","default-hasher:b6a599c56dd29bca","rustc 1.97.0 (2d8144b78 2026-07-07)","x86_64-unknown-linux-gnu","Linux 7.0.11-76070011-generic x86_64","Intel(R) Core(TM) Ultra 7 155H","/dev/nvme0n1p3 ext4   rw,noatime,errors=remount-ro","/tmp/pigment-db-durability-bench","pigment_db","buffered","key_value","file","minimal_callback","1","32","5","9","47424","100043982","474031.511461","2326","0"
"candidate-20260807-060515","6d7edc7c29a60a94c59effeeb2b78d8b95038135","default-hasher:b6a599c56dd29bca","rustc 1.97.0 (2d8144b78 2026-07-07)","x86_64-unknown-linux-gnu","Linux 7.0.11-76070011-generic x86_64","Intel(R) Core(TM) Ultra 7 155H","/dev/nvme0n1p3 ext4   rw,noatime,errors=remount-ro","/tmp/pigment-db-durability-bench","pigment_db","buffered","key_value","file","minimal_callback","1","32","5","10","47296","100049697","472725.069822","2378","0"
"candidate-20260807-060515","6d7edc7c29a60a94c59effeeb2b78d8b95038135","default-hasher:b6a599c56dd29bca","rustc 1.97.0 (2d8144b78 2026-07-07)","x86_64-unknown-linux-gnu","Linux 7.0.11-76070011-generic x86_64","Intel(R) Core(TM) Ultra 7 155H","/dev/nvme0n1p3 ext4   rw,noatime,errors=remount-ro","/tmp/pigment-db-durability-bench","pigment_db","buffered","key_value","file","minimal_callback","8","32","5","0","22016","101315214","217302.013496","103548","0"
"candidate-20260807-060515","6d7edc7c29a60a94c59effeeb2b78d8b95038135","default-hasher:b6a599c56dd29bca","rustc 1.97.0 (2d8144b78 2026-07-07)","x86_64-unknown-linux-gnu","Linux 7.0.11-76070011-generic x86_64","Intel(R) Core(TM) Ultra 7 155H","/dev/nvme0n1p3 ext4   rw,noatime,errors=remount-ro","/tmp/pigment-db-durability-bench","pigment_db","buffered","key_value","file","minimal_callback","8","32","5","1","22016","100301289","219498.674638","105852","0"
"candidate-20260807-060515","6d7edc7c29a60a94c59effeeb2b78d8b95038135","default-hasher:b6a599c56dd29bca","rustc 1.97.0 (2d8144b78 2026-07-07)","x86_64-unknown-linux-gnu","Linux 7.0.11-76070011-generic x86_64","Intel(R) Core(TM) Ultra 7 155H","/dev/nvme0n1p3 ext4   rw,noatime,errors=remount-ro","/tmp/pigment-db-durability-bench","pigment_db","buffered","key_value","file","minimal_callback","8","32","5","2","22016","102190932","215439.859184","107732","0"
"candidate-20260807-060515","6d7edc7c29a60a94c59effeeb2b78d8b95038135","default-hasher:b6a599c56dd29bca","rustc 1.97.0 (2d8144b78 2026-07-07)","x86_64-unknown-linux-gnu","Linux 7.0.11-76070011-generic x86_64","Intel(R) Core(TM) Ultra 7 155H","/dev/nvme0n1p3 ext4   rw,noatime,errors=remount-ro","/tmp/pigment-db-durability-bench","pigment_db","buffered","key_value","file","minimal_callback","8","32","5","3","23040","100857957","228440.082323","91332","0"
"candidate-20260807-060515","6d7edc7c29a60a94c59effeeb2b78d8b95038135","default-hasher:b6a599c56dd29bca","rustc 1.97.0 (2d8144b78 2026-07-07)","x86_64-unknown-linux-gnu","Linux 7.0.11-76070011-generic x86_64","Intel(R) Core(TM) Ultra 7 155H","/dev/nvme0n1p3 ext4   rw,noatime,errors=remount-ro","/tmp/pigment-db-durability-bench","pigment_db","buffered","key_value","file","minimal_callback","8","32","5","4","23040","101793407","226340.788456","103831","0"
"candidate-20260807-060515","6d7edc7c29a60a94c59effeeb2b78d8b95038135","default-hasher:b6a599c56dd29bca","rustc 1.97.0 (2d8144b78 2026-07-07)","x86_64-unknown-linux-gnu","Linux 7.0.11-76070011-generic x86_64","Intel(R) Core(TM) Ultra 7 155H","/dev/nvme0n1p3 ext4   rw,noatime,errors=remount-ro","/tmp/pigment-db-durability-bench","pigment_db","buffered","key_value","file","minimal_callback","8","32","5","5","22528","100435545","224303.059241","94158","0"
"candidate-20260807-060515","6d7edc7c29a60a94c59effeeb2b78d8b95038135","default-hasher:b6a599c56dd29bca","rustc 1.97.0 (2d8144b78 2026-07-07)","x86_64-unknown-linux-gnu","Linux 7.0.11-76070011-generic x86_64","Intel(R) Core(TM) Ultra 7 155H","/dev/nvme0n1p3 ext4   rw,noatime,errors=remount-ro","/tmp/pigment-db-durability-bench","pigment_db","buffered","key_value","file","minimal_callback","8","32","5","6","22528","100949280","223161.571831","102947","0"
"candidate-20260807-060515","6d7edc7c29a60a94c59effeeb2b78d8b95038135","default-hasher:b6a599c56dd29bca","rustc 1.97.0 (2d8144b78 2026-07-07)","x86_64-unknown-linux-gnu","Linux 7.0.11-76070011-generic x86_64","Intel(R) Core(TM) Ultra 7 155H","/dev/nvme0n1p3 ext4   rw,noatime,errors=remount-ro","/tmp/pigment-db-durability-bench","pigment_db","buffered","key_value","file","minimal_callback","8","32","5","7","23040","100893968","228358.547659","88635","0"
"candidate-20260807-060515","6d7edc7c29a60a94c59effeeb2b78d8b95038135","default-hasher:b6a599c56dd29bca","rustc 1.97.0 (2d8144b78 2026-07-07)","x86_64-unknown-linux-gnu","Linux 7.0.11-76070011-generic x86_64","Intel(R) Core(TM) Ultra 7 155H","/dev/nvme0n1p3 ext4   rw,noatime,errors=remount-ro","/tmp/pigment-db-durability-bench","pigment_db","buffered","key_value","file","minimal_callback","8","32","5","8","22016","100445484","219183.572255","105684","0"
"candidate-20260807-060515","6d7edc7c29a60a94c59effeeb2b78d8b95038135","default-hasher:b6a599c56dd29bca","rustc 1.97.0 (2d8144b78 2026-07-07)","x86_64-unknown-linux-gnu","Linux 7.0.11-76070011-generic x86_64","Intel(R) Core(TM) Ultra 7 155H","/dev/nvme0n1p3 ext4   rw,noatime,errors=remount-ro","/tmp/pigment-db-durability-bench","pigment_db","buffered","key_value","file","minimal_callback","8","32","5","9","22016","100543573","218969.739617","105130","0"
"candidate-20260807-060515","6d7edc7c29a60a94c59effeeb2b78d8b95038135","default-hasher:b6a599c56dd29bca","rustc 1.97.0 (2d8144b78 2026-07-07)","x86_64-unknown-linux-gnu","Linux 7.0.11-76070011-generic x86_64","Intel(R) Core(TM) Ultra 7 155H","/dev/nvme0n1p3 ext4   rw,noatime,errors=remount-ro","/tmp/pigment-db-durability-bench","pigment_db","buffered","key_value","file","minimal_callback","8","32","5","10","22528","102432438","219930.331054","95251","0"
"candidate-20260807-060515","6d7edc7c29a60a94c59effeeb2b78d8b95038135","default-hasher:b6a599c56dd29bca","rustc 1.97.0 (2d8144b78 2026-07-07)","x86_64-unknown-linux-gnu","Linux 7.0.11-76070011-generic x86_64","Intel(R) Core(TM) Ultra 7 155H","/dev/nvme0n1p3 ext4   rw,noatime,errors=remount-ro","/tmp/pigment-db-durability-bench","pigment_db","buffered","key_set","vector","ordinary_write","1","32","5","0","114752","104131129","1101995.158431","871","0"
"candidate-20260807-060515","6d7edc7c29a60a94c59effeeb2b78d8b95038135","default-hasher:b6a599c56dd29bca","rustc 1.97.0 (2d8144b78 2026-07-07)","x86_64-unknown-linux-gnu","Linux 7.0.11-76070011-generic x86_64","Intel(R) Core(TM) Ultra 7 155H","/dev/nvme0n1p3 ext4   rw,noatime,errors=remount-ro","/tmp/pigment-db-durability-bench","pigment_db","buffered","key_set","vector","ordinary_write","1","32","5","1","134336","100020775","1343080.974927","844","0"
"candidate-20260807-060515","6d7edc7c29a60a94c59effeeb2b78d8b95038135","default-hasher:b6a599c56dd29bca","rustc 1.97.0 (2d8144b78 2026-07-07)","x86_64-unknown-linux-gnu","Linux 7.0.11-76070011-generic x86_64","Intel(R) Core(TM) Ultra 7 155H","/dev/nvme0n1p3 ext4   rw,noatime,errors=remount-ro","/tmp/pigment-db-durability-bench","pigment_db","buffered","key_set","vector","ordinary_write","1","32","5","2","114752","104573398","1097334.524790","785","0"
"candidate-20260807-060515","6d7edc7c29a60a94c59effeeb2b78d8b95038135","default-hasher:b6a599c56dd29bca","rustc 1.97.0 (2d8144b78 2026-07-07)","x86_64-unknown-linux-gnu","Linux 7.0.11-76070011-generic x86_64","Intel(R) Core(TM) Ultra 7 155H","/dev/nvme0n1p3 ext4   rw,noatime,errors=remount-ro","/tmp/pigment-db-durability-bench","pigment_db","buffered","key_set","vector","ordinary_write","1","32","5","3","144448","100026218","1444101.385499","706","0"
"candidate-20260807-060515","6d7edc7c29a60a94c59effeeb2b78d8b95038135","default-hasher:b6a599c56dd29bca","rustc 1.97.0 (2d8144b78 2026-07-07)","x86_64-unknown-linux-gnu","Linux 7.0.11-76070011-generic x86_64","Intel(R) Core(TM) Ultra 7 155H","/dev/nvme0n1p3 ext4   rw,noatime,errors=remount-ro","/tmp/pigment-db-durability-bench","pigment_db","buffered","key_set","vector","ordinary_write","1","32","5","4","131072","100027841","1310355.184013","736","0"
"candidate-20260807-060515","6d7edc7c29a60a94c59effeeb2b78d8b95038135","default-hasher:b6a599c56dd29bca","rustc 1.97.0 (2d8144b78 2026-07-07)","x86_64-unknown-linux-gnu","Linux 7.0.11-76070011-generic x86_64","Intel(R) Core(TM) Ultra 7 155H","/dev/nvme0n1p3 ext4   rw,noatime,errors=remount-ro","/tmp/pigment-db-durability-bench","pigment_db","buffered","key_set","vector","ordinary_write","1","32","5","5","114752","103486131","1108863.563563","873","0"
"candidate-20260807-060515","6d7edc7c29a60a94c59effeeb2b78d8b95038135","default-hasher:b6a599c56dd29bca","rustc 1.97.0 (2d8144b78 2026-07-07)","x86_64-unknown-linux-gnu","Linux 7.0.11-76070011-generic x86_64","Intel(R) Core(TM) Ultra 7 155H","/dev/nvme0n1p3 ext4   rw,noatime,errors=remount-ro","/tmp/pigment-db-durability-bench","pigment_db","buffered","key_set","vector","ordinary_write","1","32","5","6","125440","107011789","1172207.297646","732","0"
"candidate-20260807-060515","6d7edc7c29a60a94c59effeeb2b78d8b95038135","default-hasher:b6a599c56dd29bca","rustc 1.97.0 (2d8144b78 2026-07-07)","x86_64-unknown-linux-gnu","Linux 7.0.11-76070011-generic x86_64","Intel(R) Core(TM) Ultra 7 155H","/dev/nvme0n1p3 ext4   rw,noatime,errors=remount-ro","/tmp/pigment-db-durability-bench","pigment_db","buffered","key_set","vector","ordinary_write","1","32","5","7","114752","104119931","1102113.676967","837","0"
"candidate-20260807-060515","6d7edc7c29a60a94c59effeeb2b78d8b95038135","default-hasher:b6a599c56dd29bca","rustc 1.97.0 (2d8144b78 2026-07-07)","x86_64-unknown-linux-gnu","Linux 7.0.11-76070011-generic x86_64","Intel(R) Core(TM) Ultra 7 155H","/dev/nvme0n1p3 ext4   rw,noatime,errors=remount-ro","/tmp/pigment-db-durability-bench","pigment_db","buffered","key_set","vector","ordinary_write","1","32","5","8","125440","104381635","1201743.965785","696","0"
"candidate-20260807-060515","6d7edc7c29a60a94c59effeeb2b78d8b95038135","default-hasher:b6a599c56dd29bca","rustc 1.97.0 (2d8144b78 2026-07-07)","x86_64-unknown-linux-gnu","Linux 7.0.11-76070011-generic x86_64","Intel(R) Core(TM) Ultra 7 155H","/dev/nvme0n1p3 ext4   rw,noatime,errors=remount-ro","/tmp/pigment-db-durability-bench","pigment_db","buffered","key_set","vector","ordinary_write","1","32","5","9","119616","100034476","1195747.754004","754","0"
"candidate-20260807-060515","6d7edc7c29a60a94c59effeeb2b78d8b95038135","default-hasher:b6a599c56dd29bca","rustc 1.97.0 (2d8144b78 2026-07-07)","x86_64-unknown-linux-gnu","Linux 7.0.11-76070011-generic x86_64","Intel(R) Core(TM) Ultra 7 155H","/dev/nvme0n1p3 ext4   rw,noatime,errors=remount-ro","/tmp/pigment-db-durability-bench","pigment_db","buffered","key_set","vector","ordinary_write","1","32","5","10","125440","102030247","1229439.344590","715","0"
"candidate-20260807-060515","6d7edc7c29a60a94c59effeeb2b78d8b95038135","default-hasher:b6a599c56dd29bca","rustc 1.97.0 (2d8144b78 2026-07-07)","x86_64-unknown-linux-gnu","Linux 7.0.11-76070011-generic x86_64","Intel(R) Core(TM) Ultra 7 155H","/dev/nvme0n1p3 ext4   rw,noatime,errors=remount-ro","/tmp/pigment-db-durability-bench","pigment_db","buffered","key_set","vector","ordinary_write","8","32","5","0","78336","100131123","782334.179953","23362","0"
"candidate-20260807-060515","6d7edc7c29a60a94c59effeeb2b78d8b95038135","default-hasher:b6a599c56dd29bca","rustc 1.97.0 (2d8144b78 2026-07-07)","x86_64-unknown-linux-gnu","Linux 7.0.11-76070011-generic x86_64","Intel(R) Core(TM) Ultra 7 155H","/dev/nvme0n1p3 ext4   rw,noatime,errors=remount-ro","/tmp/pigment-db-durability-bench","pigment_db","buffered","key_set","vector","ordinary_write","8","32","5","1","72704","100421989","723984.863514","24204","0"
"candidate-20260807-060515","6d7edc7c29a60a94c59effeeb2b78d8b95038135","default-hasher:b6a599c56dd29bca","rustc 1.97.0 (2d8144b78 2026-07-07)","x86_64-unknown-linux-gnu","Linux 7.0.11-76070011-generic x86_64","Intel(R) Core(TM) Ultra 7 155H","/dev/nvme0n1p3 ext4   rw,noatime,errors=remount-ro","/tmp/pigment-db-durability-bench","pigment_db","buffered","key_set","vector","ordinary_write","8","32","5","2","72704","100534013","723178.134747","23904","0"
"candidate-20260807-060515","6d7edc7c29a60a94c59effeeb2b78d8b95038135","default-hasher:b6a599c56dd29bca","rustc 1.97.0 (2d8144b78 2026-07-07)","x86_64-unknown-linux-gnu","Linux 7.0.11-76070011-generic x86_64","Intel(R) Core(TM) Ultra 7 155H","/dev/nvme0n1p3 ext4   rw,noatime,errors=remount-ro","/tmp/pigment-db-durability-bench","pigment_db","buffered","key_set","vector","ordinary_write","8","32","5","3","74752","100167877","746267.189031","23604","0"
"candidate-20260807-060515","6d7edc7c29a60a94c59effeeb2b78d8b95038135","default-hasher:b6a599c56dd29bca","rustc 1.97.0 (2d8144b78 2026-07-07)","x86_64-unknown-linux-gnu","Linux 7.0.11-76070011-generic x86_64","Intel(R) Core(TM) Ultra 7 155H","/dev/nvme0n1p3 ext4   rw,noatime,errors=remount-ro","/tmp/pigment-db-durability-bench","pigment_db","buffered","key_set","vector","ordinary_write","8","32","5","4","74752","100458044","744111.641274","24073","0"
"candidate-20260807-060515","6d7edc7c29a60a94c59effeeb2b78d8b95038135","default-hasher:b6a599c56dd29bca","rustc 1.97.0 (2d8144b78 2026-07-07)","x86_64-unknown-linux-gnu","Linux 7.0.11-76070011-generic x86_64","Intel(R) Core(TM) Ultra 7 155H","/dev/nvme0n1p3 ext4   rw,noatime,errors=remount-ro","/tmp/pigment-db-durability-bench","pigment_db","buffered","key_set","vector","ordinary_write","8","32","5","5","70656","100315197","704339.941634","24445","0"
"candidate-20260807-060515","6d7edc7c29a60a94c59effeeb2b78d8b95038135","default-hasher:b6a599c56dd29bca","rustc 1.97.0 (2d8144b78 2026-07-07)","x86_64-unknown-linux-gnu","Linux 7.0.11-76070011-generic x86_64","Intel(R) Core(TM) Ultra 7 155H","/dev/nvme0n1p3 ext4   rw,noatime,errors=remount-ro","/tmp/pigment-db-durability-bench","pigment_db","buffered","key_set","vector","ordinary_write","8","32","5","6","78848","100020687","788316.920879","23476","0"
"candidate-20260807-060515","6d7edc7c29a60a94c59effeeb2b78d8b95038135","default-hasher:b6a599c56dd29bca","rustc 1.97.0 (2d8144b78 2026-07-07)","x86_64-unknown-linux-gnu","Linux 7.0.11-76070011-generic x86_64","Intel(R) Core(TM) Ultra 7 155H","/dev/nvme0n1p3 ext4   rw,noatime,errors=remount-ro","/tmp/pigment-db-durability-bench","pigment_db","buffered","key_set","vector","ordinary_write","8","32","5","7","74240","100302753","740159.145981","23869","0"
"candidate-20260807-060515","6d7edc7c29a60a94c59effeeb2b78d8b95038135","default-hasher:b6a599c56dd29bca","rustc 1.97.0 (2d8144b78 2026-07-07)","x86_64-unknown-linux-gnu","Linux 7.0.11-76070011-generic x86_64","Intel(R) Core(TM) Ultra 7 155H","/dev/nvme0n1p3 ext4   rw,noatime,errors=remount-ro","/tmp/pigment-db-durability-bench","pigment_db","buffered","key_set","vector","ordinary_write","8","32","5","8","73216","100202002","730684.003699","23783","0"
"candidate-20260807-060515","6d7edc7c29a60a94c59effeeb2b78d8b95038135","default-hasher:b6a599c56dd29bca","rustc 1.97.0 (2d8144b78 2026-07-07)","x86_64-unknown-linux-gnu","Linux 7.0.11-76070011-generic x86_64","Intel(R) Core(TM) Ultra 7 155H","/dev/nvme0n1p3 ext4   rw,noatime,errors=remount-ro","/tmp/pigment-db-durability-bench","pigment_db","buffered","key_set","vector","ordinary_write","8","32","5","9","73216","100264351","730229.630669","24238","0"
"candidate-20260807-060515","6d7edc7c29a60a94c59effeeb2b78d8b95038135","default-hasher:b6a599c56dd29bca","rustc 1.97.0 (2d8144b78 2026-07-07)","x86_64-unknown-linux-gnu","Linux 7.0.11-76070011-generic x86_64","Intel(R) Core(TM) Ultra 7 155H","/dev/nvme0n1p3 ext4   rw,noatime,errors=remount-ro","/tmp/pigment-db-durability-bench","pigment_db","buffered","key_set","vector","ordinary_write","8","32","5","10","73728","100314001","734972.180005","24217","0"
"candidate-20260807-060515","6d7edc7c29a60a94c59effeeb2b78d8b95038135","default-hasher:b6a599c56dd29bca","rustc 1.97.0 (2d8144b78 2026-07-07)","x86_64-unknown-linux-gnu","Linux 7.0.11-76070011-generic x86_64","Intel(R) Core(TM) Ultra 7 155H","/dev/nvme0n1p3 ext4   rw,noatime,errors=remount-ro","/tmp/pigment-db-durability-bench","pigment_db","buffered","key_set","vector","successful_remove","1","32","5","0","127488","100002157","1274852.501432","686","0"
"candidate-20260807-060515","6d7edc7c29a60a94c59effeeb2b78d8b95038135","default-hasher:b6a599c56dd29bca","rustc 1.97.0 (2d8144b78 2026-07-07)","x86_64-unknown-linux-gnu","Linux 7.0.11-76070011-generic x86_64","Intel(R) Core(TM) Ultra 7 155H","/dev/nvme0n1p3 ext4   rw,noatime,errors=remount-ro","/tmp/pigment-db-durability-bench","pigment_db","buffered","key_set","vector","successful_remove","1","32","5","1","127552","100030001","1275137.446015","680","0"
"candidate-20260807-060515","6d7edc7c29a60a94c59effeeb2b78d8b95038135","default-hasher:b6a599c56dd29bca","rustc 1.97.0 (2d8144b78 2026-07-07)","x86_64-unknown-linux-gnu","Linux 7.0.11-76070011-generic x86_64","Intel(R) Core(TM) Ultra 7 155H","/dev/nvme0n1p3 ext4   rw,noatime,errors=remount-ro","/tmp/pigment-db-durability-bench","pigment_db","buffered","key_set","vector","successful_remove","1","32","5","2","126336","100032273","1262952.407370","738","0"
"candidate-20260807-060515","6d7edc7c29a60a94c59effeeb2b78d8b95038135","default-hasher:b6a599c56dd29bca","rustc 1.97.0 (2d8144b78 2026-07-07)","x86_64-unknown-linux-gnu","Linux 7.0.11-76070011-generic x86_64","Intel(R) Core(TM) Ultra 7 155H","/dev/nvme0n1p3 ext4   rw,noatime,errors=remount-ro","/tmp/pigment-db-durability-bench","pigment_db","buffered","key_set","vector","successful_remove","1","32","5","3","126784","100013391","1267670.246277","632","0"
"candidate-20260807-060515","6d7edc7c29a60a94c59effeeb2b78d8b95038135","default-hasher:b6a599c56dd29bca","rustc 1.97.0 (2d8144b78 2026-07-07)","x86_64-unknown-linux-gnu","Linux 7.0.11-76070011-generic x86_64","Intel(R) Core(TM) Ultra 7 155H","/dev/nvme0n1p3 ext4   rw,noatime,errors=remount-ro","/tmp/pigment-db-durability-bench","pigment_db","buffered","key_set","vector","successful_remove","1","32","5","4","127040","100002006","1270374.516287","629","0"
"candidate-20260807-060515","6d7edc7c29a60a94c59effeeb2b78d8b95038135","default-hasher:b6a599c56dd29bca","rustc 1.97.0 (2d8144b78 2026-07-07)","x86_64-unknown-linux-gnu","Linux 7.0.11-76070011-generic x86_64","Intel(R) Core(TM) Ultra 7 155H","/dev/nvme0n1p3 ext4   rw,noatime,errors=remount-ro","/tmp/pigment-db-durability-bench","pigment_db","buffered","key_set","vector","successful_remove","1","32","5","5","129344","100012878","1293273.452245","624","0"
"candidate-20260807-060515","6d7edc7c29a60a94c59effeeb2b78d8b95038135","default-hasher:b6a599c56dd29bca","rustc 1.97.0 (2d8144b78 2026-07-07)","x86_64-unknown-linux-gnu","Linux 7.0.11-76070011-generic x86_64","Intel(R) Core(TM) Ultra 7 155H","/dev/nvme0n1p3 ext4   rw,noatime,errors=remount-ro","/tmp/pigment-db-durability-bench","pigment_db","buffered","key_set","vector","successful_remove","1","32","5","6","129088","100021948","1290596.739828","628","0"
"candidate-20260807-060515","6d7edc7c29a60a94c59effeeb2b78d8b95038135","default-hasher:b6a599c56dd29bca","rustc 1.97.0 (2d8144b78 2026-07-07)","x86_64-unknown-linux-gnu","Linux 7.0.11-76070011-generic x86_64","Intel(R) Core(TM) Ultra 7 155H","/dev/nvme0n1p3 ext4   rw,noatime,errors=remount-ro","/tmp/pigment-db-durability-bench","pigment_db","buffered","key_set","vector","successful_remove","1","32","5","7","129024","100008892","1290125.282060","627","0"
"candidate-20260807-060515","6d7edc7c29a60a94c59effeeb2b78d8b95038135","default-hasher:b6a599c56dd29bca","rustc 1.97.0 (2d8144b78 2026-07-07)","x86_64-unknown-linux-gnu","Linux 7.0.11-76070011-generic x86_64","Intel(R) Core(TM) Ultra 7 155H","/dev/nvme0n1p3 ext4   rw,noatime,errors=remount-ro","/tmp/pigment-db-durability-bench","pigment_db","buffered","key_set","vector","successful_remove","1","32","5","8","129408","100013091","1293910.614162","623","0"
"candidate-20260807-060515","6d7edc7c29a60a94c59effeeb2b78d8b95038135","default-hasher:b6a599c56dd29bca","rustc 1.97.0 (2d8144b78 2026-07-07)","x86_64-unknown-linux-gnu","Linux 7.0.11-76070011-generic x86_64","Intel(R) Core(TM) Ultra 7 155H","/dev/nvme0n1p3 ext4   rw,noatime,errors=remount-ro","/tmp/pigment-db-durability-bench","pigment_db","buffered","key_set","vector","successful_remove","1","32","5","9","128960","100000514","1289593.371490","625","0"
"candidate-20260807-060515","6d7edc7c29a60a94c59effeeb2b78d8b95038135","default-hasher:b6a599c56dd29bca","rustc 1.97.0 (2d8144b78 2026-07-07)","x86_64-unknown-linux-gnu","Linux 7.0.11-76070011-generic x86_64","Intel(R) Core(TM) Ultra 7 155H","/dev/nvme0n1p3 ext4   rw,noatime,errors=remount-ro","/tmp/pigment-db-durability-bench","pigment_db","buffered","key_set","vector","successful_remove","1","32","5","10","130112","100012463","1300957.861622","624","0"
"candidate-20260807-060515","6d7edc7c29a60a94c59effeeb2b78d8b95038135","default-hasher:b6a599c56dd29bca","rustc 1.97.0 (2d8144b78 2026-07-07)","x86_64-unknown-linux-gnu","Linux 7.0.11-76070011-generic x86_64","Intel(R) Core(TM) Ultra 7 155H","/dev/nvme0n1p3 ext4   rw,noatime,errors=remount-ro","/tmp/pigment-db-durability-bench","pigment_db","buffered","key_set","vector","successful_remove","8","32","5","0","78848","100406979","785284.058790","23974","0"
"candidate-20260807-060515","6d7edc7c29a60a94c59effeeb2b78d8b95038135","default-hasher:b6a599c56dd29bca","rustc 1.97.0 (2d8144b78 2026-07-07)","x86_64-unknown-linux-gnu","Linux 7.0.11-76070011-generic x86_64","Intel(R) Core(TM) Ultra 7 155H","/dev/nvme0n1p3 ext4   rw,noatime,errors=remount-ro","/tmp/pigment-db-durability-bench","pigment_db","buffered","key_set","vector","successful_remove","8","32","5","1","70144","100600408","697253.633405","24264","0"
"candidate-20260807-060515","6d7edc7c29a60a94c59effeeb2b78d8b95038135","default-hasher:b6a599c56dd29bca","rustc 1.97.0 (2d8144b78 2026-07-07)","x86_64-unknown-linux-gnu","Linux 7.0.11-76070011-generic x86_64","Intel(R) Core(TM) Ultra 7 155H","/dev/nvme0n1p3 ext4   rw,noatime,errors=remount-ro","/tmp/pigment-db-durability-bench","pigment_db","buffered","key_set","vector","successful_remove","8","32","5","2","66560","100135402","664699.982929","25603","0"
"candidate-20260807-060515","6d7edc7c29a60a94c59effeeb2b78d8b95038135","default-hasher:b6a599c56dd29bca","rustc 1.97.0 (2d8144b78 2026-07-07)","x86_64-unknown-linux-gnu","Linux 7.0.11-76070011-generic x86_64","Intel(R) Core(TM) Ultra 7 155H","/dev/nvme0n1p3 ext4   rw,noatime,errors=remount-ro","/tmp/pigment-db-durability-bench","pigment_db","buffered","key_set","vector","successful_remove","8","32","5","3","70144","100473746","698132.624616","24045","0"
"candidate-20260807-060515","6d7edc7c29a60a94c59effeeb2b78d8b95038135","default-hasher:b6a599c56dd29bca","rustc 1.97.0 (2d8144b78 2026-07-07)","x86_64-unknown-linux-gnu","Linux 7.0.11-76070011-generic x86_64","Intel(R) Core(TM) Ultra 7 155H","/dev/nvme0n1p3 ext4   rw,noatime,errors=remount-ro","/tmp/pigment-db-durability-bench","pigment_db","buffered","key_set","vector","successful_remove","8","32","5","4","69120","100209073","689757.902461","24008","0"
"candidate-20260807-060515","6d7edc7c29a60a94c59effeeb2b78d8b95038135","default-hasher:b6a599c56dd29bca","rustc 1.97.0 (2d8144b78 2026-07-07)","x86_64-unknown-linux-gnu","Linux 7.0.11-76070011-generic x86_64","Intel(R) Core(TM) Ultra 7 155H","/dev/nvme0n1p3 ext4   rw,noatime,errors=remount-ro","/tmp/pigment-db-durability-bench","pigment_db","buffered","key_set","vector","successful_remove","8","32","5","5","72192","100314896","719653.838848","24336","0"
"candidate-20260807-060515","6d7edc7c29a60a94c59effeeb2b78d8b95038135","default-hasher:b6a599c56dd29bca","rustc 1.97.0 (2d8144b78 2026-07-07)","x86_64-unknown-linux-gnu","Linux 7.0.11-76070011-generic x86_64","Intel(R) Core(TM) Ultra 7 155H","/dev/nvme0n1p3 ext4   rw,noatime,errors=remount-ro","/tmp/pigment-db-durability-bench","pigment_db","buffered","key_set","vector","successful_remove","8","32","5","6","74752","100609366","742992.456587","23906","0"
"candidate-20260807-060515","6d7edc7c29a60a94c59effeeb2b78d8b95038135","default-hasher:b6a599c56dd29bca","rustc 1.97.0 (2d8144b78 2026-07-07)","x86_64-unknown-linux-gnu","Linux 7.0.11-76070011-generic x86_64","Intel(R) Core(TM) Ultra 7 155H","/dev/nvme0n1p3 ext4   rw,noatime,errors=remount-ro","/tmp/pigment-db-durability-bench","pigment_db","buffered","key_set","vector","successful_remove","8","32","5","7","72192","100300305","719758.529149","24036","0"
"candidate-20260807-060515","6d7edc7c29a60a94c59effeeb2b78d8b95038135","default-hasher:b6a599c56dd29bca","rustc 1.97.0 (2d8144b78 2026-07-07)","x86_64-unknown-linux-gnu","Linux 7.0.11-76070011-generic x86_64","Intel(R) Core(TM) Ultra 7 155H","/dev/nvme0n1p3 ext4   rw,noatime,errors=remount-ro","/tmp/pigment-db-durability-bench","pigment_db","buffered","key_set","vector","successful_remove","8","32","5","8","76288","100402644","759820.627831","23673","0"
"candidate-20260807-060515","6d7edc7c29a60a94c59effeeb2b78d8b95038135","default-hasher:b6a599c56dd29bca","rustc 1.97.0 (2d8144b78 2026-07-07)","x86_64-unknown-linux-gnu","Linux 7.0.11-76070011-generic x86_64","Intel(R) Core(TM) Ultra 7 155H","/dev/nvme0n1p3 ext4   rw,noatime,errors=remount-ro","/tmp/pigment-db-durability-bench","pigment_db","buffered","key_set","vector","successful_remove","8","32","5","9","75264","100180999","751280.190368","24012","0"
"candidate-20260807-060515","6d7edc7c29a60a94c59effeeb2b78d8b95038135","default-hasher:b6a599c56dd29bca","rustc 1.97.0 (2d8144b78 2026-07-07)","x86_64-unknown-linux-gnu","Linux 7.0.11-76070011-generic x86_64","Intel(R) Core(TM) Ultra 7 155H","/dev/nvme0n1p3 ext4   rw,noatime,errors=remount-ro","/tmp/pigment-db-durability-bench","pigment_db","buffered","key_set","vector","successful_remove","8","32","5","10","74752","100095939","746803.524167","23847","0"
"candidate-20260807-060515","6d7edc7c29a60a94c59effeeb2b78d8b95038135","default-hasher:b6a599c56dd29bca","rustc 1.97.0 (2d8144b78 2026-07-07)","x86_64-unknown-linux-gnu","Linux 7.0.11-76070011-generic x86_64","Intel(R) Core(TM) Ultra 7 155H","/dev/nvme0n1p3 ext4   rw,noatime,errors=remount-ro","/tmp/pigment-db-durability-bench","pigment_db","buffered","key_set","vector","minimal_callback","1","32","5","0","74816","100100207","747411.041817","1596","0"
"candidate-20260807-060515","6d7edc7c29a60a94c59effeeb2b78d8b95038135","default-hasher:b6a599c56dd29bca","rustc 1.97.0 (2d8144b78 2026-07-07)","x86_64-unknown-linux-gnu","Linux 7.0.11-76070011-generic x86_64","Intel(R) Core(TM) Ultra 7 155H","/dev/nvme0n1p3 ext4   rw,noatime,errors=remount-ro","/tmp/pigment-db-durability-bench","pigment_db","buffered","key_set","vector","minimal_callback","1","32","5","1","74496","100014372","744852.949734","1625","0"
"candidate-20260807-060515","6d7edc7c29a60a94c59effeeb2b78d8b95038135","default-hasher:b6a599c56dd29bca","rustc 1.97.0 (2d8144b78 2026-07-07)","x86_64-unknown-linux-gnu","Linux 7.0.11-76070011-generic x86_64","Intel(R) Core(TM) Ultra 7 155H","/dev/nvme0n1p3 ext4   rw,noatime,errors=remount-ro","/tmp/pigment-db-durability-bench","pigment_db","buffered","key_set","vector","minimal_callback","1","32","5","2","75712","100004730","757084.189918","1662","0"
"candidate-20260807-060515","6d7edc7c29a60a94c59effeeb2b78d8b95038135","default-hasher:b6a599c56dd29bca","rustc 1.97.0 (2d8144b78 2026-07-07)","x86_64-unknown-linux-gnu","Linux 7.0.11-76070011-generic x86_64","Intel(R) Core(TM) Ultra 7 155H","/dev/nvme0n1p3 ext4   rw,noatime,errors=remount-ro","/tmp/pigment-db-durability-bench","pigment_db","buffered","key_set","vector","minimal_callback","1","32","5","3","74880","100000689","748794.840804","1567","0"
"candidate-20260807-060515","6d7edc7c29a60a94c59effeeb2b78d8b95038135","default-hasher:b6a599c56dd29bca","rustc 1.97.0 (2d8144b78 2026-07-07)","x86_64-unknown-linux-gnu","Linux 7.0.11-76070011-generic x86_64","Intel(R) Core(TM) Ultra 7 155H","/dev/nvme0n1p3 ext4   rw,noatime,errors=remount-ro","/tmp/pigment-db-durability-bench","pigment_db","buffered","key_set","vector","minimal_callback","1","32","5","4","76032","100073130","759764.384306","1595","0"
"candidate-20260807-060515","6d7edc7c29a60a94c59effeeb2b78d8b95038135","default-hasher:b6a599c56dd29bca","rustc 1.97.0 (2d8144b78 2026-07-07)","x86_64-unknown-linux-gnu","Linux 7.0.11-76070011-generic x86_64","Intel(R) Core(TM) Ultra 7 155H","/dev/nvme0n1p3 ext4   rw,noatime,errors=remount-ro","/tmp/pigment-db-durability-bench","pigment_db","buffered","key_set","vector","minimal_callback","1","32","5","5","76928","100080462","768661.519568","1567","0"
"candidate-20260807-060515","6d7edc7c29a60a94c59effeeb2b78d8b95038135","default-hasher:b6a599c56dd29bca","rustc 1.97.0 (2d8144b78 2026-07-07)","x86_64-unknown-linux-gnu","Linux 7.0.11-76070011-generic x86_64","Intel(R) Core(TM) Ultra 7 155H","/dev/nvme0n1p3 ext4   rw,noatime,errors=remount-ro","/tmp/pigment-db-durability-bench","pigment_db","buffered","key_set","vector","minimal_callback","1","32","5","6","74048","100067639","739979.485276","1882","0"
"candidate-20260807-060515","6d7edc7c29a60a94c59effeeb2b78d8b95038135","default-hasher:b6a599c56dd29bca","rustc 1.97.0 (2d8144b78 2026-07-07)","x86_64-unknown-linux-gnu","Linux 7.0.11-76070011-generic x86_64","Intel(R) Core(TM) Ultra 7 155H","/dev/nvme0n1p3 ext4   rw,noatime,errors=remount-ro","/tmp/pigment-db-durability-bench","pigment_db","buffered","key_set","vector","minimal_callback","1","32","5","7","74304","100052605","742649.329320","1831","0"
"candidate-20260807-060515","6d7edc7c29a60a94c59effeeb2b78d8b95038135","default-hasher:b6a599c56dd29bca","rustc 1.97.0 (2d8144b78 2026-07-07)","x86_64-unknown-linux-gnu","Linux 7.0.11-76070011-generic x86_64","Intel(R) Core(TM) Ultra 7 155H","/dev/nvme0n1p3 ext4   rw,noatime,errors=remount-ro","/tmp/pigment-db-durability-bench","pigment_db","buffered","key_set","vector","minimal_callback","1","32","5","8","75968","100034779","759415.882750","1609","0"
"candidate-20260807-060515","6d7edc7c29a60a94c59effeeb2b78d8b95038135","default-hasher:b6a599c56dd29bca","rustc 1.97.0 (2d8144b78 2026-07-07)","x86_64-unknown-linux-gnu","Linux 7.0.11-76070011-generic x86_64","Intel(R) Core(TM) Ultra 7 155H","/dev/nvme0n1p3 ext4   rw,noatime,errors=remount-ro","/tmp/pigment-db-durability-bench","pigment_db","buffered","key_set","vector","minimal_callback","1","32","5","9","74880","100015592","748683.265305","1855","0"
"candidate-20260807-060515","6d7edc7c29a60a94c59effeeb2b78d8b95038135","default-hasher:b6a599c56dd29bca","rustc 1.97.0 (2d8144b78 2026-07-07)","x86_64-unknown-linux-gnu","Linux 7.0.11-76070011-generic x86_64","Intel(R) Core(TM) Ultra 7 155H","/dev/nvme0n1p3 ext4   rw,noatime,errors=remount-ro","/tmp/pigment-db-durability-bench","pigment_db","buffered","key_set","vector","minimal_callback","1","32","5","10","75072","100038672","750429.793790","1758","0"
"candidate-20260807-060515","6d7edc7c29a60a94c59effeeb2b78d8b95038135","default-hasher:b6a599c56dd29bca","rustc 1.97.0 (2d8144b78 2026-07-07)","x86_64-unknown-linux-gnu","Linux 7.0.11-76070011-generic x86_64","Intel(R) Core(TM) Ultra 7 155H","/dev/nvme0n1p3 ext4   rw,noatime,errors=remount-ro","/tmp/pigment-db-durability-bench","pigment_db","buffered","key_set","vector","minimal_callback","8","32","5","0","32256","103310667","312223.325400","80528","0"
"candidate-20260807-060515","6d7edc7c29a60a94c59effeeb2b78d8b95038135","default-hasher:b6a599c56dd29bca","rustc 1.97.0 (2d8144b78 2026-07-07)","x86_64-unknown-linux-gnu","Linux 7.0.11-76070011-generic x86_64","Intel(R) Core(TM) Ultra 7 155H","/dev/nvme0n1p3 ext4   rw,noatime,errors=remount-ro","/tmp/pigment-db-durability-bench","pigment_db","buffered","key_set","vector","minimal_callback","8","32","5","1","26112","100006347","261103.427765","87911","0"
"candidate-20260807-060515","6d7edc7c29a60a94c59effeeb2b78d8b95038135","default-hasher:b6a599c56dd29bca","rustc 1.97.0 (2d8144b78 2026-07-07)","x86_64-unknown-linux-gnu","Linux 7.0.11-76070011-generic x86_64","Intel(R) Core(TM) Ultra 7 155H","/dev/nvme0n1p3 ext4   rw,noatime,errors=remount-ro","/tmp/pigment-db-durability-bench","pigment_db","buffered","key_set","vector","minimal_callback","8","32","5","2","30720","100063255","307005.803479","82953","0"
"candidate-20260807-060515","6d7edc7c29a60a94c59effeeb2b78d8b95038135","default-hasher:b6a599c56dd29bca","rustc 1.97.0 (2d8144b78 2026-07-07)","x86_64-unknown-linux-gnu","Linux 7.0.11-76070011-generic x86_64","Intel(R) Core(TM) Ultra 7 155H","/dev/nvme0n1p3 ext4   rw,noatime,errors=remount-ro","/tmp/pigment-db-durability-bench","pigment_db","buffered","key_set","vector","minimal_callback","8","32","5","3","31744","101787239","311866.205547","81051","0"
"candidate-20260807-060515","6d7edc7c29a60a94c59effeeb2b78d8b95038135","default-hasher:b6a599c56dd29bca","rustc 1.97.0 (2d8144b78 2026-07-07)","x86_64-unknown-linux-gnu","Linux 7.0.11-76070011-generic x86_64","Intel(R) Core(TM) Ultra 7 155H","/dev/nvme0n1p3 ext4   rw,noatime,errors=remount-ro","/tmp/pigment-db-durability-bench","pigment_db","buffered","key_set","vector","minimal_callback","8","32","5","4","29184","100773695","289599.384046","87265","0"
"candidate-20260807-060515","6d7edc7c29a60a94c59effeeb2b78d8b95038135","default-hasher:b6a599c56dd29bca","rustc 1.97.0 (2d8144b78 2026-07-07)","x86_64-unknown-linux-gnu","Linux 7.0.11-76070011-generic x86_64","Intel(R) Core(TM) Ultra 7 155H","/dev/nvme0n1p3 ext4   rw,noatime,errors=remount-ro","/tmp/pigment-db-durability-bench","pigment_db","buffered","key_set","vector","minimal_callback","8","32","5","5","30208","100462506","300689.293974","81542","0"
"candidate-20260807-060515","6d7edc7c29a60a94c59effeeb2b78d8b95038135","default-hasher:b6a599c56dd29bca","rustc 1.97.0 (2d8144b78 2026-07-07)","x86_64-unknown-linux-gnu","Linux 7.0.11-76070011-generic x86_64","Intel(R) Core(TM) Ultra 7 155H","/dev/nvme0n1p3 ext4   rw,noatime,errors=remount-ro","/tmp/pigment-db-durability-bench","pigment_db","buffered","key_set","vector","minimal_callback","8","32","5","6","31744","101494738","312764.982949","81470","0"
"candidate-20260807-060515","6d7edc7c29a60a94c59effeeb2b78d8b95038135","default-hasher:b6a599c56dd29bca","rustc 1.97.0 (2d8144b78 2026-07-07)","x86_64-unknown-linux-gnu","Linux 7.0.11-76070011-generic x86_64","Intel(R) Core(TM) Ultra 7 155H","/dev/nvme0n1p3 ext4   rw,noatime,errors=remount-ro","/tmp/pigment-db-durability-bench","pigment_db","buffered","key_set","vector","minimal_callback","8","32","5","7","31232","100905327","309517.851322","80487","0"
"candidate-20260807-060515","6d7edc7c29a60a94c59effeeb2b78d8b95038135","default-hasher:b6a599c56dd29bca","rustc 1.97.0 (2d8144b78 2026-07-07)","x86_64-unknown-linux-gnu","Linux 7.0.11-76070011-generic x86_64","Intel(R) Core(TM) Ultra 7 155H","/dev/nvme0n1p3 ext4   rw,noatime,errors=remount-ro","/tmp/pigment-db-durability-bench","pigment_db","buffered","key_set","vector","minimal_callback","8","32","5","8","31744","100128876","317031.422584","80699","0"
"candidate-20260807-060515","6d7edc7c29a60a94c59effeeb2b78d8b95038135","default-hasher:b6a599c56dd29bca","rustc 1.97.0 (2d8144b78 2026-07-07)","x86_64-unknown-linux-gnu","Linux 7.0.11-76070011-generic x86_64","Intel(R) Core(TM) Ultra 7 155H","/dev/nvme0n1p3 ext4   rw,noatime,errors=remount-ro","/tmp/pigment-db-durability-bench","pigment_db","buffered","key_set","vector","minimal_callback","8","32","5","9","31744","101439984","312933.803302","80185","0"
"candidate-20260807-060515","6d7edc7c29a60a94c59effeeb2b78d8b95038135","default-hasher:b6a599c56dd29bca","rustc 1.97.0 (2d8144b78 2026-07-07)","x86_64-unknown-linux-gnu","Linux 7.0.11-76070011-generic x86_64","Intel(R) Core(TM) Ultra 7 155H","/dev/nvme0n1p3 ext4   rw,noatime,errors=remount-ro","/tmp/pigment-db-durability-bench","pigment_db","buffered","key_set","vector","minimal_callback","8","32","5","10","32256","101587699","317518.757857","69815","0"
"candidate-20260807-060515","6d7edc7c29a60a94c59effeeb2b78d8b95038135","default-hasher:b6a599c56dd29bca","rustc 1.97.0 (2d8144b78 2026-07-07)","x86_64-unknown-linux-gnu","Linux 7.0.11-76070011-generic x86_64","Intel(R) Core(TM) Ultra 7 155H","/dev/nvme0n1p3 ext4   rw,noatime,errors=remount-ro","/tmp/pigment-db-durability-bench","pigment_db","buffered","key_set","file","ordinary_write","1","32","5","0","41664","100004972","416619.285689","2968","0"
"candidate-20260807-060515","6d7edc7c29a60a94c59effeeb2b78d8b95038135","default-hasher:b6a599c56dd29bca","rustc 1.97.0 (2d8144b78 2026-07-07)","x86_64-unknown-linux-gnu","Linux 7.0.11-76070011-generic x86_64","Intel(R) Core(TM) Ultra 7 155H","/dev/nvme0n1p3 ext4   rw,noatime,errors=remount-ro","/tmp/pigment-db-durability-bench","pigment_db","buffered","key_set","file","ordinary_write","1","32","5","1","41664","100029168","416518.509881","2759","0"
"candidate-20260807-060515","6d7edc7c29a60a94c59effeeb2b78d8b95038135","default-hasher:b6a599c56dd29bca","rustc 1.97.0 (2d8144b78 2026-07-07)","x86_64-unknown-linux-gnu","Linux 7.0.11-76070011-generic x86_64","Intel(R) Core(TM) Ultra 7 155H","/dev/nvme0n1p3 ext4   rw,noatime,errors=remount-ro","/tmp/pigment-db-durability-bench","pigment_db","buffered","key_set","file","ordinary_write","1","32","5","2","43008","100073726","429763.152818","2610","0"
"candidate-20260807-060515","6d7edc7c29a60a94c59effeeb2b78d8b95038135","default-hasher:b6a599c56dd29bca","rustc 1.97.0 (2d8144b78 2026-07-07)","x86_64-unknown-linux-gnu","Linux 7.0.11-76070011-generic x86_64","Intel(R) Core(TM) Ultra 7 155H","/dev/nvme0n1p3 ext4   rw,noatime,errors=remount-ro","/tmp/pigment-db-durability-bench","pigment_db","buffered","key_set","file","ordinary_write","1","32","5","3","42240","100095878","421995.399251","3023","0"
"candidate-20260807-060515","6d7edc7c29a60a94c59effeeb2b78d8b95038135","default-hasher:b6a599c56dd29bca","rustc 1.97.0 (2d8144b78 2026-07-07)","x86_64-unknown-linux-gnu","Linux 7.0.11-76070011-generic x86_64","Intel(R) Core(TM) Ultra 7 155H","/dev/nvme0n1p3 ext4   rw,noatime,errors=remount-ro","/tmp/pigment-db-durability-bench","pigment_db","buffered","key_set","file","ordinary_write","1","32","5","4","43264","100044035","432449.570831","2608","0"
"candidate-20260807-060515","6d7edc7c29a60a94c59effeeb2b78d8b95038135","default-hasher:b6a599c56dd29bca","rustc 1.97.0 (2d8144b78 2026-07-07)","x86_64-unknown-linux-gnu","Linux 7.0.11-76070011-generic x86_64","Intel(R) Core(TM) Ultra 7 155H","/dev/nvme0n1p3 ext4   rw,noatime,errors=remount-ro","/tmp/pigment-db-durability-bench","pigment_db","buffered","key_set","file","ordinary_write","1","32","5","5","42560","100007021","425570.120722","2618","0"
"candidate-20260807-060515","6d7edc7c29a60a94c59effeeb2b78d8b95038135","default-hasher:b6a599c56dd29bca","rustc 1.97.0 (2d8144b78 2026-07-07)","x86_64-unknown-linux-gnu","Linux 7.0.11-76070011-generic x86_64","Intel(R) Core(TM) Ultra 7 155H","/dev/nvme0n1p3 ext4   rw,noatime,errors=remount-ro","/tmp/pigment-db-durability-bench","pigment_db","buffered","key_set","file","ordinary_write","1","32","5","6","42944","100063758","429166.372104","2792","0"
"candidate-20260807-060515","6d7edc7c29a60a94c59effeeb2b78d8b95038135","default-hasher:b6a599c56dd29bca","rustc 1.97.0 (2d8144b78 2026-07-07)","x86_64-unknown-linux-gnu","Linux 7.0.11-76070011-generic x86_64","Intel(R) Core(TM) Ultra 7 155H","/dev/nvme0n1p3 ext4   rw,noatime,errors=remount-ro","/tmp/pigment-db-durability-bench","pigment_db","buffered","key_set","file","ordinary_write","1","32","5","7","41472","100002335","414710.316514","2889","0"
"candidate-20260807-060515","6d7edc7c29a60a94c59effeeb2b78d8b95038135","default-hasher:b6a599c56dd29bca","rustc 1.97.0 (2d8144b78 2026-07-07)","x86_64-unknown-linux-gnu","Linux 7.0.11-76070011-generic x86_64","Intel(R) Core(TM) Ultra 7 155H","/dev/nvme0n1p3 ext4   rw,noatime,errors=remount-ro","/tmp/pigment-db-durability-bench","pigment_db","buffered","key_set","file","ordinary_write","1","32","5","8","43008","100139909","429479.120058","2838","0"
"candidate-20260807-060515","6d7edc7c29a60a94c59effeeb2b78d8b95038135","default-hasher:b6a599c56dd29bca","rustc 1.97.0 (2d8144b78 2026-07-07)","x86_64-unknown-linux-gnu","Linux 7.0.11-76070011-generic x86_64","Intel(R) Core(TM) Ultra 7 155H","/dev/nvme0n1p3 ext4   rw,noatime,errors=remount-ro","/tmp/pigment-db-durability-bench","pigment_db","buffered","key_set","file","ordinary_write","1","32","5","9","42048","100072239","420176.468721","3011","0"
"candidate-20260807-060515","6d7edc7c29a60a94c59effeeb2b78d8b95038135","default-hasher:b6a599c56dd29bca","rustc 1.97.0 (2d8144b78 2026-07-07)","x86_64-unknown-linux-gnu","Linux 7.0.11-76070011-generic x86_64","Intel(R) Core(TM) Ultra 7 155H","/dev/nvme0n1p3 ext4   rw,noatime,errors=remount-ro","/tmp/pigment-db-durability-bench","pigment_db","buffered","key_set","file","ordinary_write","1","32","5","10","42688","100142643","426271.952898","2903","0"
"candidate-20260807-060515","6d7edc7c29a60a94c59effeeb2b78d8b95038135","default-hasher:b6a599c56dd29bca","rustc 1.97.0 (2d8144b78 2026-07-07)","x86_64-unknown-linux-gnu","Linux 7.0.11-76070011-generic x86_64","Intel(R) Core(TM) Ultra 7 155H","/dev/nvme0n1p3 ext4   rw,noatime,errors=remount-ro","/tmp/pigment-db-durability-bench","pigment_db","buffered","key_set","file","ordinary_write","8","32","5","0","22016","101944513","215960.617714","102006","0"
"candidate-20260807-060515","6d7edc7c29a60a94c59effeeb2b78d8b95038135","default-hasher:b6a599c56dd29bca","rustc 1.97.0 (2d8144b78 2026-07-07)","x86_64-unknown-linux-gnu","Linux 7.0.11-76070011-generic x86_64","Intel(R) Core(TM) Ultra 7 155H","/dev/nvme0n1p3 ext4   rw,noatime,errors=remount-ro","/tmp/pigment-db-durability-bench","pigment_db","buffered","key_set","file","ordinary_write","8","32","5","1","21504","100282014","214435.262539","103469","0"
"candidate-20260807-060515","6d7edc7c29a60a94c59effeeb2b78d8b95038135","default-hasher:b6a599c56dd29bca","rustc 1.97.0 (2d8144b78 2026-07-07)","x86_64-unknown-linux-gnu","Linux 7.0.11-76070011-generic x86_64","Intel(R) Core(TM) Ultra 7 155H","/dev/nvme0n1p3 ext4   rw,noatime,errors=remount-ro","/tmp/pigment-db-durability-bench","pigment_db","buffered","key_set","file","ordinary_write","8","32","5","2","21504","100238095","214529.216662","103887","0"
"candidate-20260807-060515","6d7edc7c29a60a94c59effeeb2b78d8b95038135","default-hasher:b6a599c56dd29bca","rustc 1.97.0 (2d8144b78 2026-07-07)","x86_64-unknown-linux-gnu","Linux 7.0.11-76070011-generic x86_64","Intel(R) Core(TM) Ultra 7 155H","/dev/nvme0n1p3 ext4   rw,noatime,errors=remount-ro","/tmp/pigment-db-durability-bench","pigment_db","buffered","key_set","file","ordinary_write","8","32","5","3","21504","100379980","214225.984106","101515","0"
"candidate-20260807-060515","6d7edc7c29a60a94c59effeeb2b78d8b95038135","default-hasher:b6a599c56dd29bca","rustc 1.97.0 (2d8144b78 2026-07-07)","x86_64-unknown-linux-gnu","Linux 7.0.11-76070011-generic x86_64","Intel(R) Core(TM) Ultra 7 155H","/dev/nvme0n1p3 ext4   rw,noatime,errors=remount-ro","/tmp/pigment-db-durability-bench","pigment_db","buffered","key_set","file","ordinary_write","8","32","5","4","21504","101244705","212396.292725","101389","0"
"candidate-20260807-060515","6d7edc7c29a60a94c59effeeb2b78d8b95038135","default-hasher:b6a599c56dd29bca","rustc 1.97.0 (2d8144b78 2026-07-07)","x86_64-unknown-linux-gnu","Linux 7.0.11-76070011-generic x86_64","Intel(R) Core(TM) Ultra 7 155H","/dev/nvme0n1p3 ext4   rw,noatime,errors=remount-ro","/tmp/pigment-db-durability-bench","pigment_db","buffered","key_set","file","ordinary_write","8","32","5","5","20992","100410851","209061.070501","104030","0"
"candidate-20260807-060515","6d7edc7c29a60a94c59effeeb2b78d8b95038135","default-hasher:b6a599c56dd29bca","rustc 1.97.0 (2d8144b78 2026-07-07)","x86_64-unknown-linux-gnu","Linux 7.0.11-76070011-generic x86_64","Intel(R) Core(TM) Ultra 7 155H","/dev/nvme0n1p3 ext4   rw,noatime,errors=remount-ro","/tmp/pigment-db-durability-bench","pigment_db","buffered","key_set","file","ordinary_write","8","32","5","6","20992","100427535","209026.339241","102789","0"
"candidate-20260807-060515","6d7edc7c29a60a94c59effeeb2b78d8b95038135","default-hasher:b6a599c56dd29bca","rustc 1.97.0 (2d8144b78 2026-07-07)","x86_64-unknown-linux-gnu","Linux 7.0.11-76070011-generic x86_64","Intel(R) Core(TM) Ultra 7 155H","/dev/nvme0n1p3 ext4   rw,noatime,errors=remount-ro","/tmp/pigment-db-durability-bench","pigment_db","buffered","key_set","file","ordinary_write","8","32","5","7","22016","102328294","215150.660090","102015","0"
"candidate-20260807-060515","6d7edc7c29a60a94c59effeeb2b78d8b95038135","default-hasher:b6a599c56dd29bca","rustc 1.97.0 (2d8144b78 2026-07-07)","x86_64-unknown-linux-gnu","Linux 7.0.11-76070011-generic x86_64","Intel(R) Core(TM) Ultra 7 155H","/dev/nvme0n1p3 ext4   rw,noatime,errors=remount-ro","/tmp/pigment-db-durability-bench","pigment_db","buffered","key_set","file","ordinary_write","8","32","5","8","21504","102100024","210616.992607","105424","0"
"candidate-20260807-060515","6d7edc7c29a60a94c59effeeb2b78d8b95038135","default-hasher:b6a599c56dd29bca","rustc 1.97.0 (2d8144b78 2026-07-07)","x86_64-unknown-linux-gnu","Linux 7.0.11-76070011-generic x86_64","Intel(R) Core(TM) Ultra 7 155H","/dev/nvme0n1p3 ext4   rw,noatime,errors=remount-ro","/tmp/pigment-db-durability-bench","pigment_db","buffered","key_set","file","ordinary_write","8","32","5","9","19456","100443216","193701.484031","110131","0"
"candidate-20260807-060515","6d7edc7c29a60a94c59effeeb2b78d8b95038135","default-hasher:b6a599c56dd29bca","rustc 1.97.0 (2d8144b78 2026-07-07)","x86_64-unknown-linux-gnu","Linux 7.0.11-76070011-generic x86_64","Intel(R) Core(TM) Ultra 7 155H","/dev/nvme0n1p3 ext4   rw,noatime,errors=remount-ro","/tmp/pigment-db-durability-bench","pigment_db","buffered","key_set","file","ordinary_write","8","32","5","10","21504","102070842","210677.207894","107324","0"
"candidate-20260807-060515","6d7edc7c29a60a94c59effeeb2b78d8b95038135","default-hasher:b6a599c56dd29bca","rustc 1.97.0 (2d8144b78 2026-07-07)","x86_64-unknown-linux-gnu","Linux 7.0.11-76070011-generic x86_64","Intel(R) Core(TM) Ultra 7 155H","/dev/nvme0n1p3 ext4   rw,noatime,errors=remount-ro","/tmp/pigment-db-durability-bench","pigment_db","buffered","key_set","file","successful_remove","1","32","5","0","42688","100063014","426611.175234","2806","0"
"candidate-20260807-060515","6d7edc7c29a60a94c59effeeb2b78d8b95038135","default-hasher:b6a599c56dd29bca","rustc 1.97.0 (2d8144b78 2026-07-07)","x86_64-unknown-linux-gnu","Linux 7.0.11-76070011-generic x86_64","Intel(R) Core(TM) Ultra 7 155H","/dev/nvme0n1p3 ext4   rw,noatime,errors=remount-ro","/tmp/pigment-db-durability-bench","pigment_db","buffered","key_set","file","successful_remove","1","32","5","1","43136","100120910","430839.072477","2730","0"
"candidate-20260807-060515","6d7edc7c29a60a94c59effeeb2b78d8b95038135","default-hasher:b6a599c56dd29bca","rustc 1.97.0 (2d8144b78 2026-07-07)","x86_64-unknown-linux-gnu","Linux 7.0.11-76070011-generic x86_64","Intel(R) Core(TM) Ultra 7 155H","/dev/nvme0n1p3 ext4   rw,noatime,errors=remount-ro","/tmp/pigment-db-durability-bench","pigment_db","buffered","key_set","file","successful_remove","1","32","5","2","43904","100026034","438925.730075","3002","0"
"candidate-20260807-060515","6d7edc7c29a60a94c59effeeb2b78d8b95038135","default-hasher:b6a599c56dd29bca","rustc 1.97.0 (2d8144b78 2026-07-07)","x86_64-unknown-linux-gnu","Linux 7.0.11-76070011-generic x86_64","Intel(R) Core(TM) Ultra 7 155H","/dev/nvme0n1p3 ext4   rw,noatime,errors=remount-ro","/tmp/pigment-db-durability-bench","pigment_db","buffered","key_set","file","successful_remove","1","32","5","3","43520","100016973","435126.146039","2769","0"
"candidate-20260807-060515","6d7edc7c29a60a94c59effeeb2b78d8b95038135","default-hasher:b6a599c56dd29bca","rustc 1.97.0 (2d8144b78 2026-07-07)","x86_64-unknown-linux-gnu","Linux 7.0.11-76070011-generic x86_64","Intel(R) Core(TM) Ultra 7 155H","/dev/nvme0n1p3 ext4   rw,noatime,errors=remount-ro","/tmp/pigment-db-durability-bench","pigment_db","buffered","key_set","file","successful_remove","1","32","5","4","44224","100046267","442035.483443","2682","0"
"candidate-20260807-060515","6d7edc7c29a60a94c59effeeb2b78d8b95038135","default-hasher:b6a599c56dd29bca","rustc 1.97.0 (2d8144b78 2026-07-07)","x86_64-unknown-linux-gnu","Linux 7.0.11-76070011-generic x86_64","Intel(R) Core(TM) Ultra 7 155H","/dev/nvme0n1p3 ext4   rw,noatime,errors=remount-ro","/tmp/pigment-db-durability-bench","pigment_db","buffered","key_set","file","successful_remove","1","32","5","5","45056","100126950","449988.739295","2656","0"
"candidate-20260807-060515","6d7edc7c29a60a94c59effeeb2b78d8b95038135","default-hasher:b6a599c56dd29bca","rustc 1.97.0 (2d8144b78 2026-07-07)","x86_64-unknown-linux-gnu","Linux 7.0.11-76070011-generic x86_64","Intel(R) Core(TM) Ultra 7 155H","/dev/nvme0n1p3 ext4   rw,noatime,errors=remount-ro","/tmp/pigment-db-durability-bench","pigment_db","buffered","key_set","file","successful_remove","1","32","5","6","45248","100116102","451955.270891","2546","0"
"candidate-20260807-060515","6d7edc7c29a60a94c59effeeb2b78d8b95038135","default-hasher:b6a599c56dd29bca","rustc 1.97.0 (2d8144b78 2026-07-07)","x86_64-unknown-linux-gnu","Linux 7.0.11-76070011-generic x86_64","Intel(R) Core(TM) Ultra 7 155H","/dev/nvme0n1p3 ext4   rw,noatime,errors=remount-ro","/tmp/pigment-db-durability-bench","pigment_db","buffered","key_set","file","successful_remove","1","32","5","7","43968","100145891","439039.480911","3009","0"
"candidate-20260807-060515","6d7edc7c29a60a94c59effeeb2b78d8b95038135","default-hasher:b6a599c56dd29bca","rustc 1.97.0 (2d8144b78 2026-07-07)","x86_64-unknown-linux-gnu","Linux 7.0.11-76070011-generic x86_64","Intel(R) Core(TM) Ultra 7 155H","/dev/nvme0n1p3 ext4   rw,noatime,errors=remount-ro","/tmp/pigment-db-durability-bench","pigment_db","buffered","key_set","file","successful_remove","1","32","5","8","43904","100155812","438356.987211","3006","0"
"candidate-20260807-060515","6d7edc7c29a60a94c59effeeb2b78d8b95038135","default-hasher:b6a599c56dd29bca","rustc 1.97.0 (2d8144b78 2026-07-07)","x86_64-unknown-linux-gnu","Linux 7.0.11-76070011-generic x86_64","Intel(R) Core(TM) Ultra 7 155H","/dev/nvme0n1p3 ext4   rw,noatime,errors=remount-ro","/tmp/pigment-db-durability-bench","pigment_db","buffered","key_set","file","successful_remove","1","32","5","9","43648","100056258","436234.583148","3032","0"
"candidate-20260807-060515","6d7edc7c29a60a94c59effeeb2b78d8b95038135","default-hasher:b6a599c56dd29bca","rustc 1.97.0 (2d8144b78 2026-07-07)","x86_64-unknown-linux-gnu","Linux 7.0.11-76070011-generic x86_64","Intel(R) Core(TM) Ultra 7 155H","/dev/nvme0n1p3 ext4   rw,noatime,errors=remount-ro","/tmp/pigment-db-durability-bench","pigment_db","buffered","key_set","file","successful_remove","1","32","5","10","44160","100130217","441025.709552","2911","0"
"candidate-20260807-060515","6d7edc7c29a60a94c59effeeb2b78d8b95038135","default-hasher:b6a599c56dd29bca","rustc 1.97.0 (2d8144b78 2026-07-07)","x86_64-unknown-linux-gnu","Linux 7.0.11-76070011-generic x86_64","Intel(R) Core(TM) Ultra 7 155H","/dev/nvme0n1p3 ext4   rw,noatime,errors=remount-ro","/tmp/pigment-db-durability-bench","pigment_db","buffered","key_set","file","successful_remove","8","32","5","0","19968","101457461","196811.548438","108153","0"
"candidate-20260807-060515","6d7edc7c29a60a94c59effeeb2b78d8b95038135","default-hasher:b6a599c56dd29bca","rustc 1.97.0 (2d8144b78 2026-07-07)","x86_64-unknown-linux-gnu","Linux 7.0.11-76070011-generic x86_64","Intel(R) Core(TM) Ultra 7 155H","/dev/nvme0n1p3 ext4   rw,noatime,errors=remount-ro","/tmp/pigment-db-durability-bench","pigment_db","buffered","key_set","file","successful_remove","8","32","5","1","19968","100620259","198449.101587","102759","0"
"candidate-20260807-060515","6d7edc7c29a60a94c59effeeb2b78d8b95038135","default-hasher:b6a599c56dd29bca","rustc 1.97.0 (2d8144b78 2026-07-07)","x86_64-unknown-linux-gnu","Linux 7.0.11-76070011-generic x86_64","Intel(R) Core(TM) Ultra 7 155H","/dev/nvme0n1p3 ext4   rw,noatime,errors=remount-ro","/tmp/pigment-db-durability-bench","pigment_db","buffered","key_set","file","successful_remove","8","32","5","2","19968","102342867","195108.858930","103687","0"
"candidate-20260807-060515","6d7edc7c29a60a94c59effeeb2b78d8b95038135","default-hasher:b6a599c56dd29bca","rustc 1.97.0 (2d8144b78 2026-07-07)","x86_64-unknown-linux-gnu","Linux 7.0.11-76070011-generic x86_64","Intel(R) Core(TM) Ultra 7 155H","/dev/nvme0n1p3 ext4   rw,noatime,errors=remount-ro","/tmp/pigment-db-durability-bench","pigment_db","buffered","key_set","file","successful_remove","8","32","5","3","19968","102089748","195592.607399","105290","0"
"candidate-20260807-060515","6d7edc7c29a60a94c59effeeb2b78d8b95038135","default-hasher:b6a599c56dd29bca","rustc 1.97.0 (2d8144b78 2026-07-07)","x86_64-unknown-linux-gnu","Linux 7.0.11-76070011-generic x86_64","Intel(R) Core(TM) Ultra 7 155H","/dev/nvme0n1p3 ext4   rw,noatime,errors=remount-ro","/tmp/pigment-db-durability-bench","pigment_db","buffered","key_set","file","successful_remove","8","32","5","4","19968","100099592","199481.332551","102888","0"
"candidate-20260807-060515","6d7edc7c29a60a94c59effeeb2b78d8b95038135","default-hasher:b6a599c56dd29bca","rustc 1.97.0 (2d8144b78 2026-07-07)","x86_64-unknown-linux-gnu","Linux 7.0.11-76070011-generic x86_64","Intel(R) Core(TM) Ultra 7 155H","/dev/nvme0n1p3 ext4   rw,noatime,errors=remount-ro","/tmp/pigment-db-durability-bench","pigment_db","buffered","key_set","file","successful_remove","8","32","5","5","19968","101136049","197437.018723","93431","0"
"candidate-20260807-060515","6d7edc7c29a60a94c59effeeb2b78d8b95038135","default-hasher:b6a599c56dd29bca","rustc 1.97.0 (2d8144b78 2026-07-07)","x86_64-unknown-linux-gnu","Linux 7.0.11-76070011-generic x86_64","Intel(R) Core(TM) Ultra 7 155H","/dev/nvme0n1p3 ext4   rw,noatime,errors=remount-ro","/tmp/pigment-db-durability-bench","pigment_db","buffered","key_set","file","successful_remove","8","32","5","6","20480","100365919","204053.330095","106722","0"
"candidate-20260807-060515","6d7edc7c29a60a94c59effeeb2b78d8b95038135","default-hasher:b6a599c56dd29bca","rustc 1.97.0 (2d8144b78 2026-07-07)","x86_64-unknown-linux-gnu","Linux 7.0.11-76070011-generic x86_64","Intel(R) Core(TM) Ultra 7 155H","/dev/nvme0n1p3 ext4   rw,noatime,errors=remount-ro","/tmp/pigment-db-durability-bench","pigment_db","buffered","key_set","file","successful_remove","8","32","5","7","20480","101426164","201920.285578","103940","0"
"candidate-20260807-060515","6d7edc7c29a60a94c59effeeb2b78d8b95038135","default-hasher:b6a599c56dd29bca","rustc 1.97.0 (2d8144b78 2026-07-07)","x86_64-unknown-linux-gnu","Linux 7.0.11-76070011-generic x86_64","Intel(R) Core(TM) Ultra 7 155H","/dev/nvme0n1p3 ext4   rw,noatime,errors=remount-ro","/tmp/pigment-db-durability-bench","pigment_db","buffered","key_set","file","successful_remove","8","32","5","8","19968","100162704","199355.640399","102958","0"
"candidate-20260807-060515","6d7edc7c29a60a94c59effeeb2b78d8b95038135","default-hasher:b6a599c56dd29bca","rustc 1.97.0 (2d8144b78 2026-07-07)","x86_64-unknown-linux-gnu","Linux 7.0.11-76070011-generic x86_64","Intel(R) Core(TM) Ultra 7 155H","/dev/nvme0n1p3 ext4   rw,noatime,errors=remount-ro","/tmp/pigment-db-durability-bench","pigment_db","buffered","key_set","file","successful_remove","8","32","5","9","20480","100799488","203175.635178","93081","0"
"candidate-20260807-060515","6d7edc7c29a60a94c59effeeb2b78d8b95038135","default-hasher:b6a599c56dd29bca","rustc 1.97.0 (2d8144b78 2026-07-07)","x86_64-unknown-linux-gnu","Linux 7.0.11-76070011-generic x86_64","Intel(R) Core(TM) Ultra 7 155H","/dev/nvme0n1p3 ext4   rw,noatime,errors=remount-ro","/tmp/pigment-db-durability-bench","pigment_db","buffered","key_set","file","successful_remove","8","32","5","10","20480","100357671","204070.100431","93404","0"
"candidate-20260807-060515","6d7edc7c29a60a94c59effeeb2b78d8b95038135","default-hasher:b6a599c56dd29bca","rustc 1.97.0 (2d8144b78 2026-07-07)","x86_64-unknown-linux-gnu","Linux 7.0.11-76070011-generic x86_64","Intel(R) Core(TM) Ultra 7 155H","/dev/nvme0n1p3 ext4   rw,noatime,errors=remount-ro","/tmp/pigment-db-durability-bench","pigment_db","buffered","key_set","file","minimal_callback","1","32","5","0","37760","100134224","377093.849551","3091","0"
"candidate-20260807-060515","6d7edc7c29a60a94c59effeeb2b78d8b95038135","default-hasher:b6a599c56dd29bca","rustc 1.97.0 (2d8144b78 2026-07-07)","x86_64-unknown-linux-gnu","Linux 7.0.11-76070011-generic x86_64","Intel(R) Core(TM) Ultra 7 155H","/dev/nvme0n1p3 ext4   rw,noatime,errors=remount-ro","/tmp/pigment-db-durability-bench","pigment_db","buffered","key_set","file","minimal_callback","1","32","5","1","37568","100119462","375231.740658","3184","0"
"candidate-20260807-060515","6d7edc7c29a60a94c59effeeb2b78d8b95038135","default-hasher:b6a599c56dd29bca","rustc 1.97.0 (2d8144b78 2026-07-07)","x86_64-unknown-linux-gnu","Linux 7.0.11-76070011-generic x86_64","Intel(R) Core(TM) Ultra 7 155H","/dev/nvme0n1p3 ext4   rw,noatime,errors=remount-ro","/tmp/pigment-db-durability-bench","pigment_db","buffered","key_set","file","minimal_callback","1","32","5","2","38016","100079075","379859.626001","2944","0"
"candidate-20260807-060515","6d7edc7c29a60a94c59effeeb2b78d8b95038135","default-hasher:b6a599c56dd29bca","rustc 1.97.0 (2d8144b78 2026-07-07)","x86_64-unknown-linux-gnu","Linux 7.0.11-76070011-generic x86_64","Intel(R) Core(TM) Ultra 7 155H","/dev/nvme0n1p3 ext4   rw,noatime,errors=remount-ro","/tmp/pigment-db-durability-bench","pigment_db","buffered","key_set","file","minimal_callback","1","32","5","3","37760","100106174","377199.512190","3080","0"
"candidate-20260807-060515","6d7edc7c29a60a94c59effeeb2b78d8b95038135","default-hasher:b6a599c56dd29bca","rustc 1.97.0 (2d8144b78 2026-07-07)","x86_64-unknown-linux-gnu","Linux 7.0.11-76070011-generic x86_64","Intel(R) Core(TM) Ultra 7 155H","/dev/nvme0n1p3 ext4   rw,noatime,errors=remount-ro","/tmp/pigment-db-durability-bench","pigment_db","buffered","key_set","file","minimal_callback","1","32","5","4","37248","100012972","372431.688161","3248","0"
"candidate-20260807-060515","6d7edc7c29a60a94c59effeeb2b78d8b95038135","default-hasher:b6a599c56dd29bca","rustc 1.97.0 (2d8144b78 2026-07-07)","x86_64-unknown-linux-gnu","Linux 7.0.11-76070011-generic x86_64","Intel(R) Core(TM) Ultra 7 155H","/dev/nvme0n1p3 ext4   rw,noatime,errors=remount-ro","/tmp/pigment-db-durability-bench","pigment_db","buffered","key_set","file","minimal_callback","1","32","5","5","36480","100011174","364759.241802","3394","0"
"candidate-20260807-060515","6d7edc7c29a60a94c59effeeb2b78d8b95038135","default-hasher:b6a599c56dd29bca","rustc 1.97.0 (2d8144b78 2026-07-07)","x86_64-unknown-linux-gnu","Linux 7.0.11-76070011-generic x86_64","Intel(R) Core(TM) Ultra 7 155H","/dev/nvme0n1p3 ext4   rw,noatime,errors=remount-ro","/tmp/pigment-db-durability-bench","pigment_db","buffered","key_set","file","minimal_callback","1","32","5","6","36224","100123738","361792.325412","3438","0"
"candidate-20260807-060515","6d7edc7c29a60a94c59effeeb2b78d8b95038135","default-hasher:b6a599c56dd29bca","rustc 1.97.0 (2d8144b78 2026-07-07)","x86_64-unknown-linux-gnu","Linux 7.0.11-76070011-generic x86_64","Intel(R) Core(TM) Ultra 7 155H","/dev/nvme0n1p3 ext4   rw,noatime,errors=remount-ro","/tmp/pigment-db-durability-bench","pigment_db","buffered","key_set","file","minimal_callback","1","32","5","7","34752","100112200","347130.519557","3479","0"
"candidate-20260807-060515","6d7edc7c29a60a94c59effeeb2b78d8b95038135","default-hasher:b6a599c56dd29bca","rustc 1.97.0 (2d8144b78 2026-07-07)","x86_64-unknown-linux-gnu","Linux 7.0.11-76070011-generic x86_64","Intel(R) Core(TM) Ultra 7 155H","/dev/nvme0n1p3 ext4   rw,noatime,errors=remount-ro","/tmp/pigment-db-durability-bench","pigment_db","buffered","key_set","file","minimal_callback","1","32","5","8","36416","100068324","363911.361202","3395","0"
"candidate-20260807-060515","6d7edc7c29a60a94c59effeeb2b78d8b95038135","default-hasher:b6a599c56dd29bca","rustc 1.97.0 (2d8144b78 2026-07-07)","x86_64-unknown-linux-gnu","Linux 7.0.11-76070011-generic x86_64","Intel(R) Core(TM) Ultra 7 155H","/dev/nvme0n1p3 ext4   rw,noatime,errors=remount-ro","/tmp/pigment-db-durability-bench","pigment_db","buffered","key_set","file","minimal_callback","1","32","5","9","37952","100091945","379171.370883","2955","0"
"candidate-20260807-060515","6d7edc7c29a60a94c59effeeb2b78d8b95038135","default-hasher:b6a599c56dd29bca","rustc 1.97.0 (2d8144b78 2026-07-07)","x86_64-unknown-linux-gnu","Linux 7.0.11-76070011-generic x86_64","Intel(R) Core(TM) Ultra 7 155H","/dev/nvme0n1p3 ext4   rw,noatime,errors=remount-ro","/tmp/pigment-db-durability-bench","pigment_db","buffered","key_set","file","minimal_callback","1","32","5","10","37888","100141832","378343.388006","2985","0"
"candidate-20260807-060515","6d7edc7c29a60a94c59effeeb2b78d8b95038135","default-hasher:b6a599c56dd29bca","rustc 1.97.0 (2d8144b78 2026-07-07)","x86_64-unknown-linux-gnu","Linux 7.0.11-76070011-generic x86_64","Intel(R) Core(TM) Ultra 7 155H","/dev/nvme0n1p3 ext4   rw,noatime,errors=remount-ro","/tmp/pigment-db-durability-bench","pigment_db","buffered","key_set","file","minimal_callback","8","32","5","0","16384","101987072","160647.812303","113957","0"
"candidate-20260807-060515","6d7edc7c29a60a94c59effeeb2b78d8b95038135","default-hasher:b6a599c56dd29bca","rustc 1.97.0 (2d8144b78 2026-07-07)","x86_64-unknown-linux-gnu","Linux 7.0.11-76070011-generic x86_64","Intel(R) Core(TM) Ultra 7 155H","/dev/nvme0n1p3 ext4   rw,noatime,errors=remount-ro","/tmp/pigment-db-durability-bench","pigment_db","buffered","key_set","file","minimal_callback","8","32","5","1","16384","100268343","163401.523450","116561","0"
"candidate-20260807-060515","6d7edc7c29a60a94c59effeeb2b78d8b95038135","default-hasher:b6a599c56dd29bca","rustc 1.97.0 (2d8144b78 2026-07-07)","x86_64-unknown-linux-gnu","Linux 7.0.11-76070011-generic x86_64","Intel(R) Core(TM) Ultra 7 155H","/dev/nvme0n1p3 ext4   rw,noatime,errors=remount-ro","/tmp/pigment-db-durability-bench","pigment_db","buffered","key_set","file","minimal_callback","8","32","5","2","16896","102078653","165519.425496","98851","0"
"candidate-20260807-060515","6d7edc7c29a60a94c59effeeb2b78d8b95038135","default-hasher:b6a599c56dd29bca","rustc 1.97.0 (2d8144b78 2026-07-07)","x86_64-unknown-linux-gnu","Linux 7.0.11-76070011-generic x86_64","Intel(R) Core(TM) Ultra 7 155H","/dev/nvme0n1p3 ext4   rw,noatime,errors=remount-ro","/tmp/pigment-db-durability-bench","pigment_db","buffered","key_set","file","minimal_callback","8","32","5","3","16896","102683881","164543.839164","109151","0"
"candidate-20260807-060515","6d7edc7c29a60a94c59effeeb2b78d8b95038135","default-hasher:b6a599c56dd29bca","rustc 1.97.0 (2d8144b78 2026-07-07)","x86_64-unknown-linux-gnu","Linux 7.0.11-76070011-generic x86_64","Intel(R) Core(TM) Ultra 7 155H","/dev/nvme0n1p3 ext4   rw,noatime,errors=remount-ro","/tmp/pigment-db-durability-bench","pigment_db","buffered","key_set","file","minimal_callback","8","32","5","4","16896","101736055","166076.815147","107907","0"
"candidate-20260807-060515","6d7edc7c29a60a94c59effeeb2b78d8b95038135","default-hasher:b6a599c56dd29bca","rustc 1.97.0 (2d8144b78 2026-07-07)","x86_64-unknown-linux-gnu","Linux 7.0.11-76070011-generic x86_64","Intel(R) Core(TM) Ultra 7 155H","/dev/nvme0n1p3 ext4   rw,noatime,errors=remount-ro","/tmp/pigment-db-durability-bench","pigment_db","buffered","key_set","file","minimal_callback","8","32","5","5","16384","101229895","161849.422051","113678","0"
"candidate-20260807-060515","6d7edc7c29a60a94c59effeeb2b78d8b95038135","default-hasher:b6a599c56dd29bca","rustc 1.97.0 (2d8144b78 2026-07-07)","x86_64-unknown-linux-gnu","Linux 7.0.11-76070011-generic x86_64","Intel(R) Core(TM) Ultra 7 155H","/dev/nvme0n1p3 ext4   rw,noatime,errors=remount-ro","/tmp/pigment-db-durability-bench","pigment_db","buffered","key_set","file","minimal_callback","8","32","5","6","16896","101221729","166920.681626","110381","0"
"candidate-20260807-060515","6d7edc7c29a60a94c59effeeb2b78d8b95038135","default-hasher:b6a599c56dd29bca","rustc 1.97.0 (2d8144b78 2026-07-07)","x86_64-unknown-linux-gnu","Linux 7.0.11-76070011-generic x86_64","Intel(R) Core(TM) Ultra 7 155H","/dev/nvme0n1p3 ext4   rw,noatime,errors=remount-ro","/tmp/pigment-db-durability-bench","pigment_db","buffered","key_set","file","minimal_callback","8","32","5","7","17408","101105149","172177.185556","98944","0"
"candidate-20260807-060515","6d7edc7c29a60a94c59effeeb2b78d8b95038135","default-hasher:b6a599c56dd29bca","rustc 1.97.0 (2d8144b78 2026-07-07)","x86_64-unknown-linux-gnu","Linux 7.0.11-76070011-generic x86_64","Intel(R) Core(TM) Ultra 7 155H","/dev/nvme0n1p3 ext4   rw,noatime,errors=remount-ro","/tmp/pigment-db-durability-bench","pigment_db","buffered","key_set","file","minimal_callback","8","32","5","8","16384","102525323","159804.422172","112379","0"
"candidate-20260807-060515","6d7edc7c29a60a94c59effeeb2b78d8b95038135","default-hasher:b6a599c56dd29bca","rustc 1.97.0 (2d8144b78 2026-07-07)","x86_64-unknown-linux-gnu","Linux 7.0.11-76070011-generic x86_64","Intel(R) Core(TM) Ultra 7 155H","/dev/nvme0n1p3 ext4   rw,noatime,errors=remount-ro","/tmp/pigment-db-durability-bench","pigment_db","buffered","key_set","file","minimal_callback","8","32","5","9","16896","101793271","165983.466628","113039","0"
"candidate-20260807-060515","6d7edc7c29a60a94c59effeeb2b78d8b95038135","default-hasher:b6a599c56dd29bca","rustc 1.97.0 (2d8144b78 2026-07-07)","x86_64-unknown-linux-gnu","Linux 7.0.11-76070011-generic x86_64","Intel(R) Core(TM) Ultra 7 155H","/dev/nvme0n1p3 ext4   rw,noatime,errors=remount-ro","/tmp/pigment-db-durability-bench","pigment_db","buffered","key_set","file","minimal_callback","8","32","5","10","16384","101361958","161638.550826","114338","0"
"candidate-20260807-060515","6d7edc7c29a60a94c59effeeb2b78d8b95038135","default-hasher:b6a599c56dd29bca","rustc 1.97.0 (2d8144b78 2026-07-07)","x86_64-unknown-linux-gnu","Linux 7.0.11-76070011-generic x86_64","Intel(R) Core(TM) Ultra 7 155H","/dev/nvme0n1p3 ext4   rw,noatime,errors=remount-ro","/tmp/pigment-db-durability-bench","pigment_db","buffered","key_map","vector","ordinary_write","1","32","5","0","136896","100018894","1368701.397558","631","0"
"candidate-20260807-060515","6d7edc7c29a60a94c59effeeb2b78d8b95038135","default-hasher:b6a599c56dd29bca","rustc 1.97.0 (2d8144b78 2026-07-07)","x86_64-unknown-linux-gnu","Linux 7.0.11-76070011-generic x86_64","Intel(R) Core(TM) Ultra 7 155H","/dev/nvme0n1p3 ext4   rw,noatime,errors=remount-ro","/tmp/pigment-db-durability-bench","pigment_db","buffered","key_map","vector","ordinary_write","1","32","5","1","136128","100019294","1361017.405302","631","0"
"candidate-20260807-060515","6d7edc7c29a60a94c59effeeb2b78d8b95038135","default-hasher:b6a599c56dd29bca","rustc 1.97.0 (2d8144b78 2026-07-07)","x86_64-unknown-linux-gnu","Linux 7.0.11-76070011-generic x86_64","Intel(R) Core(TM) Ultra 7 155H","/dev/nvme0n1p3 ext4   rw,noatime,errors=remount-ro","/tmp/pigment-db-durability-bench","pigment_db","buffered","key_map","vector","ordinary_write","1","32","5","2","134080","100025525","1340457.848134","681","0"
"candidate-20260807-060515","6d7edc7c29a60a94c59effeeb2b78d8b95038135","default-hasher:b6a599c56dd29bca","rustc 1.97.0 (2d8144b78 2026-07-07)","x86_64-unknown-linux-gnu","Linux 7.0.11-76070011-generic x86_64","Intel(R) Core(TM) Ultra 7 155H","/dev/nvme0n1p3 ext4   rw,noatime,errors=remount-ro","/tmp/pigment-db-durability-bench","pigment_db","buffered","key_map","vector","ordinary_write","1","32","5","3","137024","100014689","1370038.755007","625","0"
"candidate-20260807-060515","6d7edc7c29a60a94c59effeeb2b78d8b95038135","default-hasher:b6a599c56dd29bca","rustc 1.97.0 (2d8144b78 2026-07-07)","x86_64-unknown-linux-gnu","Linux 7.0.11-76070011-generic x86_64","Intel(R) Core(TM) Ultra 7 155H","/dev/nvme0n1p3 ext4   rw,noatime,errors=remount-ro","/tmp/pigment-db-durability-bench","pigment_db","buffered","key_map","vector","ordinary_write","1","32","5","4","135616","100008036","1356051.027739","642","0"
"candidate-20260807-060515","6d7edc7c29a60a94c59effeeb2b78d8b95038135","default-hasher:b6a599c56dd29bca","rustc 1.97.0 (2d8144b78 2026-07-07)","x86_64-unknown-linux-gnu","Linux 7.0.11-76070011-generic x86_64","Intel(R) Core(TM) Ultra 7 155H","/dev/nvme0n1p3 ext4   rw,noatime,errors=remount-ro","/tmp/pigment-db-durability-bench","pigment_db","buffered","key_map","vector","ordinary_write","1","32","5","5","136384","100025399","1363493.686239","632","0"
"candidate-20260807-060515","6d7edc7c29a60a94c59effeeb2b78d8b95038135","default-hasher:b6a599c56dd29bca","rustc 1.97.0 (2d8144b78 2026-07-07)","x86_64-unknown-linux-gnu","Linux 7.0.11-76070011-generic x86_64","Intel(R) Core(TM) Ultra 7 155H","/dev/nvme0n1p3 ext4   rw,noatime,errors=remount-ro","/tmp/pigment-db-durability-bench","pigment_db","buffered","key_map","vector","ordinary_write","1","32","5","6","137024","100038062","1369718.657685","627","0"
"candidate-20260807-060515","6d7edc7c29a60a94c59effeeb2b78d8b95038135","default-hasher:b6a599c56dd29bca","rustc 1.97.0 (2d8144b78 2026-07-07)","x86_64-unknown-linux-gnu","Linux 7.0.11-76070011-generic x86_64","Intel(R) Core(TM) Ultra 7 155H","/dev/nvme0n1p3 ext4   rw,noatime,errors=remount-ro","/tmp/pigment-db-durability-bench","pigment_db","buffered","key_map","vector","ordinary_write","1","32","5","7","132160","100004551","1321539.856721","642","0"
"candidate-20260807-060515","6d7edc7c29a60a94c59effeeb2b78d8b95038135","default-hasher:b6a599c56dd29bca","rustc 1.97.0 (2d8144b78 2026-07-07)","x86_64-unknown-linux-gnu","Linux 7.0.11-76070011-generic x86_64","Intel(R) Core(TM) Ultra 7 155H","/dev/nvme0n1p3 ext4   rw,noatime,errors=remount-ro","/tmp/pigment-db-durability-bench","pigment_db","buffered","key_map","vector","ordinary_write","1","32","5","8","136832","100025849","1367966.394367","636","0"
"candidate-20260807-060515","6d7edc7c29a60a94c59effeeb2b78d8b95038135","default-hasher:b6a599c56dd29bca","rustc 1.97.0 (2d8144b78 2026-07-07)","x86_64-unknown-linux-gnu","Linux 7.0.11-76070011-generic x86_64","Intel(R) Core(TM) Ultra 7 155H","/dev/nvme0n1p3 ext4   rw,noatime,errors=remount-ro","/tmp/pigment-db-durability-bench","pigment_db","buffered","key_map","vector","ordinary_write","1","32","5","9","136256","100033616","1362102.115753","633","0"
"candidate-20260807-060515","6d7edc7c29a60a94c59effeeb2b78d8b95038135","default-hasher:b6a599c56dd29bca","rustc 1.97.0 (2d8144b78 2026-07-07)","x86_64-unknown-linux-gnu","Linux 7.0.11-76070011-generic x86_64","Intel(R) Core(TM) Ultra 7 155H","/dev/nvme0n1p3 ext4   rw,noatime,errors=remount-ro","/tmp/pigment-db-durability-bench","pigment_db","buffered","key_map","vector","ordinary_write","1","32","5","10","140032","100026981","1399942.281573","614","0"
"candidate-20260807-060515","6d7edc7c29a60a94c59effeeb2b78d8b95038135","default-hasher:b6a599c56dd29bca","rustc 1.97.0 (2d8144b78 2026-07-07)","x86_64-unknown-linux-gnu","Linux 7.0.11-76070011-generic x86_64","Intel(R) Core(TM) Ultra 7 155H","/dev/nvme0n1p3 ext4   rw,noatime,errors=remount-ro","/tmp/pigment-db-durability-bench","pigment_db","buffered","key_map","vector","ordinary_write","8","32","5","0","90624","100404831","902586.051860","19755","0"
"candidate-20260807-060515","6d7edc7c29a60a94c59effeeb2b78d8b95038135","default-hasher:b6a599c56dd29bca","rustc 1.97.0 (2d8144b78 2026-07-07)","x86_64-unknown-linux-gnu","Linux 7.0.11-76070011-generic x86_64","Intel(R) Core(TM) Ultra 7 155H","/dev/nvme0n1p3 ext4   rw,noatime,errors=remount-ro","/tmp/pigment-db-durability-bench","pigment_db","buffered","key_map","vector","ordinary_write","8","32","5","1","93184","100373788","928369.864850","19126","0"
"candidate-20260807-060515","6d7edc7c29a60a94c59effeeb2b78d8b95038135","default-hasher:b6a599c56dd29bca","rustc 1.97.0 (2d8144b78 2026-07-07)","x86_64-unknown-linux-gnu","Linux 7.0.11-76070011-generic x86_64","Intel(R) Core(TM) Ultra 7 155H","/dev/nvme0n1p3 ext4   rw,noatime,errors=remount-ro","/tmp/pigment-db-durability-bench","pigment_db","buffered","key_map","vector","ordinary_write","8","32","5","2","89600","100186165","894335.061133","19951","0"
"candidate-20260807-060515","6d7edc7c29a60a94c59effeeb2b78d8b95038135","default-hasher:b6a599c56dd29bca","rustc 1.97.0 (2d8144b78 2026-07-07)","x86_64-unknown-linux-gnu","Linux 7.0.11-76070011-generic x86_64","Intel(R) Core(TM) Ultra 7 155H","/dev/nvme0n1p3 ext4   rw,noatime,errors=remount-ro","/tmp/pigment-db-durability-bench","pigment_db","buffered","key_map","vector","ordinary_write","8","32","5","3","95744","100279909","954767.519783","18904","0"
"candidate-20260807-060515","6d7edc7c29a60a94c59effeeb2b78d8b95038135","default-hasher:b6a599c56dd29bca","rustc 1.97.0 (2d8144b78 2026-07-07)","x86_64-unknown-linux-gnu","Linux 7.0.11-76070011-generic x86_64","Intel(R) Core(TM) Ultra 7 155H","/dev/nvme0n1p3 ext4   rw,noatime,errors=remount-ro","/tmp/pigment-db-durability-bench","pigment_db","buffered","key_map","vector","ordinary_write","8","32","5","4","89600","100453417","891955.721128","20055","0"
"candidate-20260807-060515","6d7edc7c29a60a94c59effeeb2b78d8b95038135","default-hasher:b6a599c56dd29bca","rustc 1.97.0 (2d8144b78 2026-07-07)","x86_64-unknown-linux-gnu","Linux 7.0.11-76070011-generic x86_64","Intel(R) Core(TM) Ultra 7 155H","/dev/nvme0n1p3 ext4   rw,noatime,errors=remount-ro","/tmp/pigment-db-durability-bench","pigment_db","buffered","key_map","vector","ordinary_write","8","32","5","5","90112","100141718","899844.758006","19616","0"
"candidate-20260807-060515","6d7edc7c29a60a94c59effeeb2b78d8b95038135","default-hasher:b6a599c56dd29bca","rustc 1.97.0 (2d8144b78 2026-07-07)","x86_64-unknown-linux-gnu","Linux 7.0.11-76070011-generic x86_64","Intel(R) Core(TM) Ultra 7 155H","/dev/nvme0n1p3 ext4   rw,noatime,errors=remount-ro","/tmp/pigment-db-durability-bench","pigment_db","buffered","key_map","vector","ordinary_write","8","32","5","6","89600","100431866","892147.119919","19350","0"
"candidate-20260807-060515","6d7edc7c29a60a94c59effeeb2b78d8b95038135","default-hasher:b6a599c56dd29bca","rustc 1.97.0 (2d8144b78 2026-07-07)","x86_64-unknown-linux-gnu","Linux 7.0.11-76070011-generic x86_64","Intel(R) Core(TM) Ultra 7 155H","/dev/nvme0n1p3 ext4   rw,noatime,errors=remount-ro","/tmp/pigment-db-durability-bench","pigment_db","buffered","key_map","vector","ordinary_write","8","32","5","7","92160","100292825","918909.204123","19353","0"
"candidate-20260807-060515","6d7edc7c29a60a94c59effeeb2b78d8b95038135","default-hasher:b6a599c56dd29bca","rustc 1.97.0 (2d8144b78 2026-07-07)","x86_64-unknown-linux-gnu","Linux 7.0.11-76070011-generic x86_64","Intel(R) Core(TM) Ultra 7 155H","/dev/nvme0n1p3 ext4   rw,noatime,errors=remount-ro","/tmp/pigment-db-durability-bench","pigment_db","buffered","key_map","vector","ordinary_write","8","32","5","8","96256","100461960","958133.805074","19142","0"
"candidate-20260807-060515","6d7edc7c29a60a94c59effeeb2b78d8b95038135","default-hasher:b6a599c56dd29bca","rustc 1.97.0 (2d8144b78 2026-07-07)","x86_64-unknown-linux-gnu","Linux 7.0.11-76070011-generic x86_64","Intel(R) Core(TM) Ultra 7 155H","/dev/nvme0n1p3 ext4   rw,noatime,errors=remount-ro","/tmp/pigment-db-durability-bench","pigment_db","buffered","key_map","vector","ordinary_write","8","32","5","9","88064","100029102","880383.790709","19854","0"
"candidate-20260807-060515","6d7edc7c29a60a94c59effeeb2b78d8b95038135","default-hasher:b6a599c56dd29bca","rustc 1.97.0 (2d8144b78 2026-07-07)","x86_64-unknown-linux-gnu","Linux 7.0.11-76070011-generic x86_64","Intel(R) Core(TM) Ultra 7 155H","/dev/nvme0n1p3 ext4   rw,noatime,errors=remount-ro","/tmp/pigment-db-durability-bench","pigment_db","buffered","key_map","vector","ordinary_write","8","32","5","10","86016","100107467","859236.604199","20038","0"
"candidate-20260807-060515","6d7edc7c29a60a94c59effeeb2b78d8b95038135","default-hasher:b6a599c56dd29bca","rustc 1.97.0 (2d8144b78 2026-07-07)","x86_64-unknown-linux-gnu","Linux 7.0.11-76070011-generic x86_64","Intel(R) Core(TM) Ultra 7 155H","/dev/nvme0n1p3 ext4   rw,noatime,errors=remount-ro","/tmp/pigment-db-durability-bench","pigment_db","buffered","key_map","vector","successful_remove","1","32","5","0","100544","100014875","1005290.463044","1120","0"
"candidate-20260807-060515","6d7edc7c29a60a94c59effeeb2b78d8b95038135","default-hasher:b6a599c56dd29bca","rustc 1.97.0 (2d8144b78 2026-07-07)","x86_64-unknown-linux-gnu","Linux 7.0.11-76070011-generic x86_64","Intel(R) Core(TM) Ultra 7 155H","/dev/nvme0n1p3 ext4   rw,noatime,errors=remount-ro","/tmp/pigment-db-durability-bench","pigment_db","buffered","key_map","vector","successful_remove","1","32","5","1","99904","100056901","998471.859527","1123","0"
"candidate-20260807-060515","6d7edc7c29a60a94c59effeeb2b78d8b95038135","default-hasher:b6a599c56dd29bca","rustc 1.97.0 (2d8144b78 2026-07-07)","x86_64-unknown-linux-gnu","Linux 7.0.11-76070011-generic x86_64","Intel(R) Core(TM) Ultra 7 155H","/dev/nvme0n1p3 ext4   rw,noatime,errors=remount-ro","/tmp/pigment-db-durability-bench","pigment_db","buffered","key_map","vector","successful_remove","1","32","5","2","99904","100021392","998826.331071","1155","0"
"candidate-20260807-060515","6d7edc7c29a60a94c59effeeb2b78d8b95038135","default-hasher:b6a599c56dd29bca","rustc 1.97.0 (2d8144b78 2026-07-07)","x86_64-unknown-linux-gnu","Linux 7.0.11-76070011-generic x86_64","Intel(R) Core(TM) Ultra 7 155H","/dev/nvme0n1p3 ext4   rw,noatime,errors=remount-ro","/tmp/pigment-db-durability-bench","pigment_db","buffered","key_map","vector","successful_remove","1","32","5","3","99392","100010236","993818.272762","1221","0"
"candidate-20260807-060515","6d7edc7c29a60a94c59effeeb2b78d8b95038135","default-hasher:b6a599c56dd29bca","rustc 1.97.0 (2d8144b78 2026-07-07)","x86_64-unknown-linux-gnu","Linux 7.0.11-76070011-generic x86_64","Intel(R) Core(TM) Ultra 7 155H","/dev/nvme0n1p3 ext4   rw,noatime,errors=remount-ro","/tmp/pigment-db-durability-bench","pigment_db","buffered","key_map","vector","successful_remove","1","32","5","4","100608","100012489","1005954.366359","1125","0"
"candidate-20260807-060515","6d7edc7c29a60a94c59effeeb2b78d8b95038135","default-hasher:b6a599c56dd29bca","rustc 1.97.0 (2d8144b78 2026-07-07)","x86_64-unknown-linux-gnu","Linux 7.0.11-76070011-generic x86_64","Intel(R) Core(TM) Ultra 7 155H","/dev/nvme0n1p3 ext4   rw,noatime,errors=remount-ro","/tmp/pigment-db-durability-bench","pigment_db","buffered","key_map","vector","successful_remove","1","32","5","5","100288","100034883","1002530.287360","1125","0"
"candidate-20260807-060515","6d7edc7c29a60a94c59effeeb2b78d8b95038135","default-hasher:b6a599c56dd29bca","rustc 1.97.0 (2d8144b78 2026-07-07)","x86_64-unknown-linux-gnu","Linux 7.0.11-76070011-generic x86_64","Intel(R) Core(TM) Ultra 7 155H","/dev/nvme0n1p3 ext4   rw,noatime,errors=remount-ro","/tmp/pigment-db-durability-bench","pigment_db","buffered","key_map","vector","successful_remove","1","32","5","6","100672","100050117","1006215.714870","1109","0"
"candidate-20260807-060515","6d7edc7c29a60a94c59effeeb2b78d8b95038135","default-hasher:b6a599c56dd29bca","rustc 1.97.0 (2d8144b78 2026-07-07)","x86_64-unknown-linux-gnu","Linux 7.0.11-76070011-generic x86_64","Intel(R) Core(TM) Ultra 7 155H","/dev/nvme0n1p3 ext4   rw,noatime,errors=remount-ro","/tmp/pigment-db-durability-bench","pigment_db","buffered","key_map","vector","successful_remove","1","32","5","7","98240","100057507","981835.375930","1207","0"
"candidate-20260807-060515","6d7edc7c29a60a94c59effeeb2b78d8b95038135","default-hasher:b6a599c56dd29bca","rustc 1.97.0 (2d8144b78 2026-07-07)","x86_64-unknown-linux-gnu","Linux 7.0.11-76070011-generic x86_64","Intel(R) Core(TM) Ultra 7 155H","/dev/nvme0n1p3 ext4   rw,noatime,errors=remount-ro","/tmp/pigment-db-durability-bench","pigment_db","buffered","key_map","vector","successful_remove","1","32","5","8","103232","100006985","1032247.897484","1089","0"
"candidate-20260807-060515","6d7edc7c29a60a94c59effeeb2b78d8b95038135","default-hasher:b6a599c56dd29bca","rustc 1.97.0 (2d8144b78 2026-07-07)","x86_64-unknown-linux-gnu","Linux 7.0.11-76070011-generic x86_64","Intel(R) Core(TM) Ultra 7 155H","/dev/nvme0n1p3 ext4   rw,noatime,errors=remount-ro","/tmp/pigment-db-durability-bench","pigment_db","buffered","key_map","vector","successful_remove","1","32","5","9","101120","100021035","1010987.338813","1223","0"
"candidate-20260807-060515","6d7edc7c29a60a94c59effeeb2b78d8b95038135","default-hasher:b6a599c56dd29bca","rustc 1.97.0 (2d8144b78 2026-07-07)","x86_64-unknown-linux-gnu","Linux 7.0.11-76070011-generic x86_64","Intel(R) Core(TM) Ultra 7 155H","/dev/nvme0n1p3 ext4   rw,noatime,errors=remount-ro","/tmp/pigment-db-durability-bench","pigment_db","buffered","key_map","vector","successful_remove","1","32","5","10","103360","100016940","1033424.937816","1090","0"
"candidate-20260807-060515","6d7edc7c29a60a94c59effeeb2b78d8b95038135","default-hasher:b6a599c56dd29bca","rustc 1.97.0 (2d8144b78 2026-07-07)","x86_64-unknown-linux-gnu","Linux 7.0.11-76070011-generic x86_64","Intel(R) Core(TM) Ultra 7 155H","/dev/nvme0n1p3 ext4   rw,noatime,errors=remount-ro","/tmp/pigment-db-durability-bench","pigment_db","buffered","key_map","vector","successful_remove","8","32","5","0","64512","100095592","644503.905826","29470","0"
"candidate-20260807-060515","6d7edc7c29a60a94c59effeeb2b78d8b95038135","default-hasher:b6a599c56dd29bca","rustc 1.97.0 (2d8144b78 2026-07-07)","x86_64-unknown-linux-gnu","Linux 7.0.11-76070011-generic x86_64","Intel(R) Core(TM) Ultra 7 155H","/dev/nvme0n1p3 ext4   rw,noatime,errors=remount-ro","/tmp/pigment-db-durability-bench","pigment_db","buffered","key_map","vector","successful_remove","8","32","5","1","66560","100336898","663365.136124","29479","0"
"candidate-20260807-060515","6d7edc7c29a60a94c59effeeb2b78d8b95038135","default-hasher:b6a599c56dd29bca","rustc 1.97.0 (2d8144b78 2026-07-07)","x86_64-unknown-linux-gnu","Linux 7.0.11-76070011-generic x86_64","Intel(R) Core(TM) Ultra 7 155H","/dev/nvme0n1p3 ext4   rw,noatime,errors=remount-ro","/tmp/pigment-db-durability-bench","pigment_db","buffered","key_map","vector","successful_remove","8","32","5","2","64000","100912658","634211.815132","29938","0"
"candidate-20260807-060515","6d7edc7c29a60a94c59effeeb2b78d8b95038135","default-hasher:b6a599c56dd29bca","rustc 1.97.0 (2d8144b78 2026-07-07)","x86_64-unknown-linux-gnu","Linux 7.0.11-76070011-generic x86_64","Intel(R) Core(TM) Ultra 7 155H","/dev/nvme0n1p3 ext4   rw,noatime,errors=remount-ro","/tmp/pigment-db-durability-bench","pigment_db","buffered","key_map","vector","successful_remove","8","32","5","3","61440","100091297","613839.582876","29621","0"
"candidate-20260807-060515","6d7edc7c29a60a94c59effeeb2b78d8b95038135","default-hasher:b6a599c56dd29bca","rustc 1.97.0 (2d8144b78 2026-07-07)","x86_64-unknown-linux-gnu","Linux 7.0.11-76070011-generic x86_64","Intel(R) Core(TM) Ultra 7 155H","/dev/nvme0n1p3 ext4   rw,noatime,errors=remount-ro","/tmp/pigment-db-durability-bench","pigment_db","buffered","key_map","vector","successful_remove","8","32","5","4","58368","100333193","581741.677453","29503","0"
"candidate-20260807-060515","6d7edc7c29a60a94c59effeeb2b78d8b95038135","default-hasher:b6a599c56dd29bca","rustc 1.97.0 (2d8144b78 2026-07-07)","x86_64-unknown-linux-gnu","Linux 7.0.11-76070011-generic x86_64","Intel(R) Core(TM) Ultra 7 155H","/dev/nvme0n1p3 ext4   rw,noatime,errors=remount-ro","/tmp/pigment-db-durability-bench","pigment_db","buffered","key_map","vector","successful_remove","8","32","5","5","62464","100647000","620624.559103","28930","0"
"candidate-20260807-060515","6d7edc7c29a60a94c59effeeb2b78d8b95038135","default-hasher:b6a599c56dd29bca","rustc 1.97.0 (2d8144b78 2026-07-07)","x86_64-unknown-linux-gnu","Linux 7.0.11-76070011-generic x86_64","Intel(R) Core(TM) Ultra 7 155H","/dev/nvme0n1p3 ext4   rw,noatime,errors=remount-ro","/tmp/pigment-db-durability-bench","pigment_db","buffered","key_map","vector","successful_remove","8","32","5","6","64512","100431421","642348.772502","29738","0"
"candidate-20260807-060515","6d7edc7c29a60a94c59effeeb2b78d8b95038135","default-hasher:b6a599c56dd29bca","rustc 1.97.0 (2d8144b78 2026-07-07)","x86_64-unknown-linux-gnu","Linux 7.0.11-76070011-generic x86_64","Intel(R) Core(TM) Ultra 7 155H","/dev/nvme0n1p3 ext4   rw,noatime,errors=remount-ro","/tmp/pigment-db-durability-bench","pigment_db","buffered","key_map","vector","successful_remove","8","32","5","7","65536","100292743","653447.079416","29061","0"
"candidate-20260807-060515","6d7edc7c29a60a94c59effeeb2b78d8b95038135","default-hasher:b6a599c56dd29bca","rustc 1.97.0 (2d8144b78 2026-07-07)","x86_64-unknown-linux-gnu","Linux 7.0.11-76070011-generic x86_64","Intel(R) Core(TM) Ultra 7 155H","/dev/nvme0n1p3 ext4   rw,noatime,errors=remount-ro","/tmp/pigment-db-durability-bench","pigment_db","buffered","key_map","vector","successful_remove","8","32","5","8","61952","100002788","619502.728264","29502","0"
"candidate-20260807-060515","6d7edc7c29a60a94c59effeeb2b78d8b95038135","default-hasher:b6a599c56dd29bca","rustc 1.97.0 (2d8144b78 2026-07-07)","x86_64-unknown-linux-gnu","Linux 7.0.11-76070011-generic x86_64","Intel(R) Core(TM) Ultra 7 155H","/dev/nvme0n1p3 ext4   rw,noatime,errors=remount-ro","/tmp/pigment-db-durability-bench","pigment_db","buffered","key_map","vector","successful_remove","8","32","5","9","66560","100168372","664481.199714","29092","0"
"candidate-20260807-060515","6d7edc7c29a60a94c59effeeb2b78d8b95038135","default-hasher:b6a599c56dd29bca","rustc 1.97.0 (2d8144b78 2026-07-07)","x86_64-unknown-linux-gnu","Linux 7.0.11-76070011-generic x86_64","Intel(R) Core(TM) Ultra 7 155H","/dev/nvme0n1p3 ext4   rw,noatime,errors=remount-ro","/tmp/pigment-db-durability-bench","pigment_db","buffered","key_map","vector","successful_remove","8","32","5","10","64512","100026727","644947.624848","29394","0"
"candidate-20260807-060515","6d7edc7c29a60a94c59effeeb2b78d8b95038135","default-hasher:b6a599c56dd29bca","rustc 1.97.0 (2d8144b78 2026-07-07)","x86_64-unknown-linux-gnu","Linux 7.0.11-76070011-generic x86_64","Intel(R) Core(TM) Ultra 7 155H","/dev/nvme0n1p3 ext4   rw,noatime,errors=remount-ro","/tmp/pigment-db-durability-bench","pigment_db","buffered","key_map","vector","minimal_callback","1","32","5","0","57920","100075687","578761.952441","1827","0"
"candidate-20260807-060515","6d7edc7c29a60a94c59effeeb2b78d8b95038135","default-hasher:b6a599c56dd29bca","rustc 1.97.0 (2d8144b78 2026-07-07)","x86_64-unknown-linux-gnu","Linux 7.0.11-76070011-generic x86_64","Intel(R) Core(TM) Ultra 7 155H","/dev/nvme0n1p3 ext4   rw,noatime,errors=remount-ro","/tmp/pigment-db-durability-bench","pigment_db","buffered","key_map","vector","minimal_callback","1","32","5","1","49920","100068198","498859.787602","2842","0"
"candidate-20260807-060515","6d7edc7c29a60a94c59effeeb2b78d8b95038135","default-hasher:b6a599c56dd29bca","rustc 1.97.0 (2d8144b78 2026-07-07)","x86_64-unknown-linux-gnu","Linux 7.0.11-76070011-generic x86_64","Intel(R) Core(TM) Ultra 7 155H","/dev/nvme0n1p3 ext4   rw,noatime,errors=remount-ro","/tmp/pigment-db-durability-bench","pigment_db","buffered","key_map","vector","minimal_callback","1","32","5","2","50816","100106101","507621.408609","2267","0"
"candidate-20260807-060515","6d7edc7c29a60a94c59effeeb2b78d8b95038135","default-hasher:b6a599c56dd29bca","rustc 1.97.0 (2d8144b78 2026-07-07)","x86_64-unknown-linux-gnu","Linux 7.0.11-76070011-generic x86_64","Intel(R) Core(TM) Ultra 7 155H","/dev/nvme0n1p3 ext4   rw,noatime,errors=remount-ro","/tmp/pigment-db-durability-bench","pigment_db","buffered","key_map","vector","minimal_callback","1","32","5","3","51648","100002029","516469.520833","2189","0"
"candidate-20260807-060515","6d7edc7c29a60a94c59effeeb2b78d8b95038135","default-hasher:b6a599c56dd29bca","rustc 1.97.0 (2d8144b78 2026-07-07)","x86_64-unknown-linux-gnu","Linux 7.0.11-76070011-generic x86_64","Intel(R) Core(TM) Ultra 7 155H","/dev/nvme0n1p3 ext4   rw,noatime,errors=remount-ro","/tmp/pigment-db-durability-bench","pigment_db","buffered","key_map","vector","minimal_callback","1","32","5","4","51904","100090078","518572.879921","2133","0"
"candidate-20260807-060515","6d7edc7c29a60a94c59effeeb2b78d8b95038135","default-hasher:b6a599c56dd29bca","rustc 1.97.0 (2d8144b78 2026-07-07)","x86_64-unknown-linux-gnu","Linux 7.0.11-76070011-generic x86_64","Intel(R) Core(TM) Ultra 7 155H","/dev/nvme0n1p3 ext4   rw,noatime,errors=remount-ro","/tmp/pigment-db-durability-bench","pigment_db","buffered","key_map","vector","minimal_callback","1","32","5","5","51904","100094886","518547.970573","2134","0"
"candidate-20260807-060515","6d7edc7c29a60a94c59effeeb2b78d8b95038135","default-hasher:b6a599c56dd29bca","rustc 1.97.0 (2d8144b78 2026-07-07)","x86_64-unknown-linux-gnu","Linux 7.0.11-76070011-generic x86_64","Intel(R) Core(TM) Ultra 7 155H","/dev/nvme0n1p3 ext4   rw,noatime,errors=remount-ro","/tmp/pigment-db-durability-bench","pigment_db","buffered","key_map","vector","minimal_callback","1","32","5","6","51776","100027941","517615.373089","2162","0"
"candidate-20260807-060515","6d7edc7c29a60a94c59effeeb2b78d8b95038135","default-hasher:b6a599c56dd29bca","rustc 1.97.0 (2d8144b78 2026-07-07)","x86_64-unknown-linux-gnu","Linux 7.0.11-76070011-generic x86_64","Intel(R) Core(TM) Ultra 7 155H","/dev/nvme0n1p3 ext4   rw,noatime,errors=remount-ro","/tmp/pigment-db-durability-bench","pigment_db","buffered","key_map","vector","minimal_callback","1","32","5","7","51712","100138955","516402.432999","2194","0"
"candidate-20260807-060515","6d7edc7c29a60a94c59effeeb2b78d8b95038135","default-hasher:b6a599c56dd29bca","rustc 1.97.0 (2d8144b78 2026-07-07)","x86_64-unknown-linux-gnu","Linux 7.0.11-76070011-generic x86_64","Intel(R) Core(TM) Ultra 7 155H","/dev/nvme0n1p3 ext4   rw,noatime,errors=remount-ro","/tmp/pigment-db-durability-bench","pigment_db","buffered","key_map","vector","minimal_callback","1","32","5","8","51648","100085010","516041.313280","2163","0"
"candidate-20260807-060515","6d7edc7c29a60a94c59effeeb2b78d8b95038135","default-hasher:b6a599c56dd29bca","rustc 1.97.0 (2d8144b78 2026-07-07)","x86_64-unknown-linux-gnu","Linux 7.0.11-76070011-generic x86_64","Intel(R) Core(TM) Ultra 7 155H","/dev/nvme0n1p3 ext4   rw,noatime,errors=remount-ro","/tmp/pigment-db-durability-bench","pigment_db","buffered","key_map","vector","minimal_callback","1","32","5","9","51136","100058269","511062.209161","2299","0"
"candidate-20260807-060515","6d7edc7c29a60a94c59effeeb2b78d8b95038135","default-hasher:b6a599c56dd29bca","rustc 1.97.0 (2d8144b78 2026-07-07)","x86_64-unknown-linux-gnu","Linux 7.0.11-76070011-generic x86_64","Intel(R) Core(TM) Ultra 7 155H","/dev/nvme0n1p3 ext4   rw,noatime,errors=remount-ro","/tmp/pigment-db-durability-bench","pigment_db","buffered","key_map","vector","minimal_callback","1","32","5","10","47616","100011545","476105.033674","3183","0"
"candidate-20260807-060515","6d7edc7c29a60a94c59effeeb2b78d8b95038135","default-hasher:b6a599c56dd29bca","rustc 1.97.0 (2d8144b78 2026-07-07)","x86_64-unknown-linux-gnu","Linux 7.0.11-76070011-generic x86_64","Intel(R) Core(TM) Ultra 7 155H","/dev/nvme0n1p3 ext4   rw,noatime,errors=remount-ro","/tmp/pigment-db-durability-bench","pigment_db","buffered","key_map","vector","minimal_callback","8","32","5","0","29696","100090564","296691.304487","95872","0"
"candidate-20260807-060515","6d7edc7c29a60a94c59effeeb2b78d8b95038135","default-hasher:b6a599c56dd29bca","rustc 1.97.0 (2d8144b78 2026-07-07)","x86_64-unknown-linux-gnu","Linux 7.0.11-76070011-generic x86_64","Intel(R) Core(TM) Ultra 7 155H","/dev/nvme0n1p3 ext4   rw,noatime,errors=remount-ro","/tmp/pigment-db-durability-bench","pigment_db","buffered","key_map","vector","minimal_callback","8","32","5","1","28160","101419244","277659.336526","94131","0"
"candidate-20260807-060515","6d7edc7c29a60a94c59effeeb2b78d8b95038135","default-hasher:b6a599c56dd29bca","rustc 1.97.0 (2d8144b78 2026-07-07)","x86_64-unknown-linux-gnu","Linux 7.0.11-76070011-generic x86_64","Intel(R) Core(TM) Ultra 7 155H","/dev/nvme0n1p3 ext4   rw,noatime,errors=remount-ro","/tmp/pigment-db-durability-bench","pigment_db","buffered","key_map","vector","minimal_callback","8","32","5","2","28672","101624530","282136.606191","95131","0"
"candidate-20260807-060515","6d7edc7c29a60a94c59effeeb2b78d8b95038135","default-hasher:b6a599c56dd29bca","rustc 1.97.0 (2d8144b78 2026-07-07)","x86_64-unknown-linux-gnu","Linux 7.0.11-76070011-generic x86_64","Intel(R) Core(TM) Ultra 7 155H","/dev/nvme0n1p3 ext4   rw,noatime,errors=remount-ro","/tmp/pigment-db-durability-bench","pigment_db","buffered","key_map","vector","minimal_callback","8","32","5","3","29184","100384297","290722.761151","81984","0"
"candidate-20260807-060515","6d7edc7c29a60a94c59effeeb2b78d8b95038135","default-hasher:b6a599c56dd29bca","rustc 1.97.0 (2d8144b78 2026-07-07)","x86_64-unknown-linux-gnu","Linux 7.0.11-76070011-generic x86_64","Intel(R) Core(TM) Ultra 7 155H","/dev/nvme0n1p3 ext4   rw,noatime,errors=remount-ro","/tmp/pigment-db-durability-bench","pigment_db","buffered","key_map","vector","minimal_callback","8","32","5","4","29184","101030186","288864.161846","93485","0"
"candidate-20260807-060515","6d7edc7c29a60a94c59effeeb2b78d8b95038135","default-hasher:b6a599c56dd29bca","rustc 1.97.0 (2d8144b78 2026-07-07)","x86_64-unknown-linux-gnu","Linux 7.0.11-76070011-generic x86_64","Intel(R) Core(TM) Ultra 7 155H","/dev/nvme0n1p3 ext4   rw,noatime,errors=remount-ro","/tmp/pigment-db-durability-bench","pigment_db","buffered","key_map","vector","minimal_callback","8","32","5","5","27136","101789299","266589.909417","92244","0"
"candidate-20260807-060515","6d7edc7c29a60a94c59effeeb2b78d8b95038135","default-hasher:b6a599c56dd29bca","rustc 1.97.0 (2d8144b78 2026-07-07)","x86_64-unknown-linux-gnu","Linux 7.0.11-76070011-generic x86_64","Intel(R) Core(TM) Ultra 7 155H","/dev/nvme0n1p3 ext4   rw,noatime,errors=remount-ro","/tmp/pigment-db-durability-bench","pigment_db","buffered","key_map","vector","minimal_callback","8","32","5","6","28672","101328321","282961.364770","87406","0"
"candidate-20260807-060515","6d7edc7c29a60a94c59effeeb2b78d8b95038135","default-hasher:b6a599c56dd29bca","rustc 1.97.0 (2d8144b78 2026-07-07)","x86_64-unknown-linux-gnu","Linux 7.0.11-76070011-generic x86_64","Intel(R) Core(TM) Ultra 7 155H","/dev/nvme0n1p3 ext4   rw,noatime,errors=remount-ro","/tmp/pigment-db-durability-bench","pigment_db","buffered","key_map","vector","minimal_callback","8","32","5","7","30208","100430736","300784.413250","81707","0"
"candidate-20260807-060515","6d7edc7c29a60a94c59effeeb2b78d8b95038135","default-hasher:b6a599c56dd29bca","rustc 1.97.0 (2d8144b78 2026-07-07)","x86_64-unknown-linux-gnu","Linux 7.0.11-76070011-generic x86_64","Intel(R) Core(TM) Ultra 7 155H","/dev/nvme0n1p3 ext4   rw,noatime,errors=remount-ro","/tmp/pigment-db-durability-bench","pigment_db","buffered","key_map","vector","minimal_callback","8","32","5","8","29696","100007014","296939.172686","92472","0"
"candidate-20260807-060515","6d7edc7c29a60a94c59effeeb2b78d8b95038135","default-hasher:b6a599c56dd29bca","rustc 1.97.0 (2d8144b78 2026-07-07)","x86_64-unknown-linux-gnu","Linux 7.0.11-76070011-generic x86_64","Intel(R) Core(TM) Ultra 7 155H","/dev/nvme0n1p3 ext4   rw,noatime,errors=remount-ro","/tmp/pigment-db-durability-bench","pigment_db","buffered","key_map","vector","minimal_callback","8","32","5","9","28160","101005219","278797.474812","96495","0"
"candidate-20260807-060515","6d7edc7c29a60a94c59effeeb2b78d8b95038135","default-hasher:b6a599c56dd29bca","rustc 1.97.0 (2d8144b78 2026-07-07)","x86_64-unknown-linux-gnu","Linux 7.0.11-76070011-generic x86_64","Intel(R) Core(TM) Ultra 7 155H","/dev/nvme0n1p3 ext4   rw,noatime,errors=remount-ro","/tmp/pigment-db-durability-bench","pigment_db","buffered","key_map","vector","minimal_callback","8","32","5","10","29184","101187100","288416.211157","93678","0"
"candidate-20260807-060515","6d7edc7c29a60a94c59effeeb2b78d8b95038135","default-hasher:b6a599c56dd29bca","rustc 1.97.0 (2d8144b78 2026-07-07)","x86_64-unknown-linux-gnu","Linux 7.0.11-76070011-generic x86_64","Intel(R) Core(TM) Ultra 7 155H","/dev/nvme0n1p3 ext4   rw,noatime,errors=remount-ro","/tmp/pigment-db-durability-bench","pigment_db","buffered","key_map","file","ordinary_write","1","32","5","0","49216","100077533","491778.709213","2924","0"
"candidate-20260807-060515","6d7edc7c29a60a94c59effeeb2b78d8b95038135","default-hasher:b6a599c56dd29bca","rustc 1.97.0 (2d8144b78 2026-07-07)","x86_64-unknown-linux-gnu","Linux 7.0.11-76070011-generic x86_64","Intel(R) Core(TM) Ultra 7 155H","/dev/nvme0n1p3 ext4   rw,noatime,errors=remount-ro","/tmp/pigment-db-durability-bench","pigment_db","buffered","key_map","file","ordinary_write","1","32","5","1","48832","100113736","487765.235332","3002","0"
"candidate-20260807-060515","6d7edc7c29a60a94c59effeeb2b78d8b95038135","default-hasher:b6a599c56dd29bca","rustc 1.97.0 (2d8144b78 2026-07-07)","x86_64-unknown-linux-gnu","Linux 7.0.11-76070011-generic x86_64","Intel(R) Core(TM) Ultra 7 155H","/dev/nvme0n1p3 ext4   rw,noatime,errors=remount-ro","/tmp/pigment-db-durability-bench","pigment_db","buffered","key_map","file","ordinary_write","1","32","5","2","49024","100116860","489667.774239","2947","0"
"candidate-20260807-060515","6d7edc7c29a60a94c59effeeb2b78d8b95038135","default-hasher:b6a599c56dd29bca","rustc 1.97.0 (2d8144b78 2026-07-07)","x86_64-unknown-linux-gnu","Linux 7.0.11-76070011-generic x86_64","Intel(R) Core(TM) Ultra 7 155H","/dev/nvme0n1p3 ext4   rw,noatime,errors=remount-ro","/tmp/pigment-db-durability-bench","pigment_db","buffered","key_map","file","ordinary_write","1","32","5","3","49152","100118111","490940.145685","2952","0"
"candidate-20260807-060515","6d7edc7c29a60a94c59effeeb2b78d8b95038135","default-hasher:b6a599c56dd29bca","rustc 1.97.0 (2d8144b78 2026-07-07)","x86_64-unknown-linux-gnu","Linux 7.0.11-76070011-generic x86_64","Intel(R) Core(TM) Ultra 7 155H","/dev/nvme0n1p3 ext4   rw,noatime,errors=remount-ro","/tmp/pigment-db-durability-bench","pigment_db","buffered","key_map","file","ordinary_write","1","32","5","4","50048","100067324","500143.283536","2811","0"
"candidate-20260807-060515","6d7edc7c29a60a94c59effeeb2b78d8b95038135","default-hasher:b6a599c56dd29bca","rustc 1.97.0 (2d8144b78 2026-07-07)","x86_64-unknown-linux-gnu","Linux 7.0.11-76070011-generic x86_64","Intel(R) Core(TM) Ultra 7 155H","/dev/nvme0n1p3 ext4   rw,noatime,errors=remount-ro","/tmp/pigment-db-durability-bench","pigment_db","buffered","key_map","file","ordinary_write","1","32","5","5","50048","100027104","500344.386657","2714","0"
"candidate-20260807-060515","6d7edc7c29a60a94c59effeeb2b78d8b95038135","default-hasher:b6a599c56dd29bca","rustc 1.97.0 (2d8144b78 2026-07-07)","x86_64-unknown-linux-gnu","Linux 7.0.11-76070011-generic x86_64","Intel(R) Core(TM) Ultra 7 155H","/dev/nvme0n1p3 ext4   rw,noatime,errors=remount-ro","/tmp/pigment-db-durability-bench","pigment_db","buffered","key_map","file","ordinary_write","1","32","5","6","49920","100036736","499016.681232","2790","0"
"candidate-20260807-060515","6d7edc7c29a60a94c59effeeb2b78d8b95038135","default-hasher:b6a599c56dd29bca","rustc 1.97.0 (2d8144b78 2026-07-07)","x86_64-unknown-linux-gnu","Linux 7.0.11-76070011-generic x86_64","Intel(R) Core(TM) Ultra 7 155H","/dev/nvme0n1p3 ext4   rw,noatime,errors=remount-ro","/tmp/pigment-db-durability-bench","pigment_db","buffered","key_map","file","ordinary_write","1","32","5","7","50240","100037471","502211.816210","2774","0"
"candidate-20260807-060515","6d7edc7c29a60a94c59effeeb2b78d8b95038135","default-hasher:b6a599c56dd29bca","rustc 1.97.0 (2d8144b78 2026-07-07)","x86_64-unknown-linux-gnu","Linux 7.0.11-76070011-generic x86_64","Intel(R) Core(TM) Ultra 7 155H","/dev/nvme0n1p3 ext4   rw,noatime,errors=remount-ro","/tmp/pigment-db-durability-bench","pigment_db","buffered","key_map","file","ordinary_write","1","32","5","8","49920","100066336","498869.070214","2812","0"
"candidate-20260807-060515","6d7edc7c29a60a94c59effeeb2b78d8b95038135","default-hasher:b6a599c56dd29bca","rustc 1.97.0 (2d8144b78 2026-07-07)","x86_64-unknown-linux-gnu","Linux 7.0.11-76070011-generic x86_64","Intel(R) Core(TM) Ultra 7 155H","/dev/nvme0n1p3 ext4   rw,noatime,errors=remount-ro","/tmp/pigment-db-durability-bench","pigment_db","buffered","key_map","file","ordinary_write","1","32","5","9","50560","100063454","505279.380022","2455","0"
"candidate-20260807-060515","6d7edc7c29a60a94c59effeeb2b78d8b95038135","default-hasher:b6a599c56dd29bca","rustc 1.97.0 (2d8144b78 2026-07-07)","x86_64-unknown-linux-gnu","Linux 7.0.11-76070011-generic x86_64","Intel(R) Core(TM) Ultra 7 155H","/dev/nvme0n1p3 ext4   rw,noatime,errors=remount-ro","/tmp/pigment-db-durability-bench","pigment_db","buffered","key_map","file","ordinary_write","1","32","5","10","48768","100007053","487645.606355","3820","0"
"candidate-20260807-060515","6d7edc7c29a60a94c59effeeb2b78d8b95038135","default-hasher:b6a599c56dd29bca","rustc 1.97.0 (2d8144b78 2026-07-07)","x86_64-unknown-linux-gnu","Linux 7.0.11-76070011-generic x86_64","Intel(R) Core(TM) Ultra 7 155H","/dev/nvme0n1p3 ext4   rw,noatime,errors=remount-ro","/tmp/pigment-db-durability-bench","pigment_db","buffered","key_map","file","ordinary_write","8","32","5","0","21504","102521140","209751.861909","96022","0"
"candidate-20260807-060515","6d7edc7c29a60a94c59effeeb2b78d8b95038135","default-hasher:b6a599c56dd29bca","rustc 1.97.0 (2d8144b78 2026-07-07)","x86_64-unknown-linux-gnu","Linux 7.0.11-76070011-generic x86_64","Intel(R) Core(TM) Ultra 7 155H","/dev/nvme0n1p3 ext4   rw,noatime,errors=remount-ro","/tmp/pigment-db-durability-bench","pigment_db","buffered","key_map","file","ordinary_write","8","32","5","1","20480","100760886","203253.472781","92150","0"
"candidate-20260807-060515","6d7edc7c29a60a94c59effeeb2b78d8b95038135","default-hasher:b6a599c56dd29bca","rustc 1.97.0 (2d8144b78 2026-07-07)","x86_64-unknown-linux-gnu","Linux 7.0.11-76070011-generic x86_64","Intel(R) Core(TM) Ultra 7 155H","/dev/nvme0n1p3 ext4   rw,noatime,errors=remount-ro","/tmp/pigment-db-durability-bench","pigment_db","buffered","key_map","file","ordinary_write","8","32","5","2","20992","102350086","205099.974220","96111","0"
"candidate-20260807-060515","6d7edc7c29a60a94c59effeeb2b78d8b95038135","default-hasher:b6a599c56dd29bca","rustc 1.97.0 (2d8144b78 2026-07-07)","x86_64-unknown-linux-gnu","Linux 7.0.11-76070011-generic x86_64","Intel(R) Core(TM) Ultra 7 155H","/dev/nvme0n1p3 ext4   rw,noatime,errors=remount-ro","/tmp/pigment-db-durability-bench","pigment_db","buffered","key_map","file","ordinary_write","8","32","5","3","20992","100031900","209853.056875","96054","0"
"candidate-20260807-060515","6d7edc7c29a60a94c59effeeb2b78d8b95038135","default-hasher:b6a599c56dd29bca","rustc 1.97.0 (2d8144b78 2026-07-07)","x86_64-unknown-linux-gnu","Linux 7.0.11-76070011-generic x86_64","Intel(R) Core(TM) Ultra 7 155H","/dev/nvme0n1p3 ext4   rw,noatime,errors=remount-ro","/tmp/pigment-db-durability-bench","pigment_db","buffered","key_map","file","ordinary_write","8","32","5","4","20992","101957225","205890.264275","95402","0"
"candidate-20260807-060515","6d7edc7c29a60a94c59effeeb2b78d8b95038135","default-hasher:b6a599c56dd29bca","rustc 1.97.0 (2d8144b78 2026-07-07)","x86_64-unknown-linux-gnu","Linux 7.0.11-76070011-generic x86_64","Intel(R) Core(TM) Ultra 7 155H","/dev/nvme0n1p3 ext4   rw,noatime,errors=remount-ro","/tmp/pigment-db-durability-bench","pigment_db","buffered","key_map","file","ordinary_write","8","32","5","5","21504","101505230","211851.152891","94462","0"
"candidate-20260807-060515","6d7edc7c29a60a94c59effeeb2b78d8b95038135","default-hasher:b6a599c56dd29bca","rustc 1.97.0 (2d8144b78 2026-07-07)","x86_64-unknown-linux-gnu","Linux 7.0.11-76070011-generic x86_64","Intel(R) Core(TM) Ultra 7 155H","/dev/nvme0n1p3 ext4   rw,noatime,errors=remount-ro","/tmp/pigment-db-durability-bench","pigment_db","buffered","key_map","file","ordinary_write","8","32","5","6","19968","101122414","197463.640455","103639","0"
"candidate-20260807-060515","6d7edc7c29a60a94c59effeeb2b78d8b95038135","default-hasher:b6a599c56dd29bca","rustc 1.97.0 (2d8144b78 2026-07-07)","x86_64-unknown-linux-gnu","Linux 7.0.11-76070011-generic x86_64","Intel(R) Core(TM) Ultra 7 155H","/dev/nvme0n1p3 ext4   rw,noatime,errors=remount-ro","/tmp/pigment-db-durability-bench","pigment_db","buffered","key_map","file","ordinary_write","8","32","5","7","21504","101225482","212436.627370","92810","0"
"candidate-20260807-060515","6d7edc7c29a60a94c59effeeb2b78d8b95038135","default-hasher:b6a599c56dd29bca","rustc 1.97.0 (2d8144b78 2026-07-07)","x86_64-unknown-linux-gnu","Linux 7.0.11-76070011-generic x86_64","Intel(R) Core(TM) Ultra 7 155H","/dev/nvme0n1p3 ext4   rw,noatime,errors=remount-ro","/tmp/pigment-db-durability-bench","pigment_db","buffered","key_map","file","ordinary_write","8","32","5","8","20992","101382799","207056.820359","92622","0"
"candidate-20260807-060515","6d7edc7c29a60a94c59effeeb2b78d8b95038135","default-hasher:b6a599c56dd29bca","rustc 1.97.0 (2d8144b78 2026-07-07)","x86_64-unknown-linux-gnu","Linux 7.0.11-76070011-generic x86_64","Intel(R) Core(TM) Ultra 7 155H","/dev/nvme0n1p3 ext4   rw,noatime,errors=remount-ro","/tmp/pigment-db-durability-bench","pigment_db","buffered","key_map","file","ordinary_write","8","32","5","9","20992","100592621","208683.298947","99597","0"
"candidate-20260807-060515","6d7edc7c29a60a94c59effeeb2b78d8b95038135","default-hasher:b6a599c56dd29bca","rustc 1.97.0 (2d8144b78 2026-07-07)","x86_64-unknown-linux-gnu","Linux 7.0.11-76070011-generic x86_64","Intel(R) Core(TM) Ultra 7 155H","/dev/nvme0n1p3 ext4   rw,noatime,errors=remount-ro","/tmp/pigment-db-durability-bench","pigment_db","buffered","key_map","file","ordinary_write","8","32","5","10","20992","101533267","206749.970923","95482","0"
"candidate-20260807-060515","6d7edc7c29a60a94c59effeeb2b78d8b95038135","default-hasher:b6a599c56dd29bca","rustc 1.97.0 (2d8144b78 2026-07-07)","x86_64-unknown-linux-gnu","Linux 7.0.11-76070011-generic x86_64","Intel(R) Core(TM) Ultra 7 155H","/dev/nvme0n1p3 ext4   rw,noatime,errors=remount-ro","/tmp/pigment-db-durability-bench","pigment_db","buffered","key_map","file","successful_remove","1","32","5","0","41792","100011066","417873.758090","3015","0"
"candidate-20260807-060515","6d7edc7c29a60a94c59effeeb2b78d8b95038135","default-hasher:b6a599c56dd29bca","rustc 1.97.0 (2d8144b78 2026-07-07)","x86_64-unknown-linux-gnu","Linux 7.0.11-76070011-generic x86_64","Intel(R) Core(TM) Ultra 7 155H","/dev/nvme0n1p3 ext4   rw,noatime,errors=remount-ro","/tmp/pigment-db-durability-bench","pigment_db","buffered","key_map","file","successful_remove","1","32","5","1","40128","100048377","401085.966642","4103","0"
"candidate-20260807-060515","6d7edc7c29a60a94c59effeeb2b78d8b95038135","default-hasher:b6a599c56dd29bca","rustc 1.97.0 (2d8144b78 2026-07-07)","x86_64-unknown-linux-gnu","Linux 7.0.11-76070011-generic x86_64","Intel(R) Core(TM) Ultra 7 155H","/dev/nvme0n1p3 ext4   rw,noatime,errors=remount-ro","/tmp/pigment-db-durability-bench","pigment_db","buffered","key_map","file","successful_remove","1","32","5","2","40192","100049838","401719.790891","4141","0"
"candidate-20260807-060515","6d7edc7c29a60a94c59effeeb2b78d8b95038135","default-hasher:b6a599c56dd29bca","rustc 1.97.0 (2d8144b78 2026-07-07)","x86_64-unknown-linux-gnu","Linux 7.0.11-76070011-generic x86_64","Intel(R) Core(TM) Ultra 7 155H","/dev/nvme0n1p3 ext4   rw,noatime,errors=remount-ro","/tmp/pigment-db-durability-bench","pigment_db","buffered","key_map","file","successful_remove","1","32","5","3","41792","100131511","417371.111078","3002","0"
"candidate-20260807-060515","6d7edc7c29a60a94c59effeeb2b78d8b95038135","default-hasher:b6a599c56dd29bca","rustc 1.97.0 (2d8144b78 2026-07-07)","x86_64-unknown-linux-gnu","Linux 7.0.11-76070011-generic x86_64","Intel(R) Core(TM) Ultra 7 155H","/dev/nvme0n1p3 ext4   rw,noatime,errors=remount-ro","/tmp/pigment-db-durability-bench","pigment_db","buffered","key_map","file","successful_remove","1","32","5","4","40128","100205622","400456.573185","3324","0"
"candidate-20260807-060515","6d7edc7c29a60a94c59effeeb2b78d8b95038135","default-hasher:b6a599c56dd29bca","rustc 1.97.0 (2d8144b78 2026-07-07)","x86_64-unknown-linux-gnu","Linux 7.0.11-76070011-generic x86_64","Intel(R) Core(TM) Ultra 7 155H","/dev/nvme0n1p3 ext4   rw,noatime,errors=remount-ro","/tmp/pigment-db-durability-bench","pigment_db","buffered","key_map","file","successful_remove","1","32","5","5","41408","100141289","413495.775953","2945","0"
"candidate-20260807-060515","6d7edc7c29a60a94c59effeeb2b78d8b95038135","default-hasher:b6a599c56dd29bca","rustc 1.97.0 (2d8144b78 2026-07-07)","x86_64-unknown-linux-gnu","Linux 7.0.11-76070011-generic x86_64","Intel(R) Core(TM) Ultra 7 155H","/dev/nvme0n1p3 ext4   rw,noatime,errors=remount-ro","/tmp/pigment-db-durability-bench","pigment_db","buffered","key_map","file","successful_remove","1","32","5","6","42048","100113331","420004.005261","3035","0"
"candidate-20260807-060515","6d7edc7c29a60a94c59effeeb2b78d8b95038135","default-hasher:b6a599c56dd29bca","rustc 1.97.0 (2d8144b78 2026-07-07)","x86_64-unknown-linux-gnu","Linux 7.0.11-76070011-generic x86_64","Intel(R) Core(TM) Ultra 7 155H","/dev/nvme0n1p3 ext4   rw,noatime,errors=remount-ro","/tmp/pigment-db-durability-bench","pigment_db","buffered","key_map","file","successful_remove","1","32","5","7","42560","100090827","425213.791070","2838","0"
"candidate-20260807-060515","6d7edc7c29a60a94c59effeeb2b78d8b95038135","default-hasher:b6a599c56dd29bca","rustc 1.97.0 (2d8144b78 2026-07-07)","x86_64-unknown-linux-gnu","Linux 7.0.11-76070011-generic x86_64","Intel(R) Core(TM) Ultra 7 155H","/dev/nvme0n1p3 ext4   rw,noatime,errors=remount-ro","/tmp/pigment-db-durability-bench","pigment_db","buffered","key_map","file","successful_remove","1","32","5","8","42048","100117051","419988.399379","3013","0"
"candidate-20260807-060515","6d7edc7c29a60a94c59effeeb2b78d8b95038135","default-hasher:b6a599c56dd29bca","rustc 1.97.0 (2d8144b78 2026-07-07)","x86_64-unknown-linux-gnu","Linux 7.0.11-76070011-generic x86_64","Intel(R) Core(TM) Ultra 7 155H","/dev/nvme0n1p3 ext4   rw,noatime,errors=remount-ro","/tmp/pigment-db-durability-bench","pigment_db","buffered","key_map","file","successful_remove","1","32","5","9","42624","100057668","425994.337585","2781","0"
"candidate-20260807-060515","6d7edc7c29a60a94c59effeeb2b78d8b95038135","default-hasher:b6a599c56dd29bca","rustc 1.97.0 (2d8144b78 2026-07-07)","x86_64-unknown-linux-gnu","Linux 7.0.11-76070011-generic x86_64","Intel(R) Core(TM) Ultra 7 155H","/dev/nvme0n1p3 ext4   rw,noatime,errors=remount-ro","/tmp/pigment-db-durability-bench","pigment_db","buffered","key_map","file","successful_remove","1","32","5","10","41984","100012032","419789.490928","3089","0"
"candidate-20260807-060515","6d7edc7c29a60a94c59effeeb2b78d8b95038135","default-hasher:b6a599c56dd29bca","rustc 1.97.0 (2d8144b78 2026-07-07)","x86_64-unknown-linux-gnu","Linux 7.0.11-76070011-generic x86_64","Intel(R) Core(TM) Ultra 7 155H","/dev/nvme0n1p3 ext4   rw,noatime,errors=remount-ro","/tmp/pigment-db-durability-bench","pigment_db","buffered","key_map","file","successful_remove","8","32","5","0","18432","102123248","180487.796471","90904","0"
"candidate-20260807-060515","6d7edc7c29a60a94c59effeeb2b78d8b95038135","default-hasher:b6a599c56dd29bca","rustc 1.97.0 (2d8144b78 2026-07-07)","x86_64-unknown-linux-gnu","Linux 7.0.11-76070011-generic x86_64","Intel(R) Core(TM) Ultra 7 155H","/dev/nvme0n1p3 ext4   rw,noatime,errors=remount-ro","/tmp/pigment-db-durability-bench","pigment_db","buffered","key_map","file","successful_remove","8","32","5","1","18944","102572715","184688.491477","103371","0"
"candidate-20260807-060515","6d7edc7c29a60a94c59effeeb2b78d8b95038135","default-hasher:b6a599c56dd29bca","rustc 1.97.0 (2d8144b78 2026-07-07)","x86_64-unknown-linux-gnu","Linux 7.0.11-76070011-generic x86_64","Intel(R) Core(TM) Ultra 7 155H","/dev/nvme0n1p3 ext4   rw,noatime,errors=remount-ro","/tmp/pigment-db-durability-bench","pigment_db","buffered","key_map","file","successful_remove","8","32","5","2","17408","101227618","171968.879086","115791","0"
"candidate-20260807-060515","6d7edc7c29a60a94c59effeeb2b78d8b95038135","default-hasher:b6a599c56dd29bca","rustc 1.97.0 (2d8144b78 2026-07-07)","x86_64-unknown-linux-gnu","Linux 7.0.11-76070011-generic x86_64","Intel(R) Core(TM) Ultra 7 155H","/dev/nvme0n1p3 ext4   rw,noatime,errors=remount-ro","/tmp/pigment-db-durability-bench","pigment_db","buffered","key_map","file","successful_remove","8","32","5","3","18432","101914469","180857.538491","106391","0"
"candidate-20260807-060515","6d7edc7c29a60a94c59effeeb2b78d8b95038135","default-hasher:b6a599c56dd29bca","rustc 1.97.0 (2d8144b78 2026-07-07)","x86_64-unknown-linux-gnu","Linux 7.0.11-76070011-generic x86_64","Intel(R) Core(TM) Ultra 7 155H","/dev/nvme0n1p3 ext4   rw,noatime,errors=remount-ro","/tmp/pigment-db-durability-bench","pigment_db","buffered","key_map","file","successful_remove","8","32","5","4","17920","102323297","175131.182491","104461","0"
"candidate-20260807-060515","6d7edc7c29a60a94c59effeeb2b78d8b95038135","default-hasher:b6a599c56dd29bca","rustc 1.97.0 (2d8144b78 2026-07-07)","x86_64-unknown-linux-gnu","Linux 7.0.11-76070011-generic x86_64","Intel(R) Core(TM) Ultra 7 155H","/dev/nvme0n1p3 ext4   rw,noatime,errors=remount-ro","/tmp/pigment-db-durability-bench","pigment_db","buffered","key_map","file","successful_remove","8","32","5","5","17920","101503556","176545.538956","110542","0"
"candidate-20260807-060515","6d7edc7c29a60a94c59effeeb2b78d8b95038135","default-hasher:b6a599c56dd29bca","rustc 1.97.0 (2d8144b78 2026-07-07)","x86_64-unknown-linux-gnu","Linux 7.0.11-76070011-generic x86_64","Intel(R) Core(TM) Ultra 7 155H","/dev/nvme0n1p3 ext4   rw,noatime,errors=remount-ro","/tmp/pigment-db-durability-bench","pigment_db","buffered","key_map","file","successful_remove","8","32","5","6","17408","100517303","173184.113386","106551","0"
"candidate-20260807-060515","6d7edc7c29a60a94c59effeeb2b78d8b95038135","default-hasher:b6a599c56dd29bca","rustc 1.97.0 (2d8144b78 2026-07-07)","x86_64-unknown-linux-gnu","Linux 7.0.11-76070011-generic x86_64","Intel(R) Core(TM) Ultra 7 155H","/dev/nvme0n1p3 ext4   rw,noatime,errors=remount-ro","/tmp/pigment-db-durability-bench","pigment_db","buffered","key_map","file","successful_remove","8","32","5","7","17920","100895827","177608.931240","102432","0"
"candidate-20260807-060515","6d7edc7c29a60a94c59effeeb2b78d8b95038135","default-hasher:b6a599c56dd29bca","rustc 1.97.0 (2d8144b78 2026-07-07)","x86_64-unknown-linux-gnu","Linux 7.0.11-76070011-generic x86_64","Intel(R) Core(TM) Ultra 7 155H","/dev/nvme0n1p3 ext4   rw,noatime,errors=remount-ro","/tmp/pigment-db-durability-bench","pigment_db","buffered","key_map","file","successful_remove","8","32","5","8","17408","100727412","172822.865736","106953","0"
"candidate-20260807-060515","6d7edc7c29a60a94c59effeeb2b78d8b95038135","default-hasher:b6a599c56dd29bca","rustc 1.97.0 (2d8144b78 2026-07-07)","x86_64-unknown-linux-gnu","Linux 7.0.11-76070011-generic x86_64","Intel(R) Core(TM) Ultra 7 155H","/dev/nvme0n1p3 ext4   rw,noatime,errors=remount-ro","/tmp/pigment-db-durability-bench","pigment_db","buffered","key_map","file","successful_remove","8","32","5","9","17920","102214724","175317.207724","105688","0"
"candidate-20260807-060515","6d7edc7c29a60a94c59effeeb2b78d8b95038135","default-hasher:b6a599c56dd29bca","rustc 1.97.0 (2d8144b78 2026-07-07)","x86_64-unknown-linux-gnu","Linux 7.0.11-76070011-generic x86_64","Intel(R) Core(TM) Ultra 7 155H","/dev/nvme0n1p3 ext4   rw,noatime,errors=remount-ro","/tmp/pigment-db-durability-bench","pigment_db","buffered","key_map","file","successful_remove","8","32","5","10","17920","101361503","176792.958565","104844","0"
"candidate-20260807-060515","6d7edc7c29a60a94c59effeeb2b78d8b95038135","default-hasher:b6a599c56dd29bca","rustc 1.97.0 (2d8144b78 2026-07-07)","x86_64-unknown-linux-gnu","Linux 7.0.11-76070011-generic x86_64","Intel(R) Core(TM) Ultra 7 155H","/dev/nvme0n1p3 ext4   rw,noatime,errors=remount-ro","/tmp/pigment-db-durability-bench","pigment_db","buffered","key_map","file","minimal_callback","1","32","5","0","33600","100036079","335878.818281","4636","0"
"candidate-20260807-060515","6d7edc7c29a60a94c59effeeb2b78d8b95038135","default-hasher:b6a599c56dd29bca","rustc 1.97.0 (2d8144b78 2026-07-07)","x86_64-unknown-linux-gnu","Linux 7.0.11-76070011-generic x86_64","Intel(R) Core(TM) Ultra 7 155H","/dev/nvme0n1p3 ext4   rw,noatime,errors=remount-ro","/tmp/pigment-db-durability-bench","pigment_db","buffered","key_map","file","minimal_callback","1","32","5","1","30528","100079088","305038.750953","4939","0"
"candidate-20260807-060515","6d7edc7c29a60a94c59effeeb2b78d8b95038135","default-hasher:b6a599c56dd29bca","rustc 1.97.0 (2d8144b78 2026-07-07)","x86_64-unknown-linux-gnu","Linux 7.0.11-76070011-generic x86_64","Intel(R) Core(TM) Ultra 7 155H","/dev/nvme0n1p3 ext4   rw,noatime,errors=remount-ro","/tmp/pigment-db-durability-bench","pigment_db","buffered","key_map","file","minimal_callback","1","32","5","2","32896","100112214","328591.274587","4535","0"
"candidate-20260807-060515","6d7edc7c29a60a94c59effeeb2b78d8b95038135","default-hasher:b6a599c56dd29bca","rustc 1.97.0 (2d8144b78 2026-07-07)","x86_64-unknown-linux-gnu","Linux 7.0.11-76070011-generic x86_64","Intel(R) Core(TM) Ultra 7 155H","/dev/nvme0n1p3 ext4   rw,noatime,errors=remount-ro","/tmp/pigment-db-durability-bench","pigment_db","buffered","key_map","file","minimal_callback","1","32","5","3","30848","100045500","308339.705434","4736","0"
"candidate-20260807-060515","6d7edc7c29a60a94c59effeeb2b78d8b95038135","default-hasher:b6a599c56dd29bca","rustc 1.97.0 (2d8144b78 2026-07-07)","x86_64-unknown-linux-gnu","Linux 7.0.11-76070011-generic x86_64","Intel(R) Core(TM) Ultra 7 155H","/dev/nvme0n1p3 ext4   rw,noatime,errors=remount-ro","/tmp/pigment-db-durability-bench","pigment_db","buffered","key_map","file","minimal_callback","1","32","5","4","32704","100154488","326535.541772","4679","0"
"candidate-20260807-060515","6d7edc7c29a60a94c59effeeb2b78d8b95038135","default-hasher:b6a599c56dd29bca","rustc 1.97.0 (2d8144b78 2026-07-07)","x86_64-unknown-linux-gnu","Linux 7.0.11-76070011-generic x86_64","Intel(R) Core(TM) Ultra 7 155H","/dev/nvme0n1p3 ext4   rw,noatime,errors=remount-ro","/tmp/pigment-db-durability-bench","pigment_db","buffered","key_map","file","minimal_callback","1","32","5","5","31488","100048134","314728.508580","4875","0"
"candidate-20260807-060515","6d7edc7c29a60a94c59effeeb2b78d8b95038135","default-hasher:b6a599c56dd29bca","rustc 1.97.0 (2d8144b78 2026-07-07)","x86_64-unknown-linux-gnu","Linux 7.0.11-76070011-generic x86_64","Intel(R) Core(TM) Ultra 7 155H","/dev/nvme0n1p3 ext4   rw,noatime,errors=remount-ro","/tmp/pigment-db-durability-bench","pigment_db","buffered","key_map","file","minimal_callback","1","32","5","6","31872","100173486","318168.023024","4896","0"
"candidate-20260807-060515","6d7edc7c29a60a94c59effeeb2b78d8b95038135","default-hasher:b6a599c56dd29bca","rustc 1.97.0 (2d8144b78 2026-07-07)","x86_64-unknown-linux-gnu","Linux 7.0.11-76070011-generic x86_64","Intel(R) Core(TM) Ultra 7 155H","/dev/nvme0n1p3 ext4   rw,noatime,errors=remount-ro","/tmp/pigment-db-durability-bench","pigment_db","buffered","key_map","file","minimal_callback","1","32","5","7","33344","100069982","333206.815207","4224","0"
"candidate-20260807-060515","6d7edc7c29a60a94c59effeeb2b78d8b95038135","default-hasher:b6a599c56dd29bca","rustc 1.97.0 (2d8144b78 2026-07-07)","x86_64-unknown-linux-gnu","Linux 7.0.11-76070011-generic x86_64","Intel(R) Core(TM) Ultra 7 155H","/dev/nvme0n1p3 ext4   rw,noatime,errors=remount-ro","/tmp/pigment-db-durability-bench","pigment_db","buffered","key_map","file","minimal_callback","1","32","5","8","32448","100026771","324393.156708","4826","0"
"candidate-20260807-060515","6d7edc7c29a60a94c59effeeb2b78d8b95038135","default-hasher:b6a599c56dd29bca","rustc 1.97.0 (2d8144b78 2026-07-07)","x86_64-unknown-linux-gnu","Linux 7.0.11-76070011-generic x86_64","Intel(R) Core(TM) Ultra 7 155H","/dev/nvme0n1p3 ext4   rw,noatime,errors=remount-ro","/tmp/pigment-db-durability-bench","pigment_db","buffered","key_map","file","minimal_callback","1","32","5","9","33600","100161966","335456.674243","4804","0"
"candidate-20260807-060515","6d7edc7c29a60a94c59effeeb2b78d8b95038135","default-hasher:b6a599c56dd29bca","rustc 1.97.0 (2d8144b78 2026-07-07)","x86_64-unknown-linux-gnu","Linux 7.0.11-76070011-generic x86_64","Intel(R) Core(TM) Ultra 7 155H","/dev/nvme0n1p3 ext4   rw,noatime,errors=remount-ro","/tmp/pigment-db-durability-bench","pigment_db","buffered","key_map","file","minimal_callback","1","32","5","10","31936","100063716","319156.646151","5004","0"
"candidate-20260807-060515","6d7edc7c29a60a94c59effeeb2b78d8b95038135","default-hasher:b6a599c56dd29bca","rustc 1.97.0 (2d8144b78 2026-07-07)","x86_64-unknown-linux-gnu","Linux 7.0.11-76070011-generic x86_64","Intel(R) Core(TM) Ultra 7 155H","/dev/nvme0n1p3 ext4   rw,noatime,errors=remount-ro","/tmp/pigment-db-durability-bench","pigment_db","buffered","key_map","file","minimal_callback","8","32","5","0","14336","100517590","142621.803806","130663","0"
"candidate-20260807-060515","6d7edc7c29a60a94c59effeeb2b78d8b95038135","default-hasher:b6a599c56dd29bca","rustc 1.97.0 (2d8144b78 2026-07-07)","x86_64-unknown-linux-gnu","Linux 7.0.11-76070011-generic x86_64","Intel(R) Core(TM) Ultra 7 155H","/dev/nvme0n1p3 ext4   rw,noatime,errors=remount-ro","/tmp/pigment-db-durability-bench","pigment_db","buffered","key_map","file","minimal_callback","8","32","5","1","14336","102152977","140338.543438","128574","0"
"candidate-20260807-060515","6d7edc7c29a60a94c59effeeb2b78d8b95038135","default-hasher:b6a599c56dd29bca","rustc 1.97.0 (2d8144b78 2026-07-07)","x86_64-unknown-linux-gnu","Linux 7.0.11-76070011-generic x86_64","Intel(R) Core(TM) Ultra 7 155H","/dev/nvme0n1p3 ext4   rw,noatime,errors=remount-ro","/tmp/pigment-db-durability-bench","pigment_db","buffered","key_map","file","minimal_callback","8","32","5","2","14336","100858517","142139.706456","124180","0"
"candidate-20260807-060515","6d7edc7c29a60a94c59effeeb2b78d8b95038135","default-hasher:b6a599c56dd29bca","rustc 1.97.0 (2d8144b78 2026-07-07)","x86_64-unknown-linux-gnu","Linux 7.0.11-76070011-generic x86_64","Intel(R) Core(TM) Ultra 7 155H","/dev/nvme0n1p3 ext4   rw,noatime,errors=remount-ro","/tmp/pigment-db-durability-bench","pigment_db","buffered","key_map","file","minimal_callback","8","32","5","3","14848","102684694","144597.986531","127515","0"
"candidate-20260807-060515","6d7edc7c29a60a94c59effeeb2b78d8b95038135","default-hasher:b6a599c56dd29bca","rustc 1.97.0 (2d8144b78 2026-07-07)","x86_64-unknown-linux-gnu","Linux 7.0.11-76070011-generic x86_64","Intel(R) Core(TM) Ultra 7 155H","/dev/nvme0n1p3 ext4   rw,noatime,errors=remount-ro","/tmp/pigment-db-durability-bench","pigment_db","buffered","key_map","file","minimal_callback","8","32","5","4","14336","102683446","139613.545887","138750","0"
"candidate-20260807-060515","6d7edc7c29a60a94c59effeeb2b78d8b95038135","default-hasher:b6a599c56dd29bca","rustc 1.97.0 (2d8144b78 2026-07-07)","x86_64-unknown-linux-gnu","Linux 7.0.11-76070011-generic x86_64","Intel(R) Core(TM) Ultra 7 155H","/dev/nvme0n1p3 ext4   rw,noatime,errors=remount-ro","/tmp/pigment-db-durability-bench","pigment_db","buffered","key_map","file","minimal_callback","8","32","5","5","15872","103273606","153688.833137","118175","0"
"candidate-20260807-060515","6d7edc7c29a60a94c59effeeb2b78d8b95038135","default-hasher:b6a599c56dd29bca","rustc 1.97.0 (2d8144b78 2026-07-07)","x86_64-unknown-linux-gnu","Linux 7.0.11-76070011-generic x86_64","Intel(R) Core(TM) Ultra 7 155H","/dev/nvme0n1p3 ext4   rw,noatime,errors=remount-ro","/tmp/pigment-db-durability-bench","pigment_db","buffered","key_map","file","minimal_callback","8","32","5","6","14336","100621255","142474.867760","128192","0"
"candidate-20260807-060515","6d7edc7c29a60a94c59effeeb2b78d8b95038135","default-hasher:b6a599c56dd29bca","rustc 1.97.0 (2d8144b78 2026-07-07)","x86_64-unknown-linux-gnu","Linux 7.0.11-76070011-generic x86_64","Intel(R) Core(TM) Ultra 7 155H","/dev/nvme0n1p3 ext4   rw,noatime,errors=remount-ro","/tmp/pigment-db-durability-bench","pigment_db","buffered","key_map","file","minimal_callback","8","32","5","7","15360","100205052","153285.684638","116167","0"
"candidate-20260807-060515","6d7edc7c29a60a94c59effeeb2b78d8b95038135","default-hasher:b6a599c56dd29bca","rustc 1.97.0 (2d8144b78 2026-07-07)","x86_64-unknown-linux-gnu","Linux 7.0.11-76070011-generic x86_64","Intel(R) Core(TM) Ultra 7 155H","/dev/nvme0n1p3 ext4   rw,noatime,errors=remount-ro","/tmp/pigment-db-durability-bench","pigment_db","buffered","key_map","file","minimal_callback","8","32","5","8","14848","100185905","148204.480461","129056","0"
"candidate-20260807-060515","6d7edc7c29a60a94c59effeeb2b78d8b95038135","default-hasher:b6a599c56dd29bca","rustc 1.97.0 (2d8144b78 2026-07-07)","x86_64-unknown-linux-gnu","Linux 7.0.11-76070011-generic x86_64","Intel(R) Core(TM) Ultra 7 155H","/dev/nvme0n1p3 ext4   rw,noatime,errors=remount-ro","/tmp/pigment-db-durability-bench","pigment_db","buffered","key_map","file","minimal_callback","8","32","5","9","14336","100216345","143050.517358","131338","0"
"candidate-20260807-060515","6d7edc7c29a60a94c59effeeb2b78d8b95038135","default-hasher:b6a599c56dd29bca","rustc 1.97.0 (2d8144b78 2026-07-07)","x86_64-unknown-linux-gnu","Linux 7.0.11-76070011-generic x86_64","Intel(R) Core(TM) Ultra 7 155H","/dev/nvme0n1p3 ext4   rw,noatime,errors=remount-ro","/tmp/pigment-db-durability-bench","pigment_db","buffered","key_map","file","minimal_callback","8","32","5","10","14848","101479547","146315.197879","126191","0"
"candidate-20260807-060515","6d7edc7c29a60a94c59effeeb2b78d8b95038135","default-hasher:b6a599c56dd29bca","rustc 1.97.0 (2d8144b78 2026-07-07)","x86_64-unknown-linux-gnu","Linux 7.0.11-76070011-generic x86_64","Intel(R) Core(TM) Ultra 7 155H","/dev/nvme0n1p3 ext4   rw,noatime,errors=remount-ro","/tmp/pigment-db-durability-bench","pigment_db","physical","key_value","file","ordinary_write","1","32","5","0","1024","1027555303","996.540037","980861","0"
"candidate-20260807-060515","6d7edc7c29a60a94c59effeeb2b78d8b95038135","default-hasher:b6a599c56dd29bca","rustc 1.97.0 (2d8144b78 2026-07-07)","x86_64-unknown-linux-gnu","Linux 7.0.11-76070011-generic x86_64","Intel(R) Core(TM) Ultra 7 155H","/dev/nvme0n1p3 ext4   rw,noatime,errors=remount-ro","/tmp/pigment-db-durability-bench","pigment_db","physical","key_value","file","ordinary_write","1","32","5","1","1024","1033905425","990.419409","969807","0"
"candidate-20260807-060515","6d7edc7c29a60a94c59effeeb2b78d8b95038135","default-hasher:b6a599c56dd29bca","rustc 1.97.0 (2d8144b78 2026-07-07)","x86_64-unknown-linux-gnu","Linux 7.0.11-76070011-generic x86_64","Intel(R) Core(TM) Ultra 7 155H","/dev/nvme0n1p3 ext4   rw,noatime,errors=remount-ro","/tmp/pigment-db-durability-bench","pigment_db","physical","key_value","file","ordinary_write","1","32","5","2","1024","1019072844","1004.834940","985816","0"
"candidate-20260807-060515","6d7edc7c29a60a94c59effeeb2b78d8b95038135","default-hasher:b6a599c56dd29bca","rustc 1.97.0 (2d8144b78 2026-07-07)","x86_64-unknown-linux-gnu","Linux 7.0.11-76070011-generic x86_64","Intel(R) Core(TM) Ultra 7 155H","/dev/nvme0n1p3 ext4   rw,noatime,errors=remount-ro","/tmp/pigment-db-durability-bench","pigment_db","physical","key_value","file","ordinary_write","1","32","5","3","1024","1040924276","983.741107","1022362","0"
"candidate-20260807-060515","6d7edc7c29a60a94c59effeeb2b78d8b95038135","default-hasher:b6a599c56dd29bca","rustc 1.97.0 (2d8144b78 2026-07-07)","x86_64-unknown-linux-gnu","Linux 7.0.11-76070011-generic x86_64","Intel(R) Core(TM) Ultra 7 155H","/dev/nvme0n1p3 ext4   rw,noatime,errors=remount-ro","/tmp/pigment-db-durability-bench","pigment_db","physical","key_value","file","ordinary_write","1","32","5","4","1024","1025586855","998.452735","1000139","0"
"candidate-20260807-060515","6d7edc7c29a60a94c59effeeb2b78d8b95038135","default-hasher:b6a599c56dd29bca","rustc 1.97.0 (2d8144b78 2026-07-07)","x86_64-unknown-linux-gnu","Linux 7.0.11-76070011-generic x86_64","Intel(R) Core(TM) Ultra 7 155H","/dev/nvme0n1p3 ext4   rw,noatime,errors=remount-ro","/tmp/pigment-db-durability-bench","pigment_db","physical","key_value","file","ordinary_write","1","32","5","5","1024","1039929978","984.681682","1017441","0"
"candidate-20260807-060515","6d7edc7c29a60a94c59effeeb2b78d8b95038135","default-hasher:b6a599c56dd29bca","rustc 1.97.0 (2d8144b78 2026-07-07)","x86_64-unknown-linux-gnu","Linux 7.0.11-76070011-generic x86_64","Intel(R) Core(TM) Ultra 7 155H","/dev/nvme0n1p3 ext4   rw,noatime,errors=remount-ro","/tmp/pigment-db-durability-bench","pigment_db","physical","key_value","file","ordinary_write","1","32","5","6","1024","1019361487","1004.550410","967880","0"
"candidate-20260807-060515","6d7edc7c29a60a94c59effeeb2b78d8b95038135","default-hasher:b6a599c56dd29bca","rustc 1.97.0 (2d8144b78 2026-07-07)","x86_64-unknown-linux-gnu","Linux 7.0.11-76070011-generic x86_64","Intel(R) Core(TM) Ultra 7 155H","/dev/nvme0n1p3 ext4   rw,noatime,errors=remount-ro","/tmp/pigment-db-durability-bench","pigment_db","physical","key_value","file","ordinary_write","1","32","5","7","1024","1033909432","990.415571","989092","0"
"candidate-20260807-060515","6d7edc7c29a60a94c59effeeb2b78d8b95038135","default-hasher:b6a599c56dd29bca","rustc 1.97.0 (2d8144b78 2026-07-07)","x86_64-unknown-linux-gnu","Linux 7.0.11-76070011-generic x86_64","Intel(R) Core(TM) Ultra 7 155H","/dev/nvme0n1p3 ext4   rw,noatime,errors=remount-ro","/tmp/pigment-db-durability-bench","pigment_db","physical","key_value","file","ordinary_write","1","32","5","8","1024","1032618436","991.653804","963167","0"
"candidate-20260807-060515","6d7edc7c29a60a94c59effeeb2b78d8b95038135","default-hasher:b6a599c56dd29bca","rustc 1.97.0 (2d8144b78 2026-07-07)","x86_64-unknown-linux-gnu","Linux 7.0.11-76070011-generic x86_64","Intel(R) Core(TM) Ultra 7 155H","/dev/nvme0n1p3 ext4   rw,noatime,errors=remount-ro","/tmp/pigment-db-durability-bench","pigment_db","physical","key_value","file","ordinary_write","1","32","5","9","1024","1045710508","979.238510","993798","0"
"candidate-20260807-060515","6d7edc7c29a60a94c59effeeb2b78d8b95038135","default-hasher:b6a599c56dd29bca","rustc 1.97.0 (2d8144b78 2026-07-07)","x86_64-unknown-linux-gnu","Linux 7.0.11-76070011-generic x86_64","Intel(R) Core(TM) Ultra 7 155H","/dev/nvme0n1p3 ext4   rw,noatime,errors=remount-ro","/tmp/pigment-db-durability-bench","pigment_db","physical","key_value","file","ordinary_write","1","32","5","10","1024","1029688823","994.475202","1007339","0"
"candidate-20260807-060515","6d7edc7c29a60a94c59effeeb2b78d8b95038135","default-hasher:b6a599c56dd29bca","rustc 1.97.0 (2d8144b78 2026-07-07)","x86_64-unknown-linux-gnu","Linux 7.0.11-76070011-generic x86_64","Intel(R) Core(TM) Ultra 7 155H","/dev/nvme0n1p3 ext4   rw,noatime,errors=remount-ro","/tmp/pigment-db-durability-bench","pigment_db","physical","key_value","file","ordinary_write","8","32","5","0","1024","1039076920","985.490083","1008339","0"
"candidate-20260807-060515","6d7edc7c29a60a94c59effeeb2b78d8b95038135","default-hasher:b6a599c56dd29bca","rustc 1.97.0 (2d8144b78 2026-07-07)","x86_64-unknown-linux-gnu","Linux 7.0.11-76070011-generic x86_64","Intel(R) Core(TM) Ultra 7 155H","/dev/nvme0n1p3 ext4   rw,noatime,errors=remount-ro","/tmp/pigment-db-durability-bench","pigment_db","physical","key_value","file","ordinary_write","8","32","5","1","1024","1035103521","989.273033","998931","0"
"candidate-20260807-060515","6d7edc7c29a60a94c59effeeb2b78d8b95038135","default-hasher:b6a599c56dd29bca","rustc 1.97.0 (2d8144b78 2026-07-07)","x86_64-unknown-linux-gnu","Linux 7.0.11-76070011-generic x86_64","Intel(R) Core(TM) Ultra 7 155H","/dev/nvme0n1p3 ext4   rw,noatime,errors=remount-ro","/tmp/pigment-db-durability-bench","pigment_db","physical","key_value","file","ordinary_write","8","32","5","2","1024","1031766309","992.472802","1017035","0"
"candidate-20260807-060515","6d7edc7c29a60a94c59effeeb2b78d8b95038135","default-hasher:b6a599c56dd29bca","rustc 1.97.0 (2d8144b78 2026-07-07)","x86_64-unknown-linux-gnu","Linux 7.0.11-76070011-generic x86_64","Intel(R) Core(TM) Ultra 7 155H","/dev/nvme0n1p3 ext4   rw,noatime,errors=remount-ro","/tmp/pigment-db-durability-bench","pigment_db","physical","key_value","file","ordinary_write","8","32","5","3","1024","1034039687","990.290811","1018147","0"
"candidate-20260807-060515","6d7edc7c29a60a94c59effeeb2b78d8b95038135","default-hasher:b6a599c56dd29bca","rustc 1.97.0 (2d8144b78 2026-07-07)","x86_64-unknown-linux-gnu","Linux 7.0.11-76070011-generic x86_64","Intel(R) Core(TM) Ultra 7 155H","/dev/nvme0n1p3 ext4   rw,noatime,errors=remount-ro","/tmp/pigment-db-durability-bench","pigment_db","physical","key_value","file","ordinary_write","8","32","5","4","1024","1055405638","970.243064","1073340","0"
"candidate-20260807-060515","6d7edc7c29a60a94c59effeeb2b78d8b95038135","default-hasher:b6a599c56dd29bca","rustc 1.97.0 (2d8144b78 2026-07-07)","x86_64-unknown-linux-gnu","Linux 7.0.11-76070011-generic x86_64","Intel(R) Core(TM) Ultra 7 155H","/dev/nvme0n1p3 ext4   rw,noatime,errors=remount-ro","/tmp/pigment-db-durability-bench","pigment_db","physical","key_value","file","ordinary_write","8","32","5","5","1024","1038130525","986.388489","1010745","0"
"candidate-20260807-060515","6d7edc7c29a60a94c59effeeb2b78d8b95038135","default-hasher:b6a599c56dd29bca","rustc 1.97.0 (2d8144b78 2026-07-07)","x86_64-unknown-linux-gnu","Linux 7.0.11-76070011-generic x86_64","Intel(R) Core(TM) Ultra 7 155H","/dev/nvme0n1p3 ext4   rw,noatime,errors=remount-ro","/tmp/pigment-db-durability-bench","pigment_db","physical","key_value","file","ordinary_write","8","32","5","6","1024","1033691925","990.623971","1043048","0"
"candidate-20260807-060515","6d7edc7c29a60a94c59effeeb2b78d8b95038135","default-hasher:b6a599c56dd29bca","rustc 1.97.0 (2d8144b78 2026-07-07)","x86_64-unknown-linux-gnu","Linux 7.0.11-76070011-generic x86_64","Intel(R) Core(TM) Ultra 7 155H","/dev/nvme0n1p3 ext4   rw,noatime,errors=remount-ro","/tmp/pigment-db-durability-bench","pigment_db","physical","key_value","file","ordinary_write","8","32","5","7","1024","1042444010","982.306954","1010837","0"
"candidate-20260807-060515","6d7edc7c29a60a94c59effeeb2b78d8b95038135","default-hasher:b6a599c56dd29bca","rustc 1.97.0 (2d8144b78 2026-07-07)","x86_64-unknown-linux-gnu","Linux 7.0.11-76070011-generic x86_64","Intel(R) Core(TM) Ultra 7 155H","/dev/nvme0n1p3 ext4   rw,noatime,errors=remount-ro","/tmp/pigment-db-durability-bench","pigment_db","physical","key_value","file","ordinary_write","8","32","5","8","1024","1034671782","989.685829","5897799","0"
"candidate-20260807-060515","6d7edc7c29a60a94c59effeeb2b78d8b95038135","default-hasher:b6a599c56dd29bca","rustc 1.97.0 (2d8144b78 2026-07-07)","x86_64-unknown-linux-gnu","Linux 7.0.11-76070011-generic x86_64","Intel(R) Core(TM) Ultra 7 155H","/dev/nvme0n1p3 ext4   rw,noatime,errors=remount-ro","/tmp/pigment-db-durability-bench","pigment_db","physical","key_value","file","ordinary_write","8","32","5","9","1024","1035938844","988.475339","1876070","0"
"candidate-20260807-060515","6d7edc7c29a60a94c59effeeb2b78d8b95038135","default-hasher:b6a599c56dd29bca","rustc 1.97.0 (2d8144b78 2026-07-07)","x86_64-unknown-linux-gnu","Linux 7.0.11-76070011-generic x86_64","Intel(R) Core(TM) Ultra 7 155H","/dev/nvme0n1p3 ext4   rw,noatime,errors=remount-ro","/tmp/pigment-db-durability-bench","pigment_db","physical","key_value","file","ordinary_write","8","32","5","10","1024","1045647424","979.297588","1004886","0"
"candidate-20260807-060515","6d7edc7c29a60a94c59effeeb2b78d8b95038135","default-hasher:b6a599c56dd29bca","rustc 1.97.0 (2d8144b78 2026-07-07)","x86_64-unknown-linux-gnu","Linux 7.0.11-76070011-generic x86_64","Intel(R) Core(TM) Ultra 7 155H","/dev/nvme0n1p3 ext4   rw,noatime,errors=remount-ro","/tmp/pigment-db-durability-bench","pigment_db","physical","key_value","file","successful_remove","1","32","5","0","1024","1033758714","990.559969","976019","0"
"candidate-20260807-060515","6d7edc7c29a60a94c59effeeb2b78d8b95038135","default-hasher:b6a599c56dd29bca","rustc 1.97.0 (2d8144b78 2026-07-07)","x86_64-unknown-linux-gnu","Linux 7.0.11-76070011-generic x86_64","Intel(R) Core(TM) Ultra 7 155H","/dev/nvme0n1p3 ext4   rw,noatime,errors=remount-ro","/tmp/pigment-db-durability-bench","pigment_db","physical","key_value","file","successful_remove","1","32","5","1","1024","1054243785","971.312342","1013209","0"
"candidate-20260807-060515","6d7edc7c29a60a94c59effeeb2b78d8b95038135","default-hasher:b6a599c56dd29bca","rustc 1.97.0 (2d8144b78 2026-07-07)","x86_64-unknown-linux-gnu","Linux 7.0.11-76070011-generic x86_64","Intel(R) Core(TM) Ultra 7 155H","/dev/nvme0n1p3 ext4   rw,noatime,errors=remount-ro","/tmp/pigment-db-durability-bench","pigment_db","physical","key_value","file","successful_remove","1","32","5","2","1024","1031429572","992.796821","976070","0"
"candidate-20260807-060515","6d7edc7c29a60a94c59effeeb2b78d8b95038135","default-hasher:b6a599c56dd29bca","rustc 1.97.0 (2d8144b78 2026-07-07)","x86_64-unknown-linux-gnu","Linux 7.0.11-76070011-generic x86_64","Intel(R) Core(TM) Ultra 7 155H","/dev/nvme0n1p3 ext4   rw,noatime,errors=remount-ro","/tmp/pigment-db-durability-bench","pigment_db","physical","key_value","file","successful_remove","1","32","5","3","1024","1024821447","999.198449","953956","0"
"candidate-20260807-060515","6d7edc7c29a60a94c59effeeb2b78d8b95038135","default-hasher:b6a599c56dd29bca","rustc 1.97.0 (2d8144b78 2026-07-07)","x86_64-unknown-linux-gnu","Linux 7.0.11-76070011-generic x86_64","Intel(R) Core(TM) Ultra 7 155H","/dev/nvme0n1p3 ext4   rw,noatime,errors=remount-ro","/tmp/pigment-db-durability-bench","pigment_db","physical","key_value","file","successful_remove","1","32","5","4","1024","1048212905","976.900776","994755","0"
"candidate-20260807-060515","6d7edc7c29a60a94c59effeeb2b78d8b95038135","default-hasher:b6a599c56dd29bca","rustc 1.97.0 (2d8144b78 2026-07-07)","x86_64-unknown-linux-gnu","Linux 7.0.11-76070011-generic x86_64","Intel(R) Core(TM) Ultra 7 155H","/dev/nvme0n1p3 ext4   rw,noatime,errors=remount-ro","/tmp/pigment-db-durability-bench","pigment_db","physical","key_value","file","successful_remove","1","32","5","5","1024","1043863278","980.971380","997508","0"
"candidate-20260807-060515","6d7edc7c29a60a94c59effeeb2b78d8b95038135","default-hasher:b6a599c56dd29bca","rustc 1.97.0 (2d8144b78 2026-07-07)","x86_64-unknown-linux-gnu","Linux 7.0.11-76070011-generic x86_64","Intel(R) Core(TM) Ultra 7 155H","/dev/nvme0n1p3 ext4   rw,noatime,errors=remount-ro","/tmp/pigment-db-durability-bench","pigment_db","physical","key_value","file","successful_remove","1","32","5","6","1024","1035137651","989.240416","990450","0"
"candidate-20260807-060515","6d7edc7c29a60a94c59effeeb2b78d8b95038135","default-hasher:b6a599c56dd29bca","rustc 1.97.0 (2d8144b78 2026-07-07)","x86_64-unknown-linux-gnu","Linux 7.0.11-76070011-generic x86_64","Intel(R) Core(TM) Ultra 7 155H","/dev/nvme0n1p3 ext4   rw,noatime,errors=remount-ro","/tmp/pigment-db-durability-bench","pigment_db","physical","key_value","file","successful_remove","1","32","5","7","1024","1039039096","985.525958","976672","0"
"candidate-20260807-060515","6d7edc7c29a60a94c59effeeb2b78d8b95038135","default-hasher:b6a599c56dd29bca","rustc 1.97.0 (2d8144b78 2026-07-07)","x86_64-unknown-linux-gnu","Linux 7.0.11-76070011-generic x86_64","Intel(R) Core(TM) Ultra 7 155H","/dev/nvme0n1p3 ext4   rw,noatime,errors=remount-ro","/tmp/pigment-db-durability-bench","pigment_db","physical","key_value","file","successful_remove","1","32","5","8","1024","1021612824","1002.336674","979793","0"
"candidate-20260807-060515","6d7edc7c29a60a94c59effeeb2b78d8b95038135","default-hasher:b6a599c56dd29bca","rustc 1.97.0 (2d8144b78 2026-07-07)","x86_64-unknown-linux-gnu","Linux 7.0.11-76070011-generic x86_64","Intel(R) Core(TM) Ultra 7 155H","/dev/nvme0n1p3 ext4   rw,noatime,errors=remount-ro","/tmp/pigment-db-durability-bench","pigment_db","physical","key_value","file","successful_remove","1","32","5","9","1024","1028100422","996.011652","934212","0"
"candidate-20260807-060515","6d7edc7c29a60a94c59effeeb2b78d8b95038135","default-hasher:b6a599c56dd29bca","rustc 1.97.0 (2d8144b78 2026-07-07)","x86_64-unknown-linux-gnu","Linux 7.0.11-76070011-generic x86_64","Intel(R) Core(TM) Ultra 7 155H","/dev/nvme0n1p3 ext4   rw,noatime,errors=remount-ro","/tmp/pigment-db-durability-bench","pigment_db","physical","key_value","file","successful_remove","1","32","5","10","1024","1030328622","993.857667","969190","0"
"candidate-20260807-060515","6d7edc7c29a60a94c59effeeb2b78d8b95038135","default-hasher:b6a599c56dd29bca","rustc 1.97.0 (2d8144b78 2026-07-07)","x86_64-unknown-linux-gnu","Linux 7.0.11-76070011-generic x86_64","Intel(R) Core(TM) Ultra 7 155H","/dev/nvme0n1p3 ext4   rw,noatime,errors=remount-ro","/tmp/pigment-db-durability-bench","pigment_db","physical","key_value","file","successful_remove","8","32","5","0","1024","1064453988","961.995550","14676643","0"
"candidate-20260807-060515","6d7edc7c29a60a94c59effeeb2b78d8b95038135","default-hasher:b6a599c56dd29bca","rustc 1.97.0 (2d8144b78 2026-07-07)","x86_64-unknown-linux-gnu","Linux 7.0.11-76070011-generic x86_64","Intel(R) Core(TM) Ultra 7 155H","/dev/nvme0n1p3 ext4   rw,noatime,errors=remount-ro","/tmp/pigment-db-durability-bench","pigment_db","physical","key_value","file","successful_remove","8","32","5","1","1024","1054640519","970.946954","10102773","0"
"candidate-20260807-060515","6d7edc7c29a60a94c59effeeb2b78d8b95038135","default-hasher:b6a599c56dd29bca","rustc 1.97.0 (2d8144b78 2026-07-07)","x86_64-unknown-linux-gnu","Linux 7.0.11-76070011-generic x86_64","Intel(R) Core(TM) Ultra 7 155H","/dev/nvme0n1p3 ext4   rw,noatime,errors=remount-ro","/tmp/pigment-db-durability-bench","pigment_db","physical","key_value","file","successful_remove","8","32","5","2","1024","1054335484","971.227864","22277664","0"
"candidate-20260807-060515","6d7edc7c29a60a94c59effeeb2b78d8b95038135","default-hasher:b6a599c56dd29bca","rustc 1.97.0 (2d8144b78 2026-07-07)","x86_64-unknown-linux-gnu","Linux 7.0.11-76070011-generic x86_64","Intel(R) Core(TM) Ultra 7 155H","/dev/nvme0n1p3 ext4   rw,noatime,errors=remount-ro","/tmp/pigment-db-durability-bench","pigment_db","physical","key_value","file","successful_remove","8","32","5","3","1024","1082518661","945.942123","23745878","0"
"candidate-20260807-060515","6d7edc7c29a60a94c59effeeb2b78d8b95038135","default-hasher:b6a599c56dd29bca","rustc 1.97.0 (2d8144b78 2026-07-07)","x86_64-unknown-linux-gnu","Linux 7.0.11-76070011-generic x86_64","Intel(R) Core(TM) Ultra 7 155H","/dev/nvme0n1p3 ext4   rw,noatime,errors=remount-ro","/tmp/pigment-db-durability-bench","pigment_db","physical","key_value","file","successful_remove","8","32","5","4","1024","1043270959","981.528328","13314474","0"
"candidate-20260807-060515","6d7edc7c29a60a94c59effeeb2b78d8b95038135","default-hasher:b6a599c56dd29bca","rustc 1.97.0 (2d8144b78 2026-07-07)","x86_64-unknown-linux-gnu","Linux 7.0.11-76070011-generic x86_64","Intel(R) Core(TM) Ultra 7 155H","/dev/nvme0n1p3 ext4   rw,noatime,errors=remount-ro","/tmp/pigment-db-durability-bench","pigment_db","physical","key_value","file","successful_remove","8","32","5","5","1024","1039748176","984.853856","27040072","0"
"candidate-20260807-060515","6d7edc7c29a60a94c59effeeb2b78d8b95038135","default-hasher:b6a599c56dd29bca","rustc 1.97.0 (2d8144b78 2026-07-07)","x86_64-unknown-linux-gnu","Linux 7.0.11-76070011-generic x86_64","Intel(R) Core(TM) Ultra 7 155H","/dev/nvme0n1p3 ext4   rw,noatime,errors=remount-ro","/tmp/pigment-db-durability-bench","pigment_db","physical","key_value","file","successful_remove","8","32","5","6","1024","1028534878","995.590934","30071071","0"
"candidate-20260807-060515","6d7edc7c29a60a94c59effeeb2b78d8b95038135","default-hasher:b6a599c56dd29bca","rustc 1.97.0 (2d8144b78 2026-07-07)","x86_64-unknown-linux-gnu","Linux 7.0.11-76070011-generic x86_64","Intel(R) Core(TM) Ultra 7 155H","/dev/nvme0n1p3 ext4   rw,noatime,errors=remount-ro","/tmp/pigment-db-durability-bench","pigment_db","physical","key_value","file","successful_remove","8","32","5","7","1024","1040106230","984.514822","10147669","0"
"candidate-20260807-060515","6d7edc7c29a60a94c59effeeb2b78d8b95038135","default-hasher:b6a599c56dd29bca","rustc 1.97.0 (2d8144b78 2026-07-07)","x86_64-unknown-linux-gnu","Linux 7.0.11-76070011-generic x86_64","Intel(R) Core(TM) Ultra 7 155H","/dev/nvme0n1p3 ext4   rw,noatime,errors=remount-ro","/tmp/pigment-db-durability-bench","pigment_db","physical","key_value","file","successful_remove","8","32","5","8","1024","1038843538","985.711479","10098532","0"
"candidate-20260807-060515","6d7edc7c29a60a94c59effeeb2b78d8b95038135","default-hasher:b6a599c56dd29bca","rustc 1.97.0 (2d8144b78 2026-07-07)","x86_64-unknown-linux-gnu","Linux 7.0.11-76070011-generic x86_64","Intel(R) Core(TM) Ultra 7 155H","/dev/nvme0n1p3 ext4   rw,noatime,errors=remount-ro","/tmp/pigment-db-durability-bench","pigment_db","physical","key_value","file","successful_remove","8","32","5","9","1024","1056792819","968.969491","10071344","0"
"candidate-20260807-060515","6d7edc7c29a60a94c59effeeb2b78d8b95038135","default-hasher:b6a599c56dd29bca","rustc 1.97.0 (2d8144b78 2026-07-07)","x86_64-unknown-linux-gnu","Linux 7.0.11-76070011-generic x86_64","Intel(R) Core(TM) Ultra 7 155H","/dev/nvme0n1p3 ext4   rw,noatime,errors=remount-ro","/tmp/pigment-db-durability-bench","pigment_db","physical","key_value","file","successful_remove","8","32","5","10","1024","1044795825","980.095800","13672503","0"
"candidate-20260807-060515","6d7edc7c29a60a94c59effeeb2b78d8b95038135","default-hasher:b6a599c56dd29bca","rustc 1.97.0 (2d8144b78 2026-07-07)","x86_64-unknown-linux-gnu","Linux 7.0.11-76070011-generic x86_64","Intel(R) Core(TM) Ultra 7 155H","/dev/nvme0n1p3 ext4   rw,noatime,errors=remount-ro","/tmp/pigment-db-durability-bench","pigment_db","physical","key_value","file","minimal_callback","1","32","5","0","1024","1036991484","987.471947","995997","0"
"candidate-20260807-060515","6d7edc7c29a60a94c59effeeb2b78d8b95038135","default-hasher:b6a599c56dd29bca","rustc 1.97.0 (2d8144b78 2026-07-07)","x86_64-unknown-linux-gnu","Linux 7.0.11-76070011-generic x86_64","Intel(R) Core(TM) Ultra 7 155H","/dev/nvme0n1p3 ext4   rw,noatime,errors=remount-ro","/tmp/pigment-db-durability-bench","pigment_db","physical","key_value","file","minimal_callback","1","32","5","1","1024","1035841124","988.568591","981823","0"
"candidate-20260807-060515","6d7edc7c29a60a94c59effeeb2b78d8b95038135","default-hasher:b6a599c56dd29bca","rustc 1.97.0 (2d8144b78 2026-07-07)","x86_64-unknown-linux-gnu","Linux 7.0.11-76070011-generic x86_64","Intel(R) Core(TM) Ultra 7 155H","/dev/nvme0n1p3 ext4   rw,noatime,errors=remount-ro","/tmp/pigment-db-durability-bench","pigment_db","physical","key_value","file","minimal_callback","1","32","5","2","1024","1050873589","974.427382","1012601","0"
"candidate-20260807-060515","6d7edc7c29a60a94c59effeeb2b78d8b95038135","default-hasher:b6a599c56dd29bca","rustc 1.97.0 (2d8144b78 2026-07-07)","x86_64-unknown-linux-gnu","Linux 7.0.11-76070011-generic x86_64","Intel(R) Core(TM) Ultra 7 155H","/dev/nvme0n1p3 ext4   rw,noatime,errors=remount-ro","/tmp/pigment-db-durability-bench","pigment_db","physical","key_value","file","minimal_callback","1","32","5","3","1024","1042447424","982.303737","1012950","0"
"candidate-20260807-060515","6d7edc7c29a60a94c59effeeb2b78d8b95038135","default-hasher:b6a599c56dd29bca","rustc 1.97.0 (2d8144b78 2026-07-07)","x86_64-unknown-linux-gnu","Linux 7.0.11-76070011-generic x86_64","Intel(R) Core(TM) Ultra 7 155H","/dev/nvme0n1p3 ext4   rw,noatime,errors=remount-ro","/tmp/pigment-db-durability-bench","pigment_db","physical","key_value","file","minimal_callback","1","32","5","4","1024","1033610026","990.702464","1001127","0"
"candidate-20260807-060515","6d7edc7c29a60a94c59effeeb2b78d8b95038135","default-hasher:b6a599c56dd29bca","rustc 1.97.0 (2d8144b78 2026-07-07)","x86_64-unknown-linux-gnu","Linux 7.0.11-76070011-generic x86_64","Intel(R) Core(TM) Ultra 7 155H","/dev/nvme0n1p3 ext4   rw,noatime,errors=remount-ro","/tmp/pigment-db-durability-bench","pigment_db","physical","key_value","file","minimal_callback","1","32","5","5","1024","1041434600","983.259054","992178","0"
"candidate-20260807-060515","6d7edc7c29a60a94c59effeeb2b78d8b95038135","default-hasher:b6a599c56dd29bca","rustc 1.97.0 (2d8144b78 2026-07-07)","x86_64-unknown-linux-gnu","Linux 7.0.11-76070011-generic x86_64","Intel(R) Core(TM) Ultra 7 155H","/dev/nvme0n1p3 ext4   rw,noatime,errors=remount-ro","/tmp/pigment-db-durability-bench","pigment_db","physical","key_value","file","minimal_callback","1","32","5","6","1024","1024317285","999.690247","981226","0"
"candidate-20260807-060515","6d7edc7c29a60a94c59effeeb2b78d8b95038135","default-hasher:b6a599c56dd29bca","rustc 1.97.0 (2d8144b78 2026-07-07)","x86_64-unknown-linux-gnu","Linux 7.0.11-76070011-generic x86_64","Intel(R) Core(TM) Ultra 7 155H","/dev/nvme0n1p3 ext4   rw,noatime,errors=remount-ro","/tmp/pigment-db-durability-bench","pigment_db","physical","key_value","file","minimal_callback","1","32","5","7","1024","1038768829","985.782372","994286","0"
"candidate-20260807-060515","6d7edc7c29a60a94c59effeeb2b78d8b95038135","default-hasher:b6a599c56dd29bca","rustc 1.97.0 (2d8144b78 2026-07-07)","x86_64-unknown-linux-gnu","Linux 7.0.11-76070011-generic x86_64","Intel(R) Core(TM) Ultra 7 155H","/dev/nvme0n1p3 ext4   rw,noatime,errors=remount-ro","/tmp/pigment-db-durability-bench","pigment_db","physical","key_value","file","minimal_callback","1","32","5","8","1024","1014913863","1008.952619","976082","0"
"candidate-20260807-060515","6d7edc7c29a60a94c59effeeb2b78d8b95038135","default-hasher:b6a599c56dd29bca","rustc 1.97.0 (2d8144b78 2026-07-07)","x86_64-unknown-linux-gnu","Linux 7.0.11-76070011-generic x86_64","Intel(R) Core(TM) Ultra 7 155H","/dev/nvme0n1p3 ext4   rw,noatime,errors=remount-ro","/tmp/pigment-db-durability-bench","pigment_db","physical","key_value","file","minimal_callback","1","32","5","9","1024","1027355068","996.734266","993970","0"
"candidate-20260807-060515","6d7edc7c29a60a94c59effeeb2b78d8b95038135","default-hasher:b6a599c56dd29bca","rustc 1.97.0 (2d8144b78 2026-07-07)","x86_64-unknown-linux-gnu","Linux 7.0.11-76070011-generic x86_64","Intel(R) Core(TM) Ultra 7 155H","/dev/nvme0n1p3 ext4   rw,noatime,errors=remount-ro","/tmp/pigment-db-durability-bench","pigment_db","physical","key_value","file","minimal_callback","1","32","5","10","1024","1031496608","992.732300","1008478","0"
"candidate-20260807-060515","6d7edc7c29a60a94c59effeeb2b78d8b95038135","default-hasher:b6a599c56dd29bca","rustc 1.97.0 (2d8144b78 2026-07-07)","x86_64-unknown-linux-gnu","Linux 7.0.11-76070011-generic x86_64","Intel(R) Core(TM) Ultra 7 155H","/dev/nvme0n1p3 ext4   rw,noatime,errors=remount-ro","/tmp/pigment-db-durability-bench","pigment_db","physical","key_value","file","minimal_callback","8","32","5","0","1024","1054759340","970.837575","1008209","0"
"candidate-20260807-060515","6d7edc7c29a60a94c59effeeb2b78d8b95038135","default-hasher:b6a599c56dd29bca","rustc 1.97.0 (2d8144b78 2026-07-07)","x86_64-unknown-linux-gnu","Linux 7.0.11-76070011-generic x86_64","Intel(R) Core(TM) Ultra 7 155H","/dev/nvme0n1p3 ext4   rw,noatime,errors=remount-ro","/tmp/pigment-db-durability-bench","pigment_db","physical","key_value","file","minimal_callback","8","32","5","1","1024","1044535618","980.339954","989184","0"
"candidate-20260807-060515","6d7edc7c29a60a94c59effeeb2b78d8b95038135","default-hasher:b6a599c56dd29bca","rustc 1.97.0 (2d8144b78 2026-07-07)","x86_64-unknown-linux-gnu","Linux 7.0.11-76070011-generic x86_64","Intel(R) Core(TM) Ultra 7 155H","/dev/nvme0n1p3 ext4   rw,noatime,errors=remount-ro","/tmp/pigment-db-durability-bench","pigment_db","physical","key_value","file","minimal_callback","8","32","5","2","1024","1035801287","988.606611","1889647","0"
"candidate-20260807-060515","6d7edc7c29a60a94c59effeeb2b78d8b95038135","default-hasher:b6a599c56dd29bca","rustc 1.97.0 (2d8144b78 2026-07-07)","x86_64-unknown-linux-gnu","Linux 7.0.11-76070011-generic x86_64","Intel(R) Core(TM) Ultra 7 155H","/dev/nvme0n1p3 ext4   rw,noatime,errors=remount-ro","/tmp/pigment-db-durability-bench","pigment_db","physical","key_value","file","minimal_callback","8","32","5","3","1024","1030018537","994.156865","1866267","0"
"candidate-20260807-060515","6d7edc7c29a60a94c59effeeb2b78d8b95038135","default-hasher:b6a599c56dd29bca","rustc 1.97.0 (2d8144b78 2026-07-07)","x86_64-unknown-linux-gnu","Linux 7.0.11-76070011-generic x86_64","Intel(R) Core(TM) Ultra 7 155H","/dev/nvme0n1p3 ext4   rw,noatime,errors=remount-ro","/tmp/pigment-db-durability-bench","pigment_db","physical","key_value","file","minimal_callback","8","32","5","4","1024","1043412224","981.395441","1014966","0"
"candidate-20260807-060515","6d7edc7c29a60a94c59effeeb2b78d8b95038135","default-hasher:b6a599c56dd29bca","rustc 1.97.0 (2d8144b78 2026-07-07)","x86_64-unknown-linux-gnu","Linux 7.0.11-76070011-generic x86_64","Intel(R) Core(TM) Ultra 7 155H","/dev/nvme0n1p3 ext4   rw,noatime,errors=remount-ro","/tmp/pigment-db-durability-bench","pigment_db","physical","key_value","file","minimal_callback","8","32","5","5","1024","1043971800","980.869407","1915082","0"
"candidate-20260807-060515","6d7edc7c29a60a94c59effeeb2b78d8b95038135","default-hasher:b6a599c56dd29bca","rustc 1.97.0 (2d8144b78 2026-07-07)","x86_64-unknown-linux-gnu","Linux 7.0.11-76070011-generic x86_64","Intel(R) Core(TM) Ultra 7 155H","/dev/nvme0n1p3 ext4   rw,noatime,errors=remount-ro","/tmp/pigment-db-durability-bench","pigment_db","physical","key_value","file","minimal_callback","8","32","5","6","1024","1046375485","978.616199","1031640","0"
"candidate-20260807-060515","6d7edc7c29a60a94c59effeeb2b78d8b95038135","default-hasher:b6a599c56dd29bca","rustc 1.97.0 (2d8144b78 2026-07-07)","x86_64-unknown-linux-gnu","Linux 7.0.11-76070011-generic x86_64","Intel(R) Core(TM) Ultra 7 155H","/dev/nvme0n1p3 ext4   rw,noatime,errors=remount-ro","/tmp/pigment-db-durability-bench","pigment_db","physical","key_value","file","minimal_callback","8","32","5","7","1024","1051333866","974.000775","1049528","0"
"candidate-20260807-060515","6d7edc7c29a60a94c59effeeb2b78d8b95038135","default-hasher:b6a599c56dd29bca","rustc 1.97.0 (2d8144b78 2026-07-07)","x86_64-unknown-linux-gnu","Linux 7.0.11-76070011-generic x86_64","Intel(R) Core(TM) Ultra 7 155H","/dev/nvme0n1p3 ext4   rw,noatime,errors=remount-ro","/tmp/pigment-db-durability-bench","pigment_db","physical","key_value","file","minimal_callback","8","32","5","8","1024","1034394806","989.950833","1057763","0"
"candidate-20260807-060515","6d7edc7c29a60a94c59effeeb2b78d8b95038135","default-hasher:b6a599c56dd29bca","rustc 1.97.0 (2d8144b78 2026-07-07)","x86_64-unknown-linux-gnu","Linux 7.0.11-76070011-generic x86_64","Intel(R) Core(TM) Ultra 7 155H","/dev/nvme0n1p3 ext4   rw,noatime,errors=remount-ro","/tmp/pigment-db-durability-bench","pigment_db","physical","key_value","file","minimal_callback","8","32","5","9","1024","1042480545","982.272528","1884079","0"
"candidate-20260807-060515","6d7edc7c29a60a94c59effeeb2b78d8b95038135","default-hasher:b6a599c56dd29bca","rustc 1.97.0 (2d8144b78 2026-07-07)","x86_64-unknown-linux-gnu","Linux 7.0.11-76070011-generic x86_64","Intel(R) Core(TM) Ultra 7 155H","/dev/nvme0n1p3 ext4   rw,noatime,errors=remount-ro","/tmp/pigment-db-durability-bench","pigment_db","physical","key_value","file","minimal_callback","8","32","5","10","1024","1041745443","982.965663","1070341","0"
"candidate-20260807-060515","6d7edc7c29a60a94c59effeeb2b78d8b95038135","default-hasher:b6a599c56dd29bca","rustc 1.97.0 (2d8144b78 2026-07-07)","x86_64-unknown-linux-gnu","Linux 7.0.11-76070011-generic x86_64","Intel(R) Core(TM) Ultra 7 155H","/dev/nvme0n1p3 ext4   rw,noatime,errors=remount-ro","/tmp/pigment-db-durability-bench","pigment_db","physical","key_set","file","ordinary_write","1","32","5","0","1024","1076301166","951.406569","1050552","0"
"candidate-20260807-060515","6d7edc7c29a60a94c59effeeb2b78d8b95038135","default-hasher:b6a599c56dd29bca","rustc 1.97.0 (2d8144b78 2026-07-07)","x86_64-unknown-linux-gnu","Linux 7.0.11-76070011-generic x86_64","Intel(R) Core(TM) Ultra 7 155H","/dev/nvme0n1p3 ext4   rw,noatime,errors=remount-ro","/tmp/pigment-db-durability-bench","pigment_db","physical","key_set","file","ordinary_write","1","32","5","1","1024","1039073618","985.493215","1022430","0"
"candidate-20260807-060515","6d7edc7c29a60a94c59effeeb2b78d8b95038135","default-hasher:b6a599c56dd29bca","rustc 1.97.0 (2d8144b78 2026-07-07)","x86_64-unknown-linux-gnu","Linux 7.0.11-76070011-generic x86_64","Intel(R) Core(TM) Ultra 7 155H","/dev/nvme0n1p3 ext4   rw,noatime,errors=remount-ro","/tmp/pigment-db-durability-bench","pigment_db","physical","key_set","file","ordinary_write","1","32","5","2","1024","1029038787","995.103404","1018043","0"
"candidate-20260807-060515","6d7edc7c29a60a94c59effeeb2b78d8b95038135","default-hasher:b6a599c56dd29bca","rustc 1.97.0 (2d8144b78 2026-07-07)","x86_64-unknown-linux-gnu","Linux 7.0.11-76070011-generic x86_64","Intel(R) Core(TM) Ultra 7 155H","/dev/nvme0n1p3 ext4   rw,noatime,errors=remount-ro","/tmp/pigment-db-durability-bench","pigment_db","physical","key_set","file","ordinary_write","1","32","5","3","1024","1044519310","980.355260","1000041","0"
"candidate-20260807-060515","6d7edc7c29a60a94c59effeeb2b78d8b95038135","default-hasher:b6a599c56dd29bca","rustc 1.97.0 (2d8144b78 2026-07-07)","x86_64-unknown-linux-gnu","Linux 7.0.11-76070011-generic x86_64","Intel(R) Core(TM) Ultra 7 155H","/dev/nvme0n1p3 ext4   rw,noatime,errors=remount-ro","/tmp/pigment-db-durability-bench","pigment_db","physical","key_set","file","ordinary_write","1","32","5","4","1024","1032717361","991.558812","978675","0"
"candidate-20260807-060515","6d7edc7c29a60a94c59effeeb2b78d8b95038135","default-hasher:b6a599c56dd29bca","rustc 1.97.0 (2d8144b78 2026-07-07)","x86_64-unknown-linux-gnu","Linux 7.0.11-76070011-generic x86_64","Intel(R) Core(TM) Ultra 7 155H","/dev/nvme0n1p3 ext4   rw,noatime,errors=remount-ro","/tmp/pigment-db-durability-bench","pigment_db","physical","key_set","file","ordinary_write","1","32","5","5","1024","1030774119","993.428125","978683","0"
"candidate-20260807-060515","6d7edc7c29a60a94c59effeeb2b78d8b95038135","default-hasher:b6a599c56dd29bca","rustc 1.97.0 (2d8144b78 2026-07-07)","x86_64-unknown-linux-gnu","Linux 7.0.11-76070011-generic x86_64","Intel(R) Core(TM) Ultra 7 155H","/dev/nvme0n1p3 ext4   rw,noatime,errors=remount-ro","/tmp/pigment-db-durability-bench","pigment_db","physical","key_set","file","ordinary_write","1","32","5","6","1024","1045884880","979.075250","1006957","0"
"candidate-20260807-060515","6d7edc7c29a60a94c59effeeb2b78d8b95038135","default-hasher:b6a599c56dd29bca","rustc 1.97.0 (2d8144b78 2026-07-07)","x86_64-unknown-linux-gnu","Linux 7.0.11-76070011-generic x86_64","Intel(R) Core(TM) Ultra 7 155H","/dev/nvme0n1p3 ext4   rw,noatime,errors=remount-ro","/tmp/pigment-db-durability-bench","pigment_db","physical","key_set","file","ordinary_write","1","32","5","7","1024","1043171775","981.621651","990387","0"
"candidate-20260807-060515","6d7edc7c29a60a94c59effeeb2b78d8b95038135","default-hasher:b6a599c56dd29bca","rustc 1.97.0 (2d8144b78 2026-07-07)","x86_64-unknown-linux-gnu","Linux 7.0.11-76070011-generic x86_64","Intel(R) Core(TM) Ultra 7 155H","/dev/nvme0n1p3 ext4   rw,noatime,errors=remount-ro","/tmp/pigment-db-durability-bench","pigment_db","physical","key_set","file","ordinary_write","1","32","5","8","1024","1020133283","1003.790404","979350","0"
"candidate-20260807-060515","6d7edc7c29a60a94c59effeeb2b78d8b95038135","default-hasher:b6a599c56dd29bca","rustc 1.97.0 (2d8144b78 2026-07-07)","x86_64-unknown-linux-gnu","Linux 7.0.11-76070011-generic x86_64","Intel(R) Core(TM) Ultra 7 155H","/dev/nvme0n1p3 ext4   rw,noatime,errors=remount-ro","/tmp/pigment-db-durability-bench","pigment_db","physical","key_set","file","ordinary_write","1","32","5","9","1024","1047291508","977.760244","987100","0"
"candidate-20260807-060515","6d7edc7c29a60a94c59effeeb2b78d8b95038135","default-hasher:b6a599c56dd29bca","rustc 1.97.0 (2d8144b78 2026-07-07)","x86_64-unknown-linux-gnu","Linux 7.0.11-76070011-generic x86_64","Intel(R) Core(TM) Ultra 7 155H","/dev/nvme0n1p3 ext4   rw,noatime,errors=remount-ro","/tmp/pigment-db-durability-bench","pigment_db","physical","key_set","file","ordinary_write","1","32","5","10","1024","1041541413","983.158218","992895","0"
"candidate-20260807-060515","6d7edc7c29a60a94c59effeeb2b78d8b95038135","default-hasher:b6a599c56dd29bca","rustc 1.97.0 (2d8144b78 2026-07-07)","x86_64-unknown-linux-gnu","Linux 7.0.11-76070011-generic x86_64","Intel(R) Core(TM) Ultra 7 155H","/dev/nvme0n1p3 ext4   rw,noatime,errors=remount-ro","/tmp/pigment-db-durability-bench","pigment_db","physical","key_set","file","ordinary_write","8","32","5","0","1024","1050274249","974.983440","2759570","0"
"candidate-20260807-060515","6d7edc7c29a60a94c59effeeb2b78d8b95038135","default-hasher:b6a599c56dd29bca","rustc 1.97.0 (2d8144b78 2026-07-07)","x86_64-unknown-linux-gnu","Linux 7.0.11-76070011-generic x86_64","Intel(R) Core(TM) Ultra 7 155H","/dev/nvme0n1p3 ext4   rw,noatime,errors=remount-ro","/tmp/pigment-db-durability-bench","pigment_db","physical","key_set","file","ordinary_write","8","32","5","1","1024","1038569798","985.971287","1403076","0"
"candidate-20260807-060515","6d7edc7c29a60a94c59effeeb2b78d8b95038135","default-hasher:b6a599c56dd29bca","rustc 1.97.0 (2d8144b78 2026-07-07)","x86_64-unknown-linux-gnu","Linux 7.0.11-76070011-generic x86_64","Intel(R) Core(TM) Ultra 7 155H","/dev/nvme0n1p3 ext4   rw,noatime,errors=remount-ro","/tmp/pigment-db-durability-bench","pigment_db","physical","key_set","file","ordinary_write","8","32","5","2","1024","1035818052","988.590610","1942718","0"
"candidate-20260807-060515","6d7edc7c29a60a94c59effeeb2b78d8b95038135","default-hasher:b6a599c56dd29bca","rustc 1.97.0 (2d8144b78 2026-07-07)","x86_64-unknown-linux-gnu","Linux 7.0.11-76070011-generic x86_64","Intel(R) Core(TM) Ultra 7 155H","/dev/nvme0n1p3 ext4   rw,noatime,errors=remount-ro","/tmp/pigment-db-durability-bench","pigment_db","physical","key_set","file","ordinary_write","8","32","5","3","1024","1007529439","1016.347474","1373861","0"
"candidate-20260807-060515","6d7edc7c29a60a94c59effeeb2b78d8b95038135","default-hasher:b6a599c56dd29bca","rustc 1.97.0 (2d8144b78 2026-07-07)","x86_64-unknown-linux-gnu","Linux 7.0.11-76070011-generic x86_64","Intel(R) Core(TM) Ultra 7 155H","/dev/nvme0n1p3 ext4   rw,noatime,errors=remount-ro","/tmp/pigment-db-durability-bench","pigment_db","physical","key_set","file","ordinary_write","8","32","5","4","1024","1048294527","976.824713","10039569","0"
"candidate-20260807-060515","6d7edc7c29a60a94c59effeeb2b78d8b95038135","default-hasher:b6a599c56dd29bca","rustc 1.97.0 (2d8144b78 2026-07-07)","x86_64-unknown-linux-gnu","Linux 7.0.11-76070011-generic x86_64","Intel(R) Core(TM) Ultra 7 155H","/dev/nvme0n1p3 ext4   rw,noatime,errors=remount-ro","/tmp/pigment-db-durability-bench","pigment_db","physical","key_set","file","ordinary_write","8","32","5","5","1024","1039799296","984.805437","9991726","0"
"candidate-20260807-060515","6d7edc7c29a60a94c59effeeb2b78d8b95038135","default-hasher:b6a599c56dd29bca","rustc 1.97.0 (2d8144b78 2026-07-07)","x86_64-unknown-linux-gnu","Linux 7.0.11-76070011-generic x86_64","Intel(R) Core(TM) Ultra 7 155H","/dev/nvme0n1p3 ext4   rw,noatime,errors=remount-ro","/tmp/pigment-db-durability-bench","pigment_db","physical","key_set","file","ordinary_write","8","32","5","6","1024","1036412287","988.023794","2154032","0"
"candidate-20260807-060515","6d7edc7c29a60a94c59effeeb2b78d8b95038135","default-hasher:b6a599c56dd29bca","rustc 1.97.0 (2d8144b78 2026-07-07)","x86_64-unknown-linux-gnu","Linux 7.0.11-76070011-generic x86_64","Intel(R) Core(TM) Ultra 7 155H","/dev/nvme0n1p3 ext4   rw,noatime,errors=remount-ro","/tmp/pigment-db-durability-bench","pigment_db","physical","key_set","file","ordinary_write","8","32","5","7","1024","1052038123","973.348758","2272843","0"
"candidate-20260807-060515","6d7edc7c29a60a94c59effeeb2b78d8b95038135","default-hasher:b6a599c56dd29bca","rustc 1.97.0 (2d8144b78 2026-07-07)","x86_64-unknown-linux-gnu","Linux 7.0.11-76070011-generic x86_64","Intel(R) Core(TM) Ultra 7 155H","/dev/nvme0n1p3 ext4   rw,noatime,errors=remount-ro","/tmp/pigment-db-durability-bench","pigment_db","physical","key_set","file","ordinary_write","8","32","5","8","1024","1038893169","985.664388","1396950","0"
"candidate-20260807-060515","6d7edc7c29a60a94c59effeeb2b78d8b95038135","default-hasher:b6a599c56dd29bca","rustc 1.97.0 (2d8144b78 2026-07-07)","x86_64-unknown-linux-gnu","Linux 7.0.11-76070011-generic x86_64","Intel(R) Core(TM) Ultra 7 155H","/dev/nvme0n1p3 ext4   rw,noatime,errors=remount-ro","/tmp/pigment-db-durability-bench","pigment_db","physical","key_set","file","ordinary_write","8","32","5","9","1024","1052115840","973.276859","10033846","0"
"candidate-20260807-060515","6d7edc7c29a60a94c59effeeb2b78d8b95038135","default-hasher:b6a599c56dd29bca","rustc 1.97.0 (2d8144b78 2026-07-07)","x86_64-unknown-linux-gnu","Linux 7.0.11-76070011-generic x86_64","Intel(R) Core(TM) Ultra 7 155H","/dev/nvme0n1p3 ext4   rw,noatime,errors=remount-ro","/tmp/pigment-db-durability-bench","pigment_db","physical","key_set","file","ordinary_write","8","32","5","10","1024","1033993994","990.334572","7121790","0"
"candidate-20260807-060515","6d7edc7c29a60a94c59effeeb2b78d8b95038135","default-hasher:b6a599c56dd29bca","rustc 1.97.0 (2d8144b78 2026-07-07)","x86_64-unknown-linux-gnu","Linux 7.0.11-76070011-generic x86_64","Intel(R) Core(TM) Ultra 7 155H","/dev/nvme0n1p3 ext4   rw,noatime,errors=remount-ro","/tmp/pigment-db-durability-bench","pigment_db","physical","key_set","file","successful_remove","1","32","5","0","1024","1032812801","991.467185","986880","0"
"candidate-20260807-060515","6d7edc7c29a60a94c59effeeb2b78d8b95038135","default-hasher:b6a599c56dd29bca","rustc 1.97.0 (2d8144b78 2026-07-07)","x86_64-unknown-linux-gnu","Linux 7.0.11-76070011-generic x86_64","Intel(R) Core(TM) Ultra 7 155H","/dev/nvme0n1p3 ext4   rw,noatime,errors=remount-ro","/tmp/pigment-db-durability-bench","pigment_db","physical","key_set","file","successful_remove","1","32","5","1","1024","1013866217","1009.995188","920143","0"
"candidate-20260807-060515","6d7edc7c29a60a94c59effeeb2b78d8b95038135","default-hasher:b6a599c56dd29bca","rustc 1.97.0 (2d8144b78 2026-07-07)","x86_64-unknown-linux-gnu","Linux 7.0.11-76070011-generic x86_64","Intel(R) Core(TM) Ultra 7 155H","/dev/nvme0n1p3 ext4   rw,noatime,errors=remount-ro","/tmp/pigment-db-durability-bench","pigment_db","physical","key_set","file","successful_remove","1","32","5","2","1024","1026004979","998.045839","985728","0"
"candidate-20260807-060515","6d7edc7c29a60a94c59effeeb2b78d8b95038135","default-hasher:b6a599c56dd29bca","rustc 1.97.0 (2d8144b78 2026-07-07)","x86_64-unknown-linux-gnu","Linux 7.0.11-76070011-generic x86_64","Intel(R) Core(TM) Ultra 7 155H","/dev/nvme0n1p3 ext4   rw,noatime,errors=remount-ro","/tmp/pigment-db-durability-bench","pigment_db","physical","key_set","file","successful_remove","1","32","5","3","1024","1040752532","983.903443","989542","0"
"candidate-20260807-060515","6d7edc7c29a60a94c59effeeb2b78d8b95038135","default-hasher:b6a599c56dd29bca","rustc 1.97.0 (2d8144b78 2026-07-07)","x86_64-unknown-linux-gnu","Linux 7.0.11-76070011-generic x86_64","Intel(R) Core(TM) Ultra 7 155H","/dev/nvme0n1p3 ext4   rw,noatime,errors=remount-ro","/tmp/pigment-db-durability-bench","pigment_db","physical","key_set","file","successful_remove","1","32","5","4","1024","1041341111","983.347329","983340","0"
"candidate-20260807-060515","6d7edc7c29a60a94c59effeeb2b78d8b95038135","default-hasher:b6a599c56dd29bca","rustc 1.97.0 (2d8144b78 2026-07-07)","x86_64-unknown-linux-gnu","Linux 7.0.11-76070011-generic x86_64","Intel(R) Core(TM) Ultra 7 155H","/dev/nvme0n1p3 ext4   rw,noatime,errors=remount-ro","/tmp/pigment-db-durability-bench","pigment_db","physical","key_set","file","successful_remove","1","32","5","5","1024","1042616089","982.144829","990442","0"
"candidate-20260807-060515","6d7edc7c29a60a94c59effeeb2b78d8b95038135","default-hasher:b6a599c56dd29bca","rustc 1.97.0 (2d8144b78 2026-07-07)","x86_64-unknown-linux-gnu","Linux 7.0.11-76070011-generic x86_64","Intel(R) Core(TM) Ultra 7 155H","/dev/nvme0n1p3 ext4   rw,noatime,errors=remount-ro","/tmp/pigment-db-durability-bench","pigment_db","physical","key_set","file","successful_remove","1","32","5","6","1024","1031664945","992.570316","1004567","0"
"candidate-20260807-060515","6d7edc7c29a60a94c59effeeb2b78d8b95038135","default-hasher:b6a599c56dd29bca","rustc 1.97.0 (2d8144b78 2026-07-07)","x86_64-unknown-linux-gnu","Linux 7.0.11-76070011-generic x86_64","Intel(R) Core(TM) Ultra 7 155H","/dev/nvme0n1p3 ext4   rw,noatime,errors=remount-ro","/tmp/pigment-db-durability-bench","pigment_db","physical","key_set","file","successful_remove","1","32","5","7","1024","1036166827","988.257849","983175","0"
"candidate-20260807-060515","6d7edc7c29a60a94c59effeeb2b78d8b95038135","default-hasher:b6a599c56dd29bca","rustc 1.97.0 (2d8144b78 2026-07-07)","x86_64-unknown-linux-gnu","Linux 7.0.11-76070011-generic x86_64","Intel(R) Core(TM) Ultra 7 155H","/dev/nvme0n1p3 ext4   rw,noatime,errors=remount-ro","/tmp/pigment-db-durability-bench","pigment_db","physical","key_set","file","successful_remove","1","32","5","8","1024","1029347578","994.804886","970642","0"
"candidate-20260807-060515","6d7edc7c29a60a94c59effeeb2b78d8b95038135","default-hasher:b6a599c56dd29bca","rustc 1.97.0 (2d8144b78 2026-07-07)","x86_64-unknown-linux-gnu","Linux 7.0.11-76070011-generic x86_64","Intel(R) Core(TM) Ultra 7 155H","/dev/nvme0n1p3 ext4   rw,noatime,errors=remount-ro","/tmp/pigment-db-durability-bench","pigment_db","physical","key_set","file","successful_remove","1","32","5","9","1024","1023477485","1000.510529","978640","0"
"candidate-20260807-060515","6d7edc7c29a60a94c59effeeb2b78d8b95038135","default-hasher:b6a599c56dd29bca","rustc 1.97.0 (2d8144b78 2026-07-07)","x86_64-unknown-linux-gnu","Linux 7.0.11-76070011-generic x86_64","Intel(R) Core(TM) Ultra 7 155H","/dev/nvme0n1p3 ext4   rw,noatime,errors=remount-ro","/tmp/pigment-db-durability-bench","pigment_db","physical","key_set","file","successful_remove","1","32","5","10","1024","1040728037","983.926601","1004506","0"
"candidate-20260807-060515","6d7edc7c29a60a94c59effeeb2b78d8b95038135","default-hasher:b6a599c56dd29bca","rustc 1.97.0 (2d8144b78 2026-07-07)","x86_64-unknown-linux-gnu","Linux 7.0.11-76070011-generic x86_64","Intel(R) Core(TM) Ultra 7 155H","/dev/nvme0n1p3 ext4   rw,noatime,errors=remount-ro","/tmp/pigment-db-durability-bench","pigment_db","physical","key_set","file","successful_remove","8","32","5","0","1024","1036003191","988.413944","1030758","0"
"candidate-20260807-060515","6d7edc7c29a60a94c59effeeb2b78d8b95038135","default-hasher:b6a599c56dd29bca","rustc 1.97.0 (2d8144b78 2026-07-07)","x86_64-unknown-linux-gnu","Linux 7.0.11-76070011-generic x86_64","Intel(R) Core(TM) Ultra 7 155H","/dev/nvme0n1p3 ext4   rw,noatime,errors=remount-ro","/tmp/pigment-db-durability-bench","pigment_db","physical","key_set","file","successful_remove","8","32","5","1","1024","1025332459","998.700462","1047183","0"
"candidate-20260807-060515","6d7edc7c29a60a94c59effeeb2b78d8b95038135","default-hasher:b6a599c56dd29bca","rustc 1.97.0 (2d8144b78 2026-07-07)","x86_64-unknown-linux-gnu","Linux 7.0.11-76070011-generic x86_64","Intel(R) Core(TM) Ultra 7 155H","/dev/nvme0n1p3 ext4   rw,noatime,errors=remount-ro","/tmp/pigment-db-durability-bench","pigment_db","physical","key_set","file","successful_remove","8","32","5","2","1024","1045216061","979.701746","998471","0"
"candidate-20260807-060515","6d7edc7c29a60a94c59effeeb2b78d8b95038135","default-hasher:b6a599c56dd29bca","rustc 1.97.0 (2d8144b78 2026-07-07)","x86_64-unknown-linux-gnu","Linux 7.0.11-76070011-generic x86_64","Intel(R) Core(TM) Ultra 7 155H","/dev/nvme0n1p3 ext4   rw,noatime,errors=remount-ro","/tmp/pigment-db-durability-bench","pigment_db","physical","key_set","file","successful_remove","8","32","5","3","1024","1024017550","999.982862","1028070","0"
"candidate-20260807-060515","6d7edc7c29a60a94c59effeeb2b78d8b95038135","default-hasher:b6a599c56dd29bca","rustc 1.97.0 (2d8144b78 2026-07-07)","x86_64-unknown-linux-gnu","Linux 7.0.11-76070011-generic x86_64","Intel(R) Core(TM) Ultra 7 155H","/dev/nvme0n1p3 ext4   rw,noatime,errors=remount-ro","/tmp/pigment-db-durability-bench","pigment_db","physical","key_set","file","successful_remove","8","32","5","4","1024","1057498505","968.322882","1925439","0"
"candidate-20260807-060515","6d7edc7c29a60a94c59effeeb2b78d8b95038135","default-hasher:b6a599c56dd29bca","rustc 1.97.0 (2d8144b78 2026-07-07)","x86_64-unknown-linux-gnu","Linux 7.0.11-76070011-generic x86_64","Intel(R) Core(TM) Ultra 7 155H","/dev/nvme0n1p3 ext4   rw,noatime,errors=remount-ro","/tmp/pigment-db-durability-bench","pigment_db","physical","key_set","file","successful_remove","8","32","5","5","1024","1039688996","984.909914","1024511","0"
"candidate-20260807-060515","6d7edc7c29a60a94c59effeeb2b78d8b95038135","default-hasher:b6a599c56dd29bca","rustc 1.97.0 (2d8144b78 2026-07-07)","x86_64-unknown-linux-gnu","Linux 7.0.11-76070011-generic x86_64","Intel(R) Core(TM) Ultra 7 155H","/dev/nvme0n1p3 ext4   rw,noatime,errors=remount-ro","/tmp/pigment-db-durability-bench","pigment_db","physical","key_set","file","successful_remove","8","32","5","6","1024","1039565083","985.027313","1012470","0"
"candidate-20260807-060515","6d7edc7c29a60a94c59effeeb2b78d8b95038135","default-hasher:b6a599c56dd29bca","rustc 1.97.0 (2d8144b78 2026-07-07)","x86_64-unknown-linux-gnu","Linux 7.0.11-76070011-generic x86_64","Intel(R) Core(TM) Ultra 7 155H","/dev/nvme0n1p3 ext4   rw,noatime,errors=remount-ro","/tmp/pigment-db-durability-bench","pigment_db","physical","key_set","file","successful_remove","8","32","5","7","1024","1031030145","993.181436","1021004","0"
"candidate-20260807-060515","6d7edc7c29a60a94c59effeeb2b78d8b95038135","default-hasher:b6a599c56dd29bca","rustc 1.97.0 (2d8144b78 2026-07-07)","x86_64-unknown-linux-gnu","Linux 7.0.11-76070011-generic x86_64","Intel(R) Core(TM) Ultra 7 155H","/dev/nvme0n1p3 ext4   rw,noatime,errors=remount-ro","/tmp/pigment-db-durability-bench","pigment_db","physical","key_set","file","successful_remove","8","32","5","8","1024","1047851465","977.237742","1030088","0"
"candidate-20260807-060515","6d7edc7c29a60a94c59effeeb2b78d8b95038135","default-hasher:b6a599c56dd29bca","rustc 1.97.0 (2d8144b78 2026-07-07)","x86_64-unknown-linux-gnu","Linux 7.0.11-76070011-generic x86_64","Intel(R) Core(TM) Ultra 7 155H","/dev/nvme0n1p3 ext4   rw,noatime,errors=remount-ro","/tmp/pigment-db-durability-bench","pigment_db","physical","key_set","file","successful_remove","8","32","5","9","1024","1056731741","969.025497","1039623","0"
"candidate-20260807-060515","6d7edc7c29a60a94c59effeeb2b78d8b95038135","default-hasher:b6a599c56dd29bca","rustc 1.97.0 (2d8144b78 2026-07-07)","x86_64-unknown-linux-gnu","Linux 7.0.11-76070011-generic x86_64","Intel(R) Core(TM) Ultra 7 155H","/dev/nvme0n1p3 ext4   rw,noatime,errors=remount-ro","/tmp/pigment-db-durability-bench","pigment_db","physical","key_set","file","successful_remove","8","32","5","10","1024","1043509280","981.304162","1040115","0"
"candidate-20260807-060515","6d7edc7c29a60a94c59effeeb2b78d8b95038135","default-hasher:b6a599c56dd29bca","rustc 1.97.0 (2d8144b78 2026-07-07)","x86_64-unknown-linux-gnu","Linux 7.0.11-76070011-generic x86_64","Intel(R) Core(TM) Ultra 7 155H","/dev/nvme0n1p3 ext4   rw,noatime,errors=remount-ro","/tmp/pigment-db-durability-bench","pigment_db","physical","key_set","file","minimal_callback","1","32","5","0","1024","1025642153","998.398903","985272","0"
"candidate-20260807-060515","6d7edc7c29a60a94c59effeeb2b78d8b95038135","default-hasher:b6a599c56dd29bca","rustc 1.97.0 (2d8144b78 2026-07-07)","x86_64-unknown-linux-gnu","Linux 7.0.11-76070011-generic x86_64","Intel(R) Core(TM) Ultra 7 155H","/dev/nvme0n1p3 ext4   rw,noatime,errors=remount-ro","/tmp/pigment-db-durability-bench","pigment_db","physical","key_set","file","minimal_callback","1","32","5","1","1024","1032239774","992.017577","980389","0"
"candidate-20260807-060515","6d7edc7c29a60a94c59effeeb2b78d8b95038135","default-hasher:b6a599c56dd29bca","rustc 1.97.0 (2d8144b78 2026-07-07)","x86_64-unknown-linux-gnu","Linux 7.0.11-76070011-generic x86_64","Intel(R) Core(TM) Ultra 7 155H","/dev/nvme0n1p3 ext4   rw,noatime,errors=remount-ro","/tmp/pigment-db-durability-bench","pigment_db","physical","key_set","file","minimal_callback","1","32","5","2","1024","1034550948","989.801423","985525","0"
"candidate-20260807-060515","6d7edc7c29a60a94c59effeeb2b78d8b95038135","default-hasher:b6a599c56dd29bca","rustc 1.97.0 (2d8144b78 2026-07-07)","x86_64-unknown-linux-gnu","Linux 7.0.11-76070011-generic x86_64","Intel(R) Core(TM) Ultra 7 155H","/dev/nvme0n1p3 ext4   rw,noatime,errors=remount-ro","/tmp/pigment-db-durability-bench","pigment_db","physical","key_set","file","minimal_callback","1","32","5","3","1024","1037343120","987.137216","967182","0"
"candidate-20260807-060515","6d7edc7c29a60a94c59effeeb2b78d8b95038135","default-hasher:b6a599c56dd29bca","rustc 1.97.0 (2d8144b78 2026-07-07)","x86_64-unknown-linux-gnu","Linux 7.0.11-76070011-generic x86_64","Intel(R) Core(TM) Ultra 7 155H","/dev/nvme0n1p3 ext4   rw,noatime,errors=remount-ro","/tmp/pigment-db-durability-bench","pigment_db","physical","key_set","file","minimal_callback","1","32","5","4","1024","1009826846","1014.035232","942553","0"
"candidate-20260807-060515","6d7edc7c29a60a94c59effeeb2b78d8b95038135","default-hasher:b6a599c56dd29bca","rustc 1.97.0 (2d8144b78 2026-07-07)","x86_64-unknown-linux-gnu","Linux 7.0.11-76070011-generic x86_64","Intel(R) Core(TM) Ultra 7 155H","/dev/nvme0n1p3 ext4   rw,noatime,errors=remount-ro","/tmp/pigment-db-durability-bench","pigment_db","physical","key_set","file","minimal_callback","1","32","5","5","1024","1027546448","996.548625","951024","0"
"candidate-20260807-060515","6d7edc7c29a60a94c59effeeb2b78d8b95038135","default-hasher:b6a599c56dd29bca","rustc 1.97.0 (2d8144b78 2026-07-07)","x86_64-unknown-linux-gnu","Linux 7.0.11-76070011-generic x86_64","Intel(R) Core(TM) Ultra 7 155H","/dev/nvme0n1p3 ext4   rw,noatime,errors=remount-ro","/tmp/pigment-db-durability-bench","pigment_db","physical","key_set","file","minimal_callback","1","32","5","6","1024","1066724835","959.947651","1016598","0"
"candidate-20260807-060515","6d7edc7c29a60a94c59effeeb2b78d8b95038135","default-hasher:b6a599c56dd29bca","rustc 1.97.0 (2d8144b78 2026-07-07)","x86_64-unknown-linux-gnu","Linux 7.0.11-76070011-generic x86_64","Intel(R) Core(TM) Ultra 7 155H","/dev/nvme0n1p3 ext4   rw,noatime,errors=remount-ro","/tmp/pigment-db-durability-bench","pigment_db","physical","key_set","file","minimal_callback","1","32","5","7","1024","1034281366","990.059411","970552","0"
"candidate-20260807-060515","6d7edc7c29a60a94c59effeeb2b78d8b95038135","default-hasher:b6a599c56dd29bca","rustc 1.97.0 (2d8144b78 2026-07-07)","x86_64-unknown-linux-gnu","Linux 7.0.11-76070011-generic x86_64","Intel(R) Core(TM) Ultra 7 155H","/dev/nvme0n1p3 ext4   rw,noatime,errors=remount-ro","/tmp/pigment-db-durability-bench","pigment_db","physical","key_set","file","minimal_callback","1","32","5","8","1024","1048571116","976.567049","999231","0"
"candidate-20260807-060515","6d7edc7c29a60a94c59effeeb2b78d8b95038135","default-hasher:b6a599c56dd29bca","rustc 1.97.0 (2d8144b78 2026-07-07)","x86_64-unknown-linux-gnu","Linux 7.0.11-76070011-generic x86_64","Intel(R) Core(TM) Ultra 7 155H","/dev/nvme0n1p3 ext4   rw,noatime,errors=remount-ro","/tmp/pigment-db-durability-bench","pigment_db","physical","key_set","file","minimal_callback","1","32","5","9","1024","1038276560","986.249752","1006426","0"
"candidate-20260807-060515","6d7edc7c29a60a94c59effeeb2b78d8b95038135","default-hasher:b6a599c56dd29bca","rustc 1.97.0 (2d8144b78 2026-07-07)","x86_64-unknown-linux-gnu","Linux 7.0.11-76070011-generic x86_64","Intel(R) Core(TM) Ultra 7 155H","/dev/nvme0n1p3 ext4   rw,noatime,errors=remount-ro","/tmp/pigment-db-durability-bench","pigment_db","physical","key_set","file","minimal_callback","1","32","5","10","1024","1036869721","987.587909","966130","0"
"candidate-20260807-060515","6d7edc7c29a60a94c59effeeb2b78d8b95038135","default-hasher:b6a599c56dd29bca","rustc 1.97.0 (2d8144b78 2026-07-07)","x86_64-unknown-linux-gnu","Linux 7.0.11-76070011-generic x86_64","Intel(R) Core(TM) Ultra 7 155H","/dev/nvme0n1p3 ext4   rw,noatime,errors=remount-ro","/tmp/pigment-db-durability-bench","pigment_db","physical","key_set","file","minimal_callback","8","32","5","0","1024","1043979065","980.862581","1150292","0"
"candidate-20260807-060515","6d7edc7c29a60a94c59effeeb2b78d8b95038135","default-hasher:b6a599c56dd29bca","rustc 1.97.0 (2d8144b78 2026-07-07)","x86_64-unknown-linux-gnu","Linux 7.0.11-76070011-generic x86_64","Intel(R) Core(TM) Ultra 7 155H","/dev/nvme0n1p3 ext4   rw,noatime,errors=remount-ro","/tmp/pigment-db-durability-bench","pigment_db","physical","key_set","file","minimal_callback","8","32","5","1","1024","1033674821","990.640363","10077062","0"
"candidate-20260807-060515","6d7edc7c29a60a94c59effeeb2b78d8b95038135","default-hasher:b6a599c56dd29bca","rustc 1.97.0 (2d8144b78 2026-07-07)","x86_64-unknown-linux-gnu","Linux 7.0.11-76070011-generic x86_64","Intel(R) Core(TM) Ultra 7 155H","/dev/nvme0n1p3 ext4   rw,noatime,errors=remount-ro","/tmp/pigment-db-durability-bench","pigment_db","physical","key_set","file","minimal_callback","8","32","5","2","1024","1086583966","942.403010","8323280","0"
"candidate-20260807-060515","6d7edc7c29a60a94c59effeeb2b78d8b95038135","default-hasher:b6a599c56dd29bca","rustc 1.97.0 (2d8144b78 2026-07-07)","x86_64-unknown-linux-gnu","Linux 7.0.11-76070011-generic x86_64","Intel(R) Core(TM) Ultra 7 155H","/dev/nvme0n1p3 ext4   rw,noatime,errors=remount-ro","/tmp/pigment-db-durability-bench","pigment_db","physical","key_set","file","minimal_callback","8","32","5","3","1024","1063117451","963.204958","3097807","0"
"candidate-20260807-060515","6d7edc7c29a60a94c59effeeb2b78d8b95038135","default-hasher:b6a599c56dd29bca","rustc 1.97.0 (2d8144b78 2026-07-07)","x86_64-unknown-linux-gnu","Linux 7.0.11-76070011-generic x86_64","Intel(R) Core(TM) Ultra 7 155H","/dev/nvme0n1p3 ext4   rw,noatime,errors=remount-ro","/tmp/pigment-db-durability-bench","pigment_db","physical","key_set","file","minimal_callback","8","32","5","4","1024","1063964657","962.437984","10075518","0"
"candidate-20260807-060515","6d7edc7c29a60a94c59effeeb2b78d8b95038135","default-hasher:b6a599c56dd29bca","rustc 1.97.0 (2d8144b78 2026-07-07)","x86_64-unknown-linux-gnu","Linux 7.0.11-76070011-generic x86_64","Intel(R) Core(TM) Ultra 7 155H","/dev/nvme0n1p3 ext4   rw,noatime,errors=remount-ro","/tmp/pigment-db-durability-bench","pigment_db","physical","key_set","file","minimal_callback","8","32","5","5","1024","1053977255","971.557968","10046386","0"
"candidate-20260807-060515","6d7edc7c29a60a94c59effeeb2b78d8b95038135","default-hasher:b6a599c56dd29bca","rustc 1.97.0 (2d8144b78 2026-07-07)","x86_64-unknown-linux-gnu","Linux 7.0.11-76070011-generic x86_64","Intel(R) Core(TM) Ultra 7 155H","/dev/nvme0n1p3 ext4   rw,noatime,errors=remount-ro","/tmp/pigment-db-durability-bench","pigment_db","physical","key_set","file","minimal_callback","8","32","5","6","1024","1046312838","978.674793","10057105","0"
"candidate-20260807-060515","6d7edc7c29a60a94c59effeeb2b78d8b95038135","default-hasher:b6a599c56dd29bca","rustc 1.97.0 (2d8144b78 2026-07-07)","x86_64-unknown-linux-gnu","Linux 7.0.11-76070011-generic x86_64","Intel(R) Core(TM) Ultra 7 155H","/dev/nvme0n1p3 ext4   rw,noatime,errors=remount-ro","/tmp/pigment-db-durability-bench","pigment_db","physical","key_set","file","minimal_callback","8","32","5","7","1024","1252959251","817.265206","3373909","0"
"candidate-20260807-060515","6d7edc7c29a60a94c59effeeb2b78d8b95038135","default-hasher:b6a599c56dd29bca","rustc 1.97.0 (2d8144b78 2026-07-07)","x86_64-unknown-linux-gnu","Linux 7.0.11-76070011-generic x86_64","Intel(R) Core(TM) Ultra 7 155H","/dev/nvme0n1p3 ext4   rw,noatime,errors=remount-ro","/tmp/pigment-db-durability-bench","pigment_db","physical","key_set","file","minimal_callback","8","32","5","8","1024","1028130931","995.982096","1362599","0"
"candidate-20260807-060515","6d7edc7c29a60a94c59effeeb2b78d8b95038135","default-hasher:b6a599c56dd29bca","rustc 1.97.0 (2d8144b78 2026-07-07)","x86_64-unknown-linux-gnu","Linux 7.0.11-76070011-generic x86_64","Intel(R) Core(TM) Ultra 7 155H","/dev/nvme0n1p3 ext4   rw,noatime,errors=remount-ro","/tmp/pigment-db-durability-bench","pigment_db","physical","key_set","file","minimal_callback","8","32","5","9","1024","1048436733","976.692220","10065123","0"
"candidate-20260807-060515","6d7edc7c29a60a94c59effeeb2b78d8b95038135","default-hasher:b6a599c56dd29bca","rustc 1.97.0 (2d8144b78 2026-07-07)","x86_64-unknown-linux-gnu","Linux 7.0.11-76070011-generic x86_64","Intel(R) Core(TM) Ultra 7 155H","/dev/nvme0n1p3 ext4   rw,noatime,errors=remount-ro","/tmp/pigment-db-durability-bench","pigment_db","physical","key_set","file","minimal_callback","8","32","5","10","1024","1056075367","969.627767","2590272","0"
"candidate-20260807-060515","6d7edc7c29a60a94c59effeeb2b78d8b95038135","default-hasher:b6a599c56dd29bca","rustc 1.97.0 (2d8144b78 2026-07-07)","x86_64-unknown-linux-gnu","Linux 7.0.11-76070011-generic x86_64","Intel(R) Core(TM) Ultra 7 155H","/dev/nvme0n1p3 ext4   rw,noatime,errors=remount-ro","/tmp/pigment-db-durability-bench","pigment_db","physical","key_map","file","ordinary_write","1","32","5","0","1024","1020164853","1003.759340","966392","0"
"candidate-20260807-060515","6d7edc7c29a60a94c59effeeb2b78d8b95038135","default-hasher:b6a599c56dd29bca","rustc 1.97.0 (2d8144b78 2026-07-07)","x86_64-unknown-linux-gnu","Linux 7.0.11-76070011-generic x86_64","Intel(R) Core(TM) Ultra 7 155H","/dev/nvme0n1p3 ext4   rw,noatime,errors=remount-ro","/tmp/pigment-db-durability-bench","pigment_db","physical","key_map","file","ordinary_write","1","32","5","1","1024","1004400835","1019.513290","933463","0"
"candidate-20260807-060515","6d7edc7c29a60a94c59effeeb2b78d8b95038135","default-hasher:b6a599c56dd29bca","rustc 1.97.0 (2d8144b78 2026-07-07)","x86_64-unknown-linux-gnu","Linux 7.0.11-76070011-generic x86_64","Intel(R) Core(TM) Ultra 7 155H","/dev/nvme0n1p3 ext4   rw,noatime,errors=remount-ro","/tmp/pigment-db-durability-bench","pigment_db","physical","key_map","file","ordinary_write","1","32","5","2","1024","1004783440","1019.125076","967688","0"
"candidate-20260807-060515","6d7edc7c29a60a94c59effeeb2b78d8b95038135","default-hasher:b6a599c56dd29bca","rustc 1.97.0 (2d8144b78 2026-07-07)","x86_64-unknown-linux-gnu","Linux 7.0.11-76070011-generic x86_64","Intel(R) Core(TM) Ultra 7 155H","/dev/nvme0n1p3 ext4   rw,noatime,errors=remount-ro","/tmp/pigment-db-durability-bench","pigment_db","physical","key_map","file","ordinary_write","1","32","5","3","1024","1052160238","973.235790","1000898","0"
"candidate-20260807-060515","6d7edc7c29a60a94c59effeeb2b78d8b95038135","default-hasher:b6a599c56dd29bca","rustc 1.97.0 (2d8144b78 2026-07-07)","x86_64-unknown-linux-gnu","Linux 7.0.11-76070011-generic x86_64","Intel(R) Core(TM) Ultra 7 155H","/dev/nvme0n1p3 ext4   rw,noatime,errors=remount-ro","/tmp/pigment-db-durability-bench","pigment_db","physical","key_map","file","ordinary_write","1","32","5","4","1024","1012045510","1011.812206","904574","0"
"candidate-20260807-060515","6d7edc7c29a60a94c59effeeb2b78d8b95038135","default-hasher:b6a599c56dd29bca","rustc 1.97.0 (2d8144b78 2026-07-07)","x86_64-unknown-linux-gnu","Linux 7.0.11-76070011-generic x86_64","Intel(R) Core(TM) Ultra 7 155H","/dev/nvme0n1p3 ext4   rw,noatime,errors=remount-ro","/tmp/pigment-db-durability-bench","pigment_db","physical","key_map","file","ordinary_write","1","32","5","5","1024","1023121050","1000.859087","968987","0"
"candidate-20260807-060515","6d7edc7c29a60a94c59effeeb2b78d8b95038135","default-hasher:b6a599c56dd29bca","rustc 1.97.0 (2d8144b78 2026-07-07)","x86_64-unknown-linux-gnu","Linux 7.0.11-76070011-generic x86_64","Intel(R) Core(TM) Ultra 7 155H","/dev/nvme0n1p3 ext4   rw,noatime,errors=remount-ro","/tmp/pigment-db-durability-bench","pigment_db","physical","key_map","file","ordinary_write","1","32","5","6","1024","1036837882","987.618236","1027916","0"
"candidate-20260807-060515","6d7edc7c29a60a94c59effeeb2b78d8b95038135","default-hasher:b6a599c56dd29bca","rustc 1.97.0 (2d8144b78 2026-07-07)","x86_64-unknown-linux-gnu","Linux 7.0.11-76070011-generic x86_64","Intel(R) Core(TM) Ultra 7 155H","/dev/nvme0n1p3 ext4   rw,noatime,errors=remount-ro","/tmp/pigment-db-durability-bench","pigment_db","physical","key_map","file","ordinary_write","1","32","5","7","1024","1060159343","965.892539","1023734","0"
"candidate-20260807-060515","6d7edc7c29a60a94c59effeeb2b78d8b95038135","default-hasher:b6a599c56dd29bca","rustc 1.97.0 (2d8144b78 2026-07-07)","x86_64-unknown-linux-gnu","Linux 7.0.11-76070011-generic x86_64","Intel(R) Core(TM) Ultra 7 155H","/dev/nvme0n1p3 ext4   rw,noatime,errors=remount-ro","/tmp/pigment-db-durability-bench","pigment_db","physical","key_map","file","ordinary_write","1","32","5","8","1024","1044336128","980.527220","988702","0"
"candidate-20260807-060515","6d7edc7c29a60a94c59effeeb2b78d8b95038135","default-hasher:b6a599c56dd29bca","rustc 1.97.0 (2d8144b78 2026-07-07)","x86_64-unknown-linux-gnu","Linux 7.0.11-76070011-generic x86_64","Intel(R) Core(TM) Ultra 7 155H","/dev/nvme0n1p3 ext4   rw,noatime,errors=remount-ro","/tmp/pigment-db-durability-bench","pigment_db","physical","key_map","file","ordinary_write","1","32","5","9","1024","1031079298","993.134090","986307","0"
"candidate-20260807-060515","6d7edc7c29a60a94c59effeeb2b78d8b95038135","default-hasher:b6a599c56dd29bca","rustc 1.97.0 (2d8144b78 2026-07-07)","x86_64-unknown-linux-gnu","Linux 7.0.11-76070011-generic x86_64","Intel(R) Core(TM) Ultra 7 155H","/dev/nvme0n1p3 ext4   rw,noatime,errors=remount-ro","/tmp/pigment-db-durability-bench","pigment_db","physical","key_map","file","ordinary_write","1","32","5","10","1024","1041385008","983.305878","1031163","0"
"candidate-20260807-060515","6d7edc7c29a60a94c59effeeb2b78d8b95038135","default-hasher:b6a599c56dd29bca","rustc 1.97.0 (2d8144b78 2026-07-07)","x86_64-unknown-linux-gnu","Linux 7.0.11-76070011-generic x86_64","Intel(R) Core(TM) Ultra 7 155H","/dev/nvme0n1p3 ext4   rw,noatime,errors=remount-ro","/tmp/pigment-db-durability-bench","pigment_db","physical","key_map","file","ordinary_write","8","32","5","0","1024","1255863207","815.375428","10009359","0"
"candidate-20260807-060515","6d7edc7c29a60a94c59effeeb2b78d8b95038135","default-hasher:b6a599c56dd29bca","rustc 1.97.0 (2d8144b78 2026-07-07)","x86_64-unknown-linux-gnu","Linux 7.0.11-76070011-generic x86_64","Intel(R) Core(TM) Ultra 7 155H","/dev/nvme0n1p3 ext4   rw,noatime,errors=remount-ro","/tmp/pigment-db-durability-bench","pigment_db","physical","key_map","file","ordinary_write","8","32","5","1","1024","1053043848","972.419147","1591360","0"
"candidate-20260807-060515","6d7edc7c29a60a94c59effeeb2b78d8b95038135","default-hasher:b6a599c56dd29bca","rustc 1.97.0 (2d8144b78 2026-07-07)","x86_64-unknown-linux-gnu","Linux 7.0.11-76070011-generic x86_64","Intel(R) Core(TM) Ultra 7 155H","/dev/nvme0n1p3 ext4   rw,noatime,errors=remount-ro","/tmp/pigment-db-durability-bench","pigment_db","physical","key_map","file","ordinary_write","8","32","5","2","1024","1051045949","974.267586","1894913","0"
"candidate-20260807-060515","6d7edc7c29a60a94c59effeeb2b78d8b95038135","default-hasher:b6a599c56dd29bca","rustc 1.97.0 (2d8144b78 2026-07-07)","x86_64-unknown-linux-gnu","Linux 7.0.11-76070011-generic x86_64","Intel(R) Core(TM) Ultra 7 155H","/dev/nvme0n1p3 ext4   rw,noatime,errors=remount-ro","/tmp/pigment-db-durability-bench","pigment_db","physical","key_map","file","ordinary_write","8","32","5","3","1024","1040354630","984.279755","10057882","0"
"candidate-20260807-060515","6d7edc7c29a60a94c59effeeb2b78d8b95038135","default-hasher:b6a599c56dd29bca","rustc 1.97.0 (2d8144b78 2026-07-07)","x86_64-unknown-linux-gnu","Linux 7.0.11-76070011-generic x86_64","Intel(R) Core(TM) Ultra 7 155H","/dev/nvme0n1p3 ext4   rw,noatime,errors=remount-ro","/tmp/pigment-db-durability-bench","pigment_db","physical","key_map","file","ordinary_write","8","32","5","4","1024","1048157443","976.952467","2032028","0"
"candidate-20260807-060515","6d7edc7c29a60a94c59effeeb2b78d8b95038135","default-hasher:b6a599c56dd29bca","rustc 1.97.0 (2d8144b78 2026-07-07)","x86_64-unknown-linux-gnu","Linux 7.0.11-76070011-generic x86_64","Intel(R) Core(TM) Ultra 7 155H","/dev/nvme0n1p3 ext4   rw,noatime,errors=remount-ro","/tmp/pigment-db-durability-bench","pigment_db","physical","key_map","file","ordinary_write","8","32","5","5","1024","1038451756","986.083363","1051429","0"
"candidate-20260807-060515","6d7edc7c29a60a94c59effeeb2b78d8b95038135","default-hasher:b6a599c56dd29bca","rustc 1.97.0 (2d8144b78 2026-07-07)","x86_64-unknown-linux-gnu","Linux 7.0.11-76070011-generic x86_64","Intel(R) Core(TM) Ultra 7 155H","/dev/nvme0n1p3 ext4   rw,noatime,errors=remount-ro","/tmp/pigment-db-durability-bench","pigment_db","physical","key_map","file","ordinary_write","8","32","5","6","1024","1052176809","973.220462","7901931","0"
"candidate-20260807-060515","6d7edc7c29a60a94c59effeeb2b78d8b95038135","default-hasher:b6a599c56dd29bca","rustc 1.97.0 (2d8144b78 2026-07-07)","x86_64-unknown-linux-gnu","Linux 7.0.11-76070011-generic x86_64","Intel(R) Core(TM) Ultra 7 155H","/dev/nvme0n1p3 ext4   rw,noatime,errors=remount-ro","/tmp/pigment-db-durability-bench","pigment_db","physical","key_map","file","ordinary_write","8","32","5","7","1024","1035945629","988.468865","8149050","0"
"candidate-20260807-060515","6d7edc7c29a60a94c59effeeb2b78d8b95038135","default-hasher:b6a599c56dd29bca","rustc 1.97.0 (2d8144b78 2026-07-07)","x86_64-unknown-linux-gnu","Linux 7.0.11-76070011-generic x86_64","Intel(R) Core(TM) Ultra 7 155H","/dev/nvme0n1p3 ext4   rw,noatime,errors=remount-ro","/tmp/pigment-db-durability-bench","pigment_db","physical","key_map","file","ordinary_write","8","32","5","8","1024","999993959","1024.006186","1060401","0"
"candidate-20260807-060515","6d7edc7c29a60a94c59effeeb2b78d8b95038135","default-hasher:b6a599c56dd29bca","rustc 1.97.0 (2d8144b78 2026-07-07)","x86_64-unknown-linux-gnu","Linux 7.0.11-76070011-generic x86_64","Intel(R) Core(TM) Ultra 7 155H","/dev/nvme0n1p3 ext4   rw,noatime,errors=remount-ro","/tmp/pigment-db-durability-bench","pigment_db","physical","key_map","file","ordinary_write","8","32","5","9","1024","1052944664","972.510745","2556993","0"
"candidate-20260807-060515","6d7edc7c29a60a94c59effeeb2b78d8b95038135","default-hasher:b6a599c56dd29bca","rustc 1.97.0 (2d8144b78 2026-07-07)","x86_64-unknown-linux-gnu","Linux 7.0.11-76070011-generic x86_64","Intel(R) Core(TM) Ultra 7 155H","/dev/nvme0n1p3 ext4   rw,noatime,errors=remount-ro","/tmp/pigment-db-durability-bench","pigment_db","physical","key_map","file","ordinary_write","8","32","5","10","1024","1044052845","980.793266","1074074","0"
"candidate-20260807-060515","6d7edc7c29a60a94c59effeeb2b78d8b95038135","default-hasher:b6a599c56dd29bca","rustc 1.97.0 (2d8144b78 2026-07-07)","x86_64-unknown-linux-gnu","Linux 7.0.11-76070011-generic x86_64","Intel(R) Core(TM) Ultra 7 155H","/dev/nvme0n1p3 ext4   rw,noatime,errors=remount-ro","/tmp/pigment-db-durability-bench","pigment_db","physical","key_map","file","successful_remove","1","32","5","0","1024","1050529480","974.746563","1010008","0"
"candidate-20260807-060515","6d7edc7c29a60a94c59effeeb2b78d8b95038135","default-hasher:b6a599c56dd29bca","rustc 1.97.0 (2d8144b78 2026-07-07)","x86_64-unknown-linux-gnu","Linux 7.0.11-76070011-generic x86_64","Intel(R) Core(TM) Ultra 7 155H","/dev/nvme0n1p3 ext4   rw,noatime,errors=remount-ro","/tmp/pigment-db-durability-bench","pigment_db","physical","key_map","file","successful_remove","1","32","5","1","1024","1032039821","992.209776","1020212","0"
"candidate-20260807-060515","6d7edc7c29a60a94c59effeeb2b78d8b95038135","default-hasher:b6a599c56dd29bca","rustc 1.97.0 (2d8144b78 2026-07-07)","x86_64-unknown-linux-gnu","Linux 7.0.11-76070011-generic x86_64","Intel(R) Core(TM) Ultra 7 155H","/dev/nvme0n1p3 ext4   rw,noatime,errors=remount-ro","/tmp/pigment-db-durability-bench","pigment_db","physical","key_map","file","successful_remove","1","32","5","2","1024","1138387601","899.517879","2654649","0"
"candidate-20260807-060515","6d7edc7c29a60a94c59effeeb2b78d8b95038135","default-hasher:b6a599c56dd29bca","rustc 1.97.0 (2d8144b78 2026-07-07)","x86_64-unknown-linux-gnu","Linux 7.0.11-76070011-generic x86_64","Intel(R) Core(TM) Ultra 7 155H","/dev/nvme0n1p3 ext4   rw,noatime,errors=remount-ro","/tmp/pigment-db-durability-bench","pigment_db","physical","key_map","file","successful_remove","1","32","5","3","1024","1043547342","981.268371","1056615","0"
"candidate-20260807-060515","6d7edc7c29a60a94c59effeeb2b78d8b95038135","default-hasher:b6a599c56dd29bca","rustc 1.97.0 (2d8144b78 2026-07-07)","x86_64-unknown-linux-gnu","Linux 7.0.11-76070011-generic x86_64","Intel(R) Core(TM) Ultra 7 155H","/dev/nvme0n1p3 ext4   rw,noatime,errors=remount-ro","/tmp/pigment-db-durability-bench","pigment_db","physical","key_map","file","successful_remove","1","32","5","4","1024","1049048628","976.122529","1007314","0"
"candidate-20260807-060515","6d7edc7c29a60a94c59effeeb2b78d8b95038135","default-hasher:b6a599c56dd29bca","rustc 1.97.0 (2d8144b78 2026-07-07)","x86_64-unknown-linux-gnu","Linux 7.0.11-76070011-generic x86_64","Intel(R) Core(TM) Ultra 7 155H","/dev/nvme0n1p3 ext4   rw,noatime,errors=remount-ro","/tmp/pigment-db-durability-bench","pigment_db","physical","key_map","file","successful_remove","1","32","5","5","1024","1033709599","990.607034","1011533","0"
"candidate-20260807-060515","6d7edc7c29a60a94c59effeeb2b78d8b95038135","default-hasher:b6a599c56dd29bca","rustc 1.97.0 (2d8144b78 2026-07-07)","x86_64-unknown-linux-gnu","Linux 7.0.11-76070011-generic x86_64","Intel(R) Core(TM) Ultra 7 155H","/dev/nvme0n1p3 ext4   rw,noatime,errors=remount-ro","/tmp/pigment-db-durability-bench","pigment_db","physical","key_map","file","successful_remove","1","32","5","6","1024","1037008591","987.455657","996441","0"
"candidate-20260807-060515","6d7edc7c29a60a94c59effeeb2b78d8b95038135","default-hasher:b6a599c56dd29bca","rustc 1.97.0 (2d8144b78 2026-07-07)","x86_64-unknown-linux-gnu","Linux 7.0.11-76070011-generic x86_64","Intel(R) Core(TM) Ultra 7 155H","/dev/nvme0n1p3 ext4   rw,noatime,errors=remount-ro","/tmp/pigment-db-durability-bench","pigment_db","physical","key_map","file","successful_remove","1","32","5","7","1024","1036149082","988.274774","991216","0"
"candidate-20260807-060515","6d7edc7c29a60a94c59effeeb2b78d8b95038135","default-hasher:b6a599c56dd29bca","rustc 1.97.0 (2d8144b78 2026-07-07)","x86_64-unknown-linux-gnu","Linux 7.0.11-76070011-generic x86_64","Intel(R) Core(TM) Ultra 7 155H","/dev/nvme0n1p3 ext4   rw,noatime,errors=remount-ro","/tmp/pigment-db-durability-bench","pigment_db","physical","key_map","file","successful_remove","1","32","5","8","1024","1041564208","983.136702","978974","0"
"candidate-20260807-060515","6d7edc7c29a60a94c59effeeb2b78d8b95038135","default-hasher:b6a599c56dd29bca","rustc 1.97.0 (2d8144b78 2026-07-07)","x86_64-unknown-linux-gnu","Linux 7.0.11-76070011-generic x86_64","Intel(R) Core(TM) Ultra 7 155H","/dev/nvme0n1p3 ext4   rw,noatime,errors=remount-ro","/tmp/pigment-db-durability-bench","pigment_db","physical","key_map","file","successful_remove","1","32","5","9","1024","1048540364","976.595690","1082796","0"
"candidate-20260807-060515","6d7edc7c29a60a94c59effeeb2b78d8b95038135","default-hasher:b6a599c56dd29bca","rustc 1.97.0 (2d8144b78 2026-07-07)","x86_64-unknown-linux-gnu","Linux 7.0.11-76070011-generic x86_64","Intel(R) Core(TM) Ultra 7 155H","/dev/nvme0n1p3 ext4   rw,noatime,errors=remount-ro","/tmp/pigment-db-durability-bench","pigment_db","physical","key_map","file","successful_remove","1","32","5","10","1024","1075911368","951.751260","1107898","0"
"candidate-20260807-060515","6d7edc7c29a60a94c59effeeb2b78d8b95038135","default-hasher:b6a599c56dd29bca","rustc 1.97.0 (2d8144b78 2026-07-07)","x86_64-unknown-linux-gnu","Linux 7.0.11-76070011-generic x86_64","Intel(R) Core(TM) Ultra 7 155H","/dev/nvme0n1p3 ext4   rw,noatime,errors=remount-ro","/tmp/pigment-db-durability-bench","pigment_db","physical","key_map","file","successful_remove","8","32","5","0","1024","1036498579","987.941538","1990415","0"
"candidate-20260807-060515","6d7edc7c29a60a94c59effeeb2b78d8b95038135","default-hasher:b6a599c56dd29bca","rustc 1.97.0 (2d8144b78 2026-07-07)","x86_64-unknown-linux-gnu","Linux 7.0.11-76070011-generic x86_64","Intel(R) Core(TM) Ultra 7 155H","/dev/nvme0n1p3 ext4   rw,noatime,errors=remount-ro","/tmp/pigment-db-durability-bench","pigment_db","physical","key_map","file","successful_remove","8","32","5","1","1024","1055712561","969.960989","1100705","0"
"candidate-20260807-060515","6d7edc7c29a60a94c59effeeb2b78d8b95038135","default-hasher:b6a599c56dd29bca","rustc 1.97.0 (2d8144b78 2026-07-07)","x86_64-unknown-linux-gnu","Linux 7.0.11-76070011-generic x86_64","Intel(R) Core(TM) Ultra 7 155H","/dev/nvme0n1p3 ext4   rw,noatime,errors=remount-ro","/tmp/pigment-db-durability-bench","pigment_db","physical","key_map","file","successful_remove","8","32","5","2","1024","1054581466","971.001324","1969183","0"
"candidate-20260807-060515","6d7edc7c29a60a94c59effeeb2b78d8b95038135","default-hasher:b6a599c56dd29bca","rustc 1.97.0 (2d8144b78 2026-07-07)","x86_64-unknown-linux-gnu","Linux 7.0.11-76070011-generic x86_64","Intel(R) Core(TM) Ultra 7 155H","/dev/nvme0n1p3 ext4   rw,noatime,errors=remount-ro","/tmp/pigment-db-durability-bench","pigment_db","physical","key_map","file","successful_remove","8","32","5","3","1024","1052409067","973.005680","1336409","0"
"candidate-20260807-060515","6d7edc7c29a60a94c59effeeb2b78d8b95038135","default-hasher:b6a599c56dd29bca","rustc 1.97.0 (2d8144b78 2026-07-07)","x86_64-unknown-linux-gnu","Linux 7.0.11-76070011-generic x86_64","Intel(R) Core(TM) Ultra 7 155H","/dev/nvme0n1p3 ext4   rw,noatime,errors=remount-ro","/tmp/pigment-db-durability-bench","pigment_db","physical","key_map","file","successful_remove","8","32","5","4","1024","1018290322","1005.607122","1096416","0"
"candidate-20260807-060515","6d7edc7c29a60a94c59effeeb2b78d8b95038135","default-hasher:b6a599c56dd29bca","rustc 1.97.0 (2d8144b78 2026-07-07)","x86_64-unknown-linux-gnu","Linux 7.0.11-76070011-generic x86_64","Intel(R) Core(TM) Ultra 7 155H","/dev/nvme0n1p3 ext4   rw,noatime,errors=remount-ro","/tmp/pigment-db-durability-bench","pigment_db","physical","key_map","file","successful_remove","8","32","5","5","1024","1039473142","985.114438","1049689","0"
"candidate-20260807-060515","6d7edc7c29a60a94c59effeeb2b78d8b95038135","default-hasher:b6a599c56dd29bca","rustc 1.97.0 (2d8144b78 2026-07-07)","x86_64-unknown-linux-gnu","Linux 7.0.11-76070011-generic x86_64","Intel(R) Core(TM) Ultra 7 155H","/dev/nvme0n1p3 ext4   rw,noatime,errors=remount-ro","/tmp/pigment-db-durability-bench","pigment_db","physical","key_map","file","successful_remove","8","32","5","6","1024","1050167183","975.082841","1030154","0"
"candidate-20260807-060515","6d7edc7c29a60a94c59effeeb2b78d8b95038135","default-hasher:b6a599c56dd29bca","rustc 1.97.0 (2d8144b78 2026-07-07)","x86_64-unknown-linux-gnu","Linux 7.0.11-76070011-generic x86_64","Intel(R) Core(TM) Ultra 7 155H","/dev/nvme0n1p3 ext4   rw,noatime,errors=remount-ro","/tmp/pigment-db-durability-bench","pigment_db","physical","key_map","file","successful_remove","8","32","5","7","1024","1039375727","985.206767","1002761","0"
"candidate-20260807-060515","6d7edc7c29a60a94c59effeeb2b78d8b95038135","default-hasher:b6a599c56dd29bca","rustc 1.97.0 (2d8144b78 2026-07-07)","x86_64-unknown-linux-gnu","Linux 7.0.11-76070011-generic x86_64","Intel(R) Core(TM) Ultra 7 155H","/dev/nvme0n1p3 ext4   rw,noatime,errors=remount-ro","/tmp/pigment-db-durability-bench","pigment_db","physical","key_map","file","successful_remove","8","32","5","8","1024","1050213429","975.039903","1993009","0"
"candidate-20260807-060515","6d7edc7c29a60a94c59effeeb2b78d8b95038135","default-hasher:b6a599c56dd29bca","rustc 1.97.0 (2d8144b78 2026-07-07)","x86_64-unknown-linux-gnu","Linux 7.0.11-76070011-generic x86_64","Intel(R) Core(TM) Ultra 7 155H","/dev/nvme0n1p3 ext4   rw,noatime,errors=remount-ro","/tmp/pigment-db-durability-bench","pigment_db","physical","key_map","file","successful_remove","8","32","5","9","1024","1020929576","1003.007479","988150","0"
"candidate-20260807-060515","6d7edc7c29a60a94c59effeeb2b78d8b95038135","default-hasher:b6a599c56dd29bca","rustc 1.97.0 (2d8144b78 2026-07-07)","x86_64-unknown-linux-gnu","Linux 7.0.11-76070011-generic x86_64","Intel(R) Core(TM) Ultra 7 155H","/dev/nvme0n1p3 ext4   rw,noatime,errors=remount-ro","/tmp/pigment-db-durability-bench","pigment_db","physical","key_map","file","successful_remove","8","32","5","10","1024","1005333096","1018.567880","997892","0"
"candidate-20260807-060515","6d7edc7c29a60a94c59effeeb2b78d8b95038135","default-hasher:b6a599c56dd29bca","rustc 1.97.0 (2d8144b78 2026-07-07)","x86_64-unknown-linux-gnu","Linux 7.0.11-76070011-generic x86_64","Intel(R) Core(TM) Ultra 7 155H","/dev/nvme0n1p3 ext4   rw,noatime,errors=remount-ro","/tmp/pigment-db-durability-bench","pigment_db","physical","key_map","file","minimal_callback","1","32","5","0","1024","1008809131","1015.058219","997548","0"
"candidate-20260807-060515","6d7edc7c29a60a94c59effeeb2b78d8b95038135","default-hasher:b6a599c56dd29bca","rustc 1.97.0 (2d8144b78 2026-07-07)","x86_64-unknown-linux-gnu","Linux 7.0.11-76070011-generic x86_64","Intel(R) Core(TM) Ultra 7 155H","/dev/nvme0n1p3 ext4   rw,noatime,errors=remount-ro","/tmp/pigment-db-durability-bench","pigment_db","physical","key_map","file","minimal_callback","1","32","5","1","1024","1046702237","978.310702","1025088","0"
"candidate-20260807-060515","6d7edc7c29a60a94c59effeeb2b78d8b95038135","default-hasher:b6a599c56dd29bca","rustc 1.97.0 (2d8144b78 2026-07-07)","x86_64-unknown-linux-gnu","Linux 7.0.11-76070011-generic x86_64","Intel(R) Core(TM) Ultra 7 155H","/dev/nvme0n1p3 ext4   rw,noatime,errors=remount-ro","/tmp/pigment-db-durability-bench","pigment_db","physical","key_map","file","minimal_callback","1","32","5","2","1024","1039669970","984.927938","1014578","0"
"candidate-20260807-060515","6d7edc7c29a60a94c59effeeb2b78d8b95038135","default-hasher:b6a599c56dd29bca","rustc 1.97.0 (2d8144b78 2026-07-07)","x86_64-unknown-linux-gnu","Linux 7.0.11-76070011-generic x86_64","Intel(R) Core(TM) Ultra 7 155H","/dev/nvme0n1p3 ext4   rw,noatime,errors=remount-ro","/tmp/pigment-db-durability-bench","pigment_db","physical","key_map","file","minimal_callback","1","32","5","3","1024","1025880905","998.166546","995919","0"
"candidate-20260807-060515","6d7edc7c29a60a94c59effeeb2b78d8b95038135","default-hasher:b6a599c56dd29bca","rustc 1.97.0 (2d8144b78 2026-07-07)","x86_64-unknown-linux-gnu","Linux 7.0.11-76070011-generic x86_64","Intel(R) Core(TM) Ultra 7 155H","/dev/nvme0n1p3 ext4   rw,noatime,errors=remount-ro","/tmp/pigment-db-durability-bench","pigment_db","physical","key_map","file","minimal_callback","1","32","5","4","1024","1067188796","959.530314","1054672","0"
"candidate-20260807-060515","6d7edc7c29a60a94c59effeeb2b78d8b95038135","default-hasher:b6a599c56dd29bca","rustc 1.97.0 (2d8144b78 2026-07-07)","x86_64-unknown-linux-gnu","Linux 7.0.11-76070011-generic x86_64","Intel(R) Core(TM) Ultra 7 155H","/dev/nvme0n1p3 ext4   rw,noatime,errors=remount-ro","/tmp/pigment-db-durability-bench","pigment_db","physical","key_map","file","minimal_callback","1","32","5","5","1024","1049191337","975.989759","1008697","0"
"candidate-20260807-060515","6d7edc7c29a60a94c59effeeb2b78d8b95038135","default-hasher:b6a599c56dd29bca","rustc 1.97.0 (2d8144b78 2026-07-07)","x86_64-unknown-linux-gnu","Linux 7.0.11-76070011-generic x86_64","Intel(R) Core(TM) Ultra 7 155H","/dev/nvme0n1p3 ext4   rw,noatime,errors=remount-ro","/tmp/pigment-db-durability-bench","pigment_db","physical","key_map","file","minimal_callback","1","32","5","6","1024","1046203914","978.776686","1019374","0"
"candidate-20260807-060515","6d7edc7c29a60a94c59effeeb2b78d8b95038135","default-hasher:b6a599c56dd29bca","rustc 1.97.0 (2d8144b78 2026-07-07)","x86_64-unknown-linux-gnu","Linux 7.0.11-76070011-generic x86_64","Intel(R) Core(TM) Ultra 7 155H","/dev/nvme0n1p3 ext4   rw,noatime,errors=remount-ro","/tmp/pigment-db-durability-bench","pigment_db","physical","key_map","file","minimal_callback","1","32","5","7","1024","1006284894","1017.604464","987393","0"
"candidate-20260807-060515","6d7edc7c29a60a94c59effeeb2b78d8b95038135","default-hasher:b6a599c56dd29bca","rustc 1.97.0 (2d8144b78 2026-07-07)","x86_64-unknown-linux-gnu","Linux 7.0.11-76070011-generic x86_64","Intel(R) Core(TM) Ultra 7 155H","/dev/nvme0n1p3 ext4   rw,noatime,errors=remount-ro","/tmp/pigment-db-durability-bench","pigment_db","physical","key_map","file","minimal_callback","1","32","5","8","1024","1042094521","982.636392","980183","0"
"candidate-20260807-060515","6d7edc7c29a60a94c59effeeb2b78d8b95038135","default-hasher:b6a599c56dd29bca","rustc 1.97.0 (2d8144b78 2026-07-07)","x86_64-unknown-linux-gnu","Linux 7.0.11-76070011-generic x86_64","Intel(R) Core(TM) Ultra 7 155H","/dev/nvme0n1p3 ext4   rw,noatime,errors=remount-ro","/tmp/pigment-db-durability-bench","pigment_db","physical","key_map","file","minimal_callback","1","32","5","9","1024","1037348399","987.132193","992635","0"
"candidate-20260807-060515","6d7edc7c29a60a94c59effeeb2b78d8b95038135","default-hasher:b6a599c56dd29bca","rustc 1.97.0 (2d8144b78 2026-07-07)","x86_64-unknown-linux-gnu","Linux 7.0.11-76070011-generic x86_64","Intel(R) Core(TM) Ultra 7 155H","/dev/nvme0n1p3 ext4   rw,noatime,errors=remount-ro","/tmp/pigment-db-durability-bench","pigment_db","physical","key_map","file","minimal_callback","1","32","5","10","1024","1022624939","1001.344639","1012866","0"
"candidate-20260807-060515","6d7edc7c29a60a94c59effeeb2b78d8b95038135","default-hasher:b6a599c56dd29bca","rustc 1.97.0 (2d8144b78 2026-07-07)","x86_64-unknown-linux-gnu","Linux 7.0.11-76070011-generic x86_64","Intel(R) Core(TM) Ultra 7 155H","/dev/nvme0n1p3 ext4   rw,noatime,errors=remount-ro","/tmp/pigment-db-durability-bench","pigment_db","physical","key_map","file","minimal_callback","8","32","5","0","1024","1046779810","978.238203","26008727","0"
"candidate-20260807-060515","6d7edc7c29a60a94c59effeeb2b78d8b95038135","default-hasher:b6a599c56dd29bca","rustc 1.97.0 (2d8144b78 2026-07-07)","x86_64-unknown-linux-gnu","Linux 7.0.11-76070011-generic x86_64","Intel(R) Core(TM) Ultra 7 155H","/dev/nvme0n1p3 ext4   rw,noatime,errors=remount-ro","/tmp/pigment-db-durability-bench","pigment_db","physical","key_map","file","minimal_callback","8","32","5","1","1024","1055234360","970.400547","22563139","0"
"candidate-20260807-060515","6d7edc7c29a60a94c59effeeb2b78d8b95038135","default-hasher:b6a599c56dd29bca","rustc 1.97.0 (2d8144b78 2026-07-07)","x86_64-unknown-linux-gnu","Linux 7.0.11-76070011-generic x86_64","Intel(R) Core(TM) Ultra 7 155H","/dev/nvme0n1p3 ext4   rw,noatime,errors=remount-ro","/tmp/pigment-db-durability-bench","pigment_db","physical","key_map","file","minimal_callback","8","32","5","2","1024","1045825738","979.130617","21701380","0"
"candidate-20260807-060515","6d7edc7c29a60a94c59effeeb2b78d8b95038135","default-hasher:b6a599c56dd29bca","rustc 1.97.0 (2d8144b78 2026-07-07)","x86_64-unknown-linux-gnu","Linux 7.0.11-76070011-generic x86_64","Intel(R) Core(TM) Ultra 7 155H","/dev/nvme0n1p3 ext4   rw,noatime,errors=remount-ro","/tmp/pigment-db-durability-bench","pigment_db","physical","key_map","file","minimal_callback","8","32","5","3","1024","1071061345","956.061018","35043755","0"
"candidate-20260807-060515","6d7edc7c29a60a94c59effeeb2b78d8b95038135","default-hasher:b6a599c56dd29bca","rustc 1.97.0 (2d8144b78 2026-07-07)","x86_64-unknown-linux-gnu","Linux 7.0.11-76070011-generic x86_64","Intel(R) Core(TM) Ultra 7 155H","/dev/nvme0n1p3 ext4   rw,noatime,errors=remount-ro","/tmp/pigment-db-durability-bench","pigment_db","physical","key_map","file","minimal_callback","8","32","5","4","1024","1261457808","811.759215","37970783","0"
"candidate-20260807-060515","6d7edc7c29a60a94c59effeeb2b78d8b95038135","default-hasher:b6a599c56dd29bca","rustc 1.97.0 (2d8144b78 2026-07-07)","x86_64-unknown-linux-gnu","Linux 7.0.11-76070011-generic x86_64","Intel(R) Core(TM) Ultra 7 155H","/dev/nvme0n1p3 ext4   rw,noatime,errors=remount-ro","/tmp/pigment-db-durability-bench","pigment_db","physical","key_map","file","minimal_callback","8","32","5","5","1024","1037499068","986.988838","28667672","0"
"candidate-20260807-060515","6d7edc7c29a60a94c59effeeb2b78d8b95038135","default-hasher:b6a599c56dd29bca","rustc 1.97.0 (2d8144b78 2026-07-07)","x86_64-unknown-linux-gnu","Linux 7.0.11-76070011-generic x86_64","Intel(R) Core(TM) Ultra 7 155H","/dev/nvme0n1p3 ext4   rw,noatime,errors=remount-ro","/tmp/pigment-db-durability-bench","pigment_db","physical","key_map","file","minimal_callback","8","32","5","6","1024","1043138311","981.653141","20529452","0"
"candidate-20260807-060515","6d7edc7c29a60a94c59effeeb2b78d8b95038135","default-hasher:b6a599c56dd29bca","rustc 1.97.0 (2d8144b78 2026-07-07)","x86_64-unknown-linux-gnu","Linux 7.0.11-76070011-generic x86_64","Intel(R) Core(TM) Ultra 7 155H","/dev/nvme0n1p3 ext4   rw,noatime,errors=remount-ro","/tmp/pigment-db-durability-bench","pigment_db","physical","key_map","file","minimal_callback","8","32","5","7","1024","1056780693","968.980609","31500457","0"
"candidate-20260807-060515","6d7edc7c29a60a94c59effeeb2b78d8b95038135","default-hasher:b6a599c56dd29bca","rustc 1.97.0 (2d8144b78 2026-07-07)","x86_64-unknown-linux-gnu","Linux 7.0.11-76070011-generic x86_64","Intel(R) Core(TM) Ultra 7 155H","/dev/nvme0n1p3 ext4   rw,noatime,errors=remount-ro","/tmp/pigment-db-durability-bench","pigment_db","physical","key_map","file","minimal_callback","8","32","5","8","1024","1025342091","998.691080","27284973","0"
"candidate-20260807-060515","6d7edc7c29a60a94c59effeeb2b78d8b95038135","default-hasher:b6a599c56dd29bca","rustc 1.97.0 (2d8144b78 2026-07-07)","x86_64-unknown-linux-gnu","Linux 7.0.11-76070011-generic x86_64","Intel(R) Core(TM) Ultra 7 155H","/dev/nvme0n1p3 ext4   rw,noatime,errors=remount-ro","/tmp/pigment-db-durability-bench","pigment_db","physical","key_map","file","minimal_callback","8","32","5","9","1024","1032505731","991.762050","28353031","0"
"candidate-20260807-060515","6d7edc7c29a60a94c59effeeb2b78d8b95038135","default-hasher:b6a599c56dd29bca","rustc 1.97.0 (2d8144b78 2026-07-07)","x86_64-unknown-linux-gnu","Linux 7.0.11-76070011-generic x86_64","Intel(R) Core(TM) Ultra 7 155H","/dev/nvme0n1p3 ext4   rw,noatime,errors=remount-ro","/tmp/pigment-db-durability-bench","pigment_db","physical","key_map","file","minimal_callback","8","32","5","10","1024","1032823432","991.456979","31009761","0"
