capture_id,commit,dirty_hash,toolchain,target,os,cpu,filesystem,benchmark_root,implementation,policy,store_family,storage_mode,workload,workers,payload_bytes,warmup_count,sample_index,operations,elapsed_ns,ops_per_second,p95_latency_ns,failed_operations
"candidate-protocol-v4-20260807-155736","6d7edc7c29a60a94c59effeeb2b78d8b95038135","default-hasher:e161550f2ff7f0ec","rustc 1.97.0 (2d8144b78 2026-07-07)","x86_64-unknown-linux-gnu","Linux 7.0.11-76070011-generic x86_64","Intel(R) Core(TM) Ultra 7 155H","/dev/nvme0n1p3[/tmp] ext4   rw,nosuid,nodev,noatime,errors=remount-ro","/tmp/pigment-db-durability-bench","pigment_db","buffered","key_value","vector","ordinary_write","1","32","5","0","191232","100013609","1912059.787783","478","0"
"candidate-protocol-v4-20260807-155736","6d7edc7c29a60a94c59effeeb2b78d8b95038135","default-hasher:e161550f2ff7f0ec","rustc 1.97.0 (2d8144b78 2026-07-07)","x86_64-unknown-linux-gnu","Linux 7.0.11-76070011-generic x86_64","Intel(R) Core(TM) Ultra 7 155H","/dev/nvme0n1p3[/tmp] ext4   rw,nosuid,nodev,noatime,errors=remount-ro","/tmp/pigment-db-durability-bench","pigment_db","buffered","key_value","vector","ordinary_write","1","32","5","1","193856","100034689","1937887.766113","464","0"
"candidate-protocol-v4-20260807-155736","6d7edc7c29a60a94c59effeeb2b78d8b95038135","default-hasher:e161550f2ff7f0ec","rustc 1.97.0 (2d8144b78 2026-07-07)","x86_64-unknown-linux-gnu","Linux 7.0.11-76070011-generic x86_64","Intel(R) Core(TM) Ultra 7 155H","/dev/nvme0n1p3[/tmp] ext4   rw,nosuid,nodev,noatime,errors=remount-ro","/tmp/pigment-db-durability-bench","pigment_db","buffered","key_value","vector","ordinary_write","1","32","5","2","192640","100014598","1926118.825174","469","0"
"candidate-protocol-v4-20260807-155736","6d7edc7c29a60a94c59effeeb2b78d8b95038135","default-hasher:e161550f2ff7f0ec","rustc 1.97.0 (2d8144b78 2026-07-07)","x86_64-unknown-linux-gnu","Linux 7.0.11-76070011-generic x86_64","Intel(R) Core(TM) Ultra 7 155H","/dev/nvme0n1p3[/tmp] ext4   rw,nosuid,nodev,noatime,errors=remount-ro","/tmp/pigment-db-durability-bench","pigment_db","buffered","key_value","vector","ordinary_write","1","32","5","3","193600","100008637","1935832.802121","462","0"
"candidate-protocol-v4-20260807-155736","6d7edc7c29a60a94c59effeeb2b78d8b95038135","default-hasher:e161550f2ff7f0ec","rustc 1.97.0 (2d8144b78 2026-07-07)","x86_64-unknown-linux-gnu","Linux 7.0.11-76070011-generic x86_64","Intel(R) Core(TM) Ultra 7 155H","/dev/nvme0n1p3[/tmp] ext4   rw,nosuid,nodev,noatime,errors=remount-ro","/tmp/pigment-db-durability-bench","pigment_db","buffered","key_value","vector","ordinary_write","1","32","5","4","193792","100009252","1937740.720229","463","0"
"candidate-protocol-v4-20260807-155736","6d7edc7c29a60a94c59effeeb2b78d8b95038135","default-hasher:e161550f2ff7f0ec","rustc 1.97.0 (2d8144b78 2026-07-07)","x86_64-unknown-linux-gnu","Linux 7.0.11-76070011-generic x86_64","Intel(R) Core(TM) Ultra 7 155H","/dev/nvme0n1p3[/tmp] ext4   rw,nosuid,nodev,noatime,errors=remount-ro","/tmp/pigment-db-durability-bench","pigment_db","buffered","key_value","vector","ordinary_write","1","32","5","5","194176","100009176","1941581.840450","462","0"
"candidate-protocol-v4-20260807-155736","6d7edc7c29a60a94c59effeeb2b78d8b95038135","default-hasher:e161550f2ff7f0ec","rustc 1.97.0 (2d8144b78 2026-07-07)","x86_64-unknown-linux-gnu","Linux 7.0.11-76070011-generic x86_64","Intel(R) Core(TM) Ultra 7 155H","/dev/nvme0n1p3[/tmp] ext4   rw,nosuid,nodev,noatime,errors=remount-ro","/tmp/pigment-db-durability-bench","pigment_db","buffered","key_value","vector","ordinary_write","1","32","5","6","194560","100010986","1945386.279863","462","0"
"candidate-protocol-v4-20260807-155736","6d7edc7c29a60a94c59effeeb2b78d8b95038135","default-hasher:e161550f2ff7f0ec","rustc 1.97.0 (2d8144b78 2026-07-07)","x86_64-unknown-linux-gnu","Linux 7.0.11-76070011-generic x86_64","Intel(R) Core(TM) Ultra 7 155H","/dev/nvme0n1p3[/tmp] ext4   rw,nosuid,nodev,noatime,errors=remount-ro","/tmp/pigment-db-durability-bench","pigment_db","buffered","key_value","vector","ordinary_write","1","32","5","7","193408","100032313","1933455.242607","463","0"
"candidate-protocol-v4-20260807-155736","6d7edc7c29a60a94c59effeeb2b78d8b95038135","default-hasher:e161550f2ff7f0ec","rustc 1.97.0 (2d8144b78 2026-07-07)","x86_64-unknown-linux-gnu","Linux 7.0.11-76070011-generic x86_64","Intel(R) Core(TM) Ultra 7 155H","/dev/nvme0n1p3[/tmp] ext4   rw,nosuid,nodev,noatime,errors=remount-ro","/tmp/pigment-db-durability-bench","pigment_db","buffered","key_value","vector","ordinary_write","1","32","5","8","193664","100022161","1936210.916299","463","0"
"candidate-protocol-v4-20260807-155736","6d7edc7c29a60a94c59effeeb2b78d8b95038135","default-hasher:e161550f2ff7f0ec","rustc 1.97.0 (2d8144b78 2026-07-07)","x86_64-unknown-linux-gnu","Linux 7.0.11-76070011-generic x86_64","Intel(R) Core(TM) Ultra 7 155H","/dev/nvme0n1p3[/tmp] ext4   rw,nosuid,nodev,noatime,errors=remount-ro","/tmp/pigment-db-durability-bench","pigment_db","buffered","key_value","vector","ordinary_write","1","32","5","9","193792","100020267","1937527.321338","464","0"
"candidate-protocol-v4-20260807-155736","6d7edc7c29a60a94c59effeeb2b78d8b95038135","default-hasher:e161550f2ff7f0ec","rustc 1.97.0 (2d8144b78 2026-07-07)","x86_64-unknown-linux-gnu","Linux 7.0.11-76070011-generic x86_64","Intel(R) Core(TM) Ultra 7 155H","/dev/nvme0n1p3[/tmp] ext4   rw,nosuid,nodev,noatime,errors=remount-ro","/tmp/pigment-db-durability-bench","pigment_db","buffered","key_value","vector","ordinary_write","1","32","5","10","193024","100027123","1929716.602966","465","0"
"candidate-protocol-v4-20260807-155736","6d7edc7c29a60a94c59effeeb2b78d8b95038135","default-hasher:e161550f2ff7f0ec","rustc 1.97.0 (2d8144b78 2026-07-07)","x86_64-unknown-linux-gnu","Linux 7.0.11-76070011-generic x86_64","Intel(R) Core(TM) Ultra 7 155H","/dev/nvme0n1p3[/tmp] ext4   rw,nosuid,nodev,noatime,errors=remount-ro","/tmp/pigment-db-durability-bench","pigment_db","buffered","key_value","vector","ordinary_write","8","32","5","0","85504","100425553","851416.770391","21471","0"
"candidate-protocol-v4-20260807-155736","6d7edc7c29a60a94c59effeeb2b78d8b95038135","default-hasher:e161550f2ff7f0ec","rustc 1.97.0 (2d8144b78 2026-07-07)","x86_64-unknown-linux-gnu","Linux 7.0.11-76070011-generic x86_64","Intel(R) Core(TM) Ultra 7 155H","/dev/nvme0n1p3[/tmp] ext4   rw,nosuid,nodev,noatime,errors=remount-ro","/tmp/pigment-db-durability-bench","pigment_db","buffered","key_value","vector","ordinary_write","8","32","5","1","69120","100815487","685608.948157","20391","0"
"candidate-protocol-v4-20260807-155736","6d7edc7c29a60a94c59effeeb2b78d8b95038135","default-hasher:e161550f2ff7f0ec","rustc 1.97.0 (2d8144b78 2026-07-07)","x86_64-unknown-linux-gnu","Linux 7.0.11-76070011-generic x86_64","Intel(R) Core(TM) Ultra 7 155H","/dev/nvme0n1p3[/tmp] ext4   rw,nosuid,nodev,noatime,errors=remount-ro","/tmp/pigment-db-durability-bench","pigment_db","buffered","key_value","vector","ordinary_write","8","32","5","2","78848","100184384","787028.844735","20604","0"
"candidate-protocol-v4-20260807-155736","6d7edc7c29a60a94c59effeeb2b78d8b95038135","default-hasher:e161550f2ff7f0ec","rustc 1.97.0 (2d8144b78 2026-07-07)","x86_64-unknown-linux-gnu","Linux 7.0.11-76070011-generic x86_64","Intel(R) Core(TM) Ultra 7 155H","/dev/nvme0n1p3[/tmp] ext4   rw,nosuid,nodev,noatime,errors=remount-ro","/tmp/pigment-db-durability-bench","pigment_db","buffered","key_value","vector","ordinary_write","8","32","5","3","84992","100629608","844602.316249","21633","0"
"candidate-protocol-v4-20260807-155736","6d7edc7c29a60a94c59effeeb2b78d8b95038135","default-hasher:e161550f2ff7f0ec","rustc 1.97.0 (2d8144b78 2026-07-07)","x86_64-unknown-linux-gnu","Linux 7.0.11-76070011-generic x86_64","Intel(R) Core(TM) Ultra 7 155H","/dev/nvme0n1p3[/tmp] ext4   rw,nosuid,nodev,noatime,errors=remount-ro","/tmp/pigment-db-durability-bench","pigment_db","buffered","key_value","vector","ordinary_write","8","32","5","4","79360","100036798","793308.078493","21989","0"
"candidate-protocol-v4-20260807-155736","6d7edc7c29a60a94c59effeeb2b78d8b95038135","default-hasher:e161550f2ff7f0ec","rustc 1.97.0 (2d8144b78 2026-07-07)","x86_64-unknown-linux-gnu","Linux 7.0.11-76070011-generic x86_64","Intel(R) Core(TM) Ultra 7 155H","/dev/nvme0n1p3[/tmp] ext4   rw,nosuid,nodev,noatime,errors=remount-ro","/tmp/pigment-db-durability-bench","pigment_db","buffered","key_value","vector","ordinary_write","8","32","5","5","83456","100611042","829491.458800","21253","0"
"candidate-protocol-v4-20260807-155736","6d7edc7c29a60a94c59effeeb2b78d8b95038135","default-hasher:e161550f2ff7f0ec","rustc 1.97.0 (2d8144b78 2026-07-07)","x86_64-unknown-linux-gnu","Linux 7.0.11-76070011-generic x86_64","Intel(R) Core(TM) Ultra 7 155H","/dev/nvme0n1p3[/tmp] ext4   rw,nosuid,nodev,noatime,errors=remount-ro","/tmp/pigment-db-durability-bench","pigment_db","buffered","key_value","vector","ordinary_write","8","32","5","6","87552","100218169","873614.044974","19861","0"
"candidate-protocol-v4-20260807-155736","6d7edc7c29a60a94c59effeeb2b78d8b95038135","default-hasher:e161550f2ff7f0ec","rustc 1.97.0 (2d8144b78 2026-07-07)","x86_64-unknown-linux-gnu","Linux 7.0.11-76070011-generic x86_64","Intel(R) Core(TM) Ultra 7 155H","/dev/nvme0n1p3[/tmp] ext4   rw,nosuid,nodev,noatime,errors=remount-ro","/tmp/pigment-db-durability-bench","pigment_db","buffered","key_value","vector","ordinary_write","8","32","5","7","70144","100354807","698960.040848","22113","0"
"candidate-protocol-v4-20260807-155736","6d7edc7c29a60a94c59effeeb2b78d8b95038135","default-hasher:e161550f2ff7f0ec","rustc 1.97.0 (2d8144b78 2026-07-07)","x86_64-unknown-linux-gnu","Linux 7.0.11-76070011-generic x86_64","Intel(R) Core(TM) Ultra 7 155H","/dev/nvme0n1p3[/tmp] ext4   rw,nosuid,nodev,noatime,errors=remount-ro","/tmp/pigment-db-durability-bench","pigment_db","buffered","key_value","vector","ordinary_write","8","32","5","8","76288","100329326","760375.884515","23490","0"
"candidate-protocol-v4-20260807-155736","6d7edc7c29a60a94c59effeeb2b78d8b95038135","default-hasher:e161550f2ff7f0ec","rustc 1.97.0 (2d8144b78 2026-07-07)","x86_64-unknown-linux-gnu","Linux 7.0.11-76070011-generic x86_64","Intel(R) Core(TM) Ultra 7 155H","/dev/nvme0n1p3[/tmp] ext4   rw,nosuid,nodev,noatime,errors=remount-ro","/tmp/pigment-db-durability-bench","pigment_db","buffered","key_value","vector","ordinary_write","8","32","5","9","76288","100580728","758475.321435","23333","0"
"candidate-protocol-v4-20260807-155736","6d7edc7c29a60a94c59effeeb2b78d8b95038135","default-hasher:e161550f2ff7f0ec","rustc 1.97.0 (2d8144b78 2026-07-07)","x86_64-unknown-linux-gnu","Linux 7.0.11-76070011-generic x86_64","Intel(R) Core(TM) Ultra 7 155H","/dev/nvme0n1p3[/tmp] ext4   rw,nosuid,nodev,noatime,errors=remount-ro","/tmp/pigment-db-durability-bench","pigment_db","buffered","key_value","vector","ordinary_write","8","32","5","10","78336","100332287","780765.617353","23071","0"
"candidate-protocol-v4-20260807-155736","6d7edc7c29a60a94c59effeeb2b78d8b95038135","default-hasher:e161550f2ff7f0ec","rustc 1.97.0 (2d8144b78 2026-07-07)","x86_64-unknown-linux-gnu","Linux 7.0.11-76070011-generic x86_64","Intel(R) Core(TM) Ultra 7 155H","/dev/nvme0n1p3[/tmp] ext4   rw,nosuid,nodev,noatime,errors=remount-ro","/tmp/pigment-db-durability-bench","pigment_db","buffered","key_value","vector","successful_remove","1","32","5","0","165760","100016956","1657318.984993","568","0"
"candidate-protocol-v4-20260807-155736","6d7edc7c29a60a94c59effeeb2b78d8b95038135","default-hasher:e161550f2ff7f0ec","rustc 1.97.0 (2d8144b78 2026-07-07)","x86_64-unknown-linux-gnu","Linux 7.0.11-76070011-generic x86_64","Intel(R) Core(TM) Ultra 7 155H","/dev/nvme0n1p3[/tmp] ext4   rw,nosuid,nodev,noatime,errors=remount-ro","/tmp/pigment-db-durability-bench","pigment_db","buffered","key_value","vector","successful_remove","1","32","5","1","166592","100021902","1665555.210098","559","0"
"candidate-protocol-v4-20260807-155736","6d7edc7c29a60a94c59effeeb2b78d8b95038135","default-hasher:e161550f2ff7f0ec","rustc 1.97.0 (2d8144b78 2026-07-07)","x86_64-unknown-linux-gnu","Linux 7.0.11-76070011-generic x86_64","Intel(R) Core(TM) Ultra 7 155H","/dev/nvme0n1p3[/tmp] ext4   rw,nosuid,nodev,noatime,errors=remount-ro","/tmp/pigment-db-durability-bench","pigment_db","buffered","key_value","vector","successful_remove","1","32","5","2","160000","100029696","1599525.005054","567","0"
"candidate-protocol-v4-20260807-155736","6d7edc7c29a60a94c59effeeb2b78d8b95038135","default-hasher:e161550f2ff7f0ec","rustc 1.97.0 (2d8144b78 2026-07-07)","x86_64-unknown-linux-gnu","Linux 7.0.11-76070011-generic x86_64","Intel(R) Core(TM) Ultra 7 155H","/dev/nvme0n1p3[/tmp] ext4   rw,nosuid,nodev,noatime,errors=remount-ro","/tmp/pigment-db-durability-bench","pigment_db","buffered","key_value","vector","successful_remove","1","32","5","3","165824","100011153","1658055.077117","562","0"
"candidate-protocol-v4-20260807-155736","6d7edc7c29a60a94c59effeeb2b78d8b95038135","default-hasher:e161550f2ff7f0ec","rustc 1.97.0 (2d8144b78 2026-07-07)","x86_64-unknown-linux-gnu","Linux 7.0.11-76070011-generic x86_64","Intel(R) Core(TM) Ultra 7 155H","/dev/nvme0n1p3[/tmp] ext4   rw,nosuid,nodev,noatime,errors=remount-ro","/tmp/pigment-db-durability-bench","pigment_db","buffered","key_value","vector","successful_remove","1","32","5","4","166016","100026785","1659715.445218","562","0"
"candidate-protocol-v4-20260807-155736","6d7edc7c29a60a94c59effeeb2b78d8b95038135","default-hasher:e161550f2ff7f0ec","rustc 1.97.0 (2d8144b78 2026-07-07)","x86_64-unknown-linux-gnu","Linux 7.0.11-76070011-generic x86_64","Intel(R) Core(TM) Ultra 7 155H","/dev/nvme0n1p3[/tmp] ext4   rw,nosuid,nodev,noatime,errors=remount-ro","/tmp/pigment-db-durability-bench","pigment_db","buffered","key_value","vector","successful_remove","1","32","5","5","166592","100026426","1665479.880287","561","0"
"candidate-protocol-v4-20260807-155736","6d7edc7c29a60a94c59effeeb2b78d8b95038135","default-hasher:e161550f2ff7f0ec","rustc 1.97.0 (2d8144b78 2026-07-07)","x86_64-unknown-linux-gnu","Linux 7.0.11-76070011-generic x86_64","Intel(R) Core(TM) Ultra 7 155H","/dev/nvme0n1p3[/tmp] ext4   rw,nosuid,nodev,noatime,errors=remount-ro","/tmp/pigment-db-durability-bench","pigment_db","buffered","key_value","vector","successful_remove","1","32","5","6","165952","100007774","1659390.998944","563","0"
"candidate-protocol-v4-20260807-155736","6d7edc7c29a60a94c59effeeb2b78d8b95038135","default-hasher:e161550f2ff7f0ec","rustc 1.97.0 (2d8144b78 2026-07-07)","x86_64-unknown-linux-gnu","Linux 7.0.11-76070011-generic x86_64","Intel(R) Core(TM) Ultra 7 155H","/dev/nvme0n1p3[/tmp] ext4   rw,nosuid,nodev,noatime,errors=remount-ro","/tmp/pigment-db-durability-bench","pigment_db","buffered","key_value","vector","successful_remove","1","32","5","7","166464","100033094","1664089.286292","561","0"
"candidate-protocol-v4-20260807-155736","6d7edc7c29a60a94c59effeeb2b78d8b95038135","default-hasher:e161550f2ff7f0ec","rustc 1.97.0 (2d8144b78 2026-07-07)","x86_64-unknown-linux-gnu","Linux 7.0.11-76070011-generic x86_64","Intel(R) Core(TM) Ultra 7 155H","/dev/nvme0n1p3[/tmp] ext4   rw,nosuid,nodev,noatime,errors=remount-ro","/tmp/pigment-db-durability-bench","pigment_db","buffered","key_value","vector","successful_remove","1","32","5","8","160256","100041714","1601891.786860","565","0"
"candidate-protocol-v4-20260807-155736","6d7edc7c29a60a94c59effeeb2b78d8b95038135","default-hasher:e161550f2ff7f0ec","rustc 1.97.0 (2d8144b78 2026-07-07)","x86_64-unknown-linux-gnu","Linux 7.0.11-76070011-generic x86_64","Intel(R) Core(TM) Ultra 7 155H","/dev/nvme0n1p3[/tmp] ext4   rw,nosuid,nodev,noatime,errors=remount-ro","/tmp/pigment-db-durability-bench","pigment_db","buffered","key_value","vector","successful_remove","1","32","5","9","162624","100040675","1625578.795825","563","0"
"candidate-protocol-v4-20260807-155736","6d7edc7c29a60a94c59effeeb2b78d8b95038135","default-hasher:e161550f2ff7f0ec","rustc 1.97.0 (2d8144b78 2026-07-07)","x86_64-unknown-linux-gnu","Linux 7.0.11-76070011-generic x86_64","Intel(R) Core(TM) Ultra 7 155H","/dev/nvme0n1p3[/tmp] ext4   rw,nosuid,nodev,noatime,errors=remount-ro","/tmp/pigment-db-durability-bench","pigment_db","buffered","key_value","vector","successful_remove","1","32","5","10","162944","100038468","1628813.428050","561","0"
"candidate-protocol-v4-20260807-155736","6d7edc7c29a60a94c59effeeb2b78d8b95038135","default-hasher:e161550f2ff7f0ec","rustc 1.97.0 (2d8144b78 2026-07-07)","x86_64-unknown-linux-gnu","Linux 7.0.11-76070011-generic x86_64","Intel(R) Core(TM) Ultra 7 155H","/dev/nvme0n1p3[/tmp] ext4   rw,nosuid,nodev,noatime,errors=remount-ro","/tmp/pigment-db-durability-bench","pigment_db","buffered","key_value","vector","successful_remove","8","32","5","0","50176","100259594","500460.833703","22168","0"
"candidate-protocol-v4-20260807-155736","6d7edc7c29a60a94c59effeeb2b78d8b95038135","default-hasher:e161550f2ff7f0ec","rustc 1.97.0 (2d8144b78 2026-07-07)","x86_64-unknown-linux-gnu","Linux 7.0.11-76070011-generic x86_64","Intel(R) Core(TM) Ultra 7 155H","/dev/nvme0n1p3[/tmp] ext4   rw,nosuid,nodev,noatime,errors=remount-ro","/tmp/pigment-db-durability-bench","pigment_db","buffered","key_value","vector","successful_remove","8","32","5","1","41472","100046165","414528.632857","21458","0"
"candidate-protocol-v4-20260807-155736","6d7edc7c29a60a94c59effeeb2b78d8b95038135","default-hasher:e161550f2ff7f0ec","rustc 1.97.0 (2d8144b78 2026-07-07)","x86_64-unknown-linux-gnu","Linux 7.0.11-76070011-generic x86_64","Intel(R) Core(TM) Ultra 7 155H","/dev/nvme0n1p3[/tmp] ext4   rw,nosuid,nodev,noatime,errors=remount-ro","/tmp/pigment-db-durability-bench","pigment_db","buffered","key_value","vector","successful_remove","8","32","5","2","31744","100367992","316276.129147","21605","0"
"candidate-protocol-v4-20260807-155736","6d7edc7c29a60a94c59effeeb2b78d8b95038135","default-hasher:e161550f2ff7f0ec","rustc 1.97.0 (2d8144b78 2026-07-07)","x86_64-unknown-linux-gnu","Linux 7.0.11-76070011-generic x86_64","Intel(R) Core(TM) Ultra 7 155H","/dev/nvme0n1p3[/tmp] ext4   rw,nosuid,nodev,noatime,errors=remount-ro","/tmp/pigment-db-durability-bench","pigment_db","buffered","key_value","vector","successful_remove","8","32","5","3","29184","101308668","288070.118541","20695","0"
"candidate-protocol-v4-20260807-155736","6d7edc7c29a60a94c59effeeb2b78d8b95038135","default-hasher:e161550f2ff7f0ec","rustc 1.97.0 (2d8144b78 2026-07-07)","x86_64-unknown-linux-gnu","Linux 7.0.11-76070011-generic x86_64","Intel(R) Core(TM) Ultra 7 155H","/dev/nvme0n1p3[/tmp] ext4   rw,nosuid,nodev,noatime,errors=remount-ro","/tmp/pigment-db-durability-bench","pigment_db","buffered","key_value","vector","successful_remove","8","32","5","4","35840","100592073","356290.500147","21635","0"
"candidate-protocol-v4-20260807-155736","6d7edc7c29a60a94c59effeeb2b78d8b95038135","default-hasher:e161550f2ff7f0ec","rustc 1.97.0 (2d8144b78 2026-07-07)","x86_64-unknown-linux-gnu","Linux 7.0.11-76070011-generic x86_64","Intel(R) Core(TM) Ultra 7 155H","/dev/nvme0n1p3[/tmp] ext4   rw,nosuid,nodev,noatime,errors=remount-ro","/tmp/pigment-db-durability-bench","pigment_db","buffered","key_value","vector","successful_remove","8","32","5","5","41472","103365346","401217.638260","21784","0"
"candidate-protocol-v4-20260807-155736","6d7edc7c29a60a94c59effeeb2b78d8b95038135","default-hasher:e161550f2ff7f0ec","rustc 1.97.0 (2d8144b78 2026-07-07)","x86_64-unknown-linux-gnu","Linux 7.0.11-76070011-generic x86_64","Intel(R) Core(TM) Ultra 7 155H","/dev/nvme0n1p3[/tmp] ext4   rw,nosuid,nodev,noatime,errors=remount-ro","/tmp/pigment-db-durability-bench","pigment_db","buffered","key_value","vector","successful_remove","8","32","5","6","17408","103575843","168070.077885","18687","0"
"candidate-protocol-v4-20260807-155736","6d7edc7c29a60a94c59effeeb2b78d8b95038135","default-hasher:e161550f2ff7f0ec","rustc 1.97.0 (2d8144b78 2026-07-07)","x86_64-unknown-linux-gnu","Linux 7.0.11-76070011-generic x86_64","Intel(R) Core(TM) Ultra 7 155H","/dev/nvme0n1p3[/tmp] ext4   rw,nosuid,nodev,noatime,errors=remount-ro","/tmp/pigment-db-durability-bench","pigment_db","buffered","key_value","vector","successful_remove","8","32","5","7","20992","103011090","203783.883852","18273","0"
"candidate-protocol-v4-20260807-155736","6d7edc7c29a60a94c59effeeb2b78d8b95038135","default-hasher:e161550f2ff7f0ec","rustc 1.97.0 (2d8144b78 2026-07-07)","x86_64-unknown-linux-gnu","Linux 7.0.11-76070011-generic x86_64","Intel(R) Core(TM) Ultra 7 155H","/dev/nvme0n1p3[/tmp] ext4   rw,nosuid,nodev,noatime,errors=remount-ro","/tmp/pigment-db-durability-bench","pigment_db","buffered","key_value","vector","successful_remove","8","32","5","8","28672","102182508","280595.970496","21296","0"
"candidate-protocol-v4-20260807-155736","6d7edc7c29a60a94c59effeeb2b78d8b95038135","default-hasher:e161550f2ff7f0ec","rustc 1.97.0 (2d8144b78 2026-07-07)","x86_64-unknown-linux-gnu","Linux 7.0.11-76070011-generic x86_64","Intel(R) Core(TM) Ultra 7 155H","/dev/nvme0n1p3[/tmp] ext4   rw,nosuid,nodev,noatime,errors=remount-ro","/tmp/pigment-db-durability-bench","pigment_db","buffered","key_value","vector","successful_remove","8","32","5","9","44032","100692899","437290.021812","22204","0"
"candidate-protocol-v4-20260807-155736","6d7edc7c29a60a94c59effeeb2b78d8b95038135","default-hasher:e161550f2ff7f0ec","rustc 1.97.0 (2d8144b78 2026-07-07)","x86_64-unknown-linux-gnu","Linux 7.0.11-76070011-generic x86_64","Intel(R) Core(TM) Ultra 7 155H","/dev/nvme0n1p3[/tmp] ext4   rw,nosuid,nodev,noatime,errors=remount-ro","/tmp/pigment-db-durability-bench","pigment_db","buffered","key_value","vector","successful_remove","8","32","5","10","39424","100049284","394045.798469","21552","0"
"candidate-protocol-v4-20260807-155736","6d7edc7c29a60a94c59effeeb2b78d8b95038135","default-hasher:e161550f2ff7f0ec","rustc 1.97.0 (2d8144b78 2026-07-07)","x86_64-unknown-linux-gnu","Linux 7.0.11-76070011-generic x86_64","Intel(R) Core(TM) Ultra 7 155H","/dev/nvme0n1p3[/tmp] ext4   rw,nosuid,nodev,noatime,errors=remount-ro","/tmp/pigment-db-durability-bench","pigment_db","buffered","key_value","vector","minimal_callback","1","32","5","0","174144","100011972","1741231.539760","505","0"
"candidate-protocol-v4-20260807-155736","6d7edc7c29a60a94c59effeeb2b78d8b95038135","default-hasher:e161550f2ff7f0ec","rustc 1.97.0 (2d8144b78 2026-07-07)","x86_64-unknown-linux-gnu","Linux 7.0.11-76070011-generic x86_64","Intel(R) Core(TM) Ultra 7 155H","/dev/nvme0n1p3[/tmp] ext4   rw,nosuid,nodev,noatime,errors=remount-ro","/tmp/pigment-db-durability-bench","pigment_db","buffered","key_value","vector","minimal_callback","1","32","5","1","173056","100000352","1730553.908450","514","0"
"candidate-protocol-v4-20260807-155736","6d7edc7c29a60a94c59effeeb2b78d8b95038135","default-hasher:e161550f2ff7f0ec","rustc 1.97.0 (2d8144b78 2026-07-07)","x86_64-unknown-linux-gnu","Linux 7.0.11-76070011-generic x86_64","Intel(R) Core(TM) Ultra 7 155H","/dev/nvme0n1p3[/tmp] ext4   rw,nosuid,nodev,noatime,errors=remount-ro","/tmp/pigment-db-durability-bench","pigment_db","buffered","key_value","vector","minimal_callback","1","32","5","2","173888","100021596","1738504.552557","508","0"
"candidate-protocol-v4-20260807-155736","6d7edc7c29a60a94c59effeeb2b78d8b95038135","default-hasher:e161550f2ff7f0ec","rustc 1.97.0 (2d8144b78 2026-07-07)","x86_64-unknown-linux-gnu","Linux 7.0.11-76070011-generic x86_64","Intel(R) Core(TM) Ultra 7 155H","/dev/nvme0n1p3[/tmp] ext4   rw,nosuid,nodev,noatime,errors=remount-ro","/tmp/pigment-db-durability-bench","pigment_db","buffered","key_value","vector","minimal_callback","1","32","5","3","172672","100034456","1726125.246285","513","0"
"candidate-protocol-v4-20260807-155736","6d7edc7c29a60a94c59effeeb2b78d8b95038135","default-hasher:e161550f2ff7f0ec","rustc 1.97.0 (2d8144b78 2026-07-07)","x86_64-unknown-linux-gnu","Linux 7.0.11-76070011-generic x86_64","Intel(R) Core(TM) Ultra 7 155H","/dev/nvme0n1p3[/tmp] ext4   rw,nosuid,nodev,noatime,errors=remount-ro","/tmp/pigment-db-durability-bench","pigment_db","buffered","key_value","vector","minimal_callback","1","32","5","4","174464","100018699","1744313.830757","505","0"
"candidate-protocol-v4-20260807-155736","6d7edc7c29a60a94c59effeeb2b78d8b95038135","default-hasher:e161550f2ff7f0ec","rustc 1.97.0 (2d8144b78 2026-07-07)","x86_64-unknown-linux-gnu","Linux 7.0.11-76070011-generic x86_64","Intel(R) Core(TM) Ultra 7 155H","/dev/nvme0n1p3[/tmp] ext4   rw,nosuid,nodev,noatime,errors=remount-ro","/tmp/pigment-db-durability-bench","pigment_db","buffered","key_value","vector","minimal_callback","1","32","5","5","174144","100015403","1741171.807307","502","0"
"candidate-protocol-v4-20260807-155736","6d7edc7c29a60a94c59effeeb2b78d8b95038135","default-hasher:e161550f2ff7f0ec","rustc 1.97.0 (2d8144b78 2026-07-07)","x86_64-unknown-linux-gnu","Linux 7.0.11-76070011-generic x86_64","Intel(R) Core(TM) Ultra 7 155H","/dev/nvme0n1p3[/tmp] ext4   rw,nosuid,nodev,noatime,errors=remount-ro","/tmp/pigment-db-durability-bench","pigment_db","buffered","key_value","vector","minimal_callback","1","32","5","6","173952","100009075","1739362.152885","503","0"
"candidate-protocol-v4-20260807-155736","6d7edc7c29a60a94c59effeeb2b78d8b95038135","default-hasher:e161550f2ff7f0ec","rustc 1.97.0 (2d8144b78 2026-07-07)","x86_64-unknown-linux-gnu","Linux 7.0.11-76070011-generic x86_64","Intel(R) Core(TM) Ultra 7 155H","/dev/nvme0n1p3[/tmp] ext4   rw,nosuid,nodev,noatime,errors=remount-ro","/tmp/pigment-db-durability-bench","pigment_db","buffered","key_value","vector","minimal_callback","1","32","5","7","173952","100000768","1739506.640589","507","0"
"candidate-protocol-v4-20260807-155736","6d7edc7c29a60a94c59effeeb2b78d8b95038135","default-hasher:e161550f2ff7f0ec","rustc 1.97.0 (2d8144b78 2026-07-07)","x86_64-unknown-linux-gnu","Linux 7.0.11-76070011-generic x86_64","Intel(R) Core(TM) Ultra 7 155H","/dev/nvme0n1p3[/tmp] ext4   rw,nosuid,nodev,noatime,errors=remount-ro","/tmp/pigment-db-durability-bench","pigment_db","buffered","key_value","vector","minimal_callback","1","32","5","8","174336","100033207","1742781.274622","506","0"
"candidate-protocol-v4-20260807-155736","6d7edc7c29a60a94c59effeeb2b78d8b95038135","default-hasher:e161550f2ff7f0ec","rustc 1.97.0 (2d8144b78 2026-07-07)","x86_64-unknown-linux-gnu","Linux 7.0.11-76070011-generic x86_64","Intel(R) Core(TM) Ultra 7 155H","/dev/nvme0n1p3[/tmp] ext4   rw,nosuid,nodev,noatime,errors=remount-ro","/tmp/pigment-db-durability-bench","pigment_db","buffered","key_value","vector","minimal_callback","1","32","5","9","174080","100028055","1740311.755537","503","0"
"candidate-protocol-v4-20260807-155736","6d7edc7c29a60a94c59effeeb2b78d8b95038135","default-hasher:e161550f2ff7f0ec","rustc 1.97.0 (2d8144b78 2026-07-07)","x86_64-unknown-linux-gnu","Linux 7.0.11-76070011-generic x86_64","Intel(R) Core(TM) Ultra 7 155H","/dev/nvme0n1p3[/tmp] ext4   rw,nosuid,nodev,noatime,errors=remount-ro","/tmp/pigment-db-durability-bench","pigment_db","buffered","key_value","vector","minimal_callback","1","32","5","10","174528","100015913","1745002.317781","501","0"
"candidate-protocol-v4-20260807-155736","6d7edc7c29a60a94c59effeeb2b78d8b95038135","default-hasher:e161550f2ff7f0ec","rustc 1.97.0 (2d8144b78 2026-07-07)","x86_64-unknown-linux-gnu","Linux 7.0.11-76070011-generic x86_64","Intel(R) Core(TM) Ultra 7 155H","/dev/nvme0n1p3[/tmp] ext4   rw,nosuid,nodev,noatime,errors=remount-ro","/tmp/pigment-db-durability-bench","pigment_db","buffered","key_value","vector","minimal_callback","8","32","5","0","55808","101488541","549894.593519","22335","0"
"candidate-protocol-v4-20260807-155736","6d7edc7c29a60a94c59effeeb2b78d8b95038135","default-hasher:e161550f2ff7f0ec","rustc 1.97.0 (2d8144b78 2026-07-07)","x86_64-unknown-linux-gnu","Linux 7.0.11-76070011-generic x86_64","Intel(R) Core(TM) Ultra 7 155H","/dev/nvme0n1p3[/tmp] ext4   rw,nosuid,nodev,noatime,errors=remount-ro","/tmp/pigment-db-durability-bench","pigment_db","buffered","key_value","vector","minimal_callback","8","32","5","1","77312","100547448","768910.614221","23038","0"
"candidate-protocol-v4-20260807-155736","6d7edc7c29a60a94c59effeeb2b78d8b95038135","default-hasher:e161550f2ff7f0ec","rustc 1.97.0 (2d8144b78 2026-07-07)","x86_64-unknown-linux-gnu","Linux 7.0.11-76070011-generic x86_64","Intel(R) Core(TM) Ultra 7 155H","/dev/nvme0n1p3[/tmp] ext4   rw,nosuid,nodev,noatime,errors=remount-ro","/tmp/pigment-db-durability-bench","pigment_db","buffered","key_value","vector","minimal_callback","8","32","5","2","67584","100254580","674123.815590","23112","0"
"candidate-protocol-v4-20260807-155736","6d7edc7c29a60a94c59effeeb2b78d8b95038135","default-hasher:e161550f2ff7f0ec","rustc 1.97.0 (2d8144b78 2026-07-07)","x86_64-unknown-linux-gnu","Linux 7.0.11-76070011-generic x86_64","Intel(R) Core(TM) Ultra 7 155H","/dev/nvme0n1p3[/tmp] ext4   rw,nosuid,nodev,noatime,errors=remount-ro","/tmp/pigment-db-durability-bench","pigment_db","buffered","key_value","vector","minimal_callback","8","32","5","3","74240","100518260","738572.275326","28411","0"
"candidate-protocol-v4-20260807-155736","6d7edc7c29a60a94c59effeeb2b78d8b95038135","default-hasher:e161550f2ff7f0ec","rustc 1.97.0 (2d8144b78 2026-07-07)","x86_64-unknown-linux-gnu","Linux 7.0.11-76070011-generic x86_64","Intel(R) Core(TM) Ultra 7 155H","/dev/nvme0n1p3[/tmp] ext4   rw,nosuid,nodev,noatime,errors=remount-ro","/tmp/pigment-db-durability-bench","pigment_db","buffered","key_value","vector","minimal_callback","8","32","5","4","78848","100672207","783215.172783","27617","0"
"candidate-protocol-v4-20260807-155736","6d7edc7c29a60a94c59effeeb2b78d8b95038135","default-hasher:e161550f2ff7f0ec","rustc 1.97.0 (2d8144b78 2026-07-07)","x86_64-unknown-linux-gnu","Linux 7.0.11-76070011-generic x86_64","Intel(R) Core(TM) Ultra 7 155H","/dev/nvme0n1p3[/tmp] ext4   rw,nosuid,nodev,noatime,errors=remount-ro","/tmp/pigment-db-durability-bench","pigment_db","buffered","key_value","vector","minimal_callback","8","32","5","5","62976","101375393","621215.840811","18585","0"
"candidate-protocol-v4-20260807-155736","6d7edc7c29a60a94c59effeeb2b78d8b95038135","default-hasher:e161550f2ff7f0ec","rustc 1.97.0 (2d8144b78 2026-07-07)","x86_64-unknown-linux-gnu","Linux 7.0.11-76070011-generic x86_64","Intel(R) Core(TM) Ultra 7 155H","/dev/nvme0n1p3[/tmp] ext4   rw,nosuid,nodev,noatime,errors=remount-ro","/tmp/pigment-db-durability-bench","pigment_db","buffered","key_value","vector","minimal_callback","8","32","5","6","73728","100309356","735006.214176","28859","0"
"candidate-protocol-v4-20260807-155736","6d7edc7c29a60a94c59effeeb2b78d8b95038135","default-hasher:e161550f2ff7f0ec","rustc 1.97.0 (2d8144b78 2026-07-07)","x86_64-unknown-linux-gnu","Linux 7.0.11-76070011-generic x86_64","Intel(R) Core(TM) Ultra 7 155H","/dev/nvme0n1p3[/tmp] ext4   rw,nosuid,nodev,noatime,errors=remount-ro","/tmp/pigment-db-durability-bench","pigment_db","buffered","key_value","vector","minimal_callback","8","32","5","7","66560","101275950","657214.274465","18847","0"
"candidate-protocol-v4-20260807-155736","6d7edc7c29a60a94c59effeeb2b78d8b95038135","default-hasher:e161550f2ff7f0ec","rustc 1.97.0 (2d8144b78 2026-07-07)","x86_64-unknown-linux-gnu","Linux 7.0.11-76070011-generic x86_64","Intel(R) Core(TM) Ultra 7 155H","/dev/nvme0n1p3[/tmp] ext4   rw,nosuid,nodev,noatime,errors=remount-ro","/tmp/pigment-db-durability-bench","pigment_db","buffered","key_value","vector","minimal_callback","8","32","5","8","73728","100224624","735627.603851","21680","0"
"candidate-protocol-v4-20260807-155736","6d7edc7c29a60a94c59effeeb2b78d8b95038135","default-hasher:e161550f2ff7f0ec","rustc 1.97.0 (2d8144b78 2026-07-07)","x86_64-unknown-linux-gnu","Linux 7.0.11-76070011-generic x86_64","Intel(R) Core(TM) Ultra 7 155H","/dev/nvme0n1p3[/tmp] ext4   rw,nosuid,nodev,noatime,errors=remount-ro","/tmp/pigment-db-durability-bench","pigment_db","buffered","key_value","vector","minimal_callback","8","32","5","9","74752","100339748","744988.915061","23480","0"
"candidate-protocol-v4-20260807-155736","6d7edc7c29a60a94c59effeeb2b78d8b95038135","default-hasher:e161550f2ff7f0ec","rustc 1.97.0 (2d8144b78 2026-07-07)","x86_64-unknown-linux-gnu","Linux 7.0.11-76070011-generic x86_64","Intel(R) Core(TM) Ultra 7 155H","/dev/nvme0n1p3[/tmp] ext4   rw,nosuid,nodev,noatime,errors=remount-ro","/tmp/pigment-db-durability-bench","pigment_db","buffered","key_value","vector","minimal_callback","8","32","5","10","71168","100242464","709958.605966","24155","0"
"candidate-protocol-v4-20260807-155736","6d7edc7c29a60a94c59effeeb2b78d8b95038135","default-hasher:e161550f2ff7f0ec","rustc 1.97.0 (2d8144b78 2026-07-07)","x86_64-unknown-linux-gnu","Linux 7.0.11-76070011-generic x86_64","Intel(R) Core(TM) Ultra 7 155H","/dev/nvme0n1p3[/tmp] ext4   rw,nosuid,nodev,noatime,errors=remount-ro","/tmp/pigment-db-durability-bench","pigment_db","buffered","key_value","file","ordinary_write","1","32","5","0","39552","100031829","395394.149996","2662","0"
"candidate-protocol-v4-20260807-155736","6d7edc7c29a60a94c59effeeb2b78d8b95038135","default-hasher:e161550f2ff7f0ec","rustc 1.97.0 (2d8144b78 2026-07-07)","x86_64-unknown-linux-gnu","Linux 7.0.11-76070011-generic x86_64","Intel(R) Core(TM) Ultra 7 155H","/dev/nvme0n1p3[/tmp] ext4   rw,nosuid,nodev,noatime,errors=remount-ro","/tmp/pigment-db-durability-bench","pigment_db","buffered","key_value","file","ordinary_write","1","32","5","1","38656","100149138","385984.350659","2785","0"
"candidate-protocol-v4-20260807-155736","6d7edc7c29a60a94c59effeeb2b78d8b95038135","default-hasher:e161550f2ff7f0ec","rustc 1.97.0 (2d8144b78 2026-07-07)","x86_64-unknown-linux-gnu","Linux 7.0.11-76070011-generic x86_64","Intel(R) Core(TM) Ultra 7 155H","/dev/nvme0n1p3[/tmp] ext4   rw,nosuid,nodev,noatime,errors=remount-ro","/tmp/pigment-db-durability-bench","pigment_db","buffered","key_value","file","ordinary_write","1","32","5","2","39936","100069525","399082.537866","2643","0"
"candidate-protocol-v4-20260807-155736","6d7edc7c29a60a94c59effeeb2b78d8b95038135","default-hasher:e161550f2ff7f0ec","rustc 1.97.0 (2d8144b78 2026-07-07)","x86_64-unknown-linux-gnu","Linux 7.0.11-76070011-generic x86_64","Intel(R) Core(TM) Ultra 7 155H","/dev/nvme0n1p3[/tmp] ext4   rw,nosuid,nodev,noatime,errors=remount-ro","/tmp/pigment-db-durability-bench","pigment_db","buffered","key_value","file","ordinary_write","1","32","5","3","39232","100089008","391971.114351","2912","0"
"candidate-protocol-v4-20260807-155736","6d7edc7c29a60a94c59effeeb2b78d8b95038135","default-hasher:e161550f2ff7f0ec","rustc 1.97.0 (2d8144b78 2026-07-07)","x86_64-unknown-linux-gnu","Linux 7.0.11-76070011-generic x86_64","Intel(R) Core(TM) Ultra 7 155H","/dev/nvme0n1p3[/tmp] ext4   rw,nosuid,nodev,noatime,errors=remount-ro","/tmp/pigment-db-durability-bench","pigment_db","buffered","key_value","file","ordinary_write","1","32","5","4","39680","100112762","396353.064358","2610","0"
"candidate-protocol-v4-20260807-155736","6d7edc7c29a60a94c59effeeb2b78d8b95038135","default-hasher:e161550f2ff7f0ec","rustc 1.97.0 (2d8144b78 2026-07-07)","x86_64-unknown-linux-gnu","Linux 7.0.11-76070011-generic x86_64","Intel(R) Core(TM) Ultra 7 155H","/dev/nvme0n1p3[/tmp] ext4   rw,nosuid,nodev,noatime,errors=remount-ro","/tmp/pigment-db-durability-bench","pigment_db","buffered","key_value","file","ordinary_write","1","32","5","5","40064","100124424","400142.127160","2738","0"
"candidate-protocol-v4-20260807-155736","6d7edc7c29a60a94c59effeeb2b78d8b95038135","default-hasher:e161550f2ff7f0ec","rustc 1.97.0 (2d8144b78 2026-07-07)","x86_64-unknown-linux-gnu","Linux 7.0.11-76070011-generic x86_64","Intel(R) Core(TM) Ultra 7 155H","/dev/nvme0n1p3[/tmp] ext4   rw,nosuid,nodev,noatime,errors=remount-ro","/tmp/pigment-db-durability-bench","pigment_db","buffered","key_value","file","ordinary_write","1","32","5","6","39488","100080600","394561.983042","2793","0"
"candidate-protocol-v4-20260807-155736","6d7edc7c29a60a94c59effeeb2b78d8b95038135","default-hasher:e161550f2ff7f0ec","rustc 1.97.0 (2d8144b78 2026-07-07)","x86_64-unknown-linux-gnu","Linux 7.0.11-76070011-generic x86_64","Intel(R) Core(TM) Ultra 7 155H","/dev/nvme0n1p3[/tmp] ext4   rw,nosuid,nodev,noatime,errors=remount-ro","/tmp/pigment-db-durability-bench","pigment_db","buffered","key_value","file","ordinary_write","1","32","5","7","40512","100131525","404587.865809","2578","0"
"candidate-protocol-v4-20260807-155736","6d7edc7c29a60a94c59effeeb2b78d8b95038135","default-hasher:e161550f2ff7f0ec","rustc 1.97.0 (2d8144b78 2026-07-07)","x86_64-unknown-linux-gnu","Linux 7.0.11-76070011-generic x86_64","Intel(R) Core(TM) Ultra 7 155H","/dev/nvme0n1p3[/tmp] ext4   rw,nosuid,nodev,noatime,errors=remount-ro","/tmp/pigment-db-durability-bench","pigment_db","buffered","key_value","file","ordinary_write","1","32","5","8","40384","100054259","403620.999282","2718","0"
"candidate-protocol-v4-20260807-155736","6d7edc7c29a60a94c59effeeb2b78d8b95038135","default-hasher:e161550f2ff7f0ec","rustc 1.97.0 (2d8144b78 2026-07-07)","x86_64-unknown-linux-gnu","Linux 7.0.11-76070011-generic x86_64","Intel(R) Core(TM) Ultra 7 155H","/dev/nvme0n1p3[/tmp] ext4   rw,nosuid,nodev,noatime,errors=remount-ro","/tmp/pigment-db-durability-bench","pigment_db","buffered","key_value","file","ordinary_write","1","32","5","9","39488","100041600","394715.798228","2941","0"
"candidate-protocol-v4-20260807-155736","6d7edc7c29a60a94c59effeeb2b78d8b95038135","default-hasher:e161550f2ff7f0ec","rustc 1.97.0 (2d8144b78 2026-07-07)","x86_64-unknown-linux-gnu","Linux 7.0.11-76070011-generic x86_64","Intel(R) Core(TM) Ultra 7 155H","/dev/nvme0n1p3[/tmp] ext4   rw,nosuid,nodev,noatime,errors=remount-ro","/tmp/pigment-db-durability-bench","pigment_db","buffered","key_value","file","ordinary_write","1","32","5","10","39872","100143605","398148.239221","2607","0"
"candidate-protocol-v4-20260807-155736","6d7edc7c29a60a94c59effeeb2b78d8b95038135","default-hasher:e161550f2ff7f0ec","rustc 1.97.0 (2d8144b78 2026-07-07)","x86_64-unknown-linux-gnu","Linux 7.0.11-76070011-generic x86_64","Intel(R) Core(TM) Ultra 7 155H","/dev/nvme0n1p3[/tmp] ext4   rw,nosuid,nodev,noatime,errors=remount-ro","/tmp/pigment-db-durability-bench","pigment_db","buffered","key_value","file","ordinary_write","8","32","5","0","19968","101932198","195894.922231","128175","0"
"candidate-protocol-v4-20260807-155736","6d7edc7c29a60a94c59effeeb2b78d8b95038135","default-hasher:e161550f2ff7f0ec","rustc 1.97.0 (2d8144b78 2026-07-07)","x86_64-unknown-linux-gnu","Linux 7.0.11-76070011-generic x86_64","Intel(R) Core(TM) Ultra 7 155H","/dev/nvme0n1p3[/tmp] ext4   rw,nosuid,nodev,noatime,errors=remount-ro","/tmp/pigment-db-durability-bench","pigment_db","buffered","key_value","file","ordinary_write","8","32","5","1","19968","102413174","194974.916020","126441","0"
"candidate-protocol-v4-20260807-155736","6d7edc7c29a60a94c59effeeb2b78d8b95038135","default-hasher:e161550f2ff7f0ec","rustc 1.97.0 (2d8144b78 2026-07-07)","x86_64-unknown-linux-gnu","Linux 7.0.11-76070011-generic x86_64","Intel(R) Core(TM) Ultra 7 155H","/dev/nvme0n1p3[/tmp] ext4   rw,nosuid,nodev,noatime,errors=remount-ro","/tmp/pigment-db-durability-bench","pigment_db","buffered","key_value","file","ordinary_write","8","32","5","2","13824","101101384","136734.033235","104549","0"
"candidate-protocol-v4-20260807-155736","6d7edc7c29a60a94c59effeeb2b78d8b95038135","default-hasher:e161550f2ff7f0ec","rustc 1.97.0 (2d8144b78 2026-07-07)","x86_64-unknown-linux-gnu","Linux 7.0.11-76070011-generic x86_64","Intel(R) Core(TM) Ultra 7 155H","/dev/nvme0n1p3[/tmp] ext4   rw,nosuid,nodev,noatime,errors=remount-ro","/tmp/pigment-db-durability-bench","pigment_db","buffered","key_value","file","ordinary_write","8","32","5","3","18432","100901383","182673.412911","106609","0"
"candidate-protocol-v4-20260807-155736","6d7edc7c29a60a94c59effeeb2b78d8b95038135","default-hasher:e161550f2ff7f0ec","rustc 1.97.0 (2d8144b78 2026-07-07)","x86_64-unknown-linux-gnu","Linux 7.0.11-76070011-generic x86_64","Intel(R) Core(TM) Ultra 7 155H","/dev/nvme0n1p3[/tmp] ext4   rw,nosuid,nodev,noatime,errors=remount-ro","/tmp/pigment-db-durability-bench","pigment_db","buffered","key_value","file","ordinary_write","8","32","5","4","15360","102163678","150346.975566","106567","0"
"candidate-protocol-v4-20260807-155736","6d7edc7c29a60a94c59effeeb2b78d8b95038135","default-hasher:e161550f2ff7f0ec","rustc 1.97.0 (2d8144b78 2026-07-07)","x86_64-unknown-linux-gnu","Linux 7.0.11-76070011-generic x86_64","Intel(R) Core(TM) Ultra 7 155H","/dev/nvme0n1p3[/tmp] ext4   rw,nosuid,nodev,noatime,errors=remount-ro","/tmp/pigment-db-durability-bench","pigment_db","buffered","key_value","file","ordinary_write","8","32","5","5","20480","101818931","201141.377137","118721","0"
"candidate-protocol-v4-20260807-155736","6d7edc7c29a60a94c59effeeb2b78d8b95038135","default-hasher:e161550f2ff7f0ec","rustc 1.97.0 (2d8144b78 2026-07-07)","x86_64-unknown-linux-gnu","Linux 7.0.11-76070011-generic x86_64","Intel(R) Core(TM) Ultra 7 155H","/dev/nvme0n1p3[/tmp] ext4   rw,nosuid,nodev,noatime,errors=remount-ro","/tmp/pigment-db-durability-bench","pigment_db","buffered","key_value","file","ordinary_write","8","32","5","6","17408","100682580","172899.820406","97509","0"
"candidate-protocol-v4-20260807-155736","6d7edc7c29a60a94c59effeeb2b78d8b95038135","default-hasher:e161550f2ff7f0ec","rustc 1.97.0 (2d8144b78 2026-07-07)","x86_64-unknown-linux-gnu","Linux 7.0.11-76070011-generic x86_64","Intel(R) Core(TM) Ultra 7 155H","/dev/nvme0n1p3[/tmp] ext4   rw,nosuid,nodev,noatime,errors=remount-ro","/tmp/pigment-db-durability-bench","pigment_db","buffered","key_value","file","ordinary_write","8","32","5","7","20480","100677682","203421.449453","120656","0"
"candidate-protocol-v4-20260807-155736","6d7edc7c29a60a94c59effeeb2b78d8b95038135","default-hasher:e161550f2ff7f0ec","rustc 1.97.0 (2d8144b78 2026-07-07)","x86_64-unknown-linux-gnu","Linux 7.0.11-76070011-generic x86_64","Intel(R) Core(TM) Ultra 7 155H","/dev/nvme0n1p3[/tmp] ext4   rw,nosuid,nodev,noatime,errors=remount-ro","/tmp/pigment-db-durability-bench","pigment_db","buffered","key_value","file","ordinary_write","8","32","5","8","20480","101916714","200948.393999","123505","0"
"candidate-protocol-v4-20260807-155736","6d7edc7c29a60a94c59effeeb2b78d8b95038135","default-hasher:e161550f2ff7f0ec","rustc 1.97.0 (2d8144b78 2026-07-07)","x86_64-unknown-linux-gnu","Linux 7.0.11-76070011-generic x86_64","Intel(R) Core(TM) Ultra 7 155H","/dev/nvme0n1p3[/tmp] ext4   rw,nosuid,nodev,noatime,errors=remount-ro","/tmp/pigment-db-durability-bench","pigment_db","buffered","key_value","file","ordinary_write","8","32","5","9","18944","100410909","188664.759523","116136","0"
"candidate-protocol-v4-20260807-155736","6d7edc7c29a60a94c59effeeb2b78d8b95038135","default-hasher:e161550f2ff7f0ec","rustc 1.97.0 (2d8144b78 2026-07-07)","x86_64-unknown-linux-gnu","Linux 7.0.11-76070011-generic x86_64","Intel(R) Core(TM) Ultra 7 155H","/dev/nvme0n1p3[/tmp] ext4   rw,nosuid,nodev,noatime,errors=remount-ro","/tmp/pigment-db-durability-bench","pigment_db","buffered","key_value","file","ordinary_write","8","32","5","10","20480","112224414","182491.485320","111499","0"
"candidate-protocol-v4-20260807-155736","6d7edc7c29a60a94c59effeeb2b78d8b95038135","default-hasher:e161550f2ff7f0ec","rustc 1.97.0 (2d8144b78 2026-07-07)","x86_64-unknown-linux-gnu","Linux 7.0.11-76070011-generic x86_64","Intel(R) Core(TM) Ultra 7 155H","/dev/nvme0n1p3[/tmp] ext4   rw,nosuid,nodev,noatime,errors=remount-ro","/tmp/pigment-db-durability-bench","pigment_db","buffered","key_value","file","successful_remove","1","32","5","0","42560","100094975","425196.169938","2527","0"
"candidate-protocol-v4-20260807-155736","6d7edc7c29a60a94c59effeeb2b78d8b95038135","default-hasher:e161550f2ff7f0ec","rustc 1.97.0 (2d8144b78 2026-07-07)","x86_64-unknown-linux-gnu","Linux 7.0.11-76070011-generic x86_64","Intel(R) Core(TM) Ultra 7 155H","/dev/nvme0n1p3[/tmp] ext4   rw,nosuid,nodev,noatime,errors=remount-ro","/tmp/pigment-db-durability-bench","pigment_db","buffered","key_value","file","successful_remove","1","32","5","1","43328","100063039","433007.036694","2403","0"
"candidate-protocol-v4-20260807-155736","6d7edc7c29a60a94c59effeeb2b78d8b95038135","default-hasher:e161550f2ff7f0ec","rustc 1.97.0 (2d8144b78 2026-07-07)","x86_64-unknown-linux-gnu","Linux 7.0.11-76070011-generic x86_64","Intel(R) Core(TM) Ultra 7 155H","/dev/nvme0n1p3[/tmp] ext4   rw,nosuid,nodev,noatime,errors=remount-ro","/tmp/pigment-db-durability-bench","pigment_db","buffered","key_value","file","successful_remove","1","32","5","2","43520","100132932","434622.247953","2344","0"
"candidate-protocol-v4-20260807-155736","6d7edc7c29a60a94c59effeeb2b78d8b95038135","default-hasher:e161550f2ff7f0ec","rustc 1.97.0 (2d8144b78 2026-07-07)","x86_64-unknown-linux-gnu","Linux 7.0.11-76070011-generic x86_64","Intel(R) Core(TM) Ultra 7 155H","/dev/nvme0n1p3[/tmp] ext4   rw,nosuid,nodev,noatime,errors=remount-ro","/tmp/pigment-db-durability-bench","pigment_db","buffered","key_value","file","successful_remove","1","32","5","3","42944","100097317","429022.488185","2376","0"
"candidate-protocol-v4-20260807-155736","6d7edc7c29a60a94c59effeeb2b78d8b95038135","default-hasher:e161550f2ff7f0ec","rustc 1.97.0 (2d8144b78 2026-07-07)","x86_64-unknown-linux-gnu","Linux 7.0.11-76070011-generic x86_64","Intel(R) Core(TM) Ultra 7 155H","/dev/nvme0n1p3[/tmp] ext4   rw,nosuid,nodev,noatime,errors=remount-ro","/tmp/pigment-db-durability-bench","pigment_db","buffered","key_value","file","successful_remove","1","32","5","4","42944","100119228","428928.597012","2380","0"
"candidate-protocol-v4-20260807-155736","6d7edc7c29a60a94c59effeeb2b78d8b95038135","default-hasher:e161550f2ff7f0ec","rustc 1.97.0 (2d8144b78 2026-07-07)","x86_64-unknown-linux-gnu","Linux 7.0.11-76070011-generic x86_64","Intel(R) Core(TM) Ultra 7 155H","/dev/nvme0n1p3[/tmp] ext4   rw,nosuid,nodev,noatime,errors=remount-ro","/tmp/pigment-db-durability-bench","pigment_db","buffered","key_value","file","successful_remove","1","32","5","5","43968","100069255","439375.710352","2306","0"
"candidate-protocol-v4-20260807-155736","6d7edc7c29a60a94c59effeeb2b78d8b95038135","default-hasher:e161550f2ff7f0ec","rustc 1.97.0 (2d8144b78 2026-07-07)","x86_64-unknown-linux-gnu","Linux 7.0.11-76070011-generic x86_64","Intel(R) Core(TM) Ultra 7 155H","/dev/nvme0n1p3[/tmp] ext4   rw,nosuid,nodev,noatime,errors=remount-ro","/tmp/pigment-db-durability-bench","pigment_db","buffered","key_value","file","successful_remove","1","32","5","6","43072","100053936","430487.812094","2383","0"
"candidate-protocol-v4-20260807-155736","6d7edc7c29a60a94c59effeeb2b78d8b95038135","default-hasher:e161550f2ff7f0ec","rustc 1.97.0 (2d8144b78 2026-07-07)","x86_64-unknown-linux-gnu","Linux 7.0.11-76070011-generic x86_64","Intel(R) Core(TM) Ultra 7 155H","/dev/nvme0n1p3[/tmp] ext4   rw,nosuid,nodev,noatime,errors=remount-ro","/tmp/pigment-db-durability-bench","pigment_db","buffered","key_value","file","successful_remove","1","32","5","7","43136","100094292","430953.645189","2433","0"
"candidate-protocol-v4-20260807-155736","6d7edc7c29a60a94c59effeeb2b78d8b95038135","default-hasher:e161550f2ff7f0ec","rustc 1.97.0 (2d8144b78 2026-07-07)","x86_64-unknown-linux-gnu","Linux 7.0.11-76070011-generic x86_64","Intel(R) Core(TM) Ultra 7 155H","/dev/nvme0n1p3[/tmp] ext4   rw,nosuid,nodev,noatime,errors=remount-ro","/tmp/pigment-db-durability-bench","pigment_db","buffered","key_value","file","successful_remove","1","32","5","8","43328","100002663","433268.462061","2367","0"
"candidate-protocol-v4-20260807-155736","6d7edc7c29a60a94c59effeeb2b78d8b95038135","default-hasher:e161550f2ff7f0ec","rustc 1.97.0 (2d8144b78 2026-07-07)","x86_64-unknown-linux-gnu","Linux 7.0.11-76070011-generic x86_64","Intel(R) Core(TM) Ultra 7 155H","/dev/nvme0n1p3[/tmp] ext4   rw,nosuid,nodev,noatime,errors=remount-ro","/tmp/pigment-db-durability-bench","pigment_db","buffered","key_value","file","successful_remove","1","32","5","9","41664","100042764","416461.904231","2452","0"
"candidate-protocol-v4-20260807-155736","6d7edc7c29a60a94c59effeeb2b78d8b95038135","default-hasher:e161550f2ff7f0ec","rustc 1.97.0 (2d8144b78 2026-07-07)","x86_64-unknown-linux-gnu","Linux 7.0.11-76070011-generic x86_64","Intel(R) Core(TM) Ultra 7 155H","/dev/nvme0n1p3[/tmp] ext4   rw,nosuid,nodev,noatime,errors=remount-ro","/tmp/pigment-db-durability-bench","pigment_db","buffered","key_value","file","successful_remove","1","32","5","10","43712","100143699","436492.764263","2324","0"
"candidate-protocol-v4-20260807-155736","6d7edc7c29a60a94c59effeeb2b78d8b95038135","default-hasher:e161550f2ff7f0ec","rustc 1.97.0 (2d8144b78 2026-07-07)","x86_64-unknown-linux-gnu","Linux 7.0.11-76070011-generic x86_64","Intel(R) Core(TM) Ultra 7 155H","/dev/nvme0n1p3[/tmp] ext4   rw,nosuid,nodev,noatime,errors=remount-ro","/tmp/pigment-db-durability-bench","pigment_db","buffered","key_value","file","successful_remove","8","32","5","0","16896","101508095","166449.779202","117700","0"
"candidate-protocol-v4-20260807-155736","6d7edc7c29a60a94c59effeeb2b78d8b95038135","default-hasher:e161550f2ff7f0ec","rustc 1.97.0 (2d8144b78 2026-07-07)","x86_64-unknown-linux-gnu","Linux 7.0.11-76070011-generic x86_64","Intel(R) Core(TM) Ultra 7 155H","/dev/nvme0n1p3[/tmp] ext4   rw,nosuid,nodev,noatime,errors=remount-ro","/tmp/pigment-db-durability-bench","pigment_db","buffered","key_value","file","successful_remove","8","32","5","1","17920","102152111","175424.666456","118472","0"
"candidate-protocol-v4-20260807-155736","6d7edc7c29a60a94c59effeeb2b78d8b95038135","default-hasher:e161550f2ff7f0ec","rustc 1.97.0 (2d8144b78 2026-07-07)","x86_64-unknown-linux-gnu","Linux 7.0.11-76070011-generic x86_64","Intel(R) Core(TM) Ultra 7 155H","/dev/nvme0n1p3[/tmp] ext4   rw,nosuid,nodev,noatime,errors=remount-ro","/tmp/pigment-db-durability-bench","pigment_db","buffered","key_value","file","successful_remove","8","32","5","2","13824","100040583","138183.920819","119769","0"
"candidate-protocol-v4-20260807-155736","6d7edc7c29a60a94c59effeeb2b78d8b95038135","default-hasher:e161550f2ff7f0ec","rustc 1.97.0 (2d8144b78 2026-07-07)","x86_64-unknown-linux-gnu","Linux 7.0.11-76070011-generic x86_64","Intel(R) Core(TM) Ultra 7 155H","/dev/nvme0n1p3[/tmp] ext4   rw,nosuid,nodev,noatime,errors=remount-ro","/tmp/pigment-db-durability-bench","pigment_db","buffered","key_value","file","successful_remove","8","32","5","3","18432","104416567","176523.711989","123550","0"
"candidate-protocol-v4-20260807-155736","6d7edc7c29a60a94c59effeeb2b78d8b95038135","default-hasher:e161550f2ff7f0ec","rustc 1.97.0 (2d8144b78 2026-07-07)","x86_64-unknown-linux-gnu","Linux 7.0.11-76070011-generic x86_64","Intel(R) Core(TM) Ultra 7 155H","/dev/nvme0n1p3[/tmp] ext4   rw,nosuid,nodev,noatime,errors=remount-ro","/tmp/pigment-db-durability-bench","pigment_db","buffered","key_value","file","successful_remove","8","32","5","4","12288","101667774","120864.257341","128571","0"
"candidate-protocol-v4-20260807-155736","6d7edc7c29a60a94c59effeeb2b78d8b95038135","default-hasher:e161550f2ff7f0ec","rustc 1.97.0 (2d8144b78 2026-07-07)","x86_64-unknown-linux-gnu","Linux 7.0.11-76070011-generic x86_64","Intel(R) Core(TM) Ultra 7 155H","/dev/nvme0n1p3[/tmp] ext4   rw,nosuid,nodev,noatime,errors=remount-ro","/tmp/pigment-db-durability-bench","pigment_db","buffered","key_value","file","successful_remove","8","32","5","5","18944","102197445","185366.669392","113280","0"
"candidate-protocol-v4-20260807-155736","6d7edc7c29a60a94c59effeeb2b78d8b95038135","default-hasher:e161550f2ff7f0ec","rustc 1.97.0 (2d8144b78 2026-07-07)","x86_64-unknown-linux-gnu","Linux 7.0.11-76070011-generic x86_64","Intel(R) Core(TM) Ultra 7 155H","/dev/nvme0n1p3[/tmp] ext4   rw,nosuid,nodev,noatime,errors=remount-ro","/tmp/pigment-db-durability-bench","pigment_db","buffered","key_value","file","successful_remove","8","32","5","6","16896","101093104","167133.061816","119353","0"
"candidate-protocol-v4-20260807-155736","6d7edc7c29a60a94c59effeeb2b78d8b95038135","default-hasher:e161550f2ff7f0ec","rustc 1.97.0 (2d8144b78 2026-07-07)","x86_64-unknown-linux-gnu","Linux 7.0.11-76070011-generic x86_64","Intel(R) Core(TM) Ultra 7 155H","/dev/nvme0n1p3[/tmp] ext4   rw,nosuid,nodev,noatime,errors=remount-ro","/tmp/pigment-db-durability-bench","pigment_db","buffered","key_value","file","successful_remove","8","32","5","7","18944","102279889","185217.252240","114830","0"
"candidate-protocol-v4-20260807-155736","6d7edc7c29a60a94c59effeeb2b78d8b95038135","default-hasher:e161550f2ff7f0ec","rustc 1.97.0 (2d8144b78 2026-07-07)","x86_64-unknown-linux-gnu","Linux 7.0.11-76070011-generic x86_64","Intel(R) Core(TM) Ultra 7 155H","/dev/nvme0n1p3[/tmp] ext4   rw,nosuid,nodev,noatime,errors=remount-ro","/tmp/pigment-db-durability-bench","pigment_db","buffered","key_value","file","successful_remove","8","32","5","8","18432","102010762","180686.818122","121038","0"
"candidate-protocol-v4-20260807-155736","6d7edc7c29a60a94c59effeeb2b78d8b95038135","default-hasher:e161550f2ff7f0ec","rustc 1.97.0 (2d8144b78 2026-07-07)","x86_64-unknown-linux-gnu","Linux 7.0.11-76070011-generic x86_64","Intel(R) Core(TM) Ultra 7 155H","/dev/nvme0n1p3[/tmp] ext4   rw,nosuid,nodev,noatime,errors=remount-ro","/tmp/pigment-db-durability-bench","pigment_db","buffered","key_value","file","successful_remove","8","32","5","9","16384","101334171","161682.873983","120621","0"
"candidate-protocol-v4-20260807-155736","6d7edc7c29a60a94c59effeeb2b78d8b95038135","default-hasher:e161550f2ff7f0ec","rustc 1.97.0 (2d8144b78 2026-07-07)","x86_64-unknown-linux-gnu","Linux 7.0.11-76070011-generic x86_64","Intel(R) Core(TM) Ultra 7 155H","/dev/nvme0n1p3[/tmp] ext4   rw,nosuid,nodev,noatime,errors=remount-ro","/tmp/pigment-db-durability-bench","pigment_db","buffered","key_value","file","successful_remove","8","32","5","10","16896","100591485","167966.503328","116834","0"
"candidate-protocol-v4-20260807-155736","6d7edc7c29a60a94c59effeeb2b78d8b95038135","default-hasher:e161550f2ff7f0ec","rustc 1.97.0 (2d8144b78 2026-07-07)","x86_64-unknown-linux-gnu","Linux 7.0.11-76070011-generic x86_64","Intel(R) Core(TM) Ultra 7 155H","/dev/nvme0n1p3[/tmp] ext4   rw,nosuid,nodev,noatime,errors=remount-ro","/tmp/pigment-db-durability-bench","pigment_db","buffered","key_value","file","minimal_callback","1","32","5","0","38912","100044915","388945.305216","2746","0"
"candidate-protocol-v4-20260807-155736","6d7edc7c29a60a94c59effeeb2b78d8b95038135","default-hasher:e161550f2ff7f0ec","rustc 1.97.0 (2d8144b78 2026-07-07)","x86_64-unknown-linux-gnu","Linux 7.0.11-76070011-generic x86_64","Intel(R) Core(TM) Ultra 7 155H","/dev/nvme0n1p3[/tmp] ext4   rw,nosuid,nodev,noatime,errors=remount-ro","/tmp/pigment-db-durability-bench","pigment_db","buffered","key_value","file","minimal_callback","1","32","5","1","38784","100155414","387238.177659","2797","0"
"candidate-protocol-v4-20260807-155736","6d7edc7c29a60a94c59effeeb2b78d8b95038135","default-hasher:e161550f2ff7f0ec","rustc 1.97.0 (2d8144b78 2026-07-07)","x86_64-unknown-linux-gnu","Linux 7.0.11-76070011-generic x86_64","Intel(R) Core(TM) Ultra 7 155H","/dev/nvme0n1p3[/tmp] ext4   rw,nosuid,nodev,noatime,errors=remount-ro","/tmp/pigment-db-durability-bench","pigment_db","buffered","key_value","file","minimal_callback","1","32","5","2","38720","100107916","386782.599690","2748","0"
"candidate-protocol-v4-20260807-155736","6d7edc7c29a60a94c59effeeb2b78d8b95038135","default-hasher:e161550f2ff7f0ec","rustc 1.97.0 (2d8144b78 2026-07-07)","x86_64-unknown-linux-gnu","Linux 7.0.11-76070011-generic x86_64","Intel(R) Core(TM) Ultra 7 155H","/dev/nvme0n1p3[/tmp] ext4   rw,nosuid,nodev,noatime,errors=remount-ro","/tmp/pigment-db-durability-bench","pigment_db","buffered","key_value","file","minimal_callback","1","32","5","3","38784","100145186","387277.726959","2766","0"
"candidate-protocol-v4-20260807-155736","6d7edc7c29a60a94c59effeeb2b78d8b95038135","default-hasher:e161550f2ff7f0ec","rustc 1.97.0 (2d8144b78 2026-07-07)","x86_64-unknown-linux-gnu","Linux 7.0.11-76070011-generic x86_64","Intel(R) Core(TM) Ultra 7 155H","/dev/nvme0n1p3[/tmp] ext4   rw,nosuid,nodev,noatime,errors=remount-ro","/tmp/pigment-db-durability-bench","pigment_db","buffered","key_value","file","minimal_callback","1","32","5","4","36544","100164488","364839.882175","3064","0"
"candidate-protocol-v4-20260807-155736","6d7edc7c29a60a94c59effeeb2b78d8b95038135","default-hasher:e161550f2ff7f0ec","rustc 1.97.0 (2d8144b78 2026-07-07)","x86_64-unknown-linux-gnu","Linux 7.0.11-76070011-generic x86_64","Intel(R) Core(TM) Ultra 7 155H","/dev/nvme0n1p3[/tmp] ext4   rw,nosuid,nodev,noatime,errors=remount-ro","/tmp/pigment-db-durability-bench","pigment_db","buffered","key_value","file","minimal_callback","1","32","5","5","38592","100151515","385336.157920","2764","0"
"candidate-protocol-v4-20260807-155736","6d7edc7c29a60a94c59effeeb2b78d8b95038135","default-hasher:e161550f2ff7f0ec","rustc 1.97.0 (2d8144b78 2026-07-07)","x86_64-unknown-linux-gnu","Linux 7.0.11-76070011-generic x86_64","Intel(R) Core(TM) Ultra 7 155H","/dev/nvme0n1p3[/tmp] ext4   rw,nosuid,nodev,noatime,errors=remount-ro","/tmp/pigment-db-durability-bench","pigment_db","buffered","key_value","file","minimal_callback","1","32","5","6","38592","100049079","385730.687236","2797","0"
"candidate-protocol-v4-20260807-155736","6d7edc7c29a60a94c59effeeb2b78d8b95038135","default-hasher:e161550f2ff7f0ec","rustc 1.97.0 (2d8144b78 2026-07-07)","x86_64-unknown-linux-gnu","Linux 7.0.11-76070011-generic x86_64","Intel(R) Core(TM) Ultra 7 155H","/dev/nvme0n1p3[/tmp] ext4   rw,nosuid,nodev,noatime,errors=remount-ro","/tmp/pigment-db-durability-bench","pigment_db","buffered","key_value","file","minimal_callback","1","32","5","7","38912","100147570","388546.621750","2705","0"
"candidate-protocol-v4-20260807-155736","6d7edc7c29a60a94c59effeeb2b78d8b95038135","default-hasher:e161550f2ff7f0ec","rustc 1.97.0 (2d8144b78 2026-07-07)","x86_64-unknown-linux-gnu","Linux 7.0.11-76070011-generic x86_64","Intel(R) Core(TM) Ultra 7 155H","/dev/nvme0n1p3[/tmp] ext4   rw,nosuid,nodev,noatime,errors=remount-ro","/tmp/pigment-db-durability-bench","pigment_db","buffered","key_value","file","minimal_callback","1","32","5","8","38592","100115794","385473.644648","2719","0"
"candidate-protocol-v4-20260807-155736","6d7edc7c29a60a94c59effeeb2b78d8b95038135","default-hasher:e161550f2ff7f0ec","rustc 1.97.0 (2d8144b78 2026-07-07)","x86_64-unknown-linux-gnu","Linux 7.0.11-76070011-generic x86_64","Intel(R) Core(TM) Ultra 7 155H","/dev/nvme0n1p3[/tmp] ext4   rw,nosuid,nodev,noatime,errors=remount-ro","/tmp/pigment-db-durability-bench","pigment_db","buffered","key_value","file","minimal_callback","1","32","5","9","37888","100087400","378549.148045","2933","0"
"candidate-protocol-v4-20260807-155736","6d7edc7c29a60a94c59effeeb2b78d8b95038135","default-hasher:e161550f2ff7f0ec","rustc 1.97.0 (2d8144b78 2026-07-07)","x86_64-unknown-linux-gnu","Linux 7.0.11-76070011-generic x86_64","Intel(R) Core(TM) Ultra 7 155H","/dev/nvme0n1p3[/tmp] ext4   rw,nosuid,nodev,noatime,errors=remount-ro","/tmp/pigment-db-durability-bench","pigment_db","buffered","key_value","file","minimal_callback","1","32","5","10","39296","100095595","392584.708648","2711","0"
"candidate-protocol-v4-20260807-155736","6d7edc7c29a60a94c59effeeb2b78d8b95038135","default-hasher:e161550f2ff7f0ec","rustc 1.97.0 (2d8144b78 2026-07-07)","x86_64-unknown-linux-gnu","Linux 7.0.11-76070011-generic x86_64","Intel(R) Core(TM) Ultra 7 155H","/dev/nvme0n1p3[/tmp] ext4   rw,nosuid,nodev,noatime,errors=remount-ro","/tmp/pigment-db-durability-bench","pigment_db","buffered","key_value","file","minimal_callback","8","32","5","0","19968","100771098","198152.053479","124918","0"
"candidate-protocol-v4-20260807-155736","6d7edc7c29a60a94c59effeeb2b78d8b95038135","default-hasher:e161550f2ff7f0ec","rustc 1.97.0 (2d8144b78 2026-07-07)","x86_64-unknown-linux-gnu","Linux 7.0.11-76070011-generic x86_64","Intel(R) Core(TM) Ultra 7 155H","/dev/nvme0n1p3[/tmp] ext4   rw,nosuid,nodev,noatime,errors=remount-ro","/tmp/pigment-db-durability-bench","pigment_db","buffered","key_value","file","minimal_callback","8","32","5","1","19968","101855506","196042.421114","113110","0"
"candidate-protocol-v4-20260807-155736","6d7edc7c29a60a94c59effeeb2b78d8b95038135","default-hasher:e161550f2ff7f0ec","rustc 1.97.0 (2d8144b78 2026-07-07)","x86_64-unknown-linux-gnu","Linux 7.0.11-76070011-generic x86_64","Intel(R) Core(TM) Ultra 7 155H","/dev/nvme0n1p3[/tmp] ext4   rw,nosuid,nodev,noatime,errors=remount-ro","/tmp/pigment-db-durability-bench","pigment_db","buffered","key_value","file","minimal_callback","8","32","5","2","19456","100388886","193806.314376","119883","0"
"candidate-protocol-v4-20260807-155736","6d7edc7c29a60a94c59effeeb2b78d8b95038135","default-hasher:e161550f2ff7f0ec","rustc 1.97.0 (2d8144b78 2026-07-07)","x86_64-unknown-linux-gnu","Linux 7.0.11-76070011-generic x86_64","Intel(R) Core(TM) Ultra 7 155H","/dev/nvme0n1p3[/tmp] ext4   rw,nosuid,nodev,noatime,errors=remount-ro","/tmp/pigment-db-durability-bench","pigment_db","buffered","key_value","file","minimal_callback","8","32","5","3","19456","101387509","191897.406218","122091","0"
"candidate-protocol-v4-20260807-155736","6d7edc7c29a60a94c59effeeb2b78d8b95038135","default-hasher:e161550f2ff7f0ec","rustc 1.97.0 (2d8144b78 2026-07-07)","x86_64-unknown-linux-gnu","Linux 7.0.11-76070011-generic x86_64","Intel(R) Core(TM) Ultra 7 155H","/dev/nvme0n1p3[/tmp] ext4   rw,nosuid,nodev,noatime,errors=remount-ro","/tmp/pigment-db-durability-bench","pigment_db","buffered","key_value","file","minimal_callback","8","32","5","4","19456","100789728","193035.544257","128911","0"
"candidate-protocol-v4-20260807-155736","6d7edc7c29a60a94c59effeeb2b78d8b95038135","default-hasher:e161550f2ff7f0ec","rustc 1.97.0 (2d8144b78 2026-07-07)","x86_64-unknown-linux-gnu","Linux 7.0.11-76070011-generic x86_64","Intel(R) Core(TM) Ultra 7 155H","/dev/nvme0n1p3[/tmp] ext4   rw,nosuid,nodev,noatime,errors=remount-ro","/tmp/pigment-db-durability-bench","pigment_db","buffered","key_value","file","minimal_callback","8","32","5","5","19968","100771002","198152.242249","122741","0"
"candidate-protocol-v4-20260807-155736","6d7edc7c29a60a94c59effeeb2b78d8b95038135","default-hasher:e161550f2ff7f0ec","rustc 1.97.0 (2d8144b78 2026-07-07)","x86_64-unknown-linux-gnu","Linux 7.0.11-76070011-generic x86_64","Intel(R) Core(TM) Ultra 7 155H","/dev/nvme0n1p3[/tmp] ext4   rw,nosuid,nodev,noatime,errors=remount-ro","/tmp/pigment-db-durability-bench","pigment_db","buffered","key_value","file","minimal_callback","8","32","5","6","16384","101563383","161317.982092","105052","0"
"candidate-protocol-v4-20260807-155736","6d7edc7c29a60a94c59effeeb2b78d8b95038135","default-hasher:e161550f2ff7f0ec","rustc 1.97.0 (2d8144b78 2026-07-07)","x86_64-unknown-linux-gnu","Linux 7.0.11-76070011-generic x86_64","Intel(R) Core(TM) Ultra 7 155H","/dev/nvme0n1p3[/tmp] ext4   rw,nosuid,nodev,noatime,errors=remount-ro","/tmp/pigment-db-durability-bench","pigment_db","buffered","key_value","file","minimal_callback","8","32","5","7","19456","102584425","189658.420369","106191","0"
"candidate-protocol-v4-20260807-155736","6d7edc7c29a60a94c59effeeb2b78d8b95038135","default-hasher:e161550f2ff7f0ec","rustc 1.97.0 (2d8144b78 2026-07-07)","x86_64-unknown-linux-gnu","Linux 7.0.11-76070011-generic x86_64","Intel(R) Core(TM) Ultra 7 155H","/dev/nvme0n1p3[/tmp] ext4   rw,nosuid,nodev,noatime,errors=remount-ro","/tmp/pigment-db-durability-bench","pigment_db","buffered","key_value","file","minimal_callback","8","32","5","8","19968","101612426","196511.399108","121312","0"
"candidate-protocol-v4-20260807-155736","6d7edc7c29a60a94c59effeeb2b78d8b95038135","default-hasher:e161550f2ff7f0ec","rustc 1.97.0 (2d8144b78 2026-07-07)","x86_64-unknown-linux-gnu","Linux 7.0.11-76070011-generic x86_64","Intel(R) Core(TM) Ultra 7 155H","/dev/nvme0n1p3[/tmp] ext4   rw,nosuid,nodev,noatime,errors=remount-ro","/tmp/pigment-db-durability-bench","pigment_db","buffered","key_value","file","minimal_callback","8","32","5","9","19456","101233483","192189.376710","128272","0"
"candidate-protocol-v4-20260807-155736","6d7edc7c29a60a94c59effeeb2b78d8b95038135","default-hasher:e161550f2ff7f0ec","rustc 1.97.0 (2d8144b78 2026-07-07)","x86_64-unknown-linux-gnu","Linux 7.0.11-76070011-generic x86_64","Intel(R) Core(TM) Ultra 7 155H","/dev/nvme0n1p3[/tmp] ext4   rw,nosuid,nodev,noatime,errors=remount-ro","/tmp/pigment-db-durability-bench","pigment_db","buffered","key_value","file","minimal_callback","8","32","5","10","18944","102794060","184290.804352","141189","0"
"candidate-protocol-v4-20260807-155736","6d7edc7c29a60a94c59effeeb2b78d8b95038135","default-hasher:e161550f2ff7f0ec","rustc 1.97.0 (2d8144b78 2026-07-07)","x86_64-unknown-linux-gnu","Linux 7.0.11-76070011-generic x86_64","Intel(R) Core(TM) Ultra 7 155H","/dev/nvme0n1p3[/tmp] ext4   rw,nosuid,nodev,noatime,errors=remount-ro","/tmp/pigment-db-durability-bench","pigment_db","buffered","key_set","vector","ordinary_write","1","32","5","0","114752","109416445","1048763.739308","795","0"
"candidate-protocol-v4-20260807-155736","6d7edc7c29a60a94c59effeeb2b78d8b95038135","default-hasher:e161550f2ff7f0ec","rustc 1.97.0 (2d8144b78 2026-07-07)","x86_64-unknown-linux-gnu","Linux 7.0.11-76070011-generic x86_64","Intel(R) Core(TM) Ultra 7 155H","/dev/nvme0n1p3[/tmp] ext4   rw,nosuid,nodev,noatime,errors=remount-ro","/tmp/pigment-db-durability-bench","pigment_db","buffered","key_set","vector","ordinary_write","1","32","5","1","114752","110597434","1037564.759414","838","0"
"candidate-protocol-v4-20260807-155736","6d7edc7c29a60a94c59effeeb2b78d8b95038135","default-hasher:e161550f2ff7f0ec","rustc 1.97.0 (2d8144b78 2026-07-07)","x86_64-unknown-linux-gnu","Linux 7.0.11-76070011-generic x86_64","Intel(R) Core(TM) Ultra 7 155H","/dev/nvme0n1p3[/tmp] ext4   rw,nosuid,nodev,noatime,errors=remount-ro","/tmp/pigment-db-durability-bench","pigment_db","buffered","key_set","vector","ordinary_write","1","32","5","2","114752","113657685","1009628.165487","927","0"
"candidate-protocol-v4-20260807-155736","6d7edc7c29a60a94c59effeeb2b78d8b95038135","default-hasher:e161550f2ff7f0ec","rustc 1.97.0 (2d8144b78 2026-07-07)","x86_64-unknown-linux-gnu","Linux 7.0.11-76070011-generic x86_64","Intel(R) Core(TM) Ultra 7 155H","/dev/nvme0n1p3[/tmp] ext4   rw,nosuid,nodev,noatime,errors=remount-ro","/tmp/pigment-db-durability-bench","pigment_db","buffered","key_set","vector","ordinary_write","1","32","5","3","114752","109398365","1048937.065924","799","0"
"candidate-protocol-v4-20260807-155736","6d7edc7c29a60a94c59effeeb2b78d8b95038135","default-hasher:e161550f2ff7f0ec","rustc 1.97.0 (2d8144b78 2026-07-07)","x86_64-unknown-linux-gnu","Linux 7.0.11-76070011-generic x86_64","Intel(R) Core(TM) Ultra 7 155H","/dev/nvme0n1p3[/tmp] ext4   rw,nosuid,nodev,noatime,errors=remount-ro","/tmp/pigment-db-durability-bench","pigment_db","buffered","key_set","vector","ordinary_write","1","32","5","4","114752","111307861","1030942.459670","818","0"
"candidate-protocol-v4-20260807-155736","6d7edc7c29a60a94c59effeeb2b78d8b95038135","default-hasher:e161550f2ff7f0ec","rustc 1.97.0 (2d8144b78 2026-07-07)","x86_64-unknown-linux-gnu","Linux 7.0.11-76070011-generic x86_64","Intel(R) Core(TM) Ultra 7 155H","/dev/nvme0n1p3[/tmp] ext4   rw,nosuid,nodev,noatime,errors=remount-ro","/tmp/pigment-db-durability-bench","pigment_db","buffered","key_set","vector","ordinary_write","1","32","5","5","114752","114192544","1004899.234052","804","0"
"candidate-protocol-v4-20260807-155736","6d7edc7c29a60a94c59effeeb2b78d8b95038135","default-hasher:e161550f2ff7f0ec","rustc 1.97.0 (2d8144b78 2026-07-07)","x86_64-unknown-linux-gnu","Linux 7.0.11-76070011-generic x86_64","Intel(R) Core(TM) Ultra 7 155H","/dev/nvme0n1p3[/tmp] ext4   rw,nosuid,nodev,noatime,errors=remount-ro","/tmp/pigment-db-durability-bench","pigment_db","buffered","key_set","vector","ordinary_write","1","32","5","6","114752","112412077","1020815.583721","822","0"
"candidate-protocol-v4-20260807-155736","6d7edc7c29a60a94c59effeeb2b78d8b95038135","default-hasher:e161550f2ff7f0ec","rustc 1.97.0 (2d8144b78 2026-07-07)","x86_64-unknown-linux-gnu","Linux 7.0.11-76070011-generic x86_64","Intel(R) Core(TM) Ultra 7 155H","/dev/nvme0n1p3[/tmp] ext4   rw,nosuid,nodev,noatime,errors=remount-ro","/tmp/pigment-db-durability-bench","pigment_db","buffered","key_set","vector","ordinary_write","1","32","5","7","114752","109251507","1050347.067524","796","0"
"candidate-protocol-v4-20260807-155736","6d7edc7c29a60a94c59effeeb2b78d8b95038135","default-hasher:e161550f2ff7f0ec","rustc 1.97.0 (2d8144b78 2026-07-07)","x86_64-unknown-linux-gnu","Linux 7.0.11-76070011-generic x86_64","Intel(R) Core(TM) Ultra 7 155H","/dev/nvme0n1p3[/tmp] ext4   rw,nosuid,nodev,noatime,errors=remount-ro","/tmp/pigment-db-durability-bench","pigment_db","buffered","key_set","vector","ordinary_write","1","32","5","8","114752","109286351","1050012.183132","794","0"
"candidate-protocol-v4-20260807-155736","6d7edc7c29a60a94c59effeeb2b78d8b95038135","default-hasher:e161550f2ff7f0ec","rustc 1.97.0 (2d8144b78 2026-07-07)","x86_64-unknown-linux-gnu","Linux 7.0.11-76070011-generic x86_64","Intel(R) Core(TM) Ultra 7 155H","/dev/nvme0n1p3[/tmp] ext4   rw,nosuid,nodev,noatime,errors=remount-ro","/tmp/pigment-db-durability-bench","pigment_db","buffered","key_set","vector","ordinary_write","1","32","5","9","114752","109811207","1044993.522382","795","0"
"candidate-protocol-v4-20260807-155736","6d7edc7c29a60a94c59effeeb2b78d8b95038135","default-hasher:e161550f2ff7f0ec","rustc 1.97.0 (2d8144b78 2026-07-07)","x86_64-unknown-linux-gnu","Linux 7.0.11-76070011-generic x86_64","Intel(R) Core(TM) Ultra 7 155H","/dev/nvme0n1p3[/tmp] ext4   rw,nosuid,nodev,noatime,errors=remount-ro","/tmp/pigment-db-durability-bench","pigment_db","buffered","key_set","vector","ordinary_write","1","32","5","10","114752","115310262","995158.609561","831","0"
"candidate-protocol-v4-20260807-155736","6d7edc7c29a60a94c59effeeb2b78d8b95038135","default-hasher:e161550f2ff7f0ec","rustc 1.97.0 (2d8144b78 2026-07-07)","x86_64-unknown-linux-gnu","Linux 7.0.11-76070011-generic x86_64","Intel(R) Core(TM) Ultra 7 155H","/dev/nvme0n1p3[/tmp] ext4   rw,nosuid,nodev,noatime,errors=remount-ro","/tmp/pigment-db-durability-bench","pigment_db","buffered","key_set","vector","ordinary_write","8","32","5","0","77824","100564980","773867.801694","20772","0"
"candidate-protocol-v4-20260807-155736","6d7edc7c29a60a94c59effeeb2b78d8b95038135","default-hasher:e161550f2ff7f0ec","rustc 1.97.0 (2d8144b78 2026-07-07)","x86_64-unknown-linux-gnu","Linux 7.0.11-76070011-generic x86_64","Intel(R) Core(TM) Ultra 7 155H","/dev/nvme0n1p3[/tmp] ext4   rw,nosuid,nodev,noatime,errors=remount-ro","/tmp/pigment-db-durability-bench","pigment_db","buffered","key_set","vector","ordinary_write","8","32","5","1","78848","100090074","787770.423669","22847","0"
"candidate-protocol-v4-20260807-155736","6d7edc7c29a60a94c59effeeb2b78d8b95038135","default-hasher:e161550f2ff7f0ec","rustc 1.97.0 (2d8144b78 2026-07-07)","x86_64-unknown-linux-gnu","Linux 7.0.11-76070011-generic x86_64","Intel(R) Core(TM) Ultra 7 155H","/dev/nvme0n1p3[/tmp] ext4   rw,nosuid,nodev,noatime,errors=remount-ro","/tmp/pigment-db-durability-bench","pigment_db","buffered","key_set","vector","ordinary_write","8","32","5","2","65024","100537033","646766.649658","27191","0"
"candidate-protocol-v4-20260807-155736","6d7edc7c29a60a94c59effeeb2b78d8b95038135","default-hasher:e161550f2ff7f0ec","rustc 1.97.0 (2d8144b78 2026-07-07)","x86_64-unknown-linux-gnu","Linux 7.0.11-76070011-generic x86_64","Intel(R) Core(TM) Ultra 7 155H","/dev/nvme0n1p3[/tmp] ext4   rw,nosuid,nodev,noatime,errors=remount-ro","/tmp/pigment-db-durability-bench","pigment_db","buffered","key_set","vector","ordinary_write","8","32","5","3","74752","100012484","747426.691252","22831","0"
"candidate-protocol-v4-20260807-155736","6d7edc7c29a60a94c59effeeb2b78d8b95038135","default-hasher:e161550f2ff7f0ec","rustc 1.97.0 (2d8144b78 2026-07-07)","x86_64-unknown-linux-gnu","Linux 7.0.11-76070011-generic x86_64","Intel(R) Core(TM) Ultra 7 155H","/dev/nvme0n1p3[/tmp] ext4   rw,nosuid,nodev,noatime,errors=remount-ro","/tmp/pigment-db-durability-bench","pigment_db","buffered","key_set","vector","ordinary_write","8","32","5","4","67072","100213883","669288.505665","28978","0"
"candidate-protocol-v4-20260807-155736","6d7edc7c29a60a94c59effeeb2b78d8b95038135","default-hasher:e161550f2ff7f0ec","rustc 1.97.0 (2d8144b78 2026-07-07)","x86_64-unknown-linux-gnu","Linux 7.0.11-76070011-generic x86_64","Intel(R) Core(TM) Ultra 7 155H","/dev/nvme0n1p3[/tmp] ext4   rw,nosuid,nodev,noatime,errors=remount-ro","/tmp/pigment-db-durability-bench","pigment_db","buffered","key_set","vector","ordinary_write","8","32","5","5","81920","100560738","814632.048544","19007","0"
"candidate-protocol-v4-20260807-155736","6d7edc7c29a60a94c59effeeb2b78d8b95038135","default-hasher:e161550f2ff7f0ec","rustc 1.97.0 (2d8144b78 2026-07-07)","x86_64-unknown-linux-gnu","Linux 7.0.11-76070011-generic x86_64","Intel(R) Core(TM) Ultra 7 155H","/dev/nvme0n1p3[/tmp] ext4   rw,nosuid,nodev,noatime,errors=remount-ro","/tmp/pigment-db-durability-bench","pigment_db","buffered","key_set","vector","ordinary_write","8","32","5","6","76288","100411887","759750.685693","23154","0"
"candidate-protocol-v4-20260807-155736","6d7edc7c29a60a94c59effeeb2b78d8b95038135","default-hasher:e161550f2ff7f0ec","rustc 1.97.0 (2d8144b78 2026-07-07)","x86_64-unknown-linux-gnu","Linux 7.0.11-76070011-generic x86_64","Intel(R) Core(TM) Ultra 7 155H","/dev/nvme0n1p3[/tmp] ext4   rw,nosuid,nodev,noatime,errors=remount-ro","/tmp/pigment-db-durability-bench","pigment_db","buffered","key_set","vector","ordinary_write","8","32","5","7","68608","100659920","681582.103383","29141","0"
"candidate-protocol-v4-20260807-155736","6d7edc7c29a60a94c59effeeb2b78d8b95038135","default-hasher:e161550f2ff7f0ec","rustc 1.97.0 (2d8144b78 2026-07-07)","x86_64-unknown-linux-gnu","Linux 7.0.11-76070011-generic x86_64","Intel(R) Core(TM) Ultra 7 155H","/dev/nvme0n1p3[/tmp] ext4   rw,nosuid,nodev,noatime,errors=remount-ro","/tmp/pigment-db-durability-bench","pigment_db","buffered","key_set","vector","ordinary_write","8","32","5","8","76800","100508137","764117.237592","25074","0"
"candidate-protocol-v4-20260807-155736","6d7edc7c29a60a94c59effeeb2b78d8b95038135","default-hasher:e161550f2ff7f0ec","rustc 1.97.0 (2d8144b78 2026-07-07)","x86_64-unknown-linux-gnu","Linux 7.0.11-76070011-generic x86_64","Intel(R) Core(TM) Ultra 7 155H","/dev/nvme0n1p3[/tmp] ext4   rw,nosuid,nodev,noatime,errors=remount-ro","/tmp/pigment-db-durability-bench","pigment_db","buffered","key_set","vector","ordinary_write","8","32","5","9","74752","100494814","743839.378617","23193","0"
"candidate-protocol-v4-20260807-155736","6d7edc7c29a60a94c59effeeb2b78d8b95038135","default-hasher:e161550f2ff7f0ec","rustc 1.97.0 (2d8144b78 2026-07-07)","x86_64-unknown-linux-gnu","Linux 7.0.11-76070011-generic x86_64","Intel(R) Core(TM) Ultra 7 155H","/dev/nvme0n1p3[/tmp] ext4   rw,nosuid,nodev,noatime,errors=remount-ro","/tmp/pigment-db-durability-bench","pigment_db","buffered","key_set","vector","ordinary_write","8","32","5","10","71680","100012671","716709.185779","23860","0"
"candidate-protocol-v4-20260807-155736","6d7edc7c29a60a94c59effeeb2b78d8b95038135","default-hasher:e161550f2ff7f0ec","rustc 1.97.0 (2d8144b78 2026-07-07)","x86_64-unknown-linux-gnu","Linux 7.0.11-76070011-generic x86_64","Intel(R) Core(TM) Ultra 7 155H","/dev/nvme0n1p3[/tmp] ext4   rw,nosuid,nodev,noatime,errors=remount-ro","/tmp/pigment-db-durability-bench","pigment_db","buffered","key_set","vector","successful_remove","1","32","5","0","125952","106057071","1187587.011525","639","0"
"candidate-protocol-v4-20260807-155736","6d7edc7c29a60a94c59effeeb2b78d8b95038135","default-hasher:e161550f2ff7f0ec","rustc 1.97.0 (2d8144b78 2026-07-07)","x86_64-unknown-linux-gnu","Linux 7.0.11-76070011-generic x86_64","Intel(R) Core(TM) Ultra 7 155H","/dev/nvme0n1p3[/tmp] ext4   rw,nosuid,nodev,noatime,errors=remount-ro","/tmp/pigment-db-durability-bench","pigment_db","buffered","key_set","vector","successful_remove","1","32","5","1","125952","106066992","1187475.930306","635","0"
"candidate-protocol-v4-20260807-155736","6d7edc7c29a60a94c59effeeb2b78d8b95038135","default-hasher:e161550f2ff7f0ec","rustc 1.97.0 (2d8144b78 2026-07-07)","x86_64-unknown-linux-gnu","Linux 7.0.11-76070011-generic x86_64","Intel(R) Core(TM) Ultra 7 155H","/dev/nvme0n1p3[/tmp] ext4   rw,nosuid,nodev,noatime,errors=remount-ro","/tmp/pigment-db-durability-bench","pigment_db","buffered","key_set","vector","successful_remove","1","32","5","2","125952","105559067","1193189.780656","637","0"
"candidate-protocol-v4-20260807-155736","6d7edc7c29a60a94c59effeeb2b78d8b95038135","default-hasher:e161550f2ff7f0ec","rustc 1.97.0 (2d8144b78 2026-07-07)","x86_64-unknown-linux-gnu","Linux 7.0.11-76070011-generic x86_64","Intel(R) Core(TM) Ultra 7 155H","/dev/nvme0n1p3[/tmp] ext4   rw,nosuid,nodev,noatime,errors=remount-ro","/tmp/pigment-db-durability-bench","pigment_db","buffered","key_set","vector","successful_remove","1","32","5","3","125952","105783105","1190662.724449","639","0"
"candidate-protocol-v4-20260807-155736","6d7edc7c29a60a94c59effeeb2b78d8b95038135","default-hasher:e161550f2ff7f0ec","rustc 1.97.0 (2d8144b78 2026-07-07)","x86_64-unknown-linux-gnu","Linux 7.0.11-76070011-generic x86_64","Intel(R) Core(TM) Ultra 7 155H","/dev/nvme0n1p3[/tmp] ext4   rw,nosuid,nodev,noatime,errors=remount-ro","/tmp/pigment-db-durability-bench","pigment_db","buffered","key_set","vector","successful_remove","1","32","5","4","125952","106116345","1186923.654410","639","0"
"candidate-protocol-v4-20260807-155736","6d7edc7c29a60a94c59effeeb2b78d8b95038135","default-hasher:e161550f2ff7f0ec","rustc 1.97.0 (2d8144b78 2026-07-07)","x86_64-unknown-linux-gnu","Linux 7.0.11-76070011-generic x86_64","Intel(R) Core(TM) Ultra 7 155H","/dev/nvme0n1p3[/tmp] ext4   rw,nosuid,nodev,noatime,errors=remount-ro","/tmp/pigment-db-durability-bench","pigment_db","buffered","key_set","vector","successful_remove","1","32","5","5","125952","105476994","1194118.216907","631","0"
"candidate-protocol-v4-20260807-155736","6d7edc7c29a60a94c59effeeb2b78d8b95038135","default-hasher:e161550f2ff7f0ec","rustc 1.97.0 (2d8144b78 2026-07-07)","x86_64-unknown-linux-gnu","Linux 7.0.11-76070011-generic x86_64","Intel(R) Core(TM) Ultra 7 155H","/dev/nvme0n1p3[/tmp] ext4   rw,nosuid,nodev,noatime,errors=remount-ro","/tmp/pigment-db-durability-bench","pigment_db","buffered","key_set","vector","successful_remove","1","32","5","6","125952","105775842","1190744.480200","633","0"
"candidate-protocol-v4-20260807-155736","6d7edc7c29a60a94c59effeeb2b78d8b95038135","default-hasher:e161550f2ff7f0ec","rustc 1.97.0 (2d8144b78 2026-07-07)","x86_64-unknown-linux-gnu","Linux 7.0.11-76070011-generic x86_64","Intel(R) Core(TM) Ultra 7 155H","/dev/nvme0n1p3[/tmp] ext4   rw,nosuid,nodev,noatime,errors=remount-ro","/tmp/pigment-db-durability-bench","pigment_db","buffered","key_set","vector","successful_remove","1","32","5","7","125952","105885358","1189512.906969","637","0"
"candidate-protocol-v4-20260807-155736","6d7edc7c29a60a94c59effeeb2b78d8b95038135","default-hasher:e161550f2ff7f0ec","rustc 1.97.0 (2d8144b78 2026-07-07)","x86_64-unknown-linux-gnu","Linux 7.0.11-76070011-generic x86_64","Intel(R) Core(TM) Ultra 7 155H","/dev/nvme0n1p3[/tmp] ext4   rw,nosuid,nodev,noatime,errors=remount-ro","/tmp/pigment-db-durability-bench","pigment_db","buffered","key_set","vector","successful_remove","1","32","5","8","125952","106065483","1187492.824598","636","0"
"candidate-protocol-v4-20260807-155736","6d7edc7c29a60a94c59effeeb2b78d8b95038135","default-hasher:e161550f2ff7f0ec","rustc 1.97.0 (2d8144b78 2026-07-07)","x86_64-unknown-linux-gnu","Linux 7.0.11-76070011-generic x86_64","Intel(R) Core(TM) Ultra 7 155H","/dev/nvme0n1p3[/tmp] ext4   rw,nosuid,nodev,noatime,errors=remount-ro","/tmp/pigment-db-durability-bench","pigment_db","buffered","key_set","vector","successful_remove","1","32","5","9","125952","106042026","1187755.503653","634","0"
"candidate-protocol-v4-20260807-155736","6d7edc7c29a60a94c59effeeb2b78d8b95038135","default-hasher:e161550f2ff7f0ec","rustc 1.97.0 (2d8144b78 2026-07-07)","x86_64-unknown-linux-gnu","Linux 7.0.11-76070011-generic x86_64","Intel(R) Core(TM) Ultra 7 155H","/dev/nvme0n1p3[/tmp] ext4   rw,nosuid,nodev,noatime,errors=remount-ro","/tmp/pigment-db-durability-bench","pigment_db","buffered","key_set","vector","successful_remove","1","32","5","10","125952","105852245","1189885.013776","633","0"
"candidate-protocol-v4-20260807-155736","6d7edc7c29a60a94c59effeeb2b78d8b95038135","default-hasher:e161550f2ff7f0ec","rustc 1.97.0 (2d8144b78 2026-07-07)","x86_64-unknown-linux-gnu","Linux 7.0.11-76070011-generic x86_64","Intel(R) Core(TM) Ultra 7 155H","/dev/nvme0n1p3[/tmp] ext4   rw,nosuid,nodev,noatime,errors=remount-ro","/tmp/pigment-db-durability-bench","pigment_db","buffered","key_set","vector","successful_remove","8","32","5","0","71680","100204347","715338.227792","20749","0"
"candidate-protocol-v4-20260807-155736","6d7edc7c29a60a94c59effeeb2b78d8b95038135","default-hasher:e161550f2ff7f0ec","rustc 1.97.0 (2d8144b78 2026-07-07)","x86_64-unknown-linux-gnu","Linux 7.0.11-76070011-generic x86_64","Intel(R) Core(TM) Ultra 7 155H","/dev/nvme0n1p3[/tmp] ext4   rw,nosuid,nodev,noatime,errors=remount-ro","/tmp/pigment-db-durability-bench","pigment_db","buffered","key_set","vector","successful_remove","8","32","5","1","72704","100022513","726876.358325","19842","0"
"candidate-protocol-v4-20260807-155736","6d7edc7c29a60a94c59effeeb2b78d8b95038135","default-hasher:e161550f2ff7f0ec","rustc 1.97.0 (2d8144b78 2026-07-07)","x86_64-unknown-linux-gnu","Linux 7.0.11-76070011-generic x86_64","Intel(R) Core(TM) Ultra 7 155H","/dev/nvme0n1p3[/tmp] ext4   rw,nosuid,nodev,noatime,errors=remount-ro","/tmp/pigment-db-durability-bench","pigment_db","buffered","key_set","vector","successful_remove","8","32","5","2","78336","100360690","780544.653489","22345","0"
"candidate-protocol-v4-20260807-155736","6d7edc7c29a60a94c59effeeb2b78d8b95038135","default-hasher:e161550f2ff7f0ec","rustc 1.97.0 (2d8144b78 2026-07-07)","x86_64-unknown-linux-gnu","Linux 7.0.11-76070011-generic x86_64","Intel(R) Core(TM) Ultra 7 155H","/dev/nvme0n1p3[/tmp] ext4   rw,nosuid,nodev,noatime,errors=remount-ro","/tmp/pigment-db-durability-bench","pigment_db","buffered","key_set","vector","successful_remove","8","32","5","3","78848","100793836","782270.058657","22960","0"
"candidate-protocol-v4-20260807-155736","6d7edc7c29a60a94c59effeeb2b78d8b95038135","default-hasher:e161550f2ff7f0ec","rustc 1.97.0 (2d8144b78 2026-07-07)","x86_64-unknown-linux-gnu","Linux 7.0.11-76070011-generic x86_64","Intel(R) Core(TM) Ultra 7 155H","/dev/nvme0n1p3[/tmp] ext4   rw,nosuid,nodev,noatime,errors=remount-ro","/tmp/pigment-db-durability-bench","pigment_db","buffered","key_set","vector","successful_remove","8","32","5","4","77824","100241448","776365.481073","22959","0"
"candidate-protocol-v4-20260807-155736","6d7edc7c29a60a94c59effeeb2b78d8b95038135","default-hasher:e161550f2ff7f0ec","rustc 1.97.0 (2d8144b78 2026-07-07)","x86_64-unknown-linux-gnu","Linux 7.0.11-76070011-generic x86_64","Intel(R) Core(TM) Ultra 7 155H","/dev/nvme0n1p3[/tmp] ext4   rw,nosuid,nodev,noatime,errors=remount-ro","/tmp/pigment-db-durability-bench","pigment_db","buffered","key_set","vector","successful_remove","8","32","5","5","76800","100061614","767527.095855","23051","0"
"candidate-protocol-v4-20260807-155736","6d7edc7c29a60a94c59effeeb2b78d8b95038135","default-hasher:e161550f2ff7f0ec","rustc 1.97.0 (2d8144b78 2026-07-07)","x86_64-unknown-linux-gnu","Linux 7.0.11-76070011-generic x86_64","Intel(R) Core(TM) Ultra 7 155H","/dev/nvme0n1p3[/tmp] ext4   rw,nosuid,nodev,noatime,errors=remount-ro","/tmp/pigment-db-durability-bench","pigment_db","buffered","key_set","vector","successful_remove","8","32","5","6","78336","100150251","782184.759577","23156","0"
"candidate-protocol-v4-20260807-155736","6d7edc7c29a60a94c59effeeb2b78d8b95038135","default-hasher:e161550f2ff7f0ec","rustc 1.97.0 (2d8144b78 2026-07-07)","x86_64-unknown-linux-gnu","Linux 7.0.11-76070011-generic x86_64","Intel(R) Core(TM) Ultra 7 155H","/dev/nvme0n1p3[/tmp] ext4   rw,nosuid,nodev,noatime,errors=remount-ro","/tmp/pigment-db-durability-bench","pigment_db","buffered","key_set","vector","successful_remove","8","32","5","7","77824","100161350","776986.332552","20346","0"
"candidate-protocol-v4-20260807-155736","6d7edc7c29a60a94c59effeeb2b78d8b95038135","default-hasher:e161550f2ff7f0ec","rustc 1.97.0 (2d8144b78 2026-07-07)","x86_64-unknown-linux-gnu","Linux 7.0.11-76070011-generic x86_64","Intel(R) Core(TM) Ultra 7 155H","/dev/nvme0n1p3[/tmp] ext4   rw,nosuid,nodev,noatime,errors=remount-ro","/tmp/pigment-db-durability-bench","pigment_db","buffered","key_set","vector","successful_remove","8","32","5","8","82944","100205221","827741.301025","22531","0"
"candidate-protocol-v4-20260807-155736","6d7edc7c29a60a94c59effeeb2b78d8b95038135","default-hasher:e161550f2ff7f0ec","rustc 1.97.0 (2d8144b78 2026-07-07)","x86_64-unknown-linux-gnu","Linux 7.0.11-76070011-generic x86_64","Intel(R) Core(TM) Ultra 7 155H","/dev/nvme0n1p3[/tmp] ext4   rw,nosuid,nodev,noatime,errors=remount-ro","/tmp/pigment-db-durability-bench","pigment_db","buffered","key_set","vector","successful_remove","8","32","5","9","77824","100284163","776034.796242","21360","0"
"candidate-protocol-v4-20260807-155736","6d7edc7c29a60a94c59effeeb2b78d8b95038135","default-hasher:e161550f2ff7f0ec","rustc 1.97.0 (2d8144b78 2026-07-07)","x86_64-unknown-linux-gnu","Linux 7.0.11-76070011-generic x86_64","Intel(R) Core(TM) Ultra 7 155H","/dev/nvme0n1p3[/tmp] ext4   rw,nosuid,nodev,noatime,errors=remount-ro","/tmp/pigment-db-durability-bench","pigment_db","buffered","key_set","vector","successful_remove","8","32","5","10","81408","100496211","810060.391232","22995","0"
"candidate-protocol-v4-20260807-155736","6d7edc7c29a60a94c59effeeb2b78d8b95038135","default-hasher:e161550f2ff7f0ec","rustc 1.97.0 (2d8144b78 2026-07-07)","x86_64-unknown-linux-gnu","Linux 7.0.11-76070011-generic x86_64","Intel(R) Core(TM) Ultra 7 155H","/dev/nvme0n1p3[/tmp] ext4   rw,nosuid,nodev,noatime,errors=remount-ro","/tmp/pigment-db-durability-bench","pigment_db","buffered","key_set","vector","minimal_callback","1","32","5","0","67968","100013833","679585.992870","1683","0"
"candidate-protocol-v4-20260807-155736","6d7edc7c29a60a94c59effeeb2b78d8b95038135","default-hasher:e161550f2ff7f0ec","rustc 1.97.0 (2d8144b78 2026-07-07)","x86_64-unknown-linux-gnu","Linux 7.0.11-76070011-generic x86_64","Intel(R) Core(TM) Ultra 7 155H","/dev/nvme0n1p3[/tmp] ext4   rw,nosuid,nodev,noatime,errors=remount-ro","/tmp/pigment-db-durability-bench","pigment_db","buffered","key_set","vector","minimal_callback","1","32","5","1","66560","100083444","665045.059800","1667","0"
"candidate-protocol-v4-20260807-155736","6d7edc7c29a60a94c59effeeb2b78d8b95038135","default-hasher:e161550f2ff7f0ec","rustc 1.97.0 (2d8144b78 2026-07-07)","x86_64-unknown-linux-gnu","Linux 7.0.11-76070011-generic x86_64","Intel(R) Core(TM) Ultra 7 155H","/dev/nvme0n1p3[/tmp] ext4   rw,nosuid,nodev,noatime,errors=remount-ro","/tmp/pigment-db-durability-bench","pigment_db","buffered","key_set","vector","minimal_callback","1","32","5","2","68096","100008365","680903.042460","1667","0"
"candidate-protocol-v4-20260807-155736","6d7edc7c29a60a94c59effeeb2b78d8b95038135","default-hasher:e161550f2ff7f0ec","rustc 1.97.0 (2d8144b78 2026-07-07)","x86_64-unknown-linux-gnu","Linux 7.0.11-76070011-generic x86_64","Intel(R) Core(TM) Ultra 7 155H","/dev/nvme0n1p3[/tmp] ext4   rw,nosuid,nodev,noatime,errors=remount-ro","/tmp/pigment-db-durability-bench","pigment_db","buffered","key_set","vector","minimal_callback","1","32","5","3","68032","100061564","679901.425486","1666","0"
"candidate-protocol-v4-20260807-155736","6d7edc7c29a60a94c59effeeb2b78d8b95038135","default-hasher:e161550f2ff7f0ec","rustc 1.97.0 (2d8144b78 2026-07-07)","x86_64-unknown-linux-gnu","Linux 7.0.11-76070011-generic x86_64","Intel(R) Core(TM) Ultra 7 155H","/dev/nvme0n1p3[/tmp] ext4   rw,nosuid,nodev,noatime,errors=remount-ro","/tmp/pigment-db-durability-bench","pigment_db","buffered","key_set","vector","minimal_callback","1","32","5","4","67712","100108867","676383.641421","1668","0"
"candidate-protocol-v4-20260807-155736","6d7edc7c29a60a94c59effeeb2b78d8b95038135","default-hasher:e161550f2ff7f0ec","rustc 1.97.0 (2d8144b78 2026-07-07)","x86_64-unknown-linux-gnu","Linux 7.0.11-76070011-generic x86_64","Intel(R) Core(TM) Ultra 7 155H","/dev/nvme0n1p3[/tmp] ext4   rw,nosuid,nodev,noatime,errors=remount-ro","/tmp/pigment-db-durability-bench","pigment_db","buffered","key_set","vector","minimal_callback","1","32","5","5","67456","100053217","674201.210342","1674","0"
"candidate-protocol-v4-20260807-155736","6d7edc7c29a60a94c59effeeb2b78d8b95038135","default-hasher:e161550f2ff7f0ec","rustc 1.97.0 (2d8144b78 2026-07-07)","x86_64-unknown-linux-gnu","Linux 7.0.11-76070011-generic x86_64","Intel(R) Core(TM) Ultra 7 155H","/dev/nvme0n1p3[/tmp] ext4   rw,nosuid,nodev,noatime,errors=remount-ro","/tmp/pigment-db-durability-bench","pigment_db","buffered","key_set","vector","minimal_callback","1","32","5","6","67200","100045652","671693.358548","1691","0"
"candidate-protocol-v4-20260807-155736","6d7edc7c29a60a94c59effeeb2b78d8b95038135","default-hasher:e161550f2ff7f0ec","rustc 1.97.0 (2d8144b78 2026-07-07)","x86_64-unknown-linux-gnu","Linux 7.0.11-76070011-generic x86_64","Intel(R) Core(TM) Ultra 7 155H","/dev/nvme0n1p3[/tmp] ext4   rw,nosuid,nodev,noatime,errors=remount-ro","/tmp/pigment-db-durability-bench","pigment_db","buffered","key_set","vector","minimal_callback","1","32","5","7","68032","100091199","679700.120287","1668","0"
"candidate-protocol-v4-20260807-155736","6d7edc7c29a60a94c59effeeb2b78d8b95038135","default-hasher:e161550f2ff7f0ec","rustc 1.97.0 (2d8144b78 2026-07-07)","x86_64-unknown-linux-gnu","Linux 7.0.11-76070011-generic x86_64","Intel(R) Core(TM) Ultra 7 155H","/dev/nvme0n1p3[/tmp] ext4   rw,nosuid,nodev,noatime,errors=remount-ro","/tmp/pigment-db-durability-bench","pigment_db","buffered","key_set","vector","minimal_callback","1","32","5","8","66560","100080830","665062.430038","1718","0"
"candidate-protocol-v4-20260807-155736","6d7edc7c29a60a94c59effeeb2b78d8b95038135","default-hasher:e161550f2ff7f0ec","rustc 1.97.0 (2d8144b78 2026-07-07)","x86_64-unknown-linux-gnu","Linux 7.0.11-76070011-generic x86_64","Intel(R) Core(TM) Ultra 7 155H","/dev/nvme0n1p3[/tmp] ext4   rw,nosuid,nodev,noatime,errors=remount-ro","/tmp/pigment-db-durability-bench","pigment_db","buffered","key_set","vector","minimal_callback","1","32","5","9","67840","100003456","678376.555306","1663","0"
"candidate-protocol-v4-20260807-155736","6d7edc7c29a60a94c59effeeb2b78d8b95038135","default-hasher:e161550f2ff7f0ec","rustc 1.97.0 (2d8144b78 2026-07-07)","x86_64-unknown-linux-gnu","Linux 7.0.11-76070011-generic x86_64","Intel(R) Core(TM) Ultra 7 155H","/dev/nvme0n1p3[/tmp] ext4   rw,nosuid,nodev,noatime,errors=remount-ro","/tmp/pigment-db-durability-bench","pigment_db","buffered","key_set","vector","minimal_callback","1","32","5","10","66304","100017901","662921.330453","1756","0"
"candidate-protocol-v4-20260807-155736","6d7edc7c29a60a94c59effeeb2b78d8b95038135","default-hasher:e161550f2ff7f0ec","rustc 1.97.0 (2d8144b78 2026-07-07)","x86_64-unknown-linux-gnu","Linux 7.0.11-76070011-generic x86_64","Intel(R) Core(TM) Ultra 7 155H","/dev/nvme0n1p3[/tmp] ext4   rw,nosuid,nodev,noatime,errors=remount-ro","/tmp/pigment-db-durability-bench","pigment_db","buffered","key_set","vector","minimal_callback","8","32","5","0","32768","101361318","323279.142838","79639","0"
"candidate-protocol-v4-20260807-155736","6d7edc7c29a60a94c59effeeb2b78d8b95038135","default-hasher:e161550f2ff7f0ec","rustc 1.97.0 (2d8144b78 2026-07-07)","x86_64-unknown-linux-gnu","Linux 7.0.11-76070011-generic x86_64","Intel(R) Core(TM) Ultra 7 155H","/dev/nvme0n1p3[/tmp] ext4   rw,nosuid,nodev,noatime,errors=remount-ro","/tmp/pigment-db-durability-bench","pigment_db","buffered","key_set","vector","minimal_callback","8","32","5","1","34304","100729180","340556.728448","78266","0"
"candidate-protocol-v4-20260807-155736","6d7edc7c29a60a94c59effeeb2b78d8b95038135","default-hasher:e161550f2ff7f0ec","rustc 1.97.0 (2d8144b78 2026-07-07)","x86_64-unknown-linux-gnu","Linux 7.0.11-76070011-generic x86_64","Intel(R) Core(TM) Ultra 7 155H","/dev/nvme0n1p3[/tmp] ext4   rw,nosuid,nodev,noatime,errors=remount-ro","/tmp/pigment-db-durability-bench","pigment_db","buffered","key_set","vector","minimal_callback","8","32","5","2","33792","100747224","335413.708272","79675","0"
"candidate-protocol-v4-20260807-155736","6d7edc7c29a60a94c59effeeb2b78d8b95038135","default-hasher:e161550f2ff7f0ec","rustc 1.97.0 (2d8144b78 2026-07-07)","x86_64-unknown-linux-gnu","Linux 7.0.11-76070011-generic x86_64","Intel(R) Core(TM) Ultra 7 155H","/dev/nvme0n1p3[/tmp] ext4   rw,nosuid,nodev,noatime,errors=remount-ro","/tmp/pigment-db-durability-bench","pigment_db","buffered","key_set","vector","minimal_callback","8","32","5","3","34304","101346274","338483.090163","78525","0"
"candidate-protocol-v4-20260807-155736","6d7edc7c29a60a94c59effeeb2b78d8b95038135","default-hasher:e161550f2ff7f0ec","rustc 1.97.0 (2d8144b78 2026-07-07)","x86_64-unknown-linux-gnu","Linux 7.0.11-76070011-generic x86_64","Intel(R) Core(TM) Ultra 7 155H","/dev/nvme0n1p3[/tmp] ext4   rw,nosuid,nodev,noatime,errors=remount-ro","/tmp/pigment-db-durability-bench","pigment_db","buffered","key_set","vector","minimal_callback","8","32","5","4","34304","100223456","342275.165606","60222","0"
"candidate-protocol-v4-20260807-155736","6d7edc7c29a60a94c59effeeb2b78d8b95038135","default-hasher:e161550f2ff7f0ec","rustc 1.97.0 (2d8144b78 2026-07-07)","x86_64-unknown-linux-gnu","Linux 7.0.11-76070011-generic x86_64","Intel(R) Core(TM) Ultra 7 155H","/dev/nvme0n1p3[/tmp] ext4   rw,nosuid,nodev,noatime,errors=remount-ro","/tmp/pigment-db-durability-bench","pigment_db","buffered","key_set","vector","minimal_callback","8","32","5","5","33280","100279747","331871.599158","69276","0"
"candidate-protocol-v4-20260807-155736","6d7edc7c29a60a94c59effeeb2b78d8b95038135","default-hasher:e161550f2ff7f0ec","rustc 1.97.0 (2d8144b78 2026-07-07)","x86_64-unknown-linux-gnu","Linux 7.0.11-76070011-generic x86_64","Intel(R) Core(TM) Ultra 7 155H","/dev/nvme0n1p3[/tmp] ext4   rw,nosuid,nodev,noatime,errors=remount-ro","/tmp/pigment-db-durability-bench","pigment_db","buffered","key_set","vector","minimal_callback","8","32","5","6","34304","100626757","340903.364301","77120","0"
"candidate-protocol-v4-20260807-155736","6d7edc7c29a60a94c59effeeb2b78d8b95038135","default-hasher:e161550f2ff7f0ec","rustc 1.97.0 (2d8144b78 2026-07-07)","x86_64-unknown-linux-gnu","Linux 7.0.11-76070011-generic x86_64","Intel(R) Core(TM) Ultra 7 155H","/dev/nvme0n1p3[/tmp] ext4   rw,nosuid,nodev,noatime,errors=remount-ro","/tmp/pigment-db-durability-bench","pigment_db","buffered","key_set","vector","minimal_callback","8","32","5","7","35840","100975287","354938.332584","76025","0"
"candidate-protocol-v4-20260807-155736","6d7edc7c29a60a94c59effeeb2b78d8b95038135","default-hasher:e161550f2ff7f0ec","rustc 1.97.0 (2d8144b78 2026-07-07)","x86_64-unknown-linux-gnu","Linux 7.0.11-76070011-generic x86_64","Intel(R) Core(TM) Ultra 7 155H","/dev/nvme0n1p3[/tmp] ext4   rw,nosuid,nodev,noatime,errors=remount-ro","/tmp/pigment-db-durability-bench","pigment_db","buffered","key_set","vector","minimal_callback","8","32","5","8","33280","100678432","330557.392868","70242","0"
"candidate-protocol-v4-20260807-155736","6d7edc7c29a60a94c59effeeb2b78d8b95038135","default-hasher:e161550f2ff7f0ec","rustc 1.97.0 (2d8144b78 2026-07-07)","x86_64-unknown-linux-gnu","Linux 7.0.11-76070011-generic x86_64","Intel(R) Core(TM) Ultra 7 155H","/dev/nvme0n1p3[/tmp] ext4   rw,nosuid,nodev,noatime,errors=remount-ro","/tmp/pigment-db-durability-bench","pigment_db","buffered","key_set","vector","minimal_callback","8","32","5","9","29696","100231175","296275.086070","60133","0"
"candidate-protocol-v4-20260807-155736","6d7edc7c29a60a94c59effeeb2b78d8b95038135","default-hasher:e161550f2ff7f0ec","rustc 1.97.0 (2d8144b78 2026-07-07)","x86_64-unknown-linux-gnu","Linux 7.0.11-76070011-generic x86_64","Intel(R) Core(TM) Ultra 7 155H","/dev/nvme0n1p3[/tmp] ext4   rw,nosuid,nodev,noatime,errors=remount-ro","/tmp/pigment-db-durability-bench","pigment_db","buffered","key_set","vector","minimal_callback","8","32","5","10","32256","101153720","318881.006057","70184","0"
"candidate-protocol-v4-20260807-155736","6d7edc7c29a60a94c59effeeb2b78d8b95038135","default-hasher:e161550f2ff7f0ec","rustc 1.97.0 (2d8144b78 2026-07-07)","x86_64-unknown-linux-gnu","Linux 7.0.11-76070011-generic x86_64","Intel(R) Core(TM) Ultra 7 155H","/dev/nvme0n1p3[/tmp] ext4   rw,nosuid,nodev,noatime,errors=remount-ro","/tmp/pigment-db-durability-bench","pigment_db","buffered","key_set","file","ordinary_write","1","32","5","0","33600","100027824","335906.537365","3213","0"
"candidate-protocol-v4-20260807-155736","6d7edc7c29a60a94c59effeeb2b78d8b95038135","default-hasher:e161550f2ff7f0ec","rustc 1.97.0 (2d8144b78 2026-07-07)","x86_64-unknown-linux-gnu","Linux 7.0.11-76070011-generic x86_64","Intel(R) Core(TM) Ultra 7 155H","/dev/nvme0n1p3[/tmp] ext4   rw,nosuid,nodev,noatime,errors=remount-ro","/tmp/pigment-db-durability-bench","pigment_db","buffered","key_set","file","ordinary_write","1","32","5","1","33408","100040797","333943.760964","3331","0"
"candidate-protocol-v4-20260807-155736","6d7edc7c29a60a94c59effeeb2b78d8b95038135","default-hasher:e161550f2ff7f0ec","rustc 1.97.0 (2d8144b78 2026-07-07)","x86_64-unknown-linux-gnu","Linux 7.0.11-76070011-generic x86_64","Intel(R) Core(TM) Ultra 7 155H","/dev/nvme0n1p3[/tmp] ext4   rw,nosuid,nodev,noatime,errors=remount-ro","/tmp/pigment-db-durability-bench","pigment_db","buffered","key_set","file","ordinary_write","1","32","5","2","32704","100000080","327039.738368","3119","0"
"candidate-protocol-v4-20260807-155736","6d7edc7c29a60a94c59effeeb2b78d8b95038135","default-hasher:e161550f2ff7f0ec","rustc 1.97.0 (2d8144b78 2026-07-07)","x86_64-unknown-linux-gnu","Linux 7.0.11-76070011-generic x86_64","Intel(R) Core(TM) Ultra 7 155H","/dev/nvme0n1p3[/tmp] ext4   rw,nosuid,nodev,noatime,errors=remount-ro","/tmp/pigment-db-durability-bench","pigment_db","buffered","key_set","file","ordinary_write","1","32","5","3","34304","100092864","342721.734888","3014","0"
"candidate-protocol-v4-20260807-155736","6d7edc7c29a60a94c59effeeb2b78d8b95038135","default-hasher:e161550f2ff7f0ec","rustc 1.97.0 (2d8144b78 2026-07-07)","x86_64-unknown-linux-gnu","Linux 7.0.11-76070011-generic x86_64","Intel(R) Core(TM) Ultra 7 155H","/dev/nvme0n1p3[/tmp] ext4   rw,nosuid,nodev,noatime,errors=remount-ro","/tmp/pigment-db-durability-bench","pigment_db","buffered","key_set","file","ordinary_write","1","32","5","4","34176","100101872","341412.196567","2980","0"
"candidate-protocol-v4-20260807-155736","6d7edc7c29a60a94c59effeeb2b78d8b95038135","default-hasher:e161550f2ff7f0ec","rustc 1.97.0 (2d8144b78 2026-07-07)","x86_64-unknown-linux-gnu","Linux 7.0.11-76070011-generic x86_64","Intel(R) Core(TM) Ultra 7 155H","/dev/nvme0n1p3[/tmp] ext4   rw,nosuid,nodev,noatime,errors=remount-ro","/tmp/pigment-db-durability-bench","pigment_db","buffered","key_set","file","ordinary_write","1","32","5","5","34048","100049354","340312.042395","3035","0"
"candidate-protocol-v4-20260807-155736","6d7edc7c29a60a94c59effeeb2b78d8b95038135","default-hasher:e161550f2ff7f0ec","rustc 1.97.0 (2d8144b78 2026-07-07)","x86_64-unknown-linux-gnu","Linux 7.0.11-76070011-generic x86_64","Intel(R) Core(TM) Ultra 7 155H","/dev/nvme0n1p3[/tmp] ext4   rw,nosuid,nodev,noatime,errors=remount-ro","/tmp/pigment-db-durability-bench","pigment_db","buffered","key_set","file","ordinary_write","1","32","5","6","31488","100012827","314839.615523","3405","0"
"candidate-protocol-v4-20260807-155736","6d7edc7c29a60a94c59effeeb2b78d8b95038135","default-hasher:e161550f2ff7f0ec","rustc 1.97.0 (2d8144b78 2026-07-07)","x86_64-unknown-linux-gnu","Linux 7.0.11-76070011-generic x86_64","Intel(R) Core(TM) Ultra 7 155H","/dev/nvme0n1p3[/tmp] ext4   rw,nosuid,nodev,noatime,errors=remount-ro","/tmp/pigment-db-durability-bench","pigment_db","buffered","key_set","file","ordinary_write","1","32","5","7","34176","100154032","341234.389845","3015","0"
"candidate-protocol-v4-20260807-155736","6d7edc7c29a60a94c59effeeb2b78d8b95038135","default-hasher:e161550f2ff7f0ec","rustc 1.97.0 (2d8144b78 2026-07-07)","x86_64-unknown-linux-gnu","Linux 7.0.11-76070011-generic x86_64","Intel(R) Core(TM) Ultra 7 155H","/dev/nvme0n1p3[/tmp] ext4   rw,nosuid,nodev,noatime,errors=remount-ro","/tmp/pigment-db-durability-bench","pigment_db","buffered","key_set","file","ordinary_write","1","32","5","8","33344","100002863","333430.453886","3126","0"
"candidate-protocol-v4-20260807-155736","6d7edc7c29a60a94c59effeeb2b78d8b95038135","default-hasher:e161550f2ff7f0ec","rustc 1.97.0 (2d8144b78 2026-07-07)","x86_64-unknown-linux-gnu","Linux 7.0.11-76070011-generic x86_64","Intel(R) Core(TM) Ultra 7 155H","/dev/nvme0n1p3[/tmp] ext4   rw,nosuid,nodev,noatime,errors=remount-ro","/tmp/pigment-db-durability-bench","pigment_db","buffered","key_set","file","ordinary_write","1","32","5","9","34368","100067546","343448.014604","3028","0"
"candidate-protocol-v4-20260807-155736","6d7edc7c29a60a94c59effeeb2b78d8b95038135","default-hasher:e161550f2ff7f0ec","rustc 1.97.0 (2d8144b78 2026-07-07)","x86_64-unknown-linux-gnu","Linux 7.0.11-76070011-generic x86_64","Intel(R) Core(TM) Ultra 7 155H","/dev/nvme0n1p3[/tmp] ext4   rw,nosuid,nodev,noatime,errors=remount-ro","/tmp/pigment-db-durability-bench","pigment_db","buffered","key_set","file","ordinary_write","1","32","5","10","33280","100174841","332219.144725","3231","0"
"candidate-protocol-v4-20260807-155736","6d7edc7c29a60a94c59effeeb2b78d8b95038135","default-hasher:e161550f2ff7f0ec","rustc 1.97.0 (2d8144b78 2026-07-07)","x86_64-unknown-linux-gnu","Linux 7.0.11-76070011-generic x86_64","Intel(R) Core(TM) Ultra 7 155H","/dev/nvme0n1p3[/tmp] ext4   rw,nosuid,nodev,noatime,errors=remount-ro","/tmp/pigment-db-durability-bench","pigment_db","buffered","key_set","file","ordinary_write","8","32","5","0","18432","101403282","181769.264628","131950","0"
"candidate-protocol-v4-20260807-155736","6d7edc7c29a60a94c59effeeb2b78d8b95038135","default-hasher:e161550f2ff7f0ec","rustc 1.97.0 (2d8144b78 2026-07-07)","x86_64-unknown-linux-gnu","Linux 7.0.11-76070011-generic x86_64","Intel(R) Core(TM) Ultra 7 155H","/dev/nvme0n1p3[/tmp] ext4   rw,nosuid,nodev,noatime,errors=remount-ro","/tmp/pigment-db-durability-bench","pigment_db","buffered","key_set","file","ordinary_write","8","32","5","1","19456","102624478","189584.399153","122011","0"
"candidate-protocol-v4-20260807-155736","6d7edc7c29a60a94c59effeeb2b78d8b95038135","default-hasher:e161550f2ff7f0ec","rustc 1.97.0 (2d8144b78 2026-07-07)","x86_64-unknown-linux-gnu","Linux 7.0.11-76070011-generic x86_64","Intel(R) Core(TM) Ultra 7 155H","/dev/nvme0n1p3[/tmp] ext4   rw,nosuid,nodev,noatime,errors=remount-ro","/tmp/pigment-db-durability-bench","pigment_db","buffered","key_set","file","ordinary_write","8","32","5","2","16384","102230093","160265.920916","119247","0"
"candidate-protocol-v4-20260807-155736","6d7edc7c29a60a94c59effeeb2b78d8b95038135","default-hasher:e161550f2ff7f0ec","rustc 1.97.0 (2d8144b78 2026-07-07)","x86_64-unknown-linux-gnu","Linux 7.0.11-76070011-generic x86_64","Intel(R) Core(TM) Ultra 7 155H","/dev/nvme0n1p3[/tmp] ext4   rw,nosuid,nodev,noatime,errors=remount-ro","/tmp/pigment-db-durability-bench","pigment_db","buffered","key_set","file","ordinary_write","8","32","5","3","17408","101115863","172158.942064","128773","0"
"candidate-protocol-v4-20260807-155736","6d7edc7c29a60a94c59effeeb2b78d8b95038135","default-hasher:e161550f2ff7f0ec","rustc 1.97.0 (2d8144b78 2026-07-07)","x86_64-unknown-linux-gnu","Linux 7.0.11-76070011-generic x86_64","Intel(R) Core(TM) Ultra 7 155H","/dev/nvme0n1p3[/tmp] ext4   rw,nosuid,nodev,noatime,errors=remount-ro","/tmp/pigment-db-durability-bench","pigment_db","buffered","key_set","file","ordinary_write","8","32","5","4","17408","100632434","172985.977861","120488","0"
"candidate-protocol-v4-20260807-155736","6d7edc7c29a60a94c59effeeb2b78d8b95038135","default-hasher:e161550f2ff7f0ec","rustc 1.97.0 (2d8144b78 2026-07-07)","x86_64-unknown-linux-gnu","Linux 7.0.11-76070011-generic x86_64","Intel(R) Core(TM) Ultra 7 155H","/dev/nvme0n1p3[/tmp] ext4   rw,nosuid,nodev,noatime,errors=remount-ro","/tmp/pigment-db-durability-bench","pigment_db","buffered","key_set","file","ordinary_write","8","32","5","5","18944","101695452","186281.683472","119769","0"
"candidate-protocol-v4-20260807-155736","6d7edc7c29a60a94c59effeeb2b78d8b95038135","default-hasher:e161550f2ff7f0ec","rustc 1.97.0 (2d8144b78 2026-07-07)","x86_64-unknown-linux-gnu","Linux 7.0.11-76070011-generic x86_64","Intel(R) Core(TM) Ultra 7 155H","/dev/nvme0n1p3[/tmp] ext4   rw,nosuid,nodev,noatime,errors=remount-ro","/tmp/pigment-db-durability-bench","pigment_db","buffered","key_set","file","ordinary_write","8","32","5","6","18432","101983502","180735.115372","111071","0"
"candidate-protocol-v4-20260807-155736","6d7edc7c29a60a94c59effeeb2b78d8b95038135","default-hasher:e161550f2ff7f0ec","rustc 1.97.0 (2d8144b78 2026-07-07)","x86_64-unknown-linux-gnu","Linux 7.0.11-76070011-generic x86_64","Intel(R) Core(TM) Ultra 7 155H","/dev/nvme0n1p3[/tmp] ext4   rw,nosuid,nodev,noatime,errors=remount-ro","/tmp/pigment-db-durability-bench","pigment_db","buffered","key_set","file","ordinary_write","8","32","5","7","18432","102048356","180620.254186","125656","0"
"candidate-protocol-v4-20260807-155736","6d7edc7c29a60a94c59effeeb2b78d8b95038135","default-hasher:e161550f2ff7f0ec","rustc 1.97.0 (2d8144b78 2026-07-07)","x86_64-unknown-linux-gnu","Linux 7.0.11-76070011-generic x86_64","Intel(R) Core(TM) Ultra 7 155H","/dev/nvme0n1p3[/tmp] ext4   rw,nosuid,nodev,noatime,errors=remount-ro","/tmp/pigment-db-durability-bench","pigment_db","buffered","key_set","file","ordinary_write","8","32","5","8","18944","102544409","184739.472242","119274","0"
"candidate-protocol-v4-20260807-155736","6d7edc7c29a60a94c59effeeb2b78d8b95038135","default-hasher:e161550f2ff7f0ec","rustc 1.97.0 (2d8144b78 2026-07-07)","x86_64-unknown-linux-gnu","Linux 7.0.11-76070011-generic x86_64","Intel(R) Core(TM) Ultra 7 155H","/dev/nvme0n1p3[/tmp] ext4   rw,nosuid,nodev,noatime,errors=remount-ro","/tmp/pigment-db-durability-bench","pigment_db","buffered","key_set","file","ordinary_write","8","32","5","9","17408","102209012","170317.662399","136201","0"
"candidate-protocol-v4-20260807-155736","6d7edc7c29a60a94c59effeeb2b78d8b95038135","default-hasher:e161550f2ff7f0ec","rustc 1.97.0 (2d8144b78 2026-07-07)","x86_64-unknown-linux-gnu","Linux 7.0.11-76070011-generic x86_64","Intel(R) Core(TM) Ultra 7 155H","/dev/nvme0n1p3[/tmp] ext4   rw,nosuid,nodev,noatime,errors=remount-ro","/tmp/pigment-db-durability-bench","pigment_db","buffered","key_set","file","ordinary_write","8","32","5","10","18432","102042324","180630.931142","132220","0"
"candidate-protocol-v4-20260807-155736","6d7edc7c29a60a94c59effeeb2b78d8b95038135","default-hasher:e161550f2ff7f0ec","rustc 1.97.0 (2d8144b78 2026-07-07)","x86_64-unknown-linux-gnu","Linux 7.0.11-76070011-generic x86_64","Intel(R) Core(TM) Ultra 7 155H","/dev/nvme0n1p3[/tmp] ext4   rw,nosuid,nodev,noatime,errors=remount-ro","/tmp/pigment-db-durability-bench","pigment_db","buffered","key_set","file","successful_remove","1","32","5","0","36224","100162764","361651.361778","3272","0"
"candidate-protocol-v4-20260807-155736","6d7edc7c29a60a94c59effeeb2b78d8b95038135","default-hasher:e161550f2ff7f0ec","rustc 1.97.0 (2d8144b78 2026-07-07)","x86_64-unknown-linux-gnu","Linux 7.0.11-76070011-generic x86_64","Intel(R) Core(TM) Ultra 7 155H","/dev/nvme0n1p3[/tmp] ext4   rw,nosuid,nodev,noatime,errors=remount-ro","/tmp/pigment-db-durability-bench","pigment_db","buffered","key_set","file","successful_remove","1","32","5","1","36608","100023787","365992.941259","2919","0"
"candidate-protocol-v4-20260807-155736","6d7edc7c29a60a94c59effeeb2b78d8b95038135","default-hasher:e161550f2ff7f0ec","rustc 1.97.0 (2d8144b78 2026-07-07)","x86_64-unknown-linux-gnu","Linux 7.0.11-76070011-generic x86_64","Intel(R) Core(TM) Ultra 7 155H","/dev/nvme0n1p3[/tmp] ext4   rw,nosuid,nodev,noatime,errors=remount-ro","/tmp/pigment-db-durability-bench","pigment_db","buffered","key_set","file","successful_remove","1","32","5","2","36160","100017542","361536.579253","2992","0"
"candidate-protocol-v4-20260807-155736","6d7edc7c29a60a94c59effeeb2b78d8b95038135","default-hasher:e161550f2ff7f0ec","rustc 1.97.0 (2d8144b78 2026-07-07)","x86_64-unknown-linux-gnu","Linux 7.0.11-76070011-generic x86_64","Intel(R) Core(TM) Ultra 7 155H","/dev/nvme0n1p3[/tmp] ext4   rw,nosuid,nodev,noatime,errors=remount-ro","/tmp/pigment-db-durability-bench","pigment_db","buffered","key_set","file","successful_remove","1","32","5","3","36224","100046485","362071.690974","2969","0"
"candidate-protocol-v4-20260807-155736","6d7edc7c29a60a94c59effeeb2b78d8b95038135","default-hasher:e161550f2ff7f0ec","rustc 1.97.0 (2d8144b78 2026-07-07)","x86_64-unknown-linux-gnu","Linux 7.0.11-76070011-generic x86_64","Intel(R) Core(TM) Ultra 7 155H","/dev/nvme0n1p3[/tmp] ext4   rw,nosuid,nodev,noatime,errors=remount-ro","/tmp/pigment-db-durability-bench","pigment_db","buffered","key_set","file","successful_remove","1","32","5","4","36480","100085277","364489.174567","2974","0"
"candidate-protocol-v4-20260807-155736","6d7edc7c29a60a94c59effeeb2b78d8b95038135","default-hasher:e161550f2ff7f0ec","rustc 1.97.0 (2d8144b78 2026-07-07)","x86_64-unknown-linux-gnu","Linux 7.0.11-76070011-generic x86_64","Intel(R) Core(TM) Ultra 7 155H","/dev/nvme0n1p3[/tmp] ext4   rw,nosuid,nodev,noatime,errors=remount-ro","/tmp/pigment-db-durability-bench","pigment_db","buffered","key_set","file","successful_remove","1","32","5","5","35968","100095131","359338.158017","3179","0"
"candidate-protocol-v4-20260807-155736","6d7edc7c29a60a94c59effeeb2b78d8b95038135","default-hasher:e161550f2ff7f0ec","rustc 1.97.0 (2d8144b78 2026-07-07)","x86_64-unknown-linux-gnu","Linux 7.0.11-76070011-generic x86_64","Intel(R) Core(TM) Ultra 7 155H","/dev/nvme0n1p3[/tmp] ext4   rw,nosuid,nodev,noatime,errors=remount-ro","/tmp/pigment-db-durability-bench","pigment_db","buffered","key_set","file","successful_remove","1","32","5","6","35968","100011364","359639.130609","2979","0"
"candidate-protocol-v4-20260807-155736","6d7edc7c29a60a94c59effeeb2b78d8b95038135","default-hasher:e161550f2ff7f0ec","rustc 1.97.0 (2d8144b78 2026-07-07)","x86_64-unknown-linux-gnu","Linux 7.0.11-76070011-generic x86_64","Intel(R) Core(TM) Ultra 7 155H","/dev/nvme0n1p3[/tmp] ext4   rw,nosuid,nodev,noatime,errors=remount-ro","/tmp/pigment-db-durability-bench","pigment_db","buffered","key_set","file","successful_remove","1","32","5","7","36416","100013896","364109.403357","3029","0"
"candidate-protocol-v4-20260807-155736","6d7edc7c29a60a94c59effeeb2b78d8b95038135","default-hasher:e161550f2ff7f0ec","rustc 1.97.0 (2d8144b78 2026-07-07)","x86_64-unknown-linux-gnu","Linux 7.0.11-76070011-generic x86_64","Intel(R) Core(TM) Ultra 7 155H","/dev/nvme0n1p3[/tmp] ext4   rw,nosuid,nodev,noatime,errors=remount-ro","/tmp/pigment-db-durability-bench","pigment_db","buffered","key_set","file","successful_remove","1","32","5","8","36608","100050116","365896.627246","2969","0"
"candidate-protocol-v4-20260807-155736","6d7edc7c29a60a94c59effeeb2b78d8b95038135","default-hasher:e161550f2ff7f0ec","rustc 1.97.0 (2d8144b78 2026-07-07)","x86_64-unknown-linux-gnu","Linux 7.0.11-76070011-generic x86_64","Intel(R) Core(TM) Ultra 7 155H","/dev/nvme0n1p3[/tmp] ext4   rw,nosuid,nodev,noatime,errors=remount-ro","/tmp/pigment-db-durability-bench","pigment_db","buffered","key_set","file","successful_remove","1","32","5","9","36416","100066834","363916.779859","3038","0"
"candidate-protocol-v4-20260807-155736","6d7edc7c29a60a94c59effeeb2b78d8b95038135","default-hasher:e161550f2ff7f0ec","rustc 1.97.0 (2d8144b78 2026-07-07)","x86_64-unknown-linux-gnu","Linux 7.0.11-76070011-generic x86_64","Intel(R) Core(TM) Ultra 7 155H","/dev/nvme0n1p3[/tmp] ext4   rw,nosuid,nodev,noatime,errors=remount-ro","/tmp/pigment-db-durability-bench","pigment_db","buffered","key_set","file","successful_remove","1","32","5","10","36672","100154032","366156.002586","2943","0"
"candidate-protocol-v4-20260807-155736","6d7edc7c29a60a94c59effeeb2b78d8b95038135","default-hasher:e161550f2ff7f0ec","rustc 1.97.0 (2d8144b78 2026-07-07)","x86_64-unknown-linux-gnu","Linux 7.0.11-76070011-generic x86_64","Intel(R) Core(TM) Ultra 7 155H","/dev/nvme0n1p3[/tmp] ext4   rw,nosuid,nodev,noatime,errors=remount-ro","/tmp/pigment-db-durability-bench","pigment_db","buffered","key_set","file","successful_remove","8","32","5","0","18944","100549032","188405.593005","111189","0"
"candidate-protocol-v4-20260807-155736","6d7edc7c29a60a94c59effeeb2b78d8b95038135","default-hasher:e161550f2ff7f0ec","rustc 1.97.0 (2d8144b78 2026-07-07)","x86_64-unknown-linux-gnu","Linux 7.0.11-76070011-generic x86_64","Intel(R) Core(TM) Ultra 7 155H","/dev/nvme0n1p3[/tmp] ext4   rw,nosuid,nodev,noatime,errors=remount-ro","/tmp/pigment-db-durability-bench","pigment_db","buffered","key_set","file","successful_remove","8","32","5","1","18944","101971871","185776.722681","119055","0"
"candidate-protocol-v4-20260807-155736","6d7edc7c29a60a94c59effeeb2b78d8b95038135","default-hasher:e161550f2ff7f0ec","rustc 1.97.0 (2d8144b78 2026-07-07)","x86_64-unknown-linux-gnu","Linux 7.0.11-76070011-generic x86_64","Intel(R) Core(TM) Ultra 7 155H","/dev/nvme0n1p3[/tmp] ext4   rw,nosuid,nodev,noatime,errors=remount-ro","/tmp/pigment-db-durability-bench","pigment_db","buffered","key_set","file","successful_remove","8","32","5","2","18944","102700515","184458.666054","114711","0"
"candidate-protocol-v4-20260807-155736","6d7edc7c29a60a94c59effeeb2b78d8b95038135","default-hasher:e161550f2ff7f0ec","rustc 1.97.0 (2d8144b78 2026-07-07)","x86_64-unknown-linux-gnu","Linux 7.0.11-76070011-generic x86_64","Intel(R) Core(TM) Ultra 7 155H","/dev/nvme0n1p3[/tmp] ext4   rw,nosuid,nodev,noatime,errors=remount-ro","/tmp/pigment-db-durability-bench","pigment_db","buffered","key_set","file","successful_remove","8","32","5","3","18944","100851105","187841.273529","107841","0"
"candidate-protocol-v4-20260807-155736","6d7edc7c29a60a94c59effeeb2b78d8b95038135","default-hasher:e161550f2ff7f0ec","rustc 1.97.0 (2d8144b78 2026-07-07)","x86_64-unknown-linux-gnu","Linux 7.0.11-76070011-generic x86_64","Intel(R) Core(TM) Ultra 7 155H","/dev/nvme0n1p3[/tmp] ext4   rw,nosuid,nodev,noatime,errors=remount-ro","/tmp/pigment-db-durability-bench","pigment_db","buffered","key_set","file","successful_remove","8","32","5","4","17408","100642247","172969.111073","106742","0"
"candidate-protocol-v4-20260807-155736","6d7edc7c29a60a94c59effeeb2b78d8b95038135","default-hasher:e161550f2ff7f0ec","rustc 1.97.0 (2d8144b78 2026-07-07)","x86_64-unknown-linux-gnu","Linux 7.0.11-76070011-generic x86_64","Intel(R) Core(TM) Ultra 7 155H","/dev/nvme0n1p3[/tmp] ext4   rw,nosuid,nodev,noatime,errors=remount-ro","/tmp/pigment-db-durability-bench","pigment_db","buffered","key_set","file","successful_remove","8","32","5","5","18432","101121426","182275.910547","117710","0"
"candidate-protocol-v4-20260807-155736","6d7edc7c29a60a94c59effeeb2b78d8b95038135","default-hasher:e161550f2ff7f0ec","rustc 1.97.0 (2d8144b78 2026-07-07)","x86_64-unknown-linux-gnu","Linux 7.0.11-76070011-generic x86_64","Intel(R) Core(TM) Ultra 7 155H","/dev/nvme0n1p3[/tmp] ext4   rw,nosuid,nodev,noatime,errors=remount-ro","/tmp/pigment-db-durability-bench","pigment_db","buffered","key_set","file","successful_remove","8","32","5","6","18944","100167057","189124.055027","112172","0"
"candidate-protocol-v4-20260807-155736","6d7edc7c29a60a94c59effeeb2b78d8b95038135","default-hasher:e161550f2ff7f0ec","rustc 1.97.0 (2d8144b78 2026-07-07)","x86_64-unknown-linux-gnu","Linux 7.0.11-76070011-generic x86_64","Intel(R) Core(TM) Ultra 7 155H","/dev/nvme0n1p3[/tmp] ext4   rw,nosuid,nodev,noatime,errors=remount-ro","/tmp/pigment-db-durability-bench","pigment_db","buffered","key_set","file","successful_remove","8","32","5","7","17920","101850933","175943.405447","107274","0"
"candidate-protocol-v4-20260807-155736","6d7edc7c29a60a94c59effeeb2b78d8b95038135","default-hasher:e161550f2ff7f0ec","rustc 1.97.0 (2d8144b78 2026-07-07)","x86_64-unknown-linux-gnu","Linux 7.0.11-76070011-generic x86_64","Intel(R) Core(TM) Ultra 7 155H","/dev/nvme0n1p3[/tmp] ext4   rw,nosuid,nodev,noatime,errors=remount-ro","/tmp/pigment-db-durability-bench","pigment_db","buffered","key_set","file","successful_remove","8","32","5","8","18944","102151122","185450.728578","107237","0"
"candidate-protocol-v4-20260807-155736","6d7edc7c29a60a94c59effeeb2b78d8b95038135","default-hasher:e161550f2ff7f0ec","rustc 1.97.0 (2d8144b78 2026-07-07)","x86_64-unknown-linux-gnu","Linux 7.0.11-76070011-generic x86_64","Intel(R) Core(TM) Ultra 7 155H","/dev/nvme0n1p3[/tmp] ext4   rw,nosuid,nodev,noatime,errors=remount-ro","/tmp/pigment-db-durability-bench","pigment_db","buffered","key_set","file","successful_remove","8","32","5","9","18944","100126306","189201.027750","112933","0"
"candidate-protocol-v4-20260807-155736","6d7edc7c29a60a94c59effeeb2b78d8b95038135","default-hasher:e161550f2ff7f0ec","rustc 1.97.0 (2d8144b78 2026-07-07)","x86_64-unknown-linux-gnu","Linux 7.0.11-76070011-generic x86_64","Intel(R) Core(TM) Ultra 7 155H","/dev/nvme0n1p3[/tmp] ext4   rw,nosuid,nodev,noatime,errors=remount-ro","/tmp/pigment-db-durability-bench","pigment_db","buffered","key_set","file","successful_remove","8","32","5","10","18432","102234664","180291.099700","115018","0"
"candidate-protocol-v4-20260807-155736","6d7edc7c29a60a94c59effeeb2b78d8b95038135","default-hasher:e161550f2ff7f0ec","rustc 1.97.0 (2d8144b78 2026-07-07)","x86_64-unknown-linux-gnu","Linux 7.0.11-76070011-generic x86_64","Intel(R) Core(TM) Ultra 7 155H","/dev/nvme0n1p3[/tmp] ext4   rw,nosuid,nodev,noatime,errors=remount-ro","/tmp/pigment-db-durability-bench","pigment_db","buffered","key_set","file","minimal_callback","1","32","5","0","28928","100014254","289238.771905","3959","0"
"candidate-protocol-v4-20260807-155736","6d7edc7c29a60a94c59effeeb2b78d8b95038135","default-hasher:e161550f2ff7f0ec","rustc 1.97.0 (2d8144b78 2026-07-07)","x86_64-unknown-linux-gnu","Linux 7.0.11-76070011-generic x86_64","Intel(R) Core(TM) Ultra 7 155H","/dev/nvme0n1p3[/tmp] ext4   rw,nosuid,nodev,noatime,errors=remount-ro","/tmp/pigment-db-durability-bench","pigment_db","buffered","key_set","file","minimal_callback","1","32","5","1","28992","100111717","289596.471510","3949","0"
"candidate-protocol-v4-20260807-155736","6d7edc7c29a60a94c59effeeb2b78d8b95038135","default-hasher:e161550f2ff7f0ec","rustc 1.97.0 (2d8144b78 2026-07-07)","x86_64-unknown-linux-gnu","Linux 7.0.11-76070011-generic x86_64","Intel(R) Core(TM) Ultra 7 155H","/dev/nvme0n1p3[/tmp] ext4   rw,nosuid,nodev,noatime,errors=remount-ro","/tmp/pigment-db-durability-bench","pigment_db","buffered","key_set","file","minimal_callback","1","32","5","2","28928","100128352","288909.179290","3974","0"
"candidate-protocol-v4-20260807-155736","6d7edc7c29a60a94c59effeeb2b78d8b95038135","default-hasher:e161550f2ff7f0ec","rustc 1.97.0 (2d8144b78 2026-07-07)","x86_64-unknown-linux-gnu","Linux 7.0.11-76070011-generic x86_64","Intel(R) Core(TM) Ultra 7 155H","/dev/nvme0n1p3[/tmp] ext4   rw,nosuid,nodev,noatime,errors=remount-ro","/tmp/pigment-db-durability-bench","pigment_db","buffered","key_set","file","minimal_callback","1","32","5","3","28160","100130795","281232.162393","4067","0"
"candidate-protocol-v4-20260807-155736","6d7edc7c29a60a94c59effeeb2b78d8b95038135","default-hasher:e161550f2ff7f0ec","rustc 1.97.0 (2d8144b78 2026-07-07)","x86_64-unknown-linux-gnu","Linux 7.0.11-76070011-generic x86_64","Intel(R) Core(TM) Ultra 7 155H","/dev/nvme0n1p3[/tmp] ext4   rw,nosuid,nodev,noatime,errors=remount-ro","/tmp/pigment-db-durability-bench","pigment_db","buffered","key_set","file","minimal_callback","1","32","5","4","28672","100098357","286438.267913","4148","0"
"candidate-protocol-v4-20260807-155736","6d7edc7c29a60a94c59effeeb2b78d8b95038135","default-hasher:e161550f2ff7f0ec","rustc 1.97.0 (2d8144b78 2026-07-07)","x86_64-unknown-linux-gnu","Linux 7.0.11-76070011-generic x86_64","Intel(R) Core(TM) Ultra 7 155H","/dev/nvme0n1p3[/tmp] ext4   rw,nosuid,nodev,noatime,errors=remount-ro","/tmp/pigment-db-durability-bench","pigment_db","buffered","key_set","file","minimal_callback","1","32","5","5","28672","100069375","286521.225900","3962","0"
"candidate-protocol-v4-20260807-155736","6d7edc7c29a60a94c59effeeb2b78d8b95038135","default-hasher:e161550f2ff7f0ec","rustc 1.97.0 (2d8144b78 2026-07-07)","x86_64-unknown-linux-gnu","Linux 7.0.11-76070011-generic x86_64","Intel(R) Core(TM) Ultra 7 155H","/dev/nvme0n1p3[/tmp] ext4   rw,nosuid,nodev,noatime,errors=remount-ro","/tmp/pigment-db-durability-bench","pigment_db","buffered","key_set","file","minimal_callback","1","32","5","6","28672","100124727","286362.828235","3976","0"
"candidate-protocol-v4-20260807-155736","6d7edc7c29a60a94c59effeeb2b78d8b95038135","default-hasher:e161550f2ff7f0ec","rustc 1.97.0 (2d8144b78 2026-07-07)","x86_64-unknown-linux-gnu","Linux 7.0.11-76070011-generic x86_64","Intel(R) Core(TM) Ultra 7 155H","/dev/nvme0n1p3[/tmp] ext4   rw,nosuid,nodev,noatime,errors=remount-ro","/tmp/pigment-db-durability-bench","pigment_db","buffered","key_set","file","minimal_callback","1","32","5","7","29312","100151587","292676.340715","3920","0"
"candidate-protocol-v4-20260807-155736","6d7edc7c29a60a94c59effeeb2b78d8b95038135","default-hasher:e161550f2ff7f0ec","rustc 1.97.0 (2d8144b78 2026-07-07)","x86_64-unknown-linux-gnu","Linux 7.0.11-76070011-generic x86_64","Intel(R) Core(TM) Ultra 7 155H","/dev/nvme0n1p3[/tmp] ext4   rw,nosuid,nodev,noatime,errors=remount-ro","/tmp/pigment-db-durability-bench","pigment_db","buffered","key_set","file","minimal_callback","1","32","5","8","29184","100130575","291459.426853","3912","0"
"candidate-protocol-v4-20260807-155736","6d7edc7c29a60a94c59effeeb2b78d8b95038135","default-hasher:e161550f2ff7f0ec","rustc 1.97.0 (2d8144b78 2026-07-07)","x86_64-unknown-linux-gnu","Linux 7.0.11-76070011-generic x86_64","Intel(R) Core(TM) Ultra 7 155H","/dev/nvme0n1p3[/tmp] ext4   rw,nosuid,nodev,noatime,errors=remount-ro","/tmp/pigment-db-durability-bench","pigment_db","buffered","key_set","file","minimal_callback","1","32","5","9","28416","100157007","283714.548299","4019","0"
"candidate-protocol-v4-20260807-155736","6d7edc7c29a60a94c59effeeb2b78d8b95038135","default-hasher:e161550f2ff7f0ec","rustc 1.97.0 (2d8144b78 2026-07-07)","x86_64-unknown-linux-gnu","Linux 7.0.11-76070011-generic x86_64","Intel(R) Core(TM) Ultra 7 155H","/dev/nvme0n1p3[/tmp] ext4   rw,nosuid,nodev,noatime,errors=remount-ro","/tmp/pigment-db-durability-bench","pigment_db","buffered","key_set","file","minimal_callback","1","32","5","10","28800","100137564","287604.359938","3991","0"
"candidate-protocol-v4-20260807-155736","6d7edc7c29a60a94c59effeeb2b78d8b95038135","default-hasher:e161550f2ff7f0ec","rustc 1.97.0 (2d8144b78 2026-07-07)","x86_64-unknown-linux-gnu","Linux 7.0.11-76070011-generic x86_64","Intel(R) Core(TM) Ultra 7 155H","/dev/nvme0n1p3[/tmp] ext4   rw,nosuid,nodev,noatime,errors=remount-ro","/tmp/pigment-db-durability-bench","pigment_db","buffered","key_set","file","minimal_callback","8","32","5","0","14336","100898966","142082.724614","114637","0"
"candidate-protocol-v4-20260807-155736","6d7edc7c29a60a94c59effeeb2b78d8b95038135","default-hasher:e161550f2ff7f0ec","rustc 1.97.0 (2d8144b78 2026-07-07)","x86_64-unknown-linux-gnu","Linux 7.0.11-76070011-generic x86_64","Intel(R) Core(TM) Ultra 7 155H","/dev/nvme0n1p3[/tmp] ext4   rw,nosuid,nodev,noatime,errors=remount-ro","/tmp/pigment-db-durability-bench","pigment_db","buffered","key_set","file","minimal_callback","8","32","5","1","15360","101454959","151397.232342","114373","0"
"candidate-protocol-v4-20260807-155736","6d7edc7c29a60a94c59effeeb2b78d8b95038135","default-hasher:e161550f2ff7f0ec","rustc 1.97.0 (2d8144b78 2026-07-07)","x86_64-unknown-linux-gnu","Linux 7.0.11-76070011-generic x86_64","Intel(R) Core(TM) Ultra 7 155H","/dev/nvme0n1p3[/tmp] ext4   rw,nosuid,nodev,noatime,errors=remount-ro","/tmp/pigment-db-durability-bench","pigment_db","buffered","key_set","file","minimal_callback","8","32","5","2","15360","104690263","146718.515742","114483","0"
"candidate-protocol-v4-20260807-155736","6d7edc7c29a60a94c59effeeb2b78d8b95038135","default-hasher:e161550f2ff7f0ec","rustc 1.97.0 (2d8144b78 2026-07-07)","x86_64-unknown-linux-gnu","Linux 7.0.11-76070011-generic x86_64","Intel(R) Core(TM) Ultra 7 155H","/dev/nvme0n1p3[/tmp] ext4   rw,nosuid,nodev,noatime,errors=remount-ro","/tmp/pigment-db-durability-bench","pigment_db","buffered","key_set","file","minimal_callback","8","32","5","3","14848","102973386","144192.597493","132181","0"
"candidate-protocol-v4-20260807-155736","6d7edc7c29a60a94c59effeeb2b78d8b95038135","default-hasher:e161550f2ff7f0ec","rustc 1.97.0 (2d8144b78 2026-07-07)","x86_64-unknown-linux-gnu","Linux 7.0.11-76070011-generic x86_64","Intel(R) Core(TM) Ultra 7 155H","/dev/nvme0n1p3[/tmp] ext4   rw,nosuid,nodev,noatime,errors=remount-ro","/tmp/pigment-db-durability-bench","pigment_db","buffered","key_set","file","minimal_callback","8","32","5","4","15360","103296039","148698.828616","128398","0"
"candidate-protocol-v4-20260807-155736","6d7edc7c29a60a94c59effeeb2b78d8b95038135","default-hasher:e161550f2ff7f0ec","rustc 1.97.0 (2d8144b78 2026-07-07)","x86_64-unknown-linux-gnu","Linux 7.0.11-76070011-generic x86_64","Intel(R) Core(TM) Ultra 7 155H","/dev/nvme0n1p3[/tmp] ext4   rw,nosuid,nodev,noatime,errors=remount-ro","/tmp/pigment-db-durability-bench","pigment_db","buffered","key_set","file","minimal_callback","8","32","5","5","15360","101774740","150921.535147","123134","0"
"candidate-protocol-v4-20260807-155736","6d7edc7c29a60a94c59effeeb2b78d8b95038135","default-hasher:e161550f2ff7f0ec","rustc 1.97.0 (2d8144b78 2026-07-07)","x86_64-unknown-linux-gnu","Linux 7.0.11-76070011-generic x86_64","Intel(R) Core(TM) Ultra 7 155H","/dev/nvme0n1p3[/tmp] ext4   rw,nosuid,nodev,noatime,errors=remount-ro","/tmp/pigment-db-durability-bench","pigment_db","buffered","key_set","file","minimal_callback","8","32","5","6","13824","100659097","137334.830254","133580","0"
"candidate-protocol-v4-20260807-155736","6d7edc7c29a60a94c59effeeb2b78d8b95038135","default-hasher:e161550f2ff7f0ec","rustc 1.97.0 (2d8144b78 2026-07-07)","x86_64-unknown-linux-gnu","Linux 7.0.11-76070011-generic x86_64","Intel(R) Core(TM) Ultra 7 155H","/dev/nvme0n1p3[/tmp] ext4   rw,nosuid,nodev,noatime,errors=remount-ro","/tmp/pigment-db-durability-bench","pigment_db","buffered","key_set","file","minimal_callback","8","32","5","7","14848","100107638","148320.350941","123352","0"
"candidate-protocol-v4-20260807-155736","6d7edc7c29a60a94c59effeeb2b78d8b95038135","default-hasher:e161550f2ff7f0ec","rustc 1.97.0 (2d8144b78 2026-07-07)","x86_64-unknown-linux-gnu","Linux 7.0.11-76070011-generic x86_64","Intel(R) Core(TM) Ultra 7 155H","/dev/nvme0n1p3[/tmp] ext4   rw,nosuid,nodev,noatime,errors=remount-ro","/tmp/pigment-db-durability-bench","pigment_db","buffered","key_set","file","minimal_callback","8","32","5","8","15360","102592338","149718.783093","120475","0"
"candidate-protocol-v4-20260807-155736","6d7edc7c29a60a94c59effeeb2b78d8b95038135","default-hasher:e161550f2ff7f0ec","rustc 1.97.0 (2d8144b78 2026-07-07)","x86_64-unknown-linux-gnu","Linux 7.0.11-76070011-generic x86_64","Intel(R) Core(TM) Ultra 7 155H","/dev/nvme0n1p3[/tmp] ext4   rw,nosuid,nodev,noatime,errors=remount-ro","/tmp/pigment-db-durability-bench","pigment_db","buffered","key_set","file","minimal_callback","8","32","5","9","15360","100650050","152607.971879","116002","0"
"candidate-protocol-v4-20260807-155736","6d7edc7c29a60a94c59effeeb2b78d8b95038135","default-hasher:e161550f2ff7f0ec","rustc 1.97.0 (2d8144b78 2026-07-07)","x86_64-unknown-linux-gnu","Linux 7.0.11-76070011-generic x86_64","Intel(R) Core(TM) Ultra 7 155H","/dev/nvme0n1p3[/tmp] ext4   rw,nosuid,nodev,noatime,errors=remount-ro","/tmp/pigment-db-durability-bench","pigment_db","buffered","key_set","file","minimal_callback","8","32","5","10","14848","103040431","144098.776140","130742","0"
"candidate-protocol-v4-20260807-155736","6d7edc7c29a60a94c59effeeb2b78d8b95038135","default-hasher:e161550f2ff7f0ec","rustc 1.97.0 (2d8144b78 2026-07-07)","x86_64-unknown-linux-gnu","Linux 7.0.11-76070011-generic x86_64","Intel(R) Core(TM) Ultra 7 155H","/dev/nvme0n1p3[/tmp] ext4   rw,nosuid,nodev,noatime,errors=remount-ro","/tmp/pigment-db-durability-bench","pigment_db","buffered","key_map","vector","ordinary_write","1","32","5","0","138304","100016305","1382814.532091","697","0"
"candidate-protocol-v4-20260807-155736","6d7edc7c29a60a94c59effeeb2b78d8b95038135","default-hasher:e161550f2ff7f0ec","rustc 1.97.0 (2d8144b78 2026-07-07)","x86_64-unknown-linux-gnu","Linux 7.0.11-76070011-generic x86_64","Intel(R) Core(TM) Ultra 7 155H","/dev/nvme0n1p3[/tmp] ext4   rw,nosuid,nodev,noatime,errors=remount-ro","/tmp/pigment-db-durability-bench","pigment_db","buffered","key_map","vector","ordinary_write","1","32","5","1","136448","100006015","1364397.931464","701","0"
"candidate-protocol-v4-20260807-155736","6d7edc7c29a60a94c59effeeb2b78d8b95038135","default-hasher:e161550f2ff7f0ec","rustc 1.97.0 (2d8144b78 2026-07-07)","x86_64-unknown-linux-gnu","Linux 7.0.11-76070011-generic x86_64","Intel(R) Core(TM) Ultra 7 155H","/dev/nvme0n1p3[/tmp] ext4   rw,nosuid,nodev,noatime,errors=remount-ro","/tmp/pigment-db-durability-bench","pigment_db","buffered","key_map","vector","ordinary_write","1","32","5","2","136832","100032839","1367870.804906","689","0"
"candidate-protocol-v4-20260807-155736","6d7edc7c29a60a94c59effeeb2b78d8b95038135","default-hasher:e161550f2ff7f0ec","rustc 1.97.0 (2d8144b78 2026-07-07)","x86_64-unknown-linux-gnu","Linux 7.0.11-76070011-generic x86_64","Intel(R) Core(TM) Ultra 7 155H","/dev/nvme0n1p3[/tmp] ext4   rw,nosuid,nodev,noatime,errors=remount-ro","/tmp/pigment-db-durability-bench","pigment_db","buffered","key_map","vector","ordinary_write","1","32","5","3","137408","100035204","1373596.439110","688","0"
"candidate-protocol-v4-20260807-155736","6d7edc7c29a60a94c59effeeb2b78d8b95038135","default-hasher:e161550f2ff7f0ec","rustc 1.97.0 (2d8144b78 2026-07-07)","x86_64-unknown-linux-gnu","Linux 7.0.11-76070011-generic x86_64","Intel(R) Core(TM) Ultra 7 155H","/dev/nvme0n1p3[/tmp] ext4   rw,nosuid,nodev,noatime,errors=remount-ro","/tmp/pigment-db-durability-bench","pigment_db","buffered","key_map","vector","ordinary_write","1","32","5","4","137024","100021476","1369945.790442","688","0"
"candidate-protocol-v4-20260807-155736","6d7edc7c29a60a94c59effeeb2b78d8b95038135","default-hasher:e161550f2ff7f0ec","rustc 1.97.0 (2d8144b78 2026-07-07)","x86_64-unknown-linux-gnu","Linux 7.0.11-76070011-generic x86_64","Intel(R) Core(TM) Ultra 7 155H","/dev/nvme0n1p3[/tmp] ext4   rw,nosuid,nodev,noatime,errors=remount-ro","/tmp/pigment-db-durability-bench","pigment_db","buffered","key_map","vector","ordinary_write","1","32","5","5","136064","100000430","1360634.149273","694","0"
"candidate-protocol-v4-20260807-155736","6d7edc7c29a60a94c59effeeb2b78d8b95038135","default-hasher:e161550f2ff7f0ec","rustc 1.97.0 (2d8144b78 2026-07-07)","x86_64-unknown-linux-gnu","Linux 7.0.11-76070011-generic x86_64","Intel(R) Core(TM) Ultra 7 155H","/dev/nvme0n1p3[/tmp] ext4   rw,nosuid,nodev,noatime,errors=remount-ro","/tmp/pigment-db-durability-bench","pigment_db","buffered","key_map","vector","ordinary_write","1","32","5","6","136384","100042184","1363264.920326","691","0"
"candidate-protocol-v4-20260807-155736","6d7edc7c29a60a94c59effeeb2b78d8b95038135","default-hasher:e161550f2ff7f0ec","rustc 1.97.0 (2d8144b78 2026-07-07)","x86_64-unknown-linux-gnu","Linux 7.0.11-76070011-generic x86_64","Intel(R) Core(TM) Ultra 7 155H","/dev/nvme0n1p3[/tmp] ext4   rw,nosuid,nodev,noatime,errors=remount-ro","/tmp/pigment-db-durability-bench","pigment_db","buffered","key_map","vector","ordinary_write","1","32","5","7","135616","100040677","1355608.579098","709","0"
"candidate-protocol-v4-20260807-155736","6d7edc7c29a60a94c59effeeb2b78d8b95038135","default-hasher:e161550f2ff7f0ec","rustc 1.97.0 (2d8144b78 2026-07-07)","x86_64-unknown-linux-gnu","Linux 7.0.11-76070011-generic x86_64","Intel(R) Core(TM) Ultra 7 155H","/dev/nvme0n1p3[/tmp] ext4   rw,nosuid,nodev,noatime,errors=remount-ro","/tmp/pigment-db-durability-bench","pigment_db","buffered","key_map","vector","ordinary_write","1","32","5","8","136128","100018941","1361022.208783","697","0"
"candidate-protocol-v4-20260807-155736","6d7edc7c29a60a94c59effeeb2b78d8b95038135","default-hasher:e161550f2ff7f0ec","rustc 1.97.0 (2d8144b78 2026-07-07)","x86_64-unknown-linux-gnu","Linux 7.0.11-76070011-generic x86_64","Intel(R) Core(TM) Ultra 7 155H","/dev/nvme0n1p3[/tmp] ext4   rw,nosuid,nodev,noatime,errors=remount-ro","/tmp/pigment-db-durability-bench","pigment_db","buffered","key_map","vector","ordinary_write","1","32","5","9","137216","100000253","1372156.528444","690","0"
"candidate-protocol-v4-20260807-155736","6d7edc7c29a60a94c59effeeb2b78d8b95038135","default-hasher:e161550f2ff7f0ec","rustc 1.97.0 (2d8144b78 2026-07-07)","x86_64-unknown-linux-gnu","Linux 7.0.11-76070011-generic x86_64","Intel(R) Core(TM) Ultra 7 155H","/dev/nvme0n1p3[/tmp] ext4   rw,nosuid,nodev,noatime,errors=remount-ro","/tmp/pigment-db-durability-bench","pigment_db","buffered","key_map","vector","ordinary_write","1","32","5","10","135424","100021941","1353942.931381","715","0"
"candidate-protocol-v4-20260807-155736","6d7edc7c29a60a94c59effeeb2b78d8b95038135","default-hasher:e161550f2ff7f0ec","rustc 1.97.0 (2d8144b78 2026-07-07)","x86_64-unknown-linux-gnu","Linux 7.0.11-76070011-generic x86_64","Intel(R) Core(TM) Ultra 7 155H","/dev/nvme0n1p3[/tmp] ext4   rw,nosuid,nodev,noatime,errors=remount-ro","/tmp/pigment-db-durability-bench","pigment_db","buffered","key_map","vector","ordinary_write","8","32","5","0","88064","100861387","873119.065872","15860","0"
"candidate-protocol-v4-20260807-155736","6d7edc7c29a60a94c59effeeb2b78d8b95038135","default-hasher:e161550f2ff7f0ec","rustc 1.97.0 (2d8144b78 2026-07-07)","x86_64-unknown-linux-gnu","Linux 7.0.11-76070011-generic x86_64","Intel(R) Core(TM) Ultra 7 155H","/dev/nvme0n1p3[/tmp] ext4   rw,nosuid,nodev,noatime,errors=remount-ro","/tmp/pigment-db-durability-bench","pigment_db","buffered","key_map","vector","ordinary_write","8","32","5","1","98304","100329971","979806.921304","13978","0"
"candidate-protocol-v4-20260807-155736","6d7edc7c29a60a94c59effeeb2b78d8b95038135","default-hasher:e161550f2ff7f0ec","rustc 1.97.0 (2d8144b78 2026-07-07)","x86_64-unknown-linux-gnu","Linux 7.0.11-76070011-generic x86_64","Intel(R) Core(TM) Ultra 7 155H","/dev/nvme0n1p3[/tmp] ext4   rw,nosuid,nodev,noatime,errors=remount-ro","/tmp/pigment-db-durability-bench","pigment_db","buffered","key_map","vector","ordinary_write","8","32","5","2","91136","100340263","908269.494968","14103","0"
"candidate-protocol-v4-20260807-155736","6d7edc7c29a60a94c59effeeb2b78d8b95038135","default-hasher:e161550f2ff7f0ec","rustc 1.97.0 (2d8144b78 2026-07-07)","x86_64-unknown-linux-gnu","Linux 7.0.11-76070011-generic x86_64","Intel(R) Core(TM) Ultra 7 155H","/dev/nvme0n1p3[/tmp] ext4   rw,nosuid,nodev,noatime,errors=remount-ro","/tmp/pigment-db-durability-bench","pigment_db","buffered","key_map","vector","ordinary_write","8","32","5","3","77824","102410881","759919.251158","14670","0"
"candidate-protocol-v4-20260807-155736","6d7edc7c29a60a94c59effeeb2b78d8b95038135","default-hasher:e161550f2ff7f0ec","rustc 1.97.0 (2d8144b78 2026-07-07)","x86_64-unknown-linux-gnu","Linux 7.0.11-76070011-generic x86_64","Intel(R) Core(TM) Ultra 7 155H","/dev/nvme0n1p3[/tmp] ext4   rw,nosuid,nodev,noatime,errors=remount-ro","/tmp/pigment-db-durability-bench","pigment_db","buffered","key_map","vector","ordinary_write","8","32","5","4","97792","100187423","976090.581749","14311","0"
"candidate-protocol-v4-20260807-155736","6d7edc7c29a60a94c59effeeb2b78d8b95038135","default-hasher:e161550f2ff7f0ec","rustc 1.97.0 (2d8144b78 2026-07-07)","x86_64-unknown-linux-gnu","Linux 7.0.11-76070011-generic x86_64","Intel(R) Core(TM) Ultra 7 155H","/dev/nvme0n1p3[/tmp] ext4   rw,nosuid,nodev,noatime,errors=remount-ro","/tmp/pigment-db-durability-bench","pigment_db","buffered","key_map","vector","ordinary_write","8","32","5","5","91136","100059076","910821.922841","14839","0"
"candidate-protocol-v4-20260807-155736","6d7edc7c29a60a94c59effeeb2b78d8b95038135","default-hasher:e161550f2ff7f0ec","rustc 1.97.0 (2d8144b78 2026-07-07)","x86_64-unknown-linux-gnu","Linux 7.0.11-76070011-generic x86_64","Intel(R) Core(TM) Ultra 7 155H","/dev/nvme0n1p3[/tmp] ext4   rw,nosuid,nodev,noatime,errors=remount-ro","/tmp/pigment-db-durability-bench","pigment_db","buffered","key_map","vector","ordinary_write","8","32","5","6","71168","100142734","710665.638508","14422","0"
"candidate-protocol-v4-20260807-155736","6d7edc7c29a60a94c59effeeb2b78d8b95038135","default-hasher:e161550f2ff7f0ec","rustc 1.97.0 (2d8144b78 2026-07-07)","x86_64-unknown-linux-gnu","Linux 7.0.11-76070011-generic x86_64","Intel(R) Core(TM) Ultra 7 155H","/dev/nvme0n1p3[/tmp] ext4   rw,nosuid,nodev,noatime,errors=remount-ro","/tmp/pigment-db-durability-bench","pigment_db","buffered","key_map","vector","ordinary_write","8","32","5","7","76288","100048850","762507.515079","11510","0"
"candidate-protocol-v4-20260807-155736","6d7edc7c29a60a94c59effeeb2b78d8b95038135","default-hasher:e161550f2ff7f0ec","rustc 1.97.0 (2d8144b78 2026-07-07)","x86_64-unknown-linux-gnu","Linux 7.0.11-76070011-generic x86_64","Intel(R) Core(TM) Ultra 7 155H","/dev/nvme0n1p3[/tmp] ext4   rw,nosuid,nodev,noatime,errors=remount-ro","/tmp/pigment-db-durability-bench","pigment_db","buffered","key_map","vector","ordinary_write","8","32","5","8","98816","100437305","983857.541777","14487","0"
"candidate-protocol-v4-20260807-155736","6d7edc7c29a60a94c59effeeb2b78d8b95038135","default-hasher:e161550f2ff7f0ec","rustc 1.97.0 (2d8144b78 2026-07-07)","x86_64-unknown-linux-gnu","Linux 7.0.11-76070011-generic x86_64","Intel(R) Core(TM) Ultra 7 155H","/dev/nvme0n1p3[/tmp] ext4   rw,nosuid,nodev,noatime,errors=remount-ro","/tmp/pigment-db-durability-bench","pigment_db","buffered","key_map","vector","ordinary_write","8","32","5","9","94208","100567116","936767.441954","12866","0"
"candidate-protocol-v4-20260807-155736","6d7edc7c29a60a94c59effeeb2b78d8b95038135","default-hasher:e161550f2ff7f0ec","rustc 1.97.0 (2d8144b78 2026-07-07)","x86_64-unknown-linux-gnu","Linux 7.0.11-76070011-generic x86_64","Intel(R) Core(TM) Ultra 7 155H","/dev/nvme0n1p3[/tmp] ext4   rw,nosuid,nodev,noatime,errors=remount-ro","/tmp/pigment-db-durability-bench","pigment_db","buffered","key_map","vector","ordinary_write","8","32","5","10","84992","100059726","849412.679783","14393","0"
"candidate-protocol-v4-20260807-155736","6d7edc7c29a60a94c59effeeb2b78d8b95038135","default-hasher:e161550f2ff7f0ec","rustc 1.97.0 (2d8144b78 2026-07-07)","x86_64-unknown-linux-gnu","Linux 7.0.11-76070011-generic x86_64","Intel(R) Core(TM) Ultra 7 155H","/dev/nvme0n1p3[/tmp] ext4   rw,nosuid,nodev,noatime,errors=remount-ro","/tmp/pigment-db-durability-bench","pigment_db","buffered","key_map","vector","successful_remove","1","32","5","0","81280","100024395","812601.765799","1318","0"
"candidate-protocol-v4-20260807-155736","6d7edc7c29a60a94c59effeeb2b78d8b95038135","default-hasher:e161550f2ff7f0ec","rustc 1.97.0 (2d8144b78 2026-07-07)","x86_64-unknown-linux-gnu","Linux 7.0.11-76070011-generic x86_64","Intel(R) Core(TM) Ultra 7 155H","/dev/nvme0n1p3[/tmp] ext4   rw,nosuid,nodev,noatime,errors=remount-ro","/tmp/pigment-db-durability-bench","pigment_db","buffered","key_map","vector","successful_remove","1","32","5","1","87936","100015266","879225.777393","1237","0"
"candidate-protocol-v4-20260807-155736","6d7edc7c29a60a94c59effeeb2b78d8b95038135","default-hasher:e161550f2ff7f0ec","rustc 1.97.0 (2d8144b78 2026-07-07)","x86_64-unknown-linux-gnu","Linux 7.0.11-76070011-generic x86_64","Intel(R) Core(TM) Ultra 7 155H","/dev/nvme0n1p3[/tmp] ext4   rw,nosuid,nodev,noatime,errors=remount-ro","/tmp/pigment-db-durability-bench","pigment_db","buffered","key_map","vector","successful_remove","1","32","5","2","87168","100025101","871461.254511","1233","0"
"candidate-protocol-v4-20260807-155736","6d7edc7c29a60a94c59effeeb2b78d8b95038135","default-hasher:e161550f2ff7f0ec","rustc 1.97.0 (2d8144b78 2026-07-07)","x86_64-unknown-linux-gnu","Linux 7.0.11-76070011-generic x86_64","Intel(R) Core(TM) Ultra 7 155H","/dev/nvme0n1p3[/tmp] ext4   rw,nosuid,nodev,noatime,errors=remount-ro","/tmp/pigment-db-durability-bench","pigment_db","buffered","key_map","vector","successful_remove","1","32","5","3","87808","100002109","878061.481683","1205","0"
"candidate-protocol-v4-20260807-155736","6d7edc7c29a60a94c59effeeb2b78d8b95038135","default-hasher:e161550f2ff7f0ec","rustc 1.97.0 (2d8144b78 2026-07-07)","x86_64-unknown-linux-gnu","Linux 7.0.11-76070011-generic x86_64","Intel(R) Core(TM) Ultra 7 155H","/dev/nvme0n1p3[/tmp] ext4   rw,nosuid,nodev,noatime,errors=remount-ro","/tmp/pigment-db-durability-bench","pigment_db","buffered","key_map","vector","successful_remove","1","32","5","4","87680","100028828","876547.308942","1205","0"
"candidate-protocol-v4-20260807-155736","6d7edc7c29a60a94c59effeeb2b78d8b95038135","default-hasher:e161550f2ff7f0ec","rustc 1.97.0 (2d8144b78 2026-07-07)","x86_64-unknown-linux-gnu","Linux 7.0.11-76070011-generic x86_64","Intel(R) Core(TM) Ultra 7 155H","/dev/nvme0n1p3[/tmp] ext4   rw,nosuid,nodev,noatime,errors=remount-ro","/tmp/pigment-db-durability-bench","pigment_db","buffered","key_map","vector","successful_remove","1","32","5","5","87488","100019999","874705.067734","1211","0"
"candidate-protocol-v4-20260807-155736","6d7edc7c29a60a94c59effeeb2b78d8b95038135","default-hasher:e161550f2ff7f0ec","rustc 1.97.0 (2d8144b78 2026-07-07)","x86_64-unknown-linux-gnu","Linux 7.0.11-76070011-generic x86_64","Intel(R) Core(TM) Ultra 7 155H","/dev/nvme0n1p3[/tmp] ext4   rw,nosuid,nodev,noatime,errors=remount-ro","/tmp/pigment-db-durability-bench","pigment_db","buffered","key_map","vector","successful_remove","1","32","5","6","87744","100017444","877286.966062","1203","0"
"candidate-protocol-v4-20260807-155736","6d7edc7c29a60a94c59effeeb2b78d8b95038135","default-hasher:e161550f2ff7f0ec","rustc 1.97.0 (2d8144b78 2026-07-07)","x86_64-unknown-linux-gnu","Linux 7.0.11-76070011-generic x86_64","Intel(R) Core(TM) Ultra 7 155H","/dev/nvme0n1p3[/tmp] ext4   rw,nosuid,nodev,noatime,errors=remount-ro","/tmp/pigment-db-durability-bench","pigment_db","buffered","key_map","vector","successful_remove","1","32","5","7","92224","100022113","922036.110155","1170","0"
"candidate-protocol-v4-20260807-155736","6d7edc7c29a60a94c59effeeb2b78d8b95038135","default-hasher:e161550f2ff7f0ec","rustc 1.97.0 (2d8144b78 2026-07-07)","x86_64-unknown-linux-gnu","Linux 7.0.11-76070011-generic x86_64","Intel(R) Core(TM) Ultra 7 155H","/dev/nvme0n1p3[/tmp] ext4   rw,nosuid,nodev,noatime,errors=remount-ro","/tmp/pigment-db-durability-bench","pigment_db","buffered","key_map","vector","successful_remove","1","32","5","8","94656","100001269","946547.988306","1121","0"
"candidate-protocol-v4-20260807-155736","6d7edc7c29a60a94c59effeeb2b78d8b95038135","default-hasher:e161550f2ff7f0ec","rustc 1.97.0 (2d8144b78 2026-07-07)","x86_64-unknown-linux-gnu","Linux 7.0.11-76070011-generic x86_64","Intel(R) Core(TM) Ultra 7 155H","/dev/nvme0n1p3[/tmp] ext4   rw,nosuid,nodev,noatime,errors=remount-ro","/tmp/pigment-db-durability-bench","pigment_db","buffered","key_map","vector","successful_remove","1","32","5","9","94720","100030377","946912.356433","1111","0"
"candidate-protocol-v4-20260807-155736","6d7edc7c29a60a94c59effeeb2b78d8b95038135","default-hasher:e161550f2ff7f0ec","rustc 1.97.0 (2d8144b78 2026-07-07)","x86_64-unknown-linux-gnu","Linux 7.0.11-76070011-generic x86_64","Intel(R) Core(TM) Ultra 7 155H","/dev/nvme0n1p3[/tmp] ext4   rw,nosuid,nodev,noatime,errors=remount-ro","/tmp/pigment-db-durability-bench","pigment_db","buffered","key_map","vector","successful_remove","1","32","5","10","94464","100040163","944260.756552","1116","0"
"candidate-protocol-v4-20260807-155736","6d7edc7c29a60a94c59effeeb2b78d8b95038135","default-hasher:e161550f2ff7f0ec","rustc 1.97.0 (2d8144b78 2026-07-07)","x86_64-unknown-linux-gnu","Linux 7.0.11-76070011-generic x86_64","Intel(R) Core(TM) Ultra 7 155H","/dev/nvme0n1p3[/tmp] ext4   rw,nosuid,nodev,noatime,errors=remount-ro","/tmp/pigment-db-durability-bench","pigment_db","buffered","key_map","vector","successful_remove","8","32","5","0","66560","100512021","662209.349069","28107","0"
"candidate-protocol-v4-20260807-155736","6d7edc7c29a60a94c59effeeb2b78d8b95038135","default-hasher:e161550f2ff7f0ec","rustc 1.97.0 (2d8144b78 2026-07-07)","x86_64-unknown-linux-gnu","Linux 7.0.11-76070011-generic x86_64","Intel(R) Core(TM) Ultra 7 155H","/dev/nvme0n1p3[/tmp] ext4   rw,nosuid,nodev,noatime,errors=remount-ro","/tmp/pigment-db-durability-bench","pigment_db","buffered","key_map","vector","successful_remove","8","32","5","1","66560","100703308","660951.475397","25614","0"
"candidate-protocol-v4-20260807-155736","6d7edc7c29a60a94c59effeeb2b78d8b95038135","default-hasher:e161550f2ff7f0ec","rustc 1.97.0 (2d8144b78 2026-07-07)","x86_64-unknown-linux-gnu","Linux 7.0.11-76070011-generic x86_64","Intel(R) Core(TM) Ultra 7 155H","/dev/nvme0n1p3[/tmp] ext4   rw,nosuid,nodev,noatime,errors=remount-ro","/tmp/pigment-db-durability-bench","pigment_db","buffered","key_map","vector","successful_remove","8","32","5","2","63488","100291097","633037.247563","28845","0"
"candidate-protocol-v4-20260807-155736","6d7edc7c29a60a94c59effeeb2b78d8b95038135","default-hasher:e161550f2ff7f0ec","rustc 1.97.0 (2d8144b78 2026-07-07)","x86_64-unknown-linux-gnu","Linux 7.0.11-76070011-generic x86_64","Intel(R) Core(TM) Ultra 7 155H","/dev/nvme0n1p3[/tmp] ext4   rw,nosuid,nodev,noatime,errors=remount-ro","/tmp/pigment-db-durability-bench","pigment_db","buffered","key_map","vector","successful_remove","8","32","5","3","64000","100127199","639186.960578","28388","0"
"candidate-protocol-v4-20260807-155736","6d7edc7c29a60a94c59effeeb2b78d8b95038135","default-hasher:e161550f2ff7f0ec","rustc 1.97.0 (2d8144b78 2026-07-07)","x86_64-unknown-linux-gnu","Linux 7.0.11-76070011-generic x86_64","Intel(R) Core(TM) Ultra 7 155H","/dev/nvme0n1p3[/tmp] ext4   rw,nosuid,nodev,noatime,errors=remount-ro","/tmp/pigment-db-durability-bench","pigment_db","buffered","key_map","vector","successful_remove","8","32","5","4","62464","100316144","622671.461535","29100","0"
"candidate-protocol-v4-20260807-155736","6d7edc7c29a60a94c59effeeb2b78d8b95038135","default-hasher:e161550f2ff7f0ec","rustc 1.97.0 (2d8144b78 2026-07-07)","x86_64-unknown-linux-gnu","Linux 7.0.11-76070011-generic x86_64","Intel(R) Core(TM) Ultra 7 155H","/dev/nvme0n1p3[/tmp] ext4   rw,nosuid,nodev,noatime,errors=remount-ro","/tmp/pigment-db-durability-bench","pigment_db","buffered","key_map","vector","successful_remove","8","32","5","5","57856","100374110","576403.616431","25075","0"
"candidate-protocol-v4-20260807-155736","6d7edc7c29a60a94c59effeeb2b78d8b95038135","default-hasher:e161550f2ff7f0ec","rustc 1.97.0 (2d8144b78 2026-07-07)","x86_64-unknown-linux-gnu","Linux 7.0.11-76070011-generic x86_64","Intel(R) Core(TM) Ultra 7 155H","/dev/nvme0n1p3[/tmp] ext4   rw,nosuid,nodev,noatime,errors=remount-ro","/tmp/pigment-db-durability-bench","pigment_db","buffered","key_map","vector","successful_remove","8","32","5","6","60928","100183981","608161.099128","28532","0"
"candidate-protocol-v4-20260807-155736","6d7edc7c29a60a94c59effeeb2b78d8b95038135","default-hasher:e161550f2ff7f0ec","rustc 1.97.0 (2d8144b78 2026-07-07)","x86_64-unknown-linux-gnu","Linux 7.0.11-76070011-generic x86_64","Intel(R) Core(TM) Ultra 7 155H","/dev/nvme0n1p3[/tmp] ext4   rw,nosuid,nodev,noatime,errors=remount-ro","/tmp/pigment-db-durability-bench","pigment_db","buffered","key_map","vector","successful_remove","8","32","5","7","66560","100619604","661501.311414","31872","0"
"candidate-protocol-v4-20260807-155736","6d7edc7c29a60a94c59effeeb2b78d8b95038135","default-hasher:e161550f2ff7f0ec","rustc 1.97.0 (2d8144b78 2026-07-07)","x86_64-unknown-linux-gnu","Linux 7.0.11-76070011-generic x86_64","Intel(R) Core(TM) Ultra 7 155H","/dev/nvme0n1p3[/tmp] ext4   rw,nosuid,nodev,noatime,errors=remount-ro","/tmp/pigment-db-durability-bench","pigment_db","buffered","key_map","vector","successful_remove","8","32","5","8","67584","100442442","672862.971611","28783","0"
"candidate-protocol-v4-20260807-155736","6d7edc7c29a60a94c59effeeb2b78d8b95038135","default-hasher:e161550f2ff7f0ec","rustc 1.97.0 (2d8144b78 2026-07-07)","x86_64-unknown-linux-gnu","Linux 7.0.11-76070011-generic x86_64","Intel(R) Core(TM) Ultra 7 155H","/dev/nvme0n1p3[/tmp] ext4   rw,nosuid,nodev,noatime,errors=remount-ro","/tmp/pigment-db-durability-bench","pigment_db","buffered","key_map","vector","successful_remove","8","32","5","9","66560","100261846","663861.704681","29806","0"
"candidate-protocol-v4-20260807-155736","6d7edc7c29a60a94c59effeeb2b78d8b95038135","default-hasher:e161550f2ff7f0ec","rustc 1.97.0 (2d8144b78 2026-07-07)","x86_64-unknown-linux-gnu","Linux 7.0.11-76070011-generic x86_64","Intel(R) Core(TM) Ultra 7 155H","/dev/nvme0n1p3[/tmp] ext4   rw,nosuid,nodev,noatime,errors=remount-ro","/tmp/pigment-db-durability-bench","pigment_db","buffered","key_map","vector","successful_remove","8","32","5","10","65024","100362228","647893.149602","28096","0"
"candidate-protocol-v4-20260807-155736","6d7edc7c29a60a94c59effeeb2b78d8b95038135","default-hasher:e161550f2ff7f0ec","rustc 1.97.0 (2d8144b78 2026-07-07)","x86_64-unknown-linux-gnu","Linux 7.0.11-76070011-generic x86_64","Intel(R) Core(TM) Ultra 7 155H","/dev/nvme0n1p3[/tmp] ext4   rw,nosuid,nodev,noatime,errors=remount-ro","/tmp/pigment-db-durability-bench","pigment_db","buffered","key_map","vector","minimal_callback","1","32","5","0","52800","100022709","527880.123703","1884","0"
"candidate-protocol-v4-20260807-155736","6d7edc7c29a60a94c59effeeb2b78d8b95038135","default-hasher:e161550f2ff7f0ec","rustc 1.97.0 (2d8144b78 2026-07-07)","x86_64-unknown-linux-gnu","Linux 7.0.11-76070011-generic x86_64","Intel(R) Core(TM) Ultra 7 155H","/dev/nvme0n1p3[/tmp] ext4   rw,nosuid,nodev,noatime,errors=remount-ro","/tmp/pigment-db-durability-bench","pigment_db","buffered","key_map","vector","minimal_callback","1","32","5","1","52864","100050378","528373.815839","1887","0"
"candidate-protocol-v4-20260807-155736","6d7edc7c29a60a94c59effeeb2b78d8b95038135","default-hasher:e161550f2ff7f0ec","rustc 1.97.0 (2d8144b78 2026-07-07)","x86_64-unknown-linux-gnu","Linux 7.0.11-76070011-generic x86_64","Intel(R) Core(TM) Ultra 7 155H","/dev/nvme0n1p3[/tmp] ext4   rw,nosuid,nodev,noatime,errors=remount-ro","/tmp/pigment-db-durability-bench","pigment_db","buffered","key_map","vector","minimal_callback","1","32","5","2","52736","100077611","526951.028038","1892","0"
"candidate-protocol-v4-20260807-155736","6d7edc7c29a60a94c59effeeb2b78d8b95038135","default-hasher:e161550f2ff7f0ec","rustc 1.97.0 (2d8144b78 2026-07-07)","x86_64-unknown-linux-gnu","Linux 7.0.11-76070011-generic x86_64","Intel(R) Core(TM) Ultra 7 155H","/dev/nvme0n1p3[/tmp] ext4   rw,nosuid,nodev,noatime,errors=remount-ro","/tmp/pigment-db-durability-bench","pigment_db","buffered","key_map","vector","minimal_callback","1","32","5","3","52800","100069137","527635.208846","1898","0"
"candidate-protocol-v4-20260807-155736","6d7edc7c29a60a94c59effeeb2b78d8b95038135","default-hasher:e161550f2ff7f0ec","rustc 1.97.0 (2d8144b78 2026-07-07)","x86_64-unknown-linux-gnu","Linux 7.0.11-76070011-generic x86_64","Intel(R) Core(TM) Ultra 7 155H","/dev/nvme0n1p3[/tmp] ext4   rw,nosuid,nodev,noatime,errors=remount-ro","/tmp/pigment-db-durability-bench","pigment_db","buffered","key_map","vector","minimal_callback","1","32","5","4","52288","100093714","522390.447016","2020","0"
"candidate-protocol-v4-20260807-155736","6d7edc7c29a60a94c59effeeb2b78d8b95038135","default-hasher:e161550f2ff7f0ec","rustc 1.97.0 (2d8144b78 2026-07-07)","x86_64-unknown-linux-gnu","Linux 7.0.11-76070011-generic x86_64","Intel(R) Core(TM) Ultra 7 155H","/dev/nvme0n1p3[/tmp] ext4   rw,nosuid,nodev,noatime,errors=remount-ro","/tmp/pigment-db-durability-bench","pigment_db","buffered","key_map","vector","minimal_callback","1","32","5","5","52352","100068198","523163.213152","1933","0"
"candidate-protocol-v4-20260807-155736","6d7edc7c29a60a94c59effeeb2b78d8b95038135","default-hasher:e161550f2ff7f0ec","rustc 1.97.0 (2d8144b78 2026-07-07)","x86_64-unknown-linux-gnu","Linux 7.0.11-76070011-generic x86_64","Intel(R) Core(TM) Ultra 7 155H","/dev/nvme0n1p3[/tmp] ext4   rw,nosuid,nodev,noatime,errors=remount-ro","/tmp/pigment-db-durability-bench","pigment_db","buffered","key_map","vector","minimal_callback","1","32","5","6","52480","100023128","524678.652321","1903","0"
"candidate-protocol-v4-20260807-155736","6d7edc7c29a60a94c59effeeb2b78d8b95038135","default-hasher:e161550f2ff7f0ec","rustc 1.97.0 (2d8144b78 2026-07-07)","x86_64-unknown-linux-gnu","Linux 7.0.11-76070011-generic x86_64","Intel(R) Core(TM) Ultra 7 155H","/dev/nvme0n1p3[/tmp] ext4   rw,nosuid,nodev,noatime,errors=remount-ro","/tmp/pigment-db-durability-bench","pigment_db","buffered","key_map","vector","minimal_callback","1","32","5","7","52352","100039358","523314.034062","1913","0"
"candidate-protocol-v4-20260807-155736","6d7edc7c29a60a94c59effeeb2b78d8b95038135","default-hasher:e161550f2ff7f0ec","rustc 1.97.0 (2d8144b78 2026-07-07)","x86_64-unknown-linux-gnu","Linux 7.0.11-76070011-generic x86_64","Intel(R) Core(TM) Ultra 7 155H","/dev/nvme0n1p3[/tmp] ext4   rw,nosuid,nodev,noatime,errors=remount-ro","/tmp/pigment-db-durability-bench","pigment_db","buffered","key_map","vector","minimal_callback","1","32","5","8","52544","100059593","525127.061031","1910","0"
"candidate-protocol-v4-20260807-155736","6d7edc7c29a60a94c59effeeb2b78d8b95038135","default-hasher:e161550f2ff7f0ec","rustc 1.97.0 (2d8144b78 2026-07-07)","x86_64-unknown-linux-gnu","Linux 7.0.11-76070011-generic x86_64","Intel(R) Core(TM) Ultra 7 155H","/dev/nvme0n1p3[/tmp] ext4   rw,nosuid,nodev,noatime,errors=remount-ro","/tmp/pigment-db-durability-bench","pigment_db","buffered","key_map","vector","minimal_callback","1","32","5","9","52160","100000827","521595.686404","1951","0"
"candidate-protocol-v4-20260807-155736","6d7edc7c29a60a94c59effeeb2b78d8b95038135","default-hasher:e161550f2ff7f0ec","rustc 1.97.0 (2d8144b78 2026-07-07)","x86_64-unknown-linux-gnu","Linux 7.0.11-76070011-generic x86_64","Intel(R) Core(TM) Ultra 7 155H","/dev/nvme0n1p3[/tmp] ext4   rw,nosuid,nodev,noatime,errors=remount-ro","/tmp/pigment-db-durability-bench","pigment_db","buffered","key_map","vector","minimal_callback","1","32","5","10","52672","100096466","526212.383962","1897","0"
"candidate-protocol-v4-20260807-155736","6d7edc7c29a60a94c59effeeb2b78d8b95038135","default-hasher:e161550f2ff7f0ec","rustc 1.97.0 (2d8144b78 2026-07-07)","x86_64-unknown-linux-gnu","Linux 7.0.11-76070011-generic x86_64","Intel(R) Core(TM) Ultra 7 155H","/dev/nvme0n1p3[/tmp] ext4   rw,nosuid,nodev,noatime,errors=remount-ro","/tmp/pigment-db-durability-bench","pigment_db","buffered","key_map","vector","minimal_callback","8","32","5","0","28672","100111618","286400.325684","78923","0"
"candidate-protocol-v4-20260807-155736","6d7edc7c29a60a94c59effeeb2b78d8b95038135","default-hasher:e161550f2ff7f0ec","rustc 1.97.0 (2d8144b78 2026-07-07)","x86_64-unknown-linux-gnu","Linux 7.0.11-76070011-generic x86_64","Intel(R) Core(TM) Ultra 7 155H","/dev/nvme0n1p3[/tmp] ext4   rw,nosuid,nodev,noatime,errors=remount-ro","/tmp/pigment-db-durability-bench","pigment_db","buffered","key_map","vector","minimal_callback","8","32","5","1","29184","101400379","287809.575150","85649","0"
"candidate-protocol-v4-20260807-155736","6d7edc7c29a60a94c59effeeb2b78d8b95038135","default-hasher:e161550f2ff7f0ec","rustc 1.97.0 (2d8144b78 2026-07-07)","x86_64-unknown-linux-gnu","Linux 7.0.11-76070011-generic x86_64","Intel(R) Core(TM) Ultra 7 155H","/dev/nvme0n1p3[/tmp] ext4   rw,nosuid,nodev,noatime,errors=remount-ro","/tmp/pigment-db-durability-bench","pigment_db","buffered","key_map","vector","minimal_callback","8","32","5","2","30720","100879558","304521.556290","73348","0"
"candidate-protocol-v4-20260807-155736","6d7edc7c29a60a94c59effeeb2b78d8b95038135","default-hasher:e161550f2ff7f0ec","rustc 1.97.0 (2d8144b78 2026-07-07)","x86_64-unknown-linux-gnu","Linux 7.0.11-76070011-generic x86_64","Intel(R) Core(TM) Ultra 7 155H","/dev/nvme0n1p3[/tmp] ext4   rw,nosuid,nodev,noatime,errors=remount-ro","/tmp/pigment-db-durability-bench","pigment_db","buffered","key_map","vector","minimal_callback","8","32","5","3","31232","100818977","309782.948899","91032","0"
"candidate-protocol-v4-20260807-155736","6d7edc7c29a60a94c59effeeb2b78d8b95038135","default-hasher:e161550f2ff7f0ec","rustc 1.97.0 (2d8144b78 2026-07-07)","x86_64-unknown-linux-gnu","Linux 7.0.11-76070011-generic x86_64","Intel(R) Core(TM) Ultra 7 155H","/dev/nvme0n1p3[/tmp] ext4   rw,nosuid,nodev,noatime,errors=remount-ro","/tmp/pigment-db-durability-bench","pigment_db","buffered","key_map","vector","minimal_callback","8","32","5","4","30208","100998251","299094.288276","85161","0"
"candidate-protocol-v4-20260807-155736","6d7edc7c29a60a94c59effeeb2b78d8b95038135","default-hasher:e161550f2ff7f0ec","rustc 1.97.0 (2d8144b78 2026-07-07)","x86_64-unknown-linux-gnu","Linux 7.0.11-76070011-generic x86_64","Intel(R) Core(TM) Ultra 7 155H","/dev/nvme0n1p3[/tmp] ext4   rw,nosuid,nodev,noatime,errors=remount-ro","/tmp/pigment-db-durability-bench","pigment_db","buffered","key_map","vector","minimal_callback","8","32","5","5","29184","100931710","289145.997824","76806","0"
"candidate-protocol-v4-20260807-155736","6d7edc7c29a60a94c59effeeb2b78d8b95038135","default-hasher:e161550f2ff7f0ec","rustc 1.97.0 (2d8144b78 2026-07-07)","x86_64-unknown-linux-gnu","Linux 7.0.11-76070011-generic x86_64","Intel(R) Core(TM) Ultra 7 155H","/dev/nvme0n1p3[/tmp] ext4   rw,nosuid,nodev,noatime,errors=remount-ro","/tmp/pigment-db-durability-bench","pigment_db","buffered","key_map","vector","minimal_callback","8","32","5","6","30720","101560366","302480.201775","76563","0"
"candidate-protocol-v4-20260807-155736","6d7edc7c29a60a94c59effeeb2b78d8b95038135","default-hasher:e161550f2ff7f0ec","rustc 1.97.0 (2d8144b78 2026-07-07)","x86_64-unknown-linux-gnu","Linux 7.0.11-76070011-generic x86_64","Intel(R) Core(TM) Ultra 7 155H","/dev/nvme0n1p3[/tmp] ext4   rw,nosuid,nodev,noatime,errors=remount-ro","/tmp/pigment-db-durability-bench","pigment_db","buffered","key_map","vector","minimal_callback","8","32","5","7","30208","101250513","298349.105648","77777","0"
"candidate-protocol-v4-20260807-155736","6d7edc7c29a60a94c59effeeb2b78d8b95038135","default-hasher:e161550f2ff7f0ec","rustc 1.97.0 (2d8144b78 2026-07-07)","x86_64-unknown-linux-gnu","Linux 7.0.11-76070011-generic x86_64","Intel(R) Core(TM) Ultra 7 155H","/dev/nvme0n1p3[/tmp] ext4   rw,nosuid,nodev,noatime,errors=remount-ro","/tmp/pigment-db-durability-bench","pigment_db","buffered","key_map","vector","minimal_callback","8","32","5","8","31744","100638478","315426.073912","83704","0"
"candidate-protocol-v4-20260807-155736","6d7edc7c29a60a94c59effeeb2b78d8b95038135","default-hasher:e161550f2ff7f0ec","rustc 1.97.0 (2d8144b78 2026-07-07)","x86_64-unknown-linux-gnu","Linux 7.0.11-76070011-generic x86_64","Intel(R) Core(TM) Ultra 7 155H","/dev/nvme0n1p3[/tmp] ext4   rw,nosuid,nodev,noatime,errors=remount-ro","/tmp/pigment-db-durability-bench","pigment_db","buffered","key_map","vector","minimal_callback","8","32","5","9","31232","100143278","311873.154382","90623","0"
"candidate-protocol-v4-20260807-155736","6d7edc7c29a60a94c59effeeb2b78d8b95038135","default-hasher:e161550f2ff7f0ec","rustc 1.97.0 (2d8144b78 2026-07-07)","x86_64-unknown-linux-gnu","Linux 7.0.11-76070011-generic x86_64","Intel(R) Core(TM) Ultra 7 155H","/dev/nvme0n1p3[/tmp] ext4   rw,nosuid,nodev,noatime,errors=remount-ro","/tmp/pigment-db-durability-bench","pigment_db","buffered","key_map","vector","minimal_callback","8","32","5","10","29696","101130589","293640.136912","55901","0"
"candidate-protocol-v4-20260807-155736","6d7edc7c29a60a94c59effeeb2b78d8b95038135","default-hasher:e161550f2ff7f0ec","rustc 1.97.0 (2d8144b78 2026-07-07)","x86_64-unknown-linux-gnu","Linux 7.0.11-76070011-generic x86_64","Intel(R) Core(TM) Ultra 7 155H","/dev/nvme0n1p3[/tmp] ext4   rw,nosuid,nodev,noatime,errors=remount-ro","/tmp/pigment-db-durability-bench","pigment_db","buffered","key_map","file","ordinary_write","1","32","5","0","37312","100090250","372783.562835","4374","0"
"candidate-protocol-v4-20260807-155736","6d7edc7c29a60a94c59effeeb2b78d8b95038135","default-hasher:e161550f2ff7f0ec","rustc 1.97.0 (2d8144b78 2026-07-07)","x86_64-unknown-linux-gnu","Linux 7.0.11-76070011-generic x86_64","Intel(R) Core(TM) Ultra 7 155H","/dev/nvme0n1p3[/tmp] ext4   rw,nosuid,nodev,noatime,errors=remount-ro","/tmp/pigment-db-durability-bench","pigment_db","buffered","key_map","file","ordinary_write","1","32","5","1","39808","100098681","397687.557941","3480","0"
"candidate-protocol-v4-20260807-155736","6d7edc7c29a60a94c59effeeb2b78d8b95038135","default-hasher:e161550f2ff7f0ec","rustc 1.97.0 (2d8144b78 2026-07-07)","x86_64-unknown-linux-gnu","Linux 7.0.11-76070011-generic x86_64","Intel(R) Core(TM) Ultra 7 155H","/dev/nvme0n1p3[/tmp] ext4   rw,nosuid,nodev,noatime,errors=remount-ro","/tmp/pigment-db-durability-bench","pigment_db","buffered","key_map","file","ordinary_write","1","32","5","2","39744","100225264","396546.722990","3577","0"
"candidate-protocol-v4-20260807-155736","6d7edc7c29a60a94c59effeeb2b78d8b95038135","default-hasher:e161550f2ff7f0ec","rustc 1.97.0 (2d8144b78 2026-07-07)","x86_64-unknown-linux-gnu","Linux 7.0.11-76070011-generic x86_64","Intel(R) Core(TM) Ultra 7 155H","/dev/nvme0n1p3[/tmp] ext4   rw,nosuid,nodev,noatime,errors=remount-ro","/tmp/pigment-db-durability-bench","pigment_db","buffered","key_map","file","ordinary_write","1","32","5","3","40000","100095261","399619.318641","3434","0"
"candidate-protocol-v4-20260807-155736","6d7edc7c29a60a94c59effeeb2b78d8b95038135","default-hasher:e161550f2ff7f0ec","rustc 1.97.0 (2d8144b78 2026-07-07)","x86_64-unknown-linux-gnu","Linux 7.0.11-76070011-generic x86_64","Intel(R) Core(TM) Ultra 7 155H","/dev/nvme0n1p3[/tmp] ext4   rw,nosuid,nodev,noatime,errors=remount-ro","/tmp/pigment-db-durability-bench","pigment_db","buffered","key_map","file","ordinary_write","1","32","5","4","39296","100092003","392598.797328","3657","0"
"candidate-protocol-v4-20260807-155736","6d7edc7c29a60a94c59effeeb2b78d8b95038135","default-hasher:e161550f2ff7f0ec","rustc 1.97.0 (2d8144b78 2026-07-07)","x86_64-unknown-linux-gnu","Linux 7.0.11-76070011-generic x86_64","Intel(R) Core(TM) Ultra 7 155H","/dev/nvme0n1p3[/tmp] ext4   rw,nosuid,nodev,noatime,errors=remount-ro","/tmp/pigment-db-durability-bench","pigment_db","buffered","key_map","file","ordinary_write","1","32","5","5","38912","100010315","389079.866412","3748","0"
"candidate-protocol-v4-20260807-155736","6d7edc7c29a60a94c59effeeb2b78d8b95038135","default-hasher:e161550f2ff7f0ec","rustc 1.97.0 (2d8144b78 2026-07-07)","x86_64-unknown-linux-gnu","Linux 7.0.11-76070011-generic x86_64","Intel(R) Core(TM) Ultra 7 155H","/dev/nvme0n1p3[/tmp] ext4   rw,nosuid,nodev,noatime,errors=remount-ro","/tmp/pigment-db-durability-bench","pigment_db","buffered","key_map","file","ordinary_write","1","32","5","6","39488","100098513","394491.374712","3425","0"
"candidate-protocol-v4-20260807-155736","6d7edc7c29a60a94c59effeeb2b78d8b95038135","default-hasher:e161550f2ff7f0ec","rustc 1.97.0 (2d8144b78 2026-07-07)","x86_64-unknown-linux-gnu","Linux 7.0.11-76070011-generic x86_64","Intel(R) Core(TM) Ultra 7 155H","/dev/nvme0n1p3[/tmp] ext4   rw,nosuid,nodev,noatime,errors=remount-ro","/tmp/pigment-db-durability-bench","pigment_db","buffered","key_map","file","ordinary_write","1","32","5","7","39552","100144182","394950.552395","3689","0"
"candidate-protocol-v4-20260807-155736","6d7edc7c29a60a94c59effeeb2b78d8b95038135","default-hasher:e161550f2ff7f0ec","rustc 1.97.0 (2d8144b78 2026-07-07)","x86_64-unknown-linux-gnu","Linux 7.0.11-76070011-generic x86_64","Intel(R) Core(TM) Ultra 7 155H","/dev/nvme0n1p3[/tmp] ext4   rw,nosuid,nodev,noatime,errors=remount-ro","/tmp/pigment-db-durability-bench","pigment_db","buffered","key_map","file","ordinary_write","1","32","5","8","40128","100116051","400814.850358","3415","0"
"candidate-protocol-v4-20260807-155736","6d7edc7c29a60a94c59effeeb2b78d8b95038135","default-hasher:e161550f2ff7f0ec","rustc 1.97.0 (2d8144b78 2026-07-07)","x86_64-unknown-linux-gnu","Linux 7.0.11-76070011-generic x86_64","Intel(R) Core(TM) Ultra 7 155H","/dev/nvme0n1p3[/tmp] ext4   rw,nosuid,nodev,noatime,errors=remount-ro","/tmp/pigment-db-durability-bench","pigment_db","buffered","key_map","file","ordinary_write","1","32","5","9","39168","100013885","391625.622782","3404","0"
"candidate-protocol-v4-20260807-155736","6d7edc7c29a60a94c59effeeb2b78d8b95038135","default-hasher:e161550f2ff7f0ec","rustc 1.97.0 (2d8144b78 2026-07-07)","x86_64-unknown-linux-gnu","Linux 7.0.11-76070011-generic x86_64","Intel(R) Core(TM) Ultra 7 155H","/dev/nvme0n1p3[/tmp] ext4   rw,nosuid,nodev,noatime,errors=remount-ro","/tmp/pigment-db-durability-bench","pigment_db","buffered","key_map","file","ordinary_write","1","32","5","10","40640","100016829","406331.618452","3328","0"
"candidate-protocol-v4-20260807-155736","6d7edc7c29a60a94c59effeeb2b78d8b95038135","default-hasher:e161550f2ff7f0ec","rustc 1.97.0 (2d8144b78 2026-07-07)","x86_64-unknown-linux-gnu","Linux 7.0.11-76070011-generic x86_64","Intel(R) Core(TM) Ultra 7 155H","/dev/nvme0n1p3[/tmp] ext4   rw,nosuid,nodev,noatime,errors=remount-ro","/tmp/pigment-db-durability-bench","pigment_db","buffered","key_map","file","ordinary_write","8","32","5","0","19456","102575674","189674.600627","119349","0"
"candidate-protocol-v4-20260807-155736","6d7edc7c29a60a94c59effeeb2b78d8b95038135","default-hasher:e161550f2ff7f0ec","rustc 1.97.0 (2d8144b78 2026-07-07)","x86_64-unknown-linux-gnu","Linux 7.0.11-76070011-generic x86_64","Intel(R) Core(TM) Ultra 7 155H","/dev/nvme0n1p3[/tmp] ext4   rw,nosuid,nodev,noatime,errors=remount-ro","/tmp/pigment-db-durability-bench","pigment_db","buffered","key_map","file","ordinary_write","8","32","5","1","18432","102574944","179693.005731","120983","0"
"candidate-protocol-v4-20260807-155736","6d7edc7c29a60a94c59effeeb2b78d8b95038135","default-hasher:e161550f2ff7f0ec","rustc 1.97.0 (2d8144b78 2026-07-07)","x86_64-unknown-linux-gnu","Linux 7.0.11-76070011-generic x86_64","Intel(R) Core(TM) Ultra 7 155H","/dev/nvme0n1p3[/tmp] ext4   rw,nosuid,nodev,noatime,errors=remount-ro","/tmp/pigment-db-durability-bench","pigment_db","buffered","key_map","file","ordinary_write","8","32","5","2","13824","100458656","137608.848759","106018","0"
"candidate-protocol-v4-20260807-155736","6d7edc7c29a60a94c59effeeb2b78d8b95038135","default-hasher:e161550f2ff7f0ec","rustc 1.97.0 (2d8144b78 2026-07-07)","x86_64-unknown-linux-gnu","Linux 7.0.11-76070011-generic x86_64","Intel(R) Core(TM) Ultra 7 155H","/dev/nvme0n1p3[/tmp] ext4   rw,nosuid,nodev,noatime,errors=remount-ro","/tmp/pigment-db-durability-bench","pigment_db","buffered","key_map","file","ordinary_write","8","32","5","3","17920","101693389","176215.978012","129171","0"
"candidate-protocol-v4-20260807-155736","6d7edc7c29a60a94c59effeeb2b78d8b95038135","default-hasher:e161550f2ff7f0ec","rustc 1.97.0 (2d8144b78 2026-07-07)","x86_64-unknown-linux-gnu","Linux 7.0.11-76070011-generic x86_64","Intel(R) Core(TM) Ultra 7 155H","/dev/nvme0n1p3[/tmp] ext4   rw,nosuid,nodev,noatime,errors=remount-ro","/tmp/pigment-db-durability-bench","pigment_db","buffered","key_map","file","ordinary_write","8","32","5","4","18944","101797999","186094.031180","124955","0"
"candidate-protocol-v4-20260807-155736","6d7edc7c29a60a94c59effeeb2b78d8b95038135","default-hasher:e161550f2ff7f0ec","rustc 1.97.0 (2d8144b78 2026-07-07)","x86_64-unknown-linux-gnu","Linux 7.0.11-76070011-generic x86_64","Intel(R) Core(TM) Ultra 7 155H","/dev/nvme0n1p3[/tmp] ext4   rw,nosuid,nodev,noatime,errors=remount-ro","/tmp/pigment-db-durability-bench","pigment_db","buffered","key_map","file","ordinary_write","8","32","5","5","18944","100386304","188711.001851","109370","0"
"candidate-protocol-v4-20260807-155736","6d7edc7c29a60a94c59effeeb2b78d8b95038135","default-hasher:e161550f2ff7f0ec","rustc 1.97.0 (2d8144b78 2026-07-07)","x86_64-unknown-linux-gnu","Linux 7.0.11-76070011-generic x86_64","Intel(R) Core(TM) Ultra 7 155H","/dev/nvme0n1p3[/tmp] ext4   rw,nosuid,nodev,noatime,errors=remount-ro","/tmp/pigment-db-durability-bench","pigment_db","buffered","key_map","file","ordinary_write","8","32","5","6","18432","100322482","183727.511845","114065","0"
"candidate-protocol-v4-20260807-155736","6d7edc7c29a60a94c59effeeb2b78d8b95038135","default-hasher:e161550f2ff7f0ec","rustc 1.97.0 (2d8144b78 2026-07-07)","x86_64-unknown-linux-gnu","Linux 7.0.11-76070011-generic x86_64","Intel(R) Core(TM) Ultra 7 155H","/dev/nvme0n1p3[/tmp] ext4   rw,nosuid,nodev,noatime,errors=remount-ro","/tmp/pigment-db-durability-bench","pigment_db","buffered","key_map","file","ordinary_write","8","32","5","7","18432","101284366","181982.676379","122974","0"
"candidate-protocol-v4-20260807-155736","6d7edc7c29a60a94c59effeeb2b78d8b95038135","default-hasher:e161550f2ff7f0ec","rustc 1.97.0 (2d8144b78 2026-07-07)","x86_64-unknown-linux-gnu","Linux 7.0.11-76070011-generic x86_64","Intel(R) Core(TM) Ultra 7 155H","/dev/nvme0n1p3[/tmp] ext4   rw,nosuid,nodev,noatime,errors=remount-ro","/tmp/pigment-db-durability-bench","pigment_db","buffered","key_map","file","ordinary_write","8","32","5","8","18432","100982237","182527.150790","117629","0"
"candidate-protocol-v4-20260807-155736","6d7edc7c29a60a94c59effeeb2b78d8b95038135","default-hasher:e161550f2ff7f0ec","rustc 1.97.0 (2d8144b78 2026-07-07)","x86_64-unknown-linux-gnu","Linux 7.0.11-76070011-generic x86_64","Intel(R) Core(TM) Ultra 7 155H","/dev/nvme0n1p3[/tmp] ext4   rw,nosuid,nodev,noatime,errors=remount-ro","/tmp/pigment-db-durability-bench","pigment_db","buffered","key_map","file","ordinary_write","8","32","5","9","18944","101680745","186308.627066","107802","0"
"candidate-protocol-v4-20260807-155736","6d7edc7c29a60a94c59effeeb2b78d8b95038135","default-hasher:e161550f2ff7f0ec","rustc 1.97.0 (2d8144b78 2026-07-07)","x86_64-unknown-linux-gnu","Linux 7.0.11-76070011-generic x86_64","Intel(R) Core(TM) Ultra 7 155H","/dev/nvme0n1p3[/tmp] ext4   rw,nosuid,nodev,noatime,errors=remount-ro","/tmp/pigment-db-durability-bench","pigment_db","buffered","key_map","file","ordinary_write","8","32","5","10","17920","101446213","176645.332241","109701","0"
"candidate-protocol-v4-20260807-155736","6d7edc7c29a60a94c59effeeb2b78d8b95038135","default-hasher:e161550f2ff7f0ec","rustc 1.97.0 (2d8144b78 2026-07-07)","x86_64-unknown-linux-gnu","Linux 7.0.11-76070011-generic x86_64","Intel(R) Core(TM) Ultra 7 155H","/dev/nvme0n1p3[/tmp] ext4   rw,nosuid,nodev,noatime,errors=remount-ro","/tmp/pigment-db-durability-bench","pigment_db","buffered","key_map","file","successful_remove","1","32","5","0","31744","100018617","317380.913195","3804","0"
"candidate-protocol-v4-20260807-155736","6d7edc7c29a60a94c59effeeb2b78d8b95038135","default-hasher:e161550f2ff7f0ec","rustc 1.97.0 (2d8144b78 2026-07-07)","x86_64-unknown-linux-gnu","Linux 7.0.11-76070011-generic x86_64","Intel(R) Core(TM) Ultra 7 155H","/dev/nvme0n1p3[/tmp] ext4   rw,nosuid,nodev,noatime,errors=remount-ro","/tmp/pigment-db-durability-bench","pigment_db","buffered","key_map","file","successful_remove","1","32","5","1","32640","100155804","325892.246844","3537","0"
"candidate-protocol-v4-20260807-155736","6d7edc7c29a60a94c59effeeb2b78d8b95038135","default-hasher:e161550f2ff7f0ec","rustc 1.97.0 (2d8144b78 2026-07-07)","x86_64-unknown-linux-gnu","Linux 7.0.11-76070011-generic x86_64","Intel(R) Core(TM) Ultra 7 155H","/dev/nvme0n1p3[/tmp] ext4   rw,nosuid,nodev,noatime,errors=remount-ro","/tmp/pigment-db-durability-bench","pigment_db","buffered","key_map","file","successful_remove","1","32","5","2","32960","100089624","329304.863809","3564","0"
"candidate-protocol-v4-20260807-155736","6d7edc7c29a60a94c59effeeb2b78d8b95038135","default-hasher:e161550f2ff7f0ec","rustc 1.97.0 (2d8144b78 2026-07-07)","x86_64-unknown-linux-gnu","Linux 7.0.11-76070011-generic x86_64","Intel(R) Core(TM) Ultra 7 155H","/dev/nvme0n1p3[/tmp] ext4   rw,nosuid,nodev,noatime,errors=remount-ro","/tmp/pigment-db-durability-bench","pigment_db","buffered","key_map","file","successful_remove","1","32","5","3","32960","100000204","329599.327617","3595","0"
"candidate-protocol-v4-20260807-155736","6d7edc7c29a60a94c59effeeb2b78d8b95038135","default-hasher:e161550f2ff7f0ec","rustc 1.97.0 (2d8144b78 2026-07-07)","x86_64-unknown-linux-gnu","Linux 7.0.11-76070011-generic x86_64","Intel(R) Core(TM) Ultra 7 155H","/dev/nvme0n1p3[/tmp] ext4   rw,nosuid,nodev,noatime,errors=remount-ro","/tmp/pigment-db-durability-bench","pigment_db","buffered","key_map","file","successful_remove","1","32","5","4","32128","100067446","321063.455542","3701","0"
"candidate-protocol-v4-20260807-155736","6d7edc7c29a60a94c59effeeb2b78d8b95038135","default-hasher:e161550f2ff7f0ec","rustc 1.97.0 (2d8144b78 2026-07-07)","x86_64-unknown-linux-gnu","Linux 7.0.11-76070011-generic x86_64","Intel(R) Core(TM) Ultra 7 155H","/dev/nvme0n1p3[/tmp] ext4   rw,nosuid,nodev,noatime,errors=remount-ro","/tmp/pigment-db-durability-bench","pigment_db","buffered","key_map","file","successful_remove","1","32","5","5","30656","100184122","305996.592953","3826","0"
"candidate-protocol-v4-20260807-155736","6d7edc7c29a60a94c59effeeb2b78d8b95038135","default-hasher:e161550f2ff7f0ec","rustc 1.97.0 (2d8144b78 2026-07-07)","x86_64-unknown-linux-gnu","Linux 7.0.11-76070011-generic x86_64","Intel(R) Core(TM) Ultra 7 155H","/dev/nvme0n1p3[/tmp] ext4   rw,nosuid,nodev,noatime,errors=remount-ro","/tmp/pigment-db-durability-bench","pigment_db","buffered","key_map","file","successful_remove","1","32","5","6","32256","100099853","322238.235455","3600","0"
"candidate-protocol-v4-20260807-155736","6d7edc7c29a60a94c59effeeb2b78d8b95038135","default-hasher:e161550f2ff7f0ec","rustc 1.97.0 (2d8144b78 2026-07-07)","x86_64-unknown-linux-gnu","Linux 7.0.11-76070011-generic x86_64","Intel(R) Core(TM) Ultra 7 155H","/dev/nvme0n1p3[/tmp] ext4   rw,nosuid,nodev,noatime,errors=remount-ro","/tmp/pigment-db-durability-bench","pigment_db","buffered","key_map","file","successful_remove","1","32","5","7","32576","100111677","325396.606831","3520","0"
"candidate-protocol-v4-20260807-155736","6d7edc7c29a60a94c59effeeb2b78d8b95038135","default-hasher:e161550f2ff7f0ec","rustc 1.97.0 (2d8144b78 2026-07-07)","x86_64-unknown-linux-gnu","Linux 7.0.11-76070011-generic x86_64","Intel(R) Core(TM) Ultra 7 155H","/dev/nvme0n1p3[/tmp] ext4   rw,nosuid,nodev,noatime,errors=remount-ro","/tmp/pigment-db-durability-bench","pigment_db","buffered","key_map","file","successful_remove","1","32","5","8","32448","100075954","324233.731512","3549","0"
"candidate-protocol-v4-20260807-155736","6d7edc7c29a60a94c59effeeb2b78d8b95038135","default-hasher:e161550f2ff7f0ec","rustc 1.97.0 (2d8144b78 2026-07-07)","x86_64-unknown-linux-gnu","Linux 7.0.11-76070011-generic x86_64","Intel(R) Core(TM) Ultra 7 155H","/dev/nvme0n1p3[/tmp] ext4   rw,nosuid,nodev,noatime,errors=remount-ro","/tmp/pigment-db-durability-bench","pigment_db","buffered","key_map","file","successful_remove","1","32","5","9","32640","100085160","326122.274271","3487","0"
"candidate-protocol-v4-20260807-155736","6d7edc7c29a60a94c59effeeb2b78d8b95038135","default-hasher:e161550f2ff7f0ec","rustc 1.97.0 (2d8144b78 2026-07-07)","x86_64-unknown-linux-gnu","Linux 7.0.11-76070011-generic x86_64","Intel(R) Core(TM) Ultra 7 155H","/dev/nvme0n1p3[/tmp] ext4   rw,nosuid,nodev,noatime,errors=remount-ro","/tmp/pigment-db-durability-bench","pigment_db","buffered","key_map","file","successful_remove","1","32","5","10","32512","100134629","324682.882682","3617","0"
"candidate-protocol-v4-20260807-155736","6d7edc7c29a60a94c59effeeb2b78d8b95038135","default-hasher:e161550f2ff7f0ec","rustc 1.97.0 (2d8144b78 2026-07-07)","x86_64-unknown-linux-gnu","Linux 7.0.11-76070011-generic x86_64","Intel(R) Core(TM) Ultra 7 155H","/dev/nvme0n1p3[/tmp] ext4   rw,nosuid,nodev,noatime,errors=remount-ro","/tmp/pigment-db-durability-bench","pigment_db","buffered","key_map","file","successful_remove","8","32","5","0","15360","100245310","153224.125897","90825","0"
"candidate-protocol-v4-20260807-155736","6d7edc7c29a60a94c59effeeb2b78d8b95038135","default-hasher:e161550f2ff7f0ec","rustc 1.97.0 (2d8144b78 2026-07-07)","x86_64-unknown-linux-gnu","Linux 7.0.11-76070011-generic x86_64","Intel(R) Core(TM) Ultra 7 155H","/dev/nvme0n1p3[/tmp] ext4   rw,nosuid,nodev,noatime,errors=remount-ro","/tmp/pigment-db-durability-bench","pigment_db","buffered","key_map","file","successful_remove","8","32","5","1","16896","101270874","166839.677912","107330","0"
"candidate-protocol-v4-20260807-155736","6d7edc7c29a60a94c59effeeb2b78d8b95038135","default-hasher:e161550f2ff7f0ec","rustc 1.97.0 (2d8144b78 2026-07-07)","x86_64-unknown-linux-gnu","Linux 7.0.11-76070011-generic x86_64","Intel(R) Core(TM) Ultra 7 155H","/dev/nvme0n1p3[/tmp] ext4   rw,nosuid,nodev,noatime,errors=remount-ro","/tmp/pigment-db-durability-bench","pigment_db","buffered","key_map","file","successful_remove","8","32","5","2","16384","102133560","160417.398551","118387","0"
"candidate-protocol-v4-20260807-155736","6d7edc7c29a60a94c59effeeb2b78d8b95038135","default-hasher:e161550f2ff7f0ec","rustc 1.97.0 (2d8144b78 2026-07-07)","x86_64-unknown-linux-gnu","Linux 7.0.11-76070011-generic x86_64","Intel(R) Core(TM) Ultra 7 155H","/dev/nvme0n1p3[/tmp] ext4   rw,nosuid,nodev,noatime,errors=remount-ro","/tmp/pigment-db-durability-bench","pigment_db","buffered","key_map","file","successful_remove","8","32","5","3","16896","102546390","164764.454409","107495","0"
"candidate-protocol-v4-20260807-155736","6d7edc7c29a60a94c59effeeb2b78d8b95038135","default-hasher:e161550f2ff7f0ec","rustc 1.97.0 (2d8144b78 2026-07-07)","x86_64-unknown-linux-gnu","Linux 7.0.11-76070011-generic x86_64","Intel(R) Core(TM) Ultra 7 155H","/dev/nvme0n1p3[/tmp] ext4   rw,nosuid,nodev,noatime,errors=remount-ro","/tmp/pigment-db-durability-bench","pigment_db","buffered","key_map","file","successful_remove","8","32","5","4","16384","100264922","163407.098646","99214","0"
"candidate-protocol-v4-20260807-155736","6d7edc7c29a60a94c59effeeb2b78d8b95038135","default-hasher:e161550f2ff7f0ec","rustc 1.97.0 (2d8144b78 2026-07-07)","x86_64-unknown-linux-gnu","Linux 7.0.11-76070011-generic x86_64","Intel(R) Core(TM) Ultra 7 155H","/dev/nvme0n1p3[/tmp] ext4   rw,nosuid,nodev,noatime,errors=remount-ro","/tmp/pigment-db-durability-bench","pigment_db","buffered","key_map","file","successful_remove","8","32","5","5","16896","101426920","166582.993943","110316","0"
"candidate-protocol-v4-20260807-155736","6d7edc7c29a60a94c59effeeb2b78d8b95038135","default-hasher:e161550f2ff7f0ec","rustc 1.97.0 (2d8144b78 2026-07-07)","x86_64-unknown-linux-gnu","Linux 7.0.11-76070011-generic x86_64","Intel(R) Core(TM) Ultra 7 155H","/dev/nvme0n1p3[/tmp] ext4   rw,nosuid,nodev,noatime,errors=remount-ro","/tmp/pigment-db-durability-bench","pigment_db","buffered","key_map","file","successful_remove","8","32","5","6","16384","102653504","159604.878173","112994","0"
"candidate-protocol-v4-20260807-155736","6d7edc7c29a60a94c59effeeb2b78d8b95038135","default-hasher:e161550f2ff7f0ec","rustc 1.97.0 (2d8144b78 2026-07-07)","x86_64-unknown-linux-gnu","Linux 7.0.11-76070011-generic x86_64","Intel(R) Core(TM) Ultra 7 155H","/dev/nvme0n1p3[/tmp] ext4   rw,nosuid,nodev,noatime,errors=remount-ro","/tmp/pigment-db-durability-bench","pigment_db","buffered","key_map","file","successful_remove","8","32","5","7","16896","102640132","164613.973801","89442","0"
"candidate-protocol-v4-20260807-155736","6d7edc7c29a60a94c59effeeb2b78d8b95038135","default-hasher:e161550f2ff7f0ec","rustc 1.97.0 (2d8144b78 2026-07-07)","x86_64-unknown-linux-gnu","Linux 7.0.11-76070011-generic x86_64","Intel(R) Core(TM) Ultra 7 155H","/dev/nvme0n1p3[/tmp] ext4   rw,nosuid,nodev,noatime,errors=remount-ro","/tmp/pigment-db-durability-bench","pigment_db","buffered","key_map","file","successful_remove","8","32","5","8","15872","102027903","155565.286880","100960","0"
"candidate-protocol-v4-20260807-155736","6d7edc7c29a60a94c59effeeb2b78d8b95038135","default-hasher:e161550f2ff7f0ec","rustc 1.97.0 (2d8144b78 2026-07-07)","x86_64-unknown-linux-gnu","Linux 7.0.11-76070011-generic x86_64","Intel(R) Core(TM) Ultra 7 155H","/dev/nvme0n1p3[/tmp] ext4   rw,nosuid,nodev,noatime,errors=remount-ro","/tmp/pigment-db-durability-bench","pigment_db","buffered","key_map","file","successful_remove","8","32","5","9","17920","101707474","176191.574672","117612","0"
"candidate-protocol-v4-20260807-155736","6d7edc7c29a60a94c59effeeb2b78d8b95038135","default-hasher:e161550f2ff7f0ec","rustc 1.97.0 (2d8144b78 2026-07-07)","x86_64-unknown-linux-gnu","Linux 7.0.11-76070011-generic x86_64","Intel(R) Core(TM) Ultra 7 155H","/dev/nvme0n1p3[/tmp] ext4   rw,nosuid,nodev,noatime,errors=remount-ro","/tmp/pigment-db-durability-bench","pigment_db","buffered","key_map","file","successful_remove","8","32","5","10","17408","100590719","173057.715195","101735","0"
"candidate-protocol-v4-20260807-155736","6d7edc7c29a60a94c59effeeb2b78d8b95038135","default-hasher:e161550f2ff7f0ec","rustc 1.97.0 (2d8144b78 2026-07-07)","x86_64-unknown-linux-gnu","Linux 7.0.11-76070011-generic x86_64","Intel(R) Core(TM) Ultra 7 155H","/dev/nvme0n1p3[/tmp] ext4   rw,nosuid,nodev,noatime,errors=remount-ro","/tmp/pigment-db-durability-bench","pigment_db","buffered","key_map","file","minimal_callback","1","32","5","0","25984","100044881","259723.433526","6218","0"
"candidate-protocol-v4-20260807-155736","6d7edc7c29a60a94c59effeeb2b78d8b95038135","default-hasher:e161550f2ff7f0ec","rustc 1.97.0 (2d8144b78 2026-07-07)","x86_64-unknown-linux-gnu","Linux 7.0.11-76070011-generic x86_64","Intel(R) Core(TM) Ultra 7 155H","/dev/nvme0n1p3[/tmp] ext4   rw,nosuid,nodev,noatime,errors=remount-ro","/tmp/pigment-db-durability-bench","pigment_db","buffered","key_map","file","minimal_callback","1","32","5","1","26176","100148799","261371.082443","6159","0"
"candidate-protocol-v4-20260807-155736","6d7edc7c29a60a94c59effeeb2b78d8b95038135","default-hasher:e161550f2ff7f0ec","rustc 1.97.0 (2d8144b78 2026-07-07)","x86_64-unknown-linux-gnu","Linux 7.0.11-76070011-generic x86_64","Intel(R) Core(TM) Ultra 7 155H","/dev/nvme0n1p3[/tmp] ext4   rw,nosuid,nodev,noatime,errors=remount-ro","/tmp/pigment-db-durability-bench","pigment_db","buffered","key_map","file","minimal_callback","1","32","5","2","26176","100206429","261220.764588","6307","0"
"candidate-protocol-v4-20260807-155736","6d7edc7c29a60a94c59effeeb2b78d8b95038135","default-hasher:e161550f2ff7f0ec","rustc 1.97.0 (2d8144b78 2026-07-07)","x86_64-unknown-linux-gnu","Linux 7.0.11-76070011-generic x86_64","Intel(R) Core(TM) Ultra 7 155H","/dev/nvme0n1p3[/tmp] ext4   rw,nosuid,nodev,noatime,errors=remount-ro","/tmp/pigment-db-durability-bench","pigment_db","buffered","key_map","file","minimal_callback","1","32","5","3","26304","100044615","262922.697039","6254","0"
"candidate-protocol-v4-20260807-155736","6d7edc7c29a60a94c59effeeb2b78d8b95038135","default-hasher:e161550f2ff7f0ec","rustc 1.97.0 (2d8144b78 2026-07-07)","x86_64-unknown-linux-gnu","Linux 7.0.11-76070011-generic x86_64","Intel(R) Core(TM) Ultra 7 155H","/dev/nvme0n1p3[/tmp] ext4   rw,nosuid,nodev,noatime,errors=remount-ro","/tmp/pigment-db-durability-bench","pigment_db","buffered","key_map","file","minimal_callback","1","32","5","4","25408","100160570","253672.677781","6380","0"
"candidate-protocol-v4-20260807-155736","6d7edc7c29a60a94c59effeeb2b78d8b95038135","default-hasher:e161550f2ff7f0ec","rustc 1.97.0 (2d8144b78 2026-07-07)","x86_64-unknown-linux-gnu","Linux 7.0.11-76070011-generic x86_64","Intel(R) Core(TM) Ultra 7 155H","/dev/nvme0n1p3[/tmp] ext4   rw,nosuid,nodev,noatime,errors=remount-ro","/tmp/pigment-db-durability-bench","pigment_db","buffered","key_map","file","minimal_callback","1","32","5","5","25216","100226154","251591.016852","6478","0"
"candidate-protocol-v4-20260807-155736","6d7edc7c29a60a94c59effeeb2b78d8b95038135","default-hasher:e161550f2ff7f0ec","rustc 1.97.0 (2d8144b78 2026-07-07)","x86_64-unknown-linux-gnu","Linux 7.0.11-76070011-generic x86_64","Intel(R) Core(TM) Ultra 7 155H","/dev/nvme0n1p3[/tmp] ext4   rw,nosuid,nodev,noatime,errors=remount-ro","/tmp/pigment-db-durability-bench","pigment_db","buffered","key_map","file","minimal_callback","1","32","5","6","26560","100152714","265195.010092","5723","0"
"candidate-protocol-v4-20260807-155736","6d7edc7c29a60a94c59effeeb2b78d8b95038135","default-hasher:e161550f2ff7f0ec","rustc 1.97.0 (2d8144b78 2026-07-07)","x86_64-unknown-linux-gnu","Linux 7.0.11-76070011-generic x86_64","Intel(R) Core(TM) Ultra 7 155H","/dev/nvme0n1p3[/tmp] ext4   rw,nosuid,nodev,noatime,errors=remount-ro","/tmp/pigment-db-durability-bench","pigment_db","buffered","key_map","file","minimal_callback","1","32","5","7","25152","100021076","251467.000815","6549","0"
"candidate-protocol-v4-20260807-155736","6d7edc7c29a60a94c59effeeb2b78d8b95038135","default-hasher:e161550f2ff7f0ec","rustc 1.97.0 (2d8144b78 2026-07-07)","x86_64-unknown-linux-gnu","Linux 7.0.11-76070011-generic x86_64","Intel(R) Core(TM) Ultra 7 155H","/dev/nvme0n1p3[/tmp] ext4   rw,nosuid,nodev,noatime,errors=remount-ro","/tmp/pigment-db-durability-bench","pigment_db","buffered","key_map","file","minimal_callback","1","32","5","8","26176","100217663","261191.482783","6312","0"
"candidate-protocol-v4-20260807-155736","6d7edc7c29a60a94c59effeeb2b78d8b95038135","default-hasher:e161550f2ff7f0ec","rustc 1.97.0 (2d8144b78 2026-07-07)","x86_64-unknown-linux-gnu","Linux 7.0.11-76070011-generic x86_64","Intel(R) Core(TM) Ultra 7 155H","/dev/nvme0n1p3[/tmp] ext4   rw,nosuid,nodev,noatime,errors=remount-ro","/tmp/pigment-db-durability-bench","pigment_db","buffered","key_map","file","minimal_callback","1","32","5","9","26176","100215481","261197.169727","6067","0"
"candidate-protocol-v4-20260807-155736","6d7edc7c29a60a94c59effeeb2b78d8b95038135","default-hasher:e161550f2ff7f0ec","rustc 1.97.0 (2d8144b78 2026-07-07)","x86_64-unknown-linux-gnu","Linux 7.0.11-76070011-generic x86_64","Intel(R) Core(TM) Ultra 7 155H","/dev/nvme0n1p3[/tmp] ext4   rw,nosuid,nodev,noatime,errors=remount-ro","/tmp/pigment-db-durability-bench","pigment_db","buffered","key_map","file","minimal_callback","1","32","5","10","25728","100058840","257128.705470","6314","0"
"candidate-protocol-v4-20260807-155736","6d7edc7c29a60a94c59effeeb2b78d8b95038135","default-hasher:e161550f2ff7f0ec","rustc 1.97.0 (2d8144b78 2026-07-07)","x86_64-unknown-linux-gnu","Linux 7.0.11-76070011-generic x86_64","Intel(R) Core(TM) Ultra 7 155H","/dev/nvme0n1p3[/tmp] ext4   rw,nosuid,nodev,noatime,errors=remount-ro","/tmp/pigment-db-durability-bench","pigment_db","buffered","key_map","file","minimal_callback","8","32","5","0","12288","100288487","122526.526898","126199","0"
"candidate-protocol-v4-20260807-155736","6d7edc7c29a60a94c59effeeb2b78d8b95038135","default-hasher:e161550f2ff7f0ec","rustc 1.97.0 (2d8144b78 2026-07-07)","x86_64-unknown-linux-gnu","Linux 7.0.11-76070011-generic x86_64","Intel(R) Core(TM) Ultra 7 155H","/dev/nvme0n1p3[/tmp] ext4   rw,nosuid,nodev,noatime,errors=remount-ro","/tmp/pigment-db-durability-bench","pigment_db","buffered","key_map","file","minimal_callback","8","32","5","1","13312","100361264","132640.816481","142067","0"
"candidate-protocol-v4-20260807-155736","6d7edc7c29a60a94c59effeeb2b78d8b95038135","default-hasher:e161550f2ff7f0ec","rustc 1.97.0 (2d8144b78 2026-07-07)","x86_64-unknown-linux-gnu","Linux 7.0.11-76070011-generic x86_64","Intel(R) Core(TM) Ultra 7 155H","/dev/nvme0n1p3[/tmp] ext4   rw,nosuid,nodev,noatime,errors=remount-ro","/tmp/pigment-db-durability-bench","pigment_db","buffered","key_map","file","minimal_callback","8","32","5","2","13824","101730706","135888.175199","144178","0"
"candidate-protocol-v4-20260807-155736","6d7edc7c29a60a94c59effeeb2b78d8b95038135","default-hasher:e161550f2ff7f0ec","rustc 1.97.0 (2d8144b78 2026-07-07)","x86_64-unknown-linux-gnu","Linux 7.0.11-76070011-generic x86_64","Intel(R) Core(TM) Ultra 7 155H","/dev/nvme0n1p3[/tmp] ext4   rw,nosuid,nodev,noatime,errors=remount-ro","/tmp/pigment-db-durability-bench","pigment_db","buffered","key_map","file","minimal_callback","8","32","5","3","13312","101593727","131031.712224","123989","0"
"candidate-protocol-v4-20260807-155736","6d7edc7c29a60a94c59effeeb2b78d8b95038135","default-hasher:e161550f2ff7f0ec","rustc 1.97.0 (2d8144b78 2026-07-07)","x86_64-unknown-linux-gnu","Linux 7.0.11-76070011-generic x86_64","Intel(R) Core(TM) Ultra 7 155H","/dev/nvme0n1p3[/tmp] ext4   rw,nosuid,nodev,noatime,errors=remount-ro","/tmp/pigment-db-durability-bench","pigment_db","buffered","key_map","file","minimal_callback","8","32","5","4","13312","100076224","133018.607896","152391","0"
"candidate-protocol-v4-20260807-155736","6d7edc7c29a60a94c59effeeb2b78d8b95038135","default-hasher:e161550f2ff7f0ec","rustc 1.97.0 (2d8144b78 2026-07-07)","x86_64-unknown-linux-gnu","Linux 7.0.11-76070011-generic x86_64","Intel(R) Core(TM) Ultra 7 155H","/dev/nvme0n1p3[/tmp] ext4   rw,nosuid,nodev,noatime,errors=remount-ro","/tmp/pigment-db-durability-bench","pigment_db","buffered","key_map","file","minimal_callback","8","32","5","5","13824","100046912","138175.179260","131520","0"
"candidate-protocol-v4-20260807-155736","6d7edc7c29a60a94c59effeeb2b78d8b95038135","default-hasher:e161550f2ff7f0ec","rustc 1.97.0 (2d8144b78 2026-07-07)","x86_64-unknown-linux-gnu","Linux 7.0.11-76070011-generic x86_64","Intel(R) Core(TM) Ultra 7 155H","/dev/nvme0n1p3[/tmp] ext4   rw,nosuid,nodev,noatime,errors=remount-ro","/tmp/pigment-db-durability-bench","pigment_db","buffered","key_map","file","minimal_callback","8","32","5","6","14336","103586778","138396.041240","138497","0"
"candidate-protocol-v4-20260807-155736","6d7edc7c29a60a94c59effeeb2b78d8b95038135","default-hasher:e161550f2ff7f0ec","rustc 1.97.0 (2d8144b78 2026-07-07)","x86_64-unknown-linux-gnu","Linux 7.0.11-76070011-generic x86_64","Intel(R) Core(TM) Ultra 7 155H","/dev/nvme0n1p3[/tmp] ext4   rw,nosuid,nodev,noatime,errors=remount-ro","/tmp/pigment-db-durability-bench","pigment_db","buffered","key_map","file","minimal_callback","8","32","5","7","12800","100498500","127365.085051","140157","0"
"candidate-protocol-v4-20260807-155736","6d7edc7c29a60a94c59effeeb2b78d8b95038135","default-hasher:e161550f2ff7f0ec","rustc 1.97.0 (2d8144b78 2026-07-07)","x86_64-unknown-linux-gnu","Linux 7.0.11-76070011-generic x86_64","Intel(R) Core(TM) Ultra 7 155H","/dev/nvme0n1p3[/tmp] ext4   rw,nosuid,nodev,noatime,errors=remount-ro","/tmp/pigment-db-durability-bench","pigment_db","buffered","key_map","file","minimal_callback","8","32","5","8","12288","100645327","122092.106671","128995","0"
"candidate-protocol-v4-20260807-155736","6d7edc7c29a60a94c59effeeb2b78d8b95038135","default-hasher:e161550f2ff7f0ec","rustc 1.97.0 (2d8144b78 2026-07-07)","x86_64-unknown-linux-gnu","Linux 7.0.11-76070011-generic x86_64","Intel(R) Core(TM) Ultra 7 155H","/dev/nvme0n1p3[/tmp] ext4   rw,nosuid,nodev,noatime,errors=remount-ro","/tmp/pigment-db-durability-bench","pigment_db","buffered","key_map","file","minimal_callback","8","32","5","9","12800","100087855","127887.644310","151686","0"
"candidate-protocol-v4-20260807-155736","6d7edc7c29a60a94c59effeeb2b78d8b95038135","default-hasher:e161550f2ff7f0ec","rustc 1.97.0 (2d8144b78 2026-07-07)","x86_64-unknown-linux-gnu","Linux 7.0.11-76070011-generic x86_64","Intel(R) Core(TM) Ultra 7 155H","/dev/nvme0n1p3[/tmp] ext4   rw,nosuid,nodev,noatime,errors=remount-ro","/tmp/pigment-db-durability-bench","pigment_db","buffered","key_map","file","minimal_callback","8","32","5","10","13824","102378584","135028.239890","137832","0"
"candidate-protocol-v4-20260807-155736","6d7edc7c29a60a94c59effeeb2b78d8b95038135","default-hasher:e161550f2ff7f0ec","rustc 1.97.0 (2d8144b78 2026-07-07)","x86_64-unknown-linux-gnu","Linux 7.0.11-76070011-generic x86_64","Intel(R) Core(TM) Ultra 7 155H","/dev/nvme0n1p3[/tmp] ext4   rw,nosuid,nodev,noatime,errors=remount-ro","/tmp/pigment-db-durability-bench","pigment_db","physical","key_value","file","ordinary_write","1","32","5","0","1024","1132962648","903.825031","1637709","0"
"candidate-protocol-v4-20260807-155736","6d7edc7c29a60a94c59effeeb2b78d8b95038135","default-hasher:e161550f2ff7f0ec","rustc 1.97.0 (2d8144b78 2026-07-07)","x86_64-unknown-linux-gnu","Linux 7.0.11-76070011-generic x86_64","Intel(R) Core(TM) Ultra 7 155H","/dev/nvme0n1p3[/tmp] ext4   rw,nosuid,nodev,noatime,errors=remount-ro","/tmp/pigment-db-durability-bench","pigment_db","physical","key_value","file","ordinary_write","1","32","5","1","1024","1037608746","986.884511","1011419","0"
"candidate-protocol-v4-20260807-155736","6d7edc7c29a60a94c59effeeb2b78d8b95038135","default-hasher:e161550f2ff7f0ec","rustc 1.97.0 (2d8144b78 2026-07-07)","x86_64-unknown-linux-gnu","Linux 7.0.11-76070011-generic x86_64","Intel(R) Core(TM) Ultra 7 155H","/dev/nvme0n1p3[/tmp] ext4   rw,nosuid,nodev,noatime,errors=remount-ro","/tmp/pigment-db-durability-bench","pigment_db","physical","key_value","file","ordinary_write","1","32","5","2","1024","1002176470","1021.776135","978781","0"
"candidate-protocol-v4-20260807-155736","6d7edc7c29a60a94c59effeeb2b78d8b95038135","default-hasher:e161550f2ff7f0ec","rustc 1.97.0 (2d8144b78 2026-07-07)","x86_64-unknown-linux-gnu","Linux 7.0.11-76070011-generic x86_64","Intel(R) Core(TM) Ultra 7 155H","/dev/nvme0n1p3[/tmp] ext4   rw,nosuid,nodev,noatime,errors=remount-ro","/tmp/pigment-db-durability-bench","pigment_db","physical","key_value","file","ordinary_write","1","32","5","3","1024","1041834425","982.881709","976269","0"
"candidate-protocol-v4-20260807-155736","6d7edc7c29a60a94c59effeeb2b78d8b95038135","default-hasher:e161550f2ff7f0ec","rustc 1.97.0 (2d8144b78 2026-07-07)","x86_64-unknown-linux-gnu","Linux 7.0.11-76070011-generic x86_64","Intel(R) Core(TM) Ultra 7 155H","/dev/nvme0n1p3[/tmp] ext4   rw,nosuid,nodev,noatime,errors=remount-ro","/tmp/pigment-db-durability-bench","pigment_db","physical","key_value","file","ordinary_write","1","32","5","4","1024","1047777068","977.307131","1014416","0"
"candidate-protocol-v4-20260807-155736","6d7edc7c29a60a94c59effeeb2b78d8b95038135","default-hasher:e161550f2ff7f0ec","rustc 1.97.0 (2d8144b78 2026-07-07)","x86_64-unknown-linux-gnu","Linux 7.0.11-76070011-generic x86_64","Intel(R) Core(TM) Ultra 7 155H","/dev/nvme0n1p3[/tmp] ext4   rw,nosuid,nodev,noatime,errors=remount-ro","/tmp/pigment-db-durability-bench","pigment_db","physical","key_value","file","ordinary_write","1","32","5","5","1024","1036450659","987.987215","1005059","0"
"candidate-protocol-v4-20260807-155736","6d7edc7c29a60a94c59effeeb2b78d8b95038135","default-hasher:e161550f2ff7f0ec","rustc 1.97.0 (2d8144b78 2026-07-07)","x86_64-unknown-linux-gnu","Linux 7.0.11-76070011-generic x86_64","Intel(R) Core(TM) Ultra 7 155H","/dev/nvme0n1p3[/tmp] ext4   rw,nosuid,nodev,noatime,errors=remount-ro","/tmp/pigment-db-durability-bench","pigment_db","physical","key_value","file","ordinary_write","1","32","5","6","1024","1034189858","990.147014","992883","0"
"candidate-protocol-v4-20260807-155736","6d7edc7c29a60a94c59effeeb2b78d8b95038135","default-hasher:e161550f2ff7f0ec","rustc 1.97.0 (2d8144b78 2026-07-07)","x86_64-unknown-linux-gnu","Linux 7.0.11-76070011-generic x86_64","Intel(R) Core(TM) Ultra 7 155H","/dev/nvme0n1p3[/tmp] ext4   rw,nosuid,nodev,noatime,errors=remount-ro","/tmp/pigment-db-durability-bench","pigment_db","physical","key_value","file","ordinary_write","1","32","5","7","1024","1044826636","980.066898","1007273","0"
"candidate-protocol-v4-20260807-155736","6d7edc7c29a60a94c59effeeb2b78d8b95038135","default-hasher:e161550f2ff7f0ec","rustc 1.97.0 (2d8144b78 2026-07-07)","x86_64-unknown-linux-gnu","Linux 7.0.11-76070011-generic x86_64","Intel(R) Core(TM) Ultra 7 155H","/dev/nvme0n1p3[/tmp] ext4   rw,nosuid,nodev,noatime,errors=remount-ro","/tmp/pigment-db-durability-bench","pigment_db","physical","key_value","file","ordinary_write","1","32","5","8","1024","1061687813","964.501982","1013106","0"
"candidate-protocol-v4-20260807-155736","6d7edc7c29a60a94c59effeeb2b78d8b95038135","default-hasher:e161550f2ff7f0ec","rustc 1.97.0 (2d8144b78 2026-07-07)","x86_64-unknown-linux-gnu","Linux 7.0.11-76070011-generic x86_64","Intel(R) Core(TM) Ultra 7 155H","/dev/nvme0n1p3[/tmp] ext4   rw,nosuid,nodev,noatime,errors=remount-ro","/tmp/pigment-db-durability-bench","pigment_db","physical","key_value","file","ordinary_write","1","32","5","9","1024","1031670987","992.564503","982360","0"
"candidate-protocol-v4-20260807-155736","6d7edc7c29a60a94c59effeeb2b78d8b95038135","default-hasher:e161550f2ff7f0ec","rustc 1.97.0 (2d8144b78 2026-07-07)","x86_64-unknown-linux-gnu","Linux 7.0.11-76070011-generic x86_64","Intel(R) Core(TM) Ultra 7 155H","/dev/nvme0n1p3[/tmp] ext4   rw,nosuid,nodev,noatime,errors=remount-ro","/tmp/pigment-db-durability-bench","pigment_db","physical","key_value","file","ordinary_write","1","32","5","10","1024","1044652223","980.230528","1030074","0"
"candidate-protocol-v4-20260807-155736","6d7edc7c29a60a94c59effeeb2b78d8b95038135","default-hasher:e161550f2ff7f0ec","rustc 1.97.0 (2d8144b78 2026-07-07)","x86_64-unknown-linux-gnu","Linux 7.0.11-76070011-generic x86_64","Intel(R) Core(TM) Ultra 7 155H","/dev/nvme0n1p3[/tmp] ext4   rw,nosuid,nodev,noatime,errors=remount-ro","/tmp/pigment-db-durability-bench","pigment_db","physical","key_value","file","ordinary_write","8","32","5","0","1024","1086205623","942.731264","13043907","0"
"candidate-protocol-v4-20260807-155736","6d7edc7c29a60a94c59effeeb2b78d8b95038135","default-hasher:e161550f2ff7f0ec","rustc 1.97.0 (2d8144b78 2026-07-07)","x86_64-unknown-linux-gnu","Linux 7.0.11-76070011-generic x86_64","Intel(R) Core(TM) Ultra 7 155H","/dev/nvme0n1p3[/tmp] ext4   rw,nosuid,nodev,noatime,errors=remount-ro","/tmp/pigment-db-durability-bench","pigment_db","physical","key_value","file","ordinary_write","8","32","5","1","1024","1120853757","913.589301","13886723","0"
"candidate-protocol-v4-20260807-155736","6d7edc7c29a60a94c59effeeb2b78d8b95038135","default-hasher:e161550f2ff7f0ec","rustc 1.97.0 (2d8144b78 2026-07-07)","x86_64-unknown-linux-gnu","Linux 7.0.11-76070011-generic x86_64","Intel(R) Core(TM) Ultra 7 155H","/dev/nvme0n1p3[/tmp] ext4   rw,nosuid,nodev,noatime,errors=remount-ro","/tmp/pigment-db-durability-bench","pigment_db","physical","key_value","file","ordinary_write","8","32","5","2","1024","1136550391","900.971931","11741127","0"
"candidate-protocol-v4-20260807-155736","6d7edc7c29a60a94c59effeeb2b78d8b95038135","default-hasher:e161550f2ff7f0ec","rustc 1.97.0 (2d8144b78 2026-07-07)","x86_64-unknown-linux-gnu","Linux 7.0.11-76070011-generic x86_64","Intel(R) Core(TM) Ultra 7 155H","/dev/nvme0n1p3[/tmp] ext4   rw,nosuid,nodev,noatime,errors=remount-ro","/tmp/pigment-db-durability-bench","pigment_db","physical","key_value","file","ordinary_write","8","32","5","3","1024","1090886242","938.686327","9394284","0"
"candidate-protocol-v4-20260807-155736","6d7edc7c29a60a94c59effeeb2b78d8b95038135","default-hasher:e161550f2ff7f0ec","rustc 1.97.0 (2d8144b78 2026-07-07)","x86_64-unknown-linux-gnu","Linux 7.0.11-76070011-generic x86_64","Intel(R) Core(TM) Ultra 7 155H","/dev/nvme0n1p3[/tmp] ext4   rw,nosuid,nodev,noatime,errors=remount-ro","/tmp/pigment-db-durability-bench","pigment_db","physical","key_value","file","ordinary_write","8","32","5","4","1024","1108058838","924.138651","13790672","0"
"candidate-protocol-v4-20260807-155736","6d7edc7c29a60a94c59effeeb2b78d8b95038135","default-hasher:e161550f2ff7f0ec","rustc 1.97.0 (2d8144b78 2026-07-07)","x86_64-unknown-linux-gnu","Linux 7.0.11-76070011-generic x86_64","Intel(R) Core(TM) Ultra 7 155H","/dev/nvme0n1p3[/tmp] ext4   rw,nosuid,nodev,noatime,errors=remount-ro","/tmp/pigment-db-durability-bench","pigment_db","physical","key_value","file","ordinary_write","8","32","5","5","1024","1063331216","963.011322","12529010","0"
"candidate-protocol-v4-20260807-155736","6d7edc7c29a60a94c59effeeb2b78d8b95038135","default-hasher:e161550f2ff7f0ec","rustc 1.97.0 (2d8144b78 2026-07-07)","x86_64-unknown-linux-gnu","Linux 7.0.11-76070011-generic x86_64","Intel(R) Core(TM) Ultra 7 155H","/dev/nvme0n1p3[/tmp] ext4   rw,nosuid,nodev,noatime,errors=remount-ro","/tmp/pigment-db-durability-bench","pigment_db","physical","key_value","file","ordinary_write","8","32","5","6","1024","1087663931","941.467278","13669259","0"
"candidate-protocol-v4-20260807-155736","6d7edc7c29a60a94c59effeeb2b78d8b95038135","default-hasher:e161550f2ff7f0ec","rustc 1.97.0 (2d8144b78 2026-07-07)","x86_64-unknown-linux-gnu","Linux 7.0.11-76070011-generic x86_64","Intel(R) Core(TM) Ultra 7 155H","/dev/nvme0n1p3[/tmp] ext4   rw,nosuid,nodev,noatime,errors=remount-ro","/tmp/pigment-db-durability-bench","pigment_db","physical","key_value","file","ordinary_write","8","32","5","7","1024","1067778468","959.000421","10065079","0"
"candidate-protocol-v4-20260807-155736","6d7edc7c29a60a94c59effeeb2b78d8b95038135","default-hasher:e161550f2ff7f0ec","rustc 1.97.0 (2d8144b78 2026-07-07)","x86_64-unknown-linux-gnu","Linux 7.0.11-76070011-generic x86_64","Intel(R) Core(TM) Ultra 7 155H","/dev/nvme0n1p3[/tmp] ext4   rw,nosuid,nodev,noatime,errors=remount-ro","/tmp/pigment-db-durability-bench","pigment_db","physical","key_value","file","ordinary_write","8","32","5","8","1024","1105058057","926.648146","12199762","0"
"candidate-protocol-v4-20260807-155736","6d7edc7c29a60a94c59effeeb2b78d8b95038135","default-hasher:e161550f2ff7f0ec","rustc 1.97.0 (2d8144b78 2026-07-07)","x86_64-unknown-linux-gnu","Linux 7.0.11-76070011-generic x86_64","Intel(R) Core(TM) Ultra 7 155H","/dev/nvme0n1p3[/tmp] ext4   rw,nosuid,nodev,noatime,errors=remount-ro","/tmp/pigment-db-durability-bench","pigment_db","physical","key_value","file","ordinary_write","8","32","5","9","1024","1063870491","962.523172","12755169","0"
"candidate-protocol-v4-20260807-155736","6d7edc7c29a60a94c59effeeb2b78d8b95038135","default-hasher:e161550f2ff7f0ec","rustc 1.97.0 (2d8144b78 2026-07-07)","x86_64-unknown-linux-gnu","Linux 7.0.11-76070011-generic x86_64","Intel(R) Core(TM) Ultra 7 155H","/dev/nvme0n1p3[/tmp] ext4   rw,nosuid,nodev,noatime,errors=remount-ro","/tmp/pigment-db-durability-bench","pigment_db","physical","key_value","file","ordinary_write","8","32","5","10","1024","1080825888","947.423643","13663711","0"
"candidate-protocol-v4-20260807-155736","6d7edc7c29a60a94c59effeeb2b78d8b95038135","default-hasher:e161550f2ff7f0ec","rustc 1.97.0 (2d8144b78 2026-07-07)","x86_64-unknown-linux-gnu","Linux 7.0.11-76070011-generic x86_64","Intel(R) Core(TM) Ultra 7 155H","/dev/nvme0n1p3[/tmp] ext4   rw,nosuid,nodev,noatime,errors=remount-ro","/tmp/pigment-db-durability-bench","pigment_db","physical","key_value","file","successful_remove","1","32","5","0","1024","1060281037","965.781679","1008385","0"
"candidate-protocol-v4-20260807-155736","6d7edc7c29a60a94c59effeeb2b78d8b95038135","default-hasher:e161550f2ff7f0ec","rustc 1.97.0 (2d8144b78 2026-07-07)","x86_64-unknown-linux-gnu","Linux 7.0.11-76070011-generic x86_64","Intel(R) Core(TM) Ultra 7 155H","/dev/nvme0n1p3[/tmp] ext4   rw,nosuid,nodev,noatime,errors=remount-ro","/tmp/pigment-db-durability-bench","pigment_db","physical","key_value","file","successful_remove","1","32","5","1","1024","1045624146","979.319389","968896","0"
"candidate-protocol-v4-20260807-155736","6d7edc7c29a60a94c59effeeb2b78d8b95038135","default-hasher:e161550f2ff7f0ec","rustc 1.97.0 (2d8144b78 2026-07-07)","x86_64-unknown-linux-gnu","Linux 7.0.11-76070011-generic x86_64","Intel(R) Core(TM) Ultra 7 155H","/dev/nvme0n1p3[/tmp] ext4   rw,nosuid,nodev,noatime,errors=remount-ro","/tmp/pigment-db-durability-bench","pigment_db","physical","key_value","file","successful_remove","1","32","5","2","1024","1090286596","939.202595","1183155","0"
"candidate-protocol-v4-20260807-155736","6d7edc7c29a60a94c59effeeb2b78d8b95038135","default-hasher:e161550f2ff7f0ec","rustc 1.97.0 (2d8144b78 2026-07-07)","x86_64-unknown-linux-gnu","Linux 7.0.11-76070011-generic x86_64","Intel(R) Core(TM) Ultra 7 155H","/dev/nvme0n1p3[/tmp] ext4   rw,nosuid,nodev,noatime,errors=remount-ro","/tmp/pigment-db-durability-bench","pigment_db","physical","key_value","file","successful_remove","1","32","5","3","1024","1066491430","960.157739","1111101","0"
"candidate-protocol-v4-20260807-155736","6d7edc7c29a60a94c59effeeb2b78d8b95038135","default-hasher:e161550f2ff7f0ec","rustc 1.97.0 (2d8144b78 2026-07-07)","x86_64-unknown-linux-gnu","Linux 7.0.11-76070011-generic x86_64","Intel(R) Core(TM) Ultra 7 155H","/dev/nvme0n1p3[/tmp] ext4   rw,nosuid,nodev,noatime,errors=remount-ro","/tmp/pigment-db-durability-bench","pigment_db","physical","key_value","file","successful_remove","1","32","5","4","1024","1043441853","981.367574","1029794","0"
"candidate-protocol-v4-20260807-155736","6d7edc7c29a60a94c59effeeb2b78d8b95038135","default-hasher:e161550f2ff7f0ec","rustc 1.97.0 (2d8144b78 2026-07-07)","x86_64-unknown-linux-gnu","Linux 7.0.11-76070011-generic x86_64","Intel(R) Core(TM) Ultra 7 155H","/dev/nvme0n1p3[/tmp] ext4   rw,nosuid,nodev,noatime,errors=remount-ro","/tmp/pigment-db-durability-bench","pigment_db","physical","key_value","file","successful_remove","1","32","5","5","1024","1044801733","980.090258","1029508","0"
"candidate-protocol-v4-20260807-155736","6d7edc7c29a60a94c59effeeb2b78d8b95038135","default-hasher:e161550f2ff7f0ec","rustc 1.97.0 (2d8144b78 2026-07-07)","x86_64-unknown-linux-gnu","Linux 7.0.11-76070011-generic x86_64","Intel(R) Core(TM) Ultra 7 155H","/dev/nvme0n1p3[/tmp] ext4   rw,nosuid,nodev,noatime,errors=remount-ro","/tmp/pigment-db-durability-bench","pigment_db","physical","key_value","file","successful_remove","1","32","5","6","1024","1040590420","984.056724","1037780","0"
"candidate-protocol-v4-20260807-155736","6d7edc7c29a60a94c59effeeb2b78d8b95038135","default-hasher:e161550f2ff7f0ec","rustc 1.97.0 (2d8144b78 2026-07-07)","x86_64-unknown-linux-gnu","Linux 7.0.11-76070011-generic x86_64","Intel(R) Core(TM) Ultra 7 155H","/dev/nvme0n1p3[/tmp] ext4   rw,nosuid,nodev,noatime,errors=remount-ro","/tmp/pigment-db-durability-bench","pigment_db","physical","key_value","file","successful_remove","1","32","5","7","1024","1046492731","978.506558","991893","0"
"candidate-protocol-v4-20260807-155736","6d7edc7c29a60a94c59effeeb2b78d8b95038135","default-hasher:e161550f2ff7f0ec","rustc 1.97.0 (2d8144b78 2026-07-07)","x86_64-unknown-linux-gnu","Linux 7.0.11-76070011-generic x86_64","Intel(R) Core(TM) Ultra 7 155H","/dev/nvme0n1p3[/tmp] ext4   rw,nosuid,nodev,noatime,errors=remount-ro","/tmp/pigment-db-durability-bench","pigment_db","physical","key_value","file","successful_remove","1","32","5","8","1024","1062968797","963.339660","1025849","0"
"candidate-protocol-v4-20260807-155736","6d7edc7c29a60a94c59effeeb2b78d8b95038135","default-hasher:e161550f2ff7f0ec","rustc 1.97.0 (2d8144b78 2026-07-07)","x86_64-unknown-linux-gnu","Linux 7.0.11-76070011-generic x86_64","Intel(R) Core(TM) Ultra 7 155H","/dev/nvme0n1p3[/tmp] ext4   rw,nosuid,nodev,noatime,errors=remount-ro","/tmp/pigment-db-durability-bench","pigment_db","physical","key_value","file","successful_remove","1","32","5","9","1024","1028876121","995.260731","965862","0"
"candidate-protocol-v4-20260807-155736","6d7edc7c29a60a94c59effeeb2b78d8b95038135","default-hasher:e161550f2ff7f0ec","rustc 1.97.0 (2d8144b78 2026-07-07)","x86_64-unknown-linux-gnu","Linux 7.0.11-76070011-generic x86_64","Intel(R) Core(TM) Ultra 7 155H","/dev/nvme0n1p3[/tmp] ext4   rw,nosuid,nodev,noatime,errors=remount-ro","/tmp/pigment-db-durability-bench","pigment_db","physical","key_value","file","successful_remove","1","32","5","10","1024","1024956446","999.066842","992207","0"
"candidate-protocol-v4-20260807-155736","6d7edc7c29a60a94c59effeeb2b78d8b95038135","default-hasher:e161550f2ff7f0ec","rustc 1.97.0 (2d8144b78 2026-07-07)","x86_64-unknown-linux-gnu","Linux 7.0.11-76070011-generic x86_64","Intel(R) Core(TM) Ultra 7 155H","/dev/nvme0n1p3[/tmp] ext4   rw,nosuid,nodev,noatime,errors=remount-ro","/tmp/pigment-db-durability-bench","pigment_db","physical","key_value","file","successful_remove","8","32","5","0","1024","1049888101","975.342038","11848120","0"
"candidate-protocol-v4-20260807-155736","6d7edc7c29a60a94c59effeeb2b78d8b95038135","default-hasher:e161550f2ff7f0ec","rustc 1.97.0 (2d8144b78 2026-07-07)","x86_64-unknown-linux-gnu","Linux 7.0.11-76070011-generic x86_64","Intel(R) Core(TM) Ultra 7 155H","/dev/nvme0n1p3[/tmp] ext4   rw,nosuid,nodev,noatime,errors=remount-ro","/tmp/pigment-db-durability-bench","pigment_db","physical","key_value","file","successful_remove","8","32","5","1","1024","1087858345","941.299025","13113649","0"
"candidate-protocol-v4-20260807-155736","6d7edc7c29a60a94c59effeeb2b78d8b95038135","default-hasher:e161550f2ff7f0ec","rustc 1.97.0 (2d8144b78 2026-07-07)","x86_64-unknown-linux-gnu","Linux 7.0.11-76070011-generic x86_64","Intel(R) Core(TM) Ultra 7 155H","/dev/nvme0n1p3[/tmp] ext4   rw,nosuid,nodev,noatime,errors=remount-ro","/tmp/pigment-db-durability-bench","pigment_db","physical","key_value","file","successful_remove","8","32","5","2","1024","1106206729","925.685926","13665819","0"
"candidate-protocol-v4-20260807-155736","6d7edc7c29a60a94c59effeeb2b78d8b95038135","default-hasher:e161550f2ff7f0ec","rustc 1.97.0 (2d8144b78 2026-07-07)","x86_64-unknown-linux-gnu","Linux 7.0.11-76070011-generic x86_64","Intel(R) Core(TM) Ultra 7 155H","/dev/nvme0n1p3[/tmp] ext4   rw,nosuid,nodev,noatime,errors=remount-ro","/tmp/pigment-db-durability-bench","pigment_db","physical","key_value","file","successful_remove","8","32","5","3","1024","1055303710","970.336776","11039432","0"
"candidate-protocol-v4-20260807-155736","6d7edc7c29a60a94c59effeeb2b78d8b95038135","default-hasher:e161550f2ff7f0ec","rustc 1.97.0 (2d8144b78 2026-07-07)","x86_64-unknown-linux-gnu","Linux 7.0.11-76070011-generic x86_64","Intel(R) Core(TM) Ultra 7 155H","/dev/nvme0n1p3[/tmp] ext4   rw,nosuid,nodev,noatime,errors=remount-ro","/tmp/pigment-db-durability-bench","pigment_db","physical","key_value","file","successful_remove","8","32","5","4","1024","1055881445","969.805848","11804089","0"
"candidate-protocol-v4-20260807-155736","6d7edc7c29a60a94c59effeeb2b78d8b95038135","default-hasher:e161550f2ff7f0ec","rustc 1.97.0 (2d8144b78 2026-07-07)","x86_64-unknown-linux-gnu","Linux 7.0.11-76070011-generic x86_64","Intel(R) Core(TM) Ultra 7 155H","/dev/nvme0n1p3[/tmp] ext4   rw,nosuid,nodev,noatime,errors=remount-ro","/tmp/pigment-db-durability-bench","pigment_db","physical","key_value","file","successful_remove","8","32","5","5","1024","1082346881","946.092254","13744051","0"
"candidate-protocol-v4-20260807-155736","6d7edc7c29a60a94c59effeeb2b78d8b95038135","default-hasher:e161550f2ff7f0ec","rustc 1.97.0 (2d8144b78 2026-07-07)","x86_64-unknown-linux-gnu","Linux 7.0.11-76070011-generic x86_64","Intel(R) Core(TM) Ultra 7 155H","/dev/nvme0n1p3[/tmp] ext4   rw,nosuid,nodev,noatime,errors=remount-ro","/tmp/pigment-db-durability-bench","pigment_db","physical","key_value","file","successful_remove","8","32","5","6","1024","1091784890","937.913695","12753536","0"
"candidate-protocol-v4-20260807-155736","6d7edc7c29a60a94c59effeeb2b78d8b95038135","default-hasher:e161550f2ff7f0ec","rustc 1.97.0 (2d8144b78 2026-07-07)","x86_64-unknown-linux-gnu","Linux 7.0.11-76070011-generic x86_64","Intel(R) Core(TM) Ultra 7 155H","/dev/nvme0n1p3[/tmp] ext4   rw,nosuid,nodev,noatime,errors=remount-ro","/tmp/pigment-db-durability-bench","pigment_db","physical","key_value","file","successful_remove","8","32","5","7","1024","1082596996","945.873676","11971838","0"
"candidate-protocol-v4-20260807-155736","6d7edc7c29a60a94c59effeeb2b78d8b95038135","default-hasher:e161550f2ff7f0ec","rustc 1.97.0 (2d8144b78 2026-07-07)","x86_64-unknown-linux-gnu","Linux 7.0.11-76070011-generic x86_64","Intel(R) Core(TM) Ultra 7 155H","/dev/nvme0n1p3[/tmp] ext4   rw,nosuid,nodev,noatime,errors=remount-ro","/tmp/pigment-db-durability-bench","pigment_db","physical","key_value","file","successful_remove","8","32","5","8","1024","1088760542","940.519022","13792386","0"
"candidate-protocol-v4-20260807-155736","6d7edc7c29a60a94c59effeeb2b78d8b95038135","default-hasher:e161550f2ff7f0ec","rustc 1.97.0 (2d8144b78 2026-07-07)","x86_64-unknown-linux-gnu","Linux 7.0.11-76070011-generic x86_64","Intel(R) Core(TM) Ultra 7 155H","/dev/nvme0n1p3[/tmp] ext4   rw,nosuid,nodev,noatime,errors=remount-ro","/tmp/pigment-db-durability-bench","pigment_db","physical","key_value","file","successful_remove","8","32","5","9","1024","1109586417","922.866380","13094415","0"
"candidate-protocol-v4-20260807-155736","6d7edc7c29a60a94c59effeeb2b78d8b95038135","default-hasher:e161550f2ff7f0ec","rustc 1.97.0 (2d8144b78 2026-07-07)","x86_64-unknown-linux-gnu","Linux 7.0.11-76070011-generic x86_64","Intel(R) Core(TM) Ultra 7 155H","/dev/nvme0n1p3[/tmp] ext4   rw,nosuid,nodev,noatime,errors=remount-ro","/tmp/pigment-db-durability-bench","pigment_db","physical","key_value","file","successful_remove","8","32","5","10","1024","1074572633","952.936980","12883996","0"
"candidate-protocol-v4-20260807-155736","6d7edc7c29a60a94c59effeeb2b78d8b95038135","default-hasher:e161550f2ff7f0ec","rustc 1.97.0 (2d8144b78 2026-07-07)","x86_64-unknown-linux-gnu","Linux 7.0.11-76070011-generic x86_64","Intel(R) Core(TM) Ultra 7 155H","/dev/nvme0n1p3[/tmp] ext4   rw,nosuid,nodev,noatime,errors=remount-ro","/tmp/pigment-db-durability-bench","pigment_db","physical","key_value","file","minimal_callback","1","32","5","0","1024","1046688808","978.323253","1007165","0"
"candidate-protocol-v4-20260807-155736","6d7edc7c29a60a94c59effeeb2b78d8b95038135","default-hasher:e161550f2ff7f0ec","rustc 1.97.0 (2d8144b78 2026-07-07)","x86_64-unknown-linux-gnu","Linux 7.0.11-76070011-generic x86_64","Intel(R) Core(TM) Ultra 7 155H","/dev/nvme0n1p3[/tmp] ext4   rw,nosuid,nodev,noatime,errors=remount-ro","/tmp/pigment-db-durability-bench","pigment_db","physical","key_value","file","minimal_callback","1","32","5","1","1024","1053076214","972.389260","993482","0"
"candidate-protocol-v4-20260807-155736","6d7edc7c29a60a94c59effeeb2b78d8b95038135","default-hasher:e161550f2ff7f0ec","rustc 1.97.0 (2d8144b78 2026-07-07)","x86_64-unknown-linux-gnu","Linux 7.0.11-76070011-generic x86_64","Intel(R) Core(TM) Ultra 7 155H","/dev/nvme0n1p3[/tmp] ext4   rw,nosuid,nodev,noatime,errors=remount-ro","/tmp/pigment-db-durability-bench","pigment_db","physical","key_value","file","minimal_callback","1","32","5","2","1024","1069859106","957.135378","1250435","0"
"candidate-protocol-v4-20260807-155736","6d7edc7c29a60a94c59effeeb2b78d8b95038135","default-hasher:e161550f2ff7f0ec","rustc 1.97.0 (2d8144b78 2026-07-07)","x86_64-unknown-linux-gnu","Linux 7.0.11-76070011-generic x86_64","Intel(R) Core(TM) Ultra 7 155H","/dev/nvme0n1p3[/tmp] ext4   rw,nosuid,nodev,noatime,errors=remount-ro","/tmp/pigment-db-durability-bench","pigment_db","physical","key_value","file","minimal_callback","1","32","5","3","1024","1040368958","984.266199","1013687","0"
"candidate-protocol-v4-20260807-155736","6d7edc7c29a60a94c59effeeb2b78d8b95038135","default-hasher:e161550f2ff7f0ec","rustc 1.97.0 (2d8144b78 2026-07-07)","x86_64-unknown-linux-gnu","Linux 7.0.11-76070011-generic x86_64","Intel(R) Core(TM) Ultra 7 155H","/dev/nvme0n1p3[/tmp] ext4   rw,nosuid,nodev,noatime,errors=remount-ro","/tmp/pigment-db-durability-bench","pigment_db","physical","key_value","file","minimal_callback","1","32","5","4","1024","1043783764","981.046109","996628","0"
"candidate-protocol-v4-20260807-155736","6d7edc7c29a60a94c59effeeb2b78d8b95038135","default-hasher:e161550f2ff7f0ec","rustc 1.97.0 (2d8144b78 2026-07-07)","x86_64-unknown-linux-gnu","Linux 7.0.11-76070011-generic x86_64","Intel(R) Core(TM) Ultra 7 155H","/dev/nvme0n1p3[/tmp] ext4   rw,nosuid,nodev,noatime,errors=remount-ro","/tmp/pigment-db-durability-bench","pigment_db","physical","key_value","file","minimal_callback","1","32","5","5","1024","1036039783","988.379034","1002595","0"
"candidate-protocol-v4-20260807-155736","6d7edc7c29a60a94c59effeeb2b78d8b95038135","default-hasher:e161550f2ff7f0ec","rustc 1.97.0 (2d8144b78 2026-07-07)","x86_64-unknown-linux-gnu","Linux 7.0.11-76070011-generic x86_64","Intel(R) Core(TM) Ultra 7 155H","/dev/nvme0n1p3[/tmp] ext4   rw,nosuid,nodev,noatime,errors=remount-ro","/tmp/pigment-db-durability-bench","pigment_db","physical","key_value","file","minimal_callback","1","32","5","6","1024","1019470365","1004.443126","1000413","0"
"candidate-protocol-v4-20260807-155736","6d7edc7c29a60a94c59effeeb2b78d8b95038135","default-hasher:e161550f2ff7f0ec","rustc 1.97.0 (2d8144b78 2026-07-07)","x86_64-unknown-linux-gnu","Linux 7.0.11-76070011-generic x86_64","Intel(R) Core(TM) Ultra 7 155H","/dev/nvme0n1p3[/tmp] ext4   rw,nosuid,nodev,noatime,errors=remount-ro","/tmp/pigment-db-durability-bench","pigment_db","physical","key_value","file","minimal_callback","1","32","5","7","1024","1050150489","975.098341","1035113","0"
"candidate-protocol-v4-20260807-155736","6d7edc7c29a60a94c59effeeb2b78d8b95038135","default-hasher:e161550f2ff7f0ec","rustc 1.97.0 (2d8144b78 2026-07-07)","x86_64-unknown-linux-gnu","Linux 7.0.11-76070011-generic x86_64","Intel(R) Core(TM) Ultra 7 155H","/dev/nvme0n1p3[/tmp] ext4   rw,nosuid,nodev,noatime,errors=remount-ro","/tmp/pigment-db-durability-bench","pigment_db","physical","key_value","file","minimal_callback","1","32","5","8","1024","1060608840","965.483184","1012081","0"
"candidate-protocol-v4-20260807-155736","6d7edc7c29a60a94c59effeeb2b78d8b95038135","default-hasher:e161550f2ff7f0ec","rustc 1.97.0 (2d8144b78 2026-07-07)","x86_64-unknown-linux-gnu","Linux 7.0.11-76070011-generic x86_64","Intel(R) Core(TM) Ultra 7 155H","/dev/nvme0n1p3[/tmp] ext4   rw,nosuid,nodev,noatime,errors=remount-ro","/tmp/pigment-db-durability-bench","pigment_db","physical","key_value","file","minimal_callback","1","32","5","9","1024","1031149691","993.066292","1023015","0"
"candidate-protocol-v4-20260807-155736","6d7edc7c29a60a94c59effeeb2b78d8b95038135","default-hasher:e161550f2ff7f0ec","rustc 1.97.0 (2d8144b78 2026-07-07)","x86_64-unknown-linux-gnu","Linux 7.0.11-76070011-generic x86_64","Intel(R) Core(TM) Ultra 7 155H","/dev/nvme0n1p3[/tmp] ext4   rw,nosuid,nodev,noatime,errors=remount-ro","/tmp/pigment-db-durability-bench","pigment_db","physical","key_value","file","minimal_callback","1","32","5","10","1024","1013036912","1010.822003","1015830","0"
"candidate-protocol-v4-20260807-155736","6d7edc7c29a60a94c59effeeb2b78d8b95038135","default-hasher:e161550f2ff7f0ec","rustc 1.97.0 (2d8144b78 2026-07-07)","x86_64-unknown-linux-gnu","Linux 7.0.11-76070011-generic x86_64","Intel(R) Core(TM) Ultra 7 155H","/dev/nvme0n1p3[/tmp] ext4   rw,nosuid,nodev,noatime,errors=remount-ro","/tmp/pigment-db-durability-bench","pigment_db","physical","key_value","file","minimal_callback","8","32","5","0","1024","1086687515","942.313210","13632870","0"
"candidate-protocol-v4-20260807-155736","6d7edc7c29a60a94c59effeeb2b78d8b95038135","default-hasher:e161550f2ff7f0ec","rustc 1.97.0 (2d8144b78 2026-07-07)","x86_64-unknown-linux-gnu","Linux 7.0.11-76070011-generic x86_64","Intel(R) Core(TM) Ultra 7 155H","/dev/nvme0n1p3[/tmp] ext4   rw,nosuid,nodev,noatime,errors=remount-ro","/tmp/pigment-db-durability-bench","pigment_db","physical","key_value","file","minimal_callback","8","32","5","1","1024","1049314127","975.875549","11404794","0"
"candidate-protocol-v4-20260807-155736","6d7edc7c29a60a94c59effeeb2b78d8b95038135","default-hasher:e161550f2ff7f0ec","rustc 1.97.0 (2d8144b78 2026-07-07)","x86_64-unknown-linux-gnu","Linux 7.0.11-76070011-generic x86_64","Intel(R) Core(TM) Ultra 7 155H","/dev/nvme0n1p3[/tmp] ext4   rw,nosuid,nodev,noatime,errors=remount-ro","/tmp/pigment-db-durability-bench","pigment_db","physical","key_value","file","minimal_callback","8","32","5","2","1024","1104892192","926.787253","13688021","0"
"candidate-protocol-v4-20260807-155736","6d7edc7c29a60a94c59effeeb2b78d8b95038135","default-hasher:e161550f2ff7f0ec","rustc 1.97.0 (2d8144b78 2026-07-07)","x86_64-unknown-linux-gnu","Linux 7.0.11-76070011-generic x86_64","Intel(R) Core(TM) Ultra 7 155H","/dev/nvme0n1p3[/tmp] ext4   rw,nosuid,nodev,noatime,errors=remount-ro","/tmp/pigment-db-durability-bench","pigment_db","physical","key_value","file","minimal_callback","8","32","5","3","1024","1124548280","910.587850","13647933","0"
"candidate-protocol-v4-20260807-155736","6d7edc7c29a60a94c59effeeb2b78d8b95038135","default-hasher:e161550f2ff7f0ec","rustc 1.97.0 (2d8144b78 2026-07-07)","x86_64-unknown-linux-gnu","Linux 7.0.11-76070011-generic x86_64","Intel(R) Core(TM) Ultra 7 155H","/dev/nvme0n1p3[/tmp] ext4   rw,nosuid,nodev,noatime,errors=remount-ro","/tmp/pigment-db-durability-bench","pigment_db","physical","key_value","file","minimal_callback","8","32","5","4","1024","1082194203","946.225730","11798529","0"
"candidate-protocol-v4-20260807-155736","6d7edc7c29a60a94c59effeeb2b78d8b95038135","default-hasher:e161550f2ff7f0ec","rustc 1.97.0 (2d8144b78 2026-07-07)","x86_64-unknown-linux-gnu","Linux 7.0.11-76070011-generic x86_64","Intel(R) Core(TM) Ultra 7 155H","/dev/nvme0n1p3[/tmp] ext4   rw,nosuid,nodev,noatime,errors=remount-ro","/tmp/pigment-db-durability-bench","pigment_db","physical","key_value","file","minimal_callback","8","32","5","5","1024","1161356738","881.727351","13746437","0"
"candidate-protocol-v4-20260807-155736","6d7edc7c29a60a94c59effeeb2b78d8b95038135","default-hasher:e161550f2ff7f0ec","rustc 1.97.0 (2d8144b78 2026-07-07)","x86_64-unknown-linux-gnu","Linux 7.0.11-76070011-generic x86_64","Intel(R) Core(TM) Ultra 7 155H","/dev/nvme0n1p3[/tmp] ext4   rw,nosuid,nodev,noatime,errors=remount-ro","/tmp/pigment-db-durability-bench","pigment_db","physical","key_value","file","minimal_callback","8","32","5","6","1024","1143663821","895.368010","13943424","0"
"candidate-protocol-v4-20260807-155736","6d7edc7c29a60a94c59effeeb2b78d8b95038135","default-hasher:e161550f2ff7f0ec","rustc 1.97.0 (2d8144b78 2026-07-07)","x86_64-unknown-linux-gnu","Linux 7.0.11-76070011-generic x86_64","Intel(R) Core(TM) Ultra 7 155H","/dev/nvme0n1p3[/tmp] ext4   rw,nosuid,nodev,noatime,errors=remount-ro","/tmp/pigment-db-durability-bench","pigment_db","physical","key_value","file","minimal_callback","8","32","5","7","1024","1123672731","911.297366","13735781","0"
"candidate-protocol-v4-20260807-155736","6d7edc7c29a60a94c59effeeb2b78d8b95038135","default-hasher:e161550f2ff7f0ec","rustc 1.97.0 (2d8144b78 2026-07-07)","x86_64-unknown-linux-gnu","Linux 7.0.11-76070011-generic x86_64","Intel(R) Core(TM) Ultra 7 155H","/dev/nvme0n1p3[/tmp] ext4   rw,nosuid,nodev,noatime,errors=remount-ro","/tmp/pigment-db-durability-bench","pigment_db","physical","key_value","file","minimal_callback","8","32","5","8","1024","1046415410","978.578861","7606327","0"
"candidate-protocol-v4-20260807-155736","6d7edc7c29a60a94c59effeeb2b78d8b95038135","default-hasher:e161550f2ff7f0ec","rustc 1.97.0 (2d8144b78 2026-07-07)","x86_64-unknown-linux-gnu","Linux 7.0.11-76070011-generic x86_64","Intel(R) Core(TM) Ultra 7 155H","/dev/nvme0n1p3[/tmp] ext4   rw,nosuid,nodev,noatime,errors=remount-ro","/tmp/pigment-db-durability-bench","pigment_db","physical","key_value","file","minimal_callback","8","32","5","9","1024","1084426866","944.277601","13736658","0"
"candidate-protocol-v4-20260807-155736","6d7edc7c29a60a94c59effeeb2b78d8b95038135","default-hasher:e161550f2ff7f0ec","rustc 1.97.0 (2d8144b78 2026-07-07)","x86_64-unknown-linux-gnu","Linux 7.0.11-76070011-generic x86_64","Intel(R) Core(TM) Ultra 7 155H","/dev/nvme0n1p3[/tmp] ext4   rw,nosuid,nodev,noatime,errors=remount-ro","/tmp/pigment-db-durability-bench","pigment_db","physical","key_value","file","minimal_callback","8","32","5","10","1024","1096192858","934.142193","12891867","0"
"candidate-protocol-v4-20260807-155736","6d7edc7c29a60a94c59effeeb2b78d8b95038135","default-hasher:e161550f2ff7f0ec","rustc 1.97.0 (2d8144b78 2026-07-07)","x86_64-unknown-linux-gnu","Linux 7.0.11-76070011-generic x86_64","Intel(R) Core(TM) Ultra 7 155H","/dev/nvme0n1p3[/tmp] ext4   rw,nosuid,nodev,noatime,errors=remount-ro","/tmp/pigment-db-durability-bench","pigment_db","physical","key_set","file","ordinary_write","1","32","5","0","1024","1036602125","987.842852","1004146","0"
"candidate-protocol-v4-20260807-155736","6d7edc7c29a60a94c59effeeb2b78d8b95038135","default-hasher:e161550f2ff7f0ec","rustc 1.97.0 (2d8144b78 2026-07-07)","x86_64-unknown-linux-gnu","Linux 7.0.11-76070011-generic x86_64","Intel(R) Core(TM) Ultra 7 155H","/dev/nvme0n1p3[/tmp] ext4   rw,nosuid,nodev,noatime,errors=remount-ro","/tmp/pigment-db-durability-bench","pigment_db","physical","key_set","file","ordinary_write","1","32","5","1","1024","1043824461","981.007859","989936","0"
"candidate-protocol-v4-20260807-155736","6d7edc7c29a60a94c59effeeb2b78d8b95038135","default-hasher:e161550f2ff7f0ec","rustc 1.97.0 (2d8144b78 2026-07-07)","x86_64-unknown-linux-gnu","Linux 7.0.11-76070011-generic x86_64","Intel(R) Core(TM) Ultra 7 155H","/dev/nvme0n1p3[/tmp] ext4   rw,nosuid,nodev,noatime,errors=remount-ro","/tmp/pigment-db-durability-bench","pigment_db","physical","key_set","file","ordinary_write","1","32","5","2","1024","1009798074","1014.064125","1000003","0"
"candidate-protocol-v4-20260807-155736","6d7edc7c29a60a94c59effeeb2b78d8b95038135","default-hasher:e161550f2ff7f0ec","rustc 1.97.0 (2d8144b78 2026-07-07)","x86_64-unknown-linux-gnu","Linux 7.0.11-76070011-generic x86_64","Intel(R) Core(TM) Ultra 7 155H","/dev/nvme0n1p3[/tmp] ext4   rw,nosuid,nodev,noatime,errors=remount-ro","/tmp/pigment-db-durability-bench","pigment_db","physical","key_set","file","ordinary_write","1","32","5","3","1024","1043172389","981.621073","995001","0"
"candidate-protocol-v4-20260807-155736","6d7edc7c29a60a94c59effeeb2b78d8b95038135","default-hasher:e161550f2ff7f0ec","rustc 1.97.0 (2d8144b78 2026-07-07)","x86_64-unknown-linux-gnu","Linux 7.0.11-76070011-generic x86_64","Intel(R) Core(TM) Ultra 7 155H","/dev/nvme0n1p3[/tmp] ext4   rw,nosuid,nodev,noatime,errors=remount-ro","/tmp/pigment-db-durability-bench","pigment_db","physical","key_set","file","ordinary_write","1","32","5","4","1024","1057918658","967.938312","1022265","0"
"candidate-protocol-v4-20260807-155736","6d7edc7c29a60a94c59effeeb2b78d8b95038135","default-hasher:e161550f2ff7f0ec","rustc 1.97.0 (2d8144b78 2026-07-07)","x86_64-unknown-linux-gnu","Linux 7.0.11-76070011-generic x86_64","Intel(R) Core(TM) Ultra 7 155H","/dev/nvme0n1p3[/tmp] ext4   rw,nosuid,nodev,noatime,errors=remount-ro","/tmp/pigment-db-durability-bench","pigment_db","physical","key_set","file","ordinary_write","1","32","5","5","1024","1027505769","996.588079","1003276","0"
"candidate-protocol-v4-20260807-155736","6d7edc7c29a60a94c59effeeb2b78d8b95038135","default-hasher:e161550f2ff7f0ec","rustc 1.97.0 (2d8144b78 2026-07-07)","x86_64-unknown-linux-gnu","Linux 7.0.11-76070011-generic x86_64","Intel(R) Core(TM) Ultra 7 155H","/dev/nvme0n1p3[/tmp] ext4   rw,nosuid,nodev,noatime,errors=remount-ro","/tmp/pigment-db-durability-bench","pigment_db","physical","key_set","file","ordinary_write","1","32","5","6","1024","1042762400","982.007023","1036514","0"
"candidate-protocol-v4-20260807-155736","6d7edc7c29a60a94c59effeeb2b78d8b95038135","default-hasher:e161550f2ff7f0ec","rustc 1.97.0 (2d8144b78 2026-07-07)","x86_64-unknown-linux-gnu","Linux 7.0.11-76070011-generic x86_64","Intel(R) Core(TM) Ultra 7 155H","/dev/nvme0n1p3[/tmp] ext4   rw,nosuid,nodev,noatime,errors=remount-ro","/tmp/pigment-db-durability-bench","pigment_db","physical","key_set","file","ordinary_write","1","32","5","7","1024","1026164939","997.890262","993472","0"
"candidate-protocol-v4-20260807-155736","6d7edc7c29a60a94c59effeeb2b78d8b95038135","default-hasher:e161550f2ff7f0ec","rustc 1.97.0 (2d8144b78 2026-07-07)","x86_64-unknown-linux-gnu","Linux 7.0.11-76070011-generic x86_64","Intel(R) Core(TM) Ultra 7 155H","/dev/nvme0n1p3[/tmp] ext4   rw,nosuid,nodev,noatime,errors=remount-ro","/tmp/pigment-db-durability-bench","pigment_db","physical","key_set","file","ordinary_write","1","32","5","8","1024","1045132758","979.779834","992761","0"
"candidate-protocol-v4-20260807-155736","6d7edc7c29a60a94c59effeeb2b78d8b95038135","default-hasher:e161550f2ff7f0ec","rustc 1.97.0 (2d8144b78 2026-07-07)","x86_64-unknown-linux-gnu","Linux 7.0.11-76070011-generic x86_64","Intel(R) Core(TM) Ultra 7 155H","/dev/nvme0n1p3[/tmp] ext4   rw,nosuid,nodev,noatime,errors=remount-ro","/tmp/pigment-db-durability-bench","pigment_db","physical","key_set","file","ordinary_write","1","32","5","9","1024","1069897922","957.100653","1045631","0"
"candidate-protocol-v4-20260807-155736","6d7edc7c29a60a94c59effeeb2b78d8b95038135","default-hasher:e161550f2ff7f0ec","rustc 1.97.0 (2d8144b78 2026-07-07)","x86_64-unknown-linux-gnu","Linux 7.0.11-76070011-generic x86_64","Intel(R) Core(TM) Ultra 7 155H","/dev/nvme0n1p3[/tmp] ext4   rw,nosuid,nodev,noatime,errors=remount-ro","/tmp/pigment-db-durability-bench","pigment_db","physical","key_set","file","ordinary_write","1","32","5","10","1024","1036764081","987.688539","1052879","0"
"candidate-protocol-v4-20260807-155736","6d7edc7c29a60a94c59effeeb2b78d8b95038135","default-hasher:e161550f2ff7f0ec","rustc 1.97.0 (2d8144b78 2026-07-07)","x86_64-unknown-linux-gnu","Linux 7.0.11-76070011-generic x86_64","Intel(R) Core(TM) Ultra 7 155H","/dev/nvme0n1p3[/tmp] ext4   rw,nosuid,nodev,noatime,errors=remount-ro","/tmp/pigment-db-durability-bench","pigment_db","physical","key_set","file","ordinary_write","8","32","5","0","1024","1085208163","943.597768","13607164","0"
"candidate-protocol-v4-20260807-155736","6d7edc7c29a60a94c59effeeb2b78d8b95038135","default-hasher:e161550f2ff7f0ec","rustc 1.97.0 (2d8144b78 2026-07-07)","x86_64-unknown-linux-gnu","Linux 7.0.11-76070011-generic x86_64","Intel(R) Core(TM) Ultra 7 155H","/dev/nvme0n1p3[/tmp] ext4   rw,nosuid,nodev,noatime,errors=remount-ro","/tmp/pigment-db-durability-bench","pigment_db","physical","key_set","file","ordinary_write","8","32","5","1","1024","1071492707","955.676127","12894381","0"
"candidate-protocol-v4-20260807-155736","6d7edc7c29a60a94c59effeeb2b78d8b95038135","default-hasher:e161550f2ff7f0ec","rustc 1.97.0 (2d8144b78 2026-07-07)","x86_64-unknown-linux-gnu","Linux 7.0.11-76070011-generic x86_64","Intel(R) Core(TM) Ultra 7 155H","/dev/nvme0n1p3[/tmp] ext4   rw,nosuid,nodev,noatime,errors=remount-ro","/tmp/pigment-db-durability-bench","pigment_db","physical","key_set","file","ordinary_write","8","32","5","2","1024","1082146750","946.267223","13701387","0"
"candidate-protocol-v4-20260807-155736","6d7edc7c29a60a94c59effeeb2b78d8b95038135","default-hasher:e161550f2ff7f0ec","rustc 1.97.0 (2d8144b78 2026-07-07)","x86_64-unknown-linux-gnu","Linux 7.0.11-76070011-generic x86_64","Intel(R) Core(TM) Ultra 7 155H","/dev/nvme0n1p3[/tmp] ext4   rw,nosuid,nodev,noatime,errors=remount-ro","/tmp/pigment-db-durability-bench","pigment_db","physical","key_set","file","ordinary_write","8","32","5","3","1024","1091097195","938.504841","13636563","0"
"candidate-protocol-v4-20260807-155736","6d7edc7c29a60a94c59effeeb2b78d8b95038135","default-hasher:e161550f2ff7f0ec","rustc 1.97.0 (2d8144b78 2026-07-07)","x86_64-unknown-linux-gnu","Linux 7.0.11-76070011-generic x86_64","Intel(R) Core(TM) Ultra 7 155H","/dev/nvme0n1p3[/tmp] ext4   rw,nosuid,nodev,noatime,errors=remount-ro","/tmp/pigment-db-durability-bench","pigment_db","physical","key_set","file","ordinary_write","8","32","5","4","1024","1047024369","978.009710","11790091","0"
"candidate-protocol-v4-20260807-155736","6d7edc7c29a60a94c59effeeb2b78d8b95038135","default-hasher:e161550f2ff7f0ec","rustc 1.97.0 (2d8144b78 2026-07-07)","x86_64-unknown-linux-gnu","Linux 7.0.11-76070011-generic x86_64","Intel(R) Core(TM) Ultra 7 155H","/dev/nvme0n1p3[/tmp] ext4   rw,nosuid,nodev,noatime,errors=remount-ro","/tmp/pigment-db-durability-bench","pigment_db","physical","key_set","file","ordinary_write","8","32","5","5","1024","1041938797","982.783253","11763776","0"
"candidate-protocol-v4-20260807-155736","6d7edc7c29a60a94c59effeeb2b78d8b95038135","default-hasher:e161550f2ff7f0ec","rustc 1.97.0 (2d8144b78 2026-07-07)","x86_64-unknown-linux-gnu","Linux 7.0.11-76070011-generic x86_64","Intel(R) Core(TM) Ultra 7 155H","/dev/nvme0n1p3[/tmp] ext4   rw,nosuid,nodev,noatime,errors=remount-ro","/tmp/pigment-db-durability-bench","pigment_db","physical","key_set","file","ordinary_write","8","32","5","6","1024","1129397092","906.678446","13730038","0"
"candidate-protocol-v4-20260807-155736","6d7edc7c29a60a94c59effeeb2b78d8b95038135","default-hasher:e161550f2ff7f0ec","rustc 1.97.0 (2d8144b78 2026-07-07)","x86_64-unknown-linux-gnu","Linux 7.0.11-76070011-generic x86_64","Intel(R) Core(TM) Ultra 7 155H","/dev/nvme0n1p3[/tmp] ext4   rw,nosuid,nodev,noatime,errors=remount-ro","/tmp/pigment-db-durability-bench","pigment_db","physical","key_set","file","ordinary_write","8","32","5","7","1024","1092741998","937.092197","13808454","0"
"candidate-protocol-v4-20260807-155736","6d7edc7c29a60a94c59effeeb2b78d8b95038135","default-hasher:e161550f2ff7f0ec","rustc 1.97.0 (2d8144b78 2026-07-07)","x86_64-unknown-linux-gnu","Linux 7.0.11-76070011-generic x86_64","Intel(R) Core(TM) Ultra 7 155H","/dev/nvme0n1p3[/tmp] ext4   rw,nosuid,nodev,noatime,errors=remount-ro","/tmp/pigment-db-durability-bench","pigment_db","physical","key_set","file","ordinary_write","8","32","5","8","1024","1071566940","955.609922","10118106","0"
"candidate-protocol-v4-20260807-155736","6d7edc7c29a60a94c59effeeb2b78d8b95038135","default-hasher:e161550f2ff7f0ec","rustc 1.97.0 (2d8144b78 2026-07-07)","x86_64-unknown-linux-gnu","Linux 7.0.11-76070011-generic x86_64","Intel(R) Core(TM) Ultra 7 155H","/dev/nvme0n1p3[/tmp] ext4   rw,nosuid,nodev,noatime,errors=remount-ro","/tmp/pigment-db-durability-bench","pigment_db","physical","key_set","file","ordinary_write","8","32","5","9","1024","1104112429","927.441783","11016592","0"
"candidate-protocol-v4-20260807-155736","6d7edc7c29a60a94c59effeeb2b78d8b95038135","default-hasher:e161550f2ff7f0ec","rustc 1.97.0 (2d8144b78 2026-07-07)","x86_64-unknown-linux-gnu","Linux 7.0.11-76070011-generic x86_64","Intel(R) Core(TM) Ultra 7 155H","/dev/nvme0n1p3[/tmp] ext4   rw,nosuid,nodev,noatime,errors=remount-ro","/tmp/pigment-db-durability-bench","pigment_db","physical","key_set","file","ordinary_write","8","32","5","10","1024","1223421080","836.997185","13026201","0"
"candidate-protocol-v4-20260807-155736","6d7edc7c29a60a94c59effeeb2b78d8b95038135","default-hasher:e161550f2ff7f0ec","rustc 1.97.0 (2d8144b78 2026-07-07)","x86_64-unknown-linux-gnu","Linux 7.0.11-76070011-generic x86_64","Intel(R) Core(TM) Ultra 7 155H","/dev/nvme0n1p3[/tmp] ext4   rw,nosuid,nodev,noatime,errors=remount-ro","/tmp/pigment-db-durability-bench","pigment_db","physical","key_set","file","successful_remove","1","32","5","0","1024","1037823121","986.680658","998074","0"
"candidate-protocol-v4-20260807-155736","6d7edc7c29a60a94c59effeeb2b78d8b95038135","default-hasher:e161550f2ff7f0ec","rustc 1.97.0 (2d8144b78 2026-07-07)","x86_64-unknown-linux-gnu","Linux 7.0.11-76070011-generic x86_64","Intel(R) Core(TM) Ultra 7 155H","/dev/nvme0n1p3[/tmp] ext4   rw,nosuid,nodev,noatime,errors=remount-ro","/tmp/pigment-db-durability-bench","pigment_db","physical","key_set","file","successful_remove","1","32","5","1","1024","1032428460","991.836277","1014125","0"
"candidate-protocol-v4-20260807-155736","6d7edc7c29a60a94c59effeeb2b78d8b95038135","default-hasher:e161550f2ff7f0ec","rustc 1.97.0 (2d8144b78 2026-07-07)","x86_64-unknown-linux-gnu","Linux 7.0.11-76070011-generic x86_64","Intel(R) Core(TM) Ultra 7 155H","/dev/nvme0n1p3[/tmp] ext4   rw,nosuid,nodev,noatime,errors=remount-ro","/tmp/pigment-db-durability-bench","pigment_db","physical","key_set","file","successful_remove","1","32","5","2","1024","1038699405","985.848259","1005272","0"
"candidate-protocol-v4-20260807-155736","6d7edc7c29a60a94c59effeeb2b78d8b95038135","default-hasher:e161550f2ff7f0ec","rustc 1.97.0 (2d8144b78 2026-07-07)","x86_64-unknown-linux-gnu","Linux 7.0.11-76070011-generic x86_64","Intel(R) Core(TM) Ultra 7 155H","/dev/nvme0n1p3[/tmp] ext4   rw,nosuid,nodev,noatime,errors=remount-ro","/tmp/pigment-db-durability-bench","pigment_db","physical","key_set","file","successful_remove","1","32","5","3","1024","1029726931","994.438398","1001476","0"
"candidate-protocol-v4-20260807-155736","6d7edc7c29a60a94c59effeeb2b78d8b95038135","default-hasher:e161550f2ff7f0ec","rustc 1.97.0 (2d8144b78 2026-07-07)","x86_64-unknown-linux-gnu","Linux 7.0.11-76070011-generic x86_64","Intel(R) Core(TM) Ultra 7 155H","/dev/nvme0n1p3[/tmp] ext4   rw,nosuid,nodev,noatime,errors=remount-ro","/tmp/pigment-db-durability-bench","pigment_db","physical","key_set","file","successful_remove","1","32","5","4","1024","1048722070","976.426481","1026056","0"
"candidate-protocol-v4-20260807-155736","6d7edc7c29a60a94c59effeeb2b78d8b95038135","default-hasher:e161550f2ff7f0ec","rustc 1.97.0 (2d8144b78 2026-07-07)","x86_64-unknown-linux-gnu","Linux 7.0.11-76070011-generic x86_64","Intel(R) Core(TM) Ultra 7 155H","/dev/nvme0n1p3[/tmp] ext4   rw,nosuid,nodev,noatime,errors=remount-ro","/tmp/pigment-db-durability-bench","pigment_db","physical","key_set","file","successful_remove","1","32","5","5","1024","1047952725","977.143315","1008884","0"
"candidate-protocol-v4-20260807-155736","6d7edc7c29a60a94c59effeeb2b78d8b95038135","default-hasher:e161550f2ff7f0ec","rustc 1.97.0 (2d8144b78 2026-07-07)","x86_64-unknown-linux-gnu","Linux 7.0.11-76070011-generic x86_64","Intel(R) Core(TM) Ultra 7 155H","/dev/nvme0n1p3[/tmp] ext4   rw,nosuid,nodev,noatime,errors=remount-ro","/tmp/pigment-db-durability-bench","pigment_db","physical","key_set","file","successful_remove","1","32","5","6","1024","1035240118","989.142502","1004668","0"
"candidate-protocol-v4-20260807-155736","6d7edc7c29a60a94c59effeeb2b78d8b95038135","default-hasher:e161550f2ff7f0ec","rustc 1.97.0 (2d8144b78 2026-07-07)","x86_64-unknown-linux-gnu","Linux 7.0.11-76070011-generic x86_64","Intel(R) Core(TM) Ultra 7 155H","/dev/nvme0n1p3[/tmp] ext4   rw,nosuid,nodev,noatime,errors=remount-ro","/tmp/pigment-db-durability-bench","pigment_db","physical","key_set","file","successful_remove","1","32","5","7","1024","1034853904","989.511656","1045524","0"
"candidate-protocol-v4-20260807-155736","6d7edc7c29a60a94c59effeeb2b78d8b95038135","default-hasher:e161550f2ff7f0ec","rustc 1.97.0 (2d8144b78 2026-07-07)","x86_64-unknown-linux-gnu","Linux 7.0.11-76070011-generic x86_64","Intel(R) Core(TM) Ultra 7 155H","/dev/nvme0n1p3[/tmp] ext4   rw,nosuid,nodev,noatime,errors=remount-ro","/tmp/pigment-db-durability-bench","pigment_db","physical","key_set","file","successful_remove","1","32","5","8","1024","1044989952","979.913728","1020080","0"
"candidate-protocol-v4-20260807-155736","6d7edc7c29a60a94c59effeeb2b78d8b95038135","default-hasher:e161550f2ff7f0ec","rustc 1.97.0 (2d8144b78 2026-07-07)","x86_64-unknown-linux-gnu","Linux 7.0.11-76070011-generic x86_64","Intel(R) Core(TM) Ultra 7 155H","/dev/nvme0n1p3[/tmp] ext4   rw,nosuid,nodev,noatime,errors=remount-ro","/tmp/pigment-db-durability-bench","pigment_db","physical","key_set","file","successful_remove","1","32","5","9","1024","1023219532","1000.762757","1001151","0"
"candidate-protocol-v4-20260807-155736","6d7edc7c29a60a94c59effeeb2b78d8b95038135","default-hasher:e161550f2ff7f0ec","rustc 1.97.0 (2d8144b78 2026-07-07)","x86_64-unknown-linux-gnu","Linux 7.0.11-76070011-generic x86_64","Intel(R) Core(TM) Ultra 7 155H","/dev/nvme0n1p3[/tmp] ext4   rw,nosuid,nodev,noatime,errors=remount-ro","/tmp/pigment-db-durability-bench","pigment_db","physical","key_set","file","successful_remove","1","32","5","10","1024","1031865545","992.377355","1000636","0"
"candidate-protocol-v4-20260807-155736","6d7edc7c29a60a94c59effeeb2b78d8b95038135","default-hasher:e161550f2ff7f0ec","rustc 1.97.0 (2d8144b78 2026-07-07)","x86_64-unknown-linux-gnu","Linux 7.0.11-76070011-generic x86_64","Intel(R) Core(TM) Ultra 7 155H","/dev/nvme0n1p3[/tmp] ext4   rw,nosuid,nodev,noatime,errors=remount-ro","/tmp/pigment-db-durability-bench","pigment_db","physical","key_set","file","successful_remove","8","32","5","0","1024","1080947012","947.317481","12819126","0"
"candidate-protocol-v4-20260807-155736","6d7edc7c29a60a94c59effeeb2b78d8b95038135","default-hasher:e161550f2ff7f0ec","rustc 1.97.0 (2d8144b78 2026-07-07)","x86_64-unknown-linux-gnu","Linux 7.0.11-76070011-generic x86_64","Intel(R) Core(TM) Ultra 7 155H","/dev/nvme0n1p3[/tmp] ext4   rw,nosuid,nodev,noatime,errors=remount-ro","/tmp/pigment-db-durability-bench","pigment_db","physical","key_set","file","successful_remove","8","32","5","1","1024","1119156465","914.974833","13946103","0"
"candidate-protocol-v4-20260807-155736","6d7edc7c29a60a94c59effeeb2b78d8b95038135","default-hasher:e161550f2ff7f0ec","rustc 1.97.0 (2d8144b78 2026-07-07)","x86_64-unknown-linux-gnu","Linux 7.0.11-76070011-generic x86_64","Intel(R) Core(TM) Ultra 7 155H","/dev/nvme0n1p3[/tmp] ext4   rw,nosuid,nodev,noatime,errors=remount-ro","/tmp/pigment-db-durability-bench","pigment_db","physical","key_set","file","successful_remove","8","32","5","2","1024","1081844380","946.531700","13635824","0"
"candidate-protocol-v4-20260807-155736","6d7edc7c29a60a94c59effeeb2b78d8b95038135","default-hasher:e161550f2ff7f0ec","rustc 1.97.0 (2d8144b78 2026-07-07)","x86_64-unknown-linux-gnu","Linux 7.0.11-76070011-generic x86_64","Intel(R) Core(TM) Ultra 7 155H","/dev/nvme0n1p3[/tmp] ext4   rw,nosuid,nodev,noatime,errors=remount-ro","/tmp/pigment-db-durability-bench","pigment_db","physical","key_set","file","successful_remove","8","32","5","3","1024","1071073932","956.049783","12213449","0"
"candidate-protocol-v4-20260807-155736","6d7edc7c29a60a94c59effeeb2b78d8b95038135","default-hasher:e161550f2ff7f0ec","rustc 1.97.0 (2d8144b78 2026-07-07)","x86_64-unknown-linux-gnu","Linux 7.0.11-76070011-generic x86_64","Intel(R) Core(TM) Ultra 7 155H","/dev/nvme0n1p3[/tmp] ext4   rw,nosuid,nodev,noatime,errors=remount-ro","/tmp/pigment-db-durability-bench","pigment_db","physical","key_set","file","successful_remove","8","32","5","4","1024","1101188928","929.904010","14084074","0"
"candidate-protocol-v4-20260807-155736","6d7edc7c29a60a94c59effeeb2b78d8b95038135","default-hasher:e161550f2ff7f0ec","rustc 1.97.0 (2d8144b78 2026-07-07)","x86_64-unknown-linux-gnu","Linux 7.0.11-76070011-generic x86_64","Intel(R) Core(TM) Ultra 7 155H","/dev/nvme0n1p3[/tmp] ext4   rw,nosuid,nodev,noatime,errors=remount-ro","/tmp/pigment-db-durability-bench","pigment_db","physical","key_set","file","successful_remove","8","32","5","5","1024","1097867649","932.717164","13143416","0"
"candidate-protocol-v4-20260807-155736","6d7edc7c29a60a94c59effeeb2b78d8b95038135","default-hasher:e161550f2ff7f0ec","rustc 1.97.0 (2d8144b78 2026-07-07)","x86_64-unknown-linux-gnu","Linux 7.0.11-76070011-generic x86_64","Intel(R) Core(TM) Ultra 7 155H","/dev/nvme0n1p3[/tmp] ext4   rw,nosuid,nodev,noatime,errors=remount-ro","/tmp/pigment-db-durability-bench","pigment_db","physical","key_set","file","successful_remove","8","32","5","6","1024","1112349462","920.574006","13682503","0"
"candidate-protocol-v4-20260807-155736","6d7edc7c29a60a94c59effeeb2b78d8b95038135","default-hasher:e161550f2ff7f0ec","rustc 1.97.0 (2d8144b78 2026-07-07)","x86_64-unknown-linux-gnu","Linux 7.0.11-76070011-generic x86_64","Intel(R) Core(TM) Ultra 7 155H","/dev/nvme0n1p3[/tmp] ext4   rw,nosuid,nodev,noatime,errors=remount-ro","/tmp/pigment-db-durability-bench","pigment_db","physical","key_set","file","successful_remove","8","32","5","7","1024","1078601021","949.377926","8255119","0"
"candidate-protocol-v4-20260807-155736","6d7edc7c29a60a94c59effeeb2b78d8b95038135","default-hasher:e161550f2ff7f0ec","rustc 1.97.0 (2d8144b78 2026-07-07)","x86_64-unknown-linux-gnu","Linux 7.0.11-76070011-generic x86_64","Intel(R) Core(TM) Ultra 7 155H","/dev/nvme0n1p3[/tmp] ext4   rw,nosuid,nodev,noatime,errors=remount-ro","/tmp/pigment-db-durability-bench","pigment_db","physical","key_set","file","successful_remove","8","32","5","8","1024","1107208198","924.848644","13736384","0"
"candidate-protocol-v4-20260807-155736","6d7edc7c29a60a94c59effeeb2b78d8b95038135","default-hasher:e161550f2ff7f0ec","rustc 1.97.0 (2d8144b78 2026-07-07)","x86_64-unknown-linux-gnu","Linux 7.0.11-76070011-generic x86_64","Intel(R) Core(TM) Ultra 7 155H","/dev/nvme0n1p3[/tmp] ext4   rw,nosuid,nodev,noatime,errors=remount-ro","/tmp/pigment-db-durability-bench","pigment_db","physical","key_set","file","successful_remove","8","32","5","9","1024","1128919054","907.062377","14419376","0"
"candidate-protocol-v4-20260807-155736","6d7edc7c29a60a94c59effeeb2b78d8b95038135","default-hasher:e161550f2ff7f0ec","rustc 1.97.0 (2d8144b78 2026-07-07)","x86_64-unknown-linux-gnu","Linux 7.0.11-76070011-generic x86_64","Intel(R) Core(TM) Ultra 7 155H","/dev/nvme0n1p3[/tmp] ext4   rw,nosuid,nodev,noatime,errors=remount-ro","/tmp/pigment-db-durability-bench","pigment_db","physical","key_set","file","successful_remove","8","32","5","10","1024","1563360248","654.999384","20122170","0"
"candidate-protocol-v4-20260807-155736","6d7edc7c29a60a94c59effeeb2b78d8b95038135","default-hasher:e161550f2ff7f0ec","rustc 1.97.0 (2d8144b78 2026-07-07)","x86_64-unknown-linux-gnu","Linux 7.0.11-76070011-generic x86_64","Intel(R) Core(TM) Ultra 7 155H","/dev/nvme0n1p3[/tmp] ext4   rw,nosuid,nodev,noatime,errors=remount-ro","/tmp/pigment-db-durability-bench","pigment_db","physical","key_set","file","minimal_callback","1","32","5","0","1024","1017994214","1005.899627","992138","0"
"candidate-protocol-v4-20260807-155736","6d7edc7c29a60a94c59effeeb2b78d8b95038135","default-hasher:e161550f2ff7f0ec","rustc 1.97.0 (2d8144b78 2026-07-07)","x86_64-unknown-linux-gnu","Linux 7.0.11-76070011-generic x86_64","Intel(R) Core(TM) Ultra 7 155H","/dev/nvme0n1p3[/tmp] ext4   rw,nosuid,nodev,noatime,errors=remount-ro","/tmp/pigment-db-durability-bench","pigment_db","physical","key_set","file","minimal_callback","1","32","5","1","1024","1055827796","969.855126","996596","0"
"candidate-protocol-v4-20260807-155736","6d7edc7c29a60a94c59effeeb2b78d8b95038135","default-hasher:e161550f2ff7f0ec","rustc 1.97.0 (2d8144b78 2026-07-07)","x86_64-unknown-linux-gnu","Linux 7.0.11-76070011-generic x86_64","Intel(R) Core(TM) Ultra 7 155H","/dev/nvme0n1p3[/tmp] ext4   rw,nosuid,nodev,noatime,errors=remount-ro","/tmp/pigment-db-durability-bench","pigment_db","physical","key_set","file","minimal_callback","1","32","5","2","1024","1054359083","971.206126","1033630","0"
"candidate-protocol-v4-20260807-155736","6d7edc7c29a60a94c59effeeb2b78d8b95038135","default-hasher:e161550f2ff7f0ec","rustc 1.97.0 (2d8144b78 2026-07-07)","x86_64-unknown-linux-gnu","Linux 7.0.11-76070011-generic x86_64","Intel(R) Core(TM) Ultra 7 155H","/dev/nvme0n1p3[/tmp] ext4   rw,nosuid,nodev,noatime,errors=remount-ro","/tmp/pigment-db-durability-bench","pigment_db","physical","key_set","file","minimal_callback","1","32","5","3","1024","1068323385","958.511266","1044628","0"
"candidate-protocol-v4-20260807-155736","6d7edc7c29a60a94c59effeeb2b78d8b95038135","default-hasher:e161550f2ff7f0ec","rustc 1.97.0 (2d8144b78 2026-07-07)","x86_64-unknown-linux-gnu","Linux 7.0.11-76070011-generic x86_64","Intel(R) Core(TM) Ultra 7 155H","/dev/nvme0n1p3[/tmp] ext4   rw,nosuid,nodev,noatime,errors=remount-ro","/tmp/pigment-db-durability-bench","pigment_db","physical","key_set","file","minimal_callback","1","32","5","4","1024","1055320806","970.321057","1000722","0"
"candidate-protocol-v4-20260807-155736","6d7edc7c29a60a94c59effeeb2b78d8b95038135","default-hasher:e161550f2ff7f0ec","rustc 1.97.0 (2d8144b78 2026-07-07)","x86_64-unknown-linux-gnu","Linux 7.0.11-76070011-generic x86_64","Intel(R) Core(TM) Ultra 7 155H","/dev/nvme0n1p3[/tmp] ext4   rw,nosuid,nodev,noatime,errors=remount-ro","/tmp/pigment-db-durability-bench","pigment_db","physical","key_set","file","minimal_callback","1","32","5","5","1024","1035866888","988.544003","1010578","0"
"candidate-protocol-v4-20260807-155736","6d7edc7c29a60a94c59effeeb2b78d8b95038135","default-hasher:e161550f2ff7f0ec","rustc 1.97.0 (2d8144b78 2026-07-07)","x86_64-unknown-linux-gnu","Linux 7.0.11-76070011-generic x86_64","Intel(R) Core(TM) Ultra 7 155H","/dev/nvme0n1p3[/tmp] ext4   rw,nosuid,nodev,noatime,errors=remount-ro","/tmp/pigment-db-durability-bench","pigment_db","physical","key_set","file","minimal_callback","1","32","5","6","1024","1056239633","969.476971","1067636","0"
"candidate-protocol-v4-20260807-155736","6d7edc7c29a60a94c59effeeb2b78d8b95038135","default-hasher:e161550f2ff7f0ec","rustc 1.97.0 (2d8144b78 2026-07-07)","x86_64-unknown-linux-gnu","Linux 7.0.11-76070011-generic x86_64","Intel(R) Core(TM) Ultra 7 155H","/dev/nvme0n1p3[/tmp] ext4   rw,nosuid,nodev,noatime,errors=remount-ro","/tmp/pigment-db-durability-bench","pigment_db","physical","key_set","file","minimal_callback","1","32","5","7","1024","1023877059","1000.120074","1014603","0"
"candidate-protocol-v4-20260807-155736","6d7edc7c29a60a94c59effeeb2b78d8b95038135","default-hasher:e161550f2ff7f0ec","rustc 1.97.0 (2d8144b78 2026-07-07)","x86_64-unknown-linux-gnu","Linux 7.0.11-76070011-generic x86_64","Intel(R) Core(TM) Ultra 7 155H","/dev/nvme0n1p3[/tmp] ext4   rw,nosuid,nodev,noatime,errors=remount-ro","/tmp/pigment-db-durability-bench","pigment_db","physical","key_set","file","minimal_callback","1","32","5","8","1024","1024617901","999.396945","1016039","0"
"candidate-protocol-v4-20260807-155736","6d7edc7c29a60a94c59effeeb2b78d8b95038135","default-hasher:e161550f2ff7f0ec","rustc 1.97.0 (2d8144b78 2026-07-07)","x86_64-unknown-linux-gnu","Linux 7.0.11-76070011-generic x86_64","Intel(R) Core(TM) Ultra 7 155H","/dev/nvme0n1p3[/tmp] ext4   rw,nosuid,nodev,noatime,errors=remount-ro","/tmp/pigment-db-durability-bench","pigment_db","physical","key_set","file","minimal_callback","1","32","5","9","1024","1063081920","963.237151","1032404","0"
"candidate-protocol-v4-20260807-155736","6d7edc7c29a60a94c59effeeb2b78d8b95038135","default-hasher:e161550f2ff7f0ec","rustc 1.97.0 (2d8144b78 2026-07-07)","x86_64-unknown-linux-gnu","Linux 7.0.11-76070011-generic x86_64","Intel(R) Core(TM) Ultra 7 155H","/dev/nvme0n1p3[/tmp] ext4   rw,nosuid,nodev,noatime,errors=remount-ro","/tmp/pigment-db-durability-bench","pigment_db","physical","key_set","file","minimal_callback","1","32","5","10","1024","1044784738","980.106201","994951","0"
"candidate-protocol-v4-20260807-155736","6d7edc7c29a60a94c59effeeb2b78d8b95038135","default-hasher:e161550f2ff7f0ec","rustc 1.97.0 (2d8144b78 2026-07-07)","x86_64-unknown-linux-gnu","Linux 7.0.11-76070011-generic x86_64","Intel(R) Core(TM) Ultra 7 155H","/dev/nvme0n1p3[/tmp] ext4   rw,nosuid,nodev,noatime,errors=remount-ro","/tmp/pigment-db-durability-bench","pigment_db","physical","key_set","file","minimal_callback","8","32","5","0","1024","1089649544","939.751690","13543049","0"
"candidate-protocol-v4-20260807-155736","6d7edc7c29a60a94c59effeeb2b78d8b95038135","default-hasher:e161550f2ff7f0ec","rustc 1.97.0 (2d8144b78 2026-07-07)","x86_64-unknown-linux-gnu","Linux 7.0.11-76070011-generic x86_64","Intel(R) Core(TM) Ultra 7 155H","/dev/nvme0n1p3[/tmp] ext4   rw,nosuid,nodev,noatime,errors=remount-ro","/tmp/pigment-db-durability-bench","pigment_db","physical","key_set","file","minimal_callback","8","32","5","1","1024","1071377022","955.779319","13679696","0"
"candidate-protocol-v4-20260807-155736","6d7edc7c29a60a94c59effeeb2b78d8b95038135","default-hasher:e161550f2ff7f0ec","rustc 1.97.0 (2d8144b78 2026-07-07)","x86_64-unknown-linux-gnu","Linux 7.0.11-76070011-generic x86_64","Intel(R) Core(TM) Ultra 7 155H","/dev/nvme0n1p3[/tmp] ext4   rw,nosuid,nodev,noatime,errors=remount-ro","/tmp/pigment-db-durability-bench","pigment_db","physical","key_set","file","minimal_callback","8","32","5","2","1024","1332539939","768.457267","16523891","0"
"candidate-protocol-v4-20260807-155736","6d7edc7c29a60a94c59effeeb2b78d8b95038135","default-hasher:e161550f2ff7f0ec","rustc 1.97.0 (2d8144b78 2026-07-07)","x86_64-unknown-linux-gnu","Linux 7.0.11-76070011-generic x86_64","Intel(R) Core(TM) Ultra 7 155H","/dev/nvme0n1p3[/tmp] ext4   rw,nosuid,nodev,noatime,errors=remount-ro","/tmp/pigment-db-durability-bench","pigment_db","physical","key_set","file","minimal_callback","8","32","5","3","1024","1115860644","917.677315","13692187","0"
"candidate-protocol-v4-20260807-155736","6d7edc7c29a60a94c59effeeb2b78d8b95038135","default-hasher:e161550f2ff7f0ec","rustc 1.97.0 (2d8144b78 2026-07-07)","x86_64-unknown-linux-gnu","Linux 7.0.11-76070011-generic x86_64","Intel(R) Core(TM) Ultra 7 155H","/dev/nvme0n1p3[/tmp] ext4   rw,nosuid,nodev,noatime,errors=remount-ro","/tmp/pigment-db-durability-bench","pigment_db","physical","key_set","file","minimal_callback","8","32","5","4","1024","1044871403","980.024907","12895882","0"
"candidate-protocol-v4-20260807-155736","6d7edc7c29a60a94c59effeeb2b78d8b95038135","default-hasher:e161550f2ff7f0ec","rustc 1.97.0 (2d8144b78 2026-07-07)","x86_64-unknown-linux-gnu","Linux 7.0.11-76070011-generic x86_64","Intel(R) Core(TM) Ultra 7 155H","/dev/nvme0n1p3[/tmp] ext4   rw,nosuid,nodev,noatime,errors=remount-ro","/tmp/pigment-db-durability-bench","pigment_db","physical","key_set","file","minimal_callback","8","32","5","5","1024","1103244765","928.171184","13777201","0"
"candidate-protocol-v4-20260807-155736","6d7edc7c29a60a94c59effeeb2b78d8b95038135","default-hasher:e161550f2ff7f0ec","rustc 1.97.0 (2d8144b78 2026-07-07)","x86_64-unknown-linux-gnu","Linux 7.0.11-76070011-generic x86_64","Intel(R) Core(TM) Ultra 7 155H","/dev/nvme0n1p3[/tmp] ext4   rw,nosuid,nodev,noatime,errors=remount-ro","/tmp/pigment-db-durability-bench","pigment_db","physical","key_set","file","minimal_callback","8","32","5","6","1024","1069068077","957.843585","13535936","0"
"candidate-protocol-v4-20260807-155736","6d7edc7c29a60a94c59effeeb2b78d8b95038135","default-hasher:e161550f2ff7f0ec","rustc 1.97.0 (2d8144b78 2026-07-07)","x86_64-unknown-linux-gnu","Linux 7.0.11-76070011-generic x86_64","Intel(R) Core(TM) Ultra 7 155H","/dev/nvme0n1p3[/tmp] ext4   rw,nosuid,nodev,noatime,errors=remount-ro","/tmp/pigment-db-durability-bench","pigment_db","physical","key_set","file","minimal_callback","8","32","5","7","1024","1089536262","939.849398","12791055","0"
"candidate-protocol-v4-20260807-155736","6d7edc7c29a60a94c59effeeb2b78d8b95038135","default-hasher:e161550f2ff7f0ec","rustc 1.97.0 (2d8144b78 2026-07-07)","x86_64-unknown-linux-gnu","Linux 7.0.11-76070011-generic x86_64","Intel(R) Core(TM) Ultra 7 155H","/dev/nvme0n1p3[/tmp] ext4   rw,nosuid,nodev,noatime,errors=remount-ro","/tmp/pigment-db-durability-bench","pigment_db","physical","key_set","file","minimal_callback","8","32","5","8","1024","1084843832","943.914663","13810840","0"
"candidate-protocol-v4-20260807-155736","6d7edc7c29a60a94c59effeeb2b78d8b95038135","default-hasher:e161550f2ff7f0ec","rustc 1.97.0 (2d8144b78 2026-07-07)","x86_64-unknown-linux-gnu","Linux 7.0.11-76070011-generic x86_64","Intel(R) Core(TM) Ultra 7 155H","/dev/nvme0n1p3[/tmp] ext4   rw,nosuid,nodev,noatime,errors=remount-ro","/tmp/pigment-db-durability-bench","pigment_db","physical","key_set","file","minimal_callback","8","32","5","9","1024","1119937657","914.336609","13777018","0"
"candidate-protocol-v4-20260807-155736","6d7edc7c29a60a94c59effeeb2b78d8b95038135","default-hasher:e161550f2ff7f0ec","rustc 1.97.0 (2d8144b78 2026-07-07)","x86_64-unknown-linux-gnu","Linux 7.0.11-76070011-generic x86_64","Intel(R) Core(TM) Ultra 7 155H","/dev/nvme0n1p3[/tmp] ext4   rw,nosuid,nodev,noatime,errors=remount-ro","/tmp/pigment-db-durability-bench","pigment_db","physical","key_set","file","minimal_callback","8","32","5","10","1024","1094419589","935.655767","12912946","0"
"candidate-protocol-v4-20260807-155736","6d7edc7c29a60a94c59effeeb2b78d8b95038135","default-hasher:e161550f2ff7f0ec","rustc 1.97.0 (2d8144b78 2026-07-07)","x86_64-unknown-linux-gnu","Linux 7.0.11-76070011-generic x86_64","Intel(R) Core(TM) Ultra 7 155H","/dev/nvme0n1p3[/tmp] ext4   rw,nosuid,nodev,noatime,errors=remount-ro","/tmp/pigment-db-durability-bench","pigment_db","physical","key_map","file","ordinary_write","1","32","5","0","1024","1032727669","991.548915","1015632","0"
"candidate-protocol-v4-20260807-155736","6d7edc7c29a60a94c59effeeb2b78d8b95038135","default-hasher:e161550f2ff7f0ec","rustc 1.97.0 (2d8144b78 2026-07-07)","x86_64-unknown-linux-gnu","Linux 7.0.11-76070011-generic x86_64","Intel(R) Core(TM) Ultra 7 155H","/dev/nvme0n1p3[/tmp] ext4   rw,nosuid,nodev,noatime,errors=remount-ro","/tmp/pigment-db-durability-bench","pigment_db","physical","key_map","file","ordinary_write","1","32","5","1","1024","1039998481","984.616823","996835","0"
"candidate-protocol-v4-20260807-155736","6d7edc7c29a60a94c59effeeb2b78d8b95038135","default-hasher:e161550f2ff7f0ec","rustc 1.97.0 (2d8144b78 2026-07-07)","x86_64-unknown-linux-gnu","Linux 7.0.11-76070011-generic x86_64","Intel(R) Core(TM) Ultra 7 155H","/dev/nvme0n1p3[/tmp] ext4   rw,nosuid,nodev,noatime,errors=remount-ro","/tmp/pigment-db-durability-bench","pigment_db","physical","key_map","file","ordinary_write","1","32","5","2","1024","1024001410","999.998623","1006771","0"
"candidate-protocol-v4-20260807-155736","6d7edc7c29a60a94c59effeeb2b78d8b95038135","default-hasher:e161550f2ff7f0ec","rustc 1.97.0 (2d8144b78 2026-07-07)","x86_64-unknown-linux-gnu","Linux 7.0.11-76070011-generic x86_64","Intel(R) Core(TM) Ultra 7 155H","/dev/nvme0n1p3[/tmp] ext4   rw,nosuid,nodev,noatime,errors=remount-ro","/tmp/pigment-db-durability-bench","pigment_db","physical","key_map","file","ordinary_write","1","32","5","3","1024","1046337859","978.651390","1018316","0"
"candidate-protocol-v4-20260807-155736","6d7edc7c29a60a94c59effeeb2b78d8b95038135","default-hasher:e161550f2ff7f0ec","rustc 1.97.0 (2d8144b78 2026-07-07)","x86_64-unknown-linux-gnu","Linux 7.0.11-76070011-generic x86_64","Intel(R) Core(TM) Ultra 7 155H","/dev/nvme0n1p3[/tmp] ext4   rw,nosuid,nodev,noatime,errors=remount-ro","/tmp/pigment-db-durability-bench","pigment_db","physical","key_map","file","ordinary_write","1","32","5","4","1024","1023641220","1000.350494","984960","0"
"candidate-protocol-v4-20260807-155736","6d7edc7c29a60a94c59effeeb2b78d8b95038135","default-hasher:e161550f2ff7f0ec","rustc 1.97.0 (2d8144b78 2026-07-07)","x86_64-unknown-linux-gnu","Linux 7.0.11-76070011-generic x86_64","Intel(R) Core(TM) Ultra 7 155H","/dev/nvme0n1p3[/tmp] ext4   rw,nosuid,nodev,noatime,errors=remount-ro","/tmp/pigment-db-durability-bench","pigment_db","physical","key_map","file","ordinary_write","1","32","5","5","1024","1033748576","990.569684","1011469","0"
"candidate-protocol-v4-20260807-155736","6d7edc7c29a60a94c59effeeb2b78d8b95038135","default-hasher:e161550f2ff7f0ec","rustc 1.97.0 (2d8144b78 2026-07-07)","x86_64-unknown-linux-gnu","Linux 7.0.11-76070011-generic x86_64","Intel(R) Core(TM) Ultra 7 155H","/dev/nvme0n1p3[/tmp] ext4   rw,nosuid,nodev,noatime,errors=remount-ro","/tmp/pigment-db-durability-bench","pigment_db","physical","key_map","file","ordinary_write","1","32","5","6","1024","1045901755","979.059453","1026724","0"
"candidate-protocol-v4-20260807-155736","6d7edc7c29a60a94c59effeeb2b78d8b95038135","default-hasher:e161550f2ff7f0ec","rustc 1.97.0 (2d8144b78 2026-07-07)","x86_64-unknown-linux-gnu","Linux 7.0.11-76070011-generic x86_64","Intel(R) Core(TM) Ultra 7 155H","/dev/nvme0n1p3[/tmp] ext4   rw,nosuid,nodev,noatime,errors=remount-ro","/tmp/pigment-db-durability-bench","pigment_db","physical","key_map","file","ordinary_write","1","32","5","7","1024","1036820486","987.634806","1013503","0"
"candidate-protocol-v4-20260807-155736","6d7edc7c29a60a94c59effeeb2b78d8b95038135","default-hasher:e161550f2ff7f0ec","rustc 1.97.0 (2d8144b78 2026-07-07)","x86_64-unknown-linux-gnu","Linux 7.0.11-76070011-generic x86_64","Intel(R) Core(TM) Ultra 7 155H","/dev/nvme0n1p3[/tmp] ext4   rw,nosuid,nodev,noatime,errors=remount-ro","/tmp/pigment-db-durability-bench","pigment_db","physical","key_map","file","ordinary_write","1","32","5","8","1024","1065967218","960.629917","1033030","0"
"candidate-protocol-v4-20260807-155736","6d7edc7c29a60a94c59effeeb2b78d8b95038135","default-hasher:e161550f2ff7f0ec","rustc 1.97.0 (2d8144b78 2026-07-07)","x86_64-unknown-linux-gnu","Linux 7.0.11-76070011-generic x86_64","Intel(R) Core(TM) Ultra 7 155H","/dev/nvme0n1p3[/tmp] ext4   rw,nosuid,nodev,noatime,errors=remount-ro","/tmp/pigment-db-durability-bench","pigment_db","physical","key_map","file","ordinary_write","1","32","5","9","1024","1043027324","981.757598","997886","0"
"candidate-protocol-v4-20260807-155736","6d7edc7c29a60a94c59effeeb2b78d8b95038135","default-hasher:e161550f2ff7f0ec","rustc 1.97.0 (2d8144b78 2026-07-07)","x86_64-unknown-linux-gnu","Linux 7.0.11-76070011-generic x86_64","Intel(R) Core(TM) Ultra 7 155H","/dev/nvme0n1p3[/tmp] ext4   rw,nosuid,nodev,noatime,errors=remount-ro","/tmp/pigment-db-durability-bench","pigment_db","physical","key_map","file","ordinary_write","1","32","5","10","1024","1100073432","930.846951","1342781","0"
"candidate-protocol-v4-20260807-155736","6d7edc7c29a60a94c59effeeb2b78d8b95038135","default-hasher:e161550f2ff7f0ec","rustc 1.97.0 (2d8144b78 2026-07-07)","x86_64-unknown-linux-gnu","Linux 7.0.11-76070011-generic x86_64","Intel(R) Core(TM) Ultra 7 155H","/dev/nvme0n1p3[/tmp] ext4   rw,nosuid,nodev,noatime,errors=remount-ro","/tmp/pigment-db-durability-bench","pigment_db","physical","key_map","file","ordinary_write","8","32","5","0","1024","1120383149","913.973047","14646034","0"
"candidate-protocol-v4-20260807-155736","6d7edc7c29a60a94c59effeeb2b78d8b95038135","default-hasher:e161550f2ff7f0ec","rustc 1.97.0 (2d8144b78 2026-07-07)","x86_64-unknown-linux-gnu","Linux 7.0.11-76070011-generic x86_64","Intel(R) Core(TM) Ultra 7 155H","/dev/nvme0n1p3[/tmp] ext4   rw,nosuid,nodev,noatime,errors=remount-ro","/tmp/pigment-db-durability-bench","pigment_db","physical","key_map","file","ordinary_write","8","32","5","1","1024","1086331914","942.621667","11908465","0"
"candidate-protocol-v4-20260807-155736","6d7edc7c29a60a94c59effeeb2b78d8b95038135","default-hasher:e161550f2ff7f0ec","rustc 1.97.0 (2d8144b78 2026-07-07)","x86_64-unknown-linux-gnu","Linux 7.0.11-76070011-generic x86_64","Intel(R) Core(TM) Ultra 7 155H","/dev/nvme0n1p3[/tmp] ext4   rw,nosuid,nodev,noatime,errors=remount-ro","/tmp/pigment-db-durability-bench","pigment_db","physical","key_map","file","ordinary_write","8","32","5","2","1024","1045089529","979.820361","11923156","0"
"candidate-protocol-v4-20260807-155736","6d7edc7c29a60a94c59effeeb2b78d8b95038135","default-hasher:e161550f2ff7f0ec","rustc 1.97.0 (2d8144b78 2026-07-07)","x86_64-unknown-linux-gnu","Linux 7.0.11-76070011-generic x86_64","Intel(R) Core(TM) Ultra 7 155H","/dev/nvme0n1p3[/tmp] ext4   rw,nosuid,nodev,noatime,errors=remount-ro","/tmp/pigment-db-durability-bench","pigment_db","physical","key_map","file","ordinary_write","8","32","5","3","1024","1087030074","942.016256","13917783","0"
"candidate-protocol-v4-20260807-155736","6d7edc7c29a60a94c59effeeb2b78d8b95038135","default-hasher:e161550f2ff7f0ec","rustc 1.97.0 (2d8144b78 2026-07-07)","x86_64-unknown-linux-gnu","Linux 7.0.11-76070011-generic x86_64","Intel(R) Core(TM) Ultra 7 155H","/dev/nvme0n1p3[/tmp] ext4   rw,nosuid,nodev,noatime,errors=remount-ro","/tmp/pigment-db-durability-bench","pigment_db","physical","key_map","file","ordinary_write","8","32","5","4","1024","1061639222","964.546127","12766651","0"
"candidate-protocol-v4-20260807-155736","6d7edc7c29a60a94c59effeeb2b78d8b95038135","default-hasher:e161550f2ff7f0ec","rustc 1.97.0 (2d8144b78 2026-07-07)","x86_64-unknown-linux-gnu","Linux 7.0.11-76070011-generic x86_64","Intel(R) Core(TM) Ultra 7 155H","/dev/nvme0n1p3[/tmp] ext4   rw,nosuid,nodev,noatime,errors=remount-ro","/tmp/pigment-db-durability-bench","pigment_db","physical","key_map","file","ordinary_write","8","32","5","5","1024","1106188725","925.700992","13790922","0"
"candidate-protocol-v4-20260807-155736","6d7edc7c29a60a94c59effeeb2b78d8b95038135","default-hasher:e161550f2ff7f0ec","rustc 1.97.0 (2d8144b78 2026-07-07)","x86_64-unknown-linux-gnu","Linux 7.0.11-76070011-generic x86_64","Intel(R) Core(TM) Ultra 7 155H","/dev/nvme0n1p3[/tmp] ext4   rw,nosuid,nodev,noatime,errors=remount-ro","/tmp/pigment-db-durability-bench","pigment_db","physical","key_map","file","ordinary_write","8","32","5","6","1024","1087924773","941.241550","12912986","0"
"candidate-protocol-v4-20260807-155736","6d7edc7c29a60a94c59effeeb2b78d8b95038135","default-hasher:e161550f2ff7f0ec","rustc 1.97.0 (2d8144b78 2026-07-07)","x86_64-unknown-linux-gnu","Linux 7.0.11-76070011-generic x86_64","Intel(R) Core(TM) Ultra 7 155H","/dev/nvme0n1p3[/tmp] ext4   rw,nosuid,nodev,noatime,errors=remount-ro","/tmp/pigment-db-durability-bench","pigment_db","physical","key_map","file","ordinary_write","8","32","5","7","1024","1084560070","944.161627","11192805","0"
"candidate-protocol-v4-20260807-155736","6d7edc7c29a60a94c59effeeb2b78d8b95038135","default-hasher:e161550f2ff7f0ec","rustc 1.97.0 (2d8144b78 2026-07-07)","x86_64-unknown-linux-gnu","Linux 7.0.11-76070011-generic x86_64","Intel(R) Core(TM) Ultra 7 155H","/dev/nvme0n1p3[/tmp] ext4   rw,nosuid,nodev,noatime,errors=remount-ro","/tmp/pigment-db-durability-bench","pigment_db","physical","key_map","file","ordinary_write","8","32","5","8","1024","1116910813","916.814474","14378812","0"
"candidate-protocol-v4-20260807-155736","6d7edc7c29a60a94c59effeeb2b78d8b95038135","default-hasher:e161550f2ff7f0ec","rustc 1.97.0 (2d8144b78 2026-07-07)","x86_64-unknown-linux-gnu","Linux 7.0.11-76070011-generic x86_64","Intel(R) Core(TM) Ultra 7 155H","/dev/nvme0n1p3[/tmp] ext4   rw,nosuid,nodev,noatime,errors=remount-ro","/tmp/pigment-db-durability-bench","pigment_db","physical","key_map","file","ordinary_write","8","32","5","9","1024","1081977467","946.415273","12824022","0"
"candidate-protocol-v4-20260807-155736","6d7edc7c29a60a94c59effeeb2b78d8b95038135","default-hasher:e161550f2ff7f0ec","rustc 1.97.0 (2d8144b78 2026-07-07)","x86_64-unknown-linux-gnu","Linux 7.0.11-76070011-generic x86_64","Intel(R) Core(TM) Ultra 7 155H","/dev/nvme0n1p3[/tmp] ext4   rw,nosuid,nodev,noatime,errors=remount-ro","/tmp/pigment-db-durability-bench","pigment_db","physical","key_map","file","ordinary_write","8","32","5","10","1024","1099432821","931.389331","12988880","0"
"candidate-protocol-v4-20260807-155736","6d7edc7c29a60a94c59effeeb2b78d8b95038135","default-hasher:e161550f2ff7f0ec","rustc 1.97.0 (2d8144b78 2026-07-07)","x86_64-unknown-linux-gnu","Linux 7.0.11-76070011-generic x86_64","Intel(R) Core(TM) Ultra 7 155H","/dev/nvme0n1p3[/tmp] ext4   rw,nosuid,nodev,noatime,errors=remount-ro","/tmp/pigment-db-durability-bench","pigment_db","physical","key_map","file","successful_remove","1","32","5","0","1024","1039373527","985.208853","1031228","0"
"candidate-protocol-v4-20260807-155736","6d7edc7c29a60a94c59effeeb2b78d8b95038135","default-hasher:e161550f2ff7f0ec","rustc 1.97.0 (2d8144b78 2026-07-07)","x86_64-unknown-linux-gnu","Linux 7.0.11-76070011-generic x86_64","Intel(R) Core(TM) Ultra 7 155H","/dev/nvme0n1p3[/tmp] ext4   rw,nosuid,nodev,noatime,errors=remount-ro","/tmp/pigment-db-durability-bench","pigment_db","physical","key_map","file","successful_remove","1","32","5","1","1024","1054544650","971.035224","1048316","0"
"candidate-protocol-v4-20260807-155736","6d7edc7c29a60a94c59effeeb2b78d8b95038135","default-hasher:e161550f2ff7f0ec","rustc 1.97.0 (2d8144b78 2026-07-07)","x86_64-unknown-linux-gnu","Linux 7.0.11-76070011-generic x86_64","Intel(R) Core(TM) Ultra 7 155H","/dev/nvme0n1p3[/tmp] ext4   rw,nosuid,nodev,noatime,errors=remount-ro","/tmp/pigment-db-durability-bench","pigment_db","physical","key_map","file","successful_remove","1","32","5","2","1024","1059304217","966.672259","1006837","0"
"candidate-protocol-v4-20260807-155736","6d7edc7c29a60a94c59effeeb2b78d8b95038135","default-hasher:e161550f2ff7f0ec","rustc 1.97.0 (2d8144b78 2026-07-07)","x86_64-unknown-linux-gnu","Linux 7.0.11-76070011-generic x86_64","Intel(R) Core(TM) Ultra 7 155H","/dev/nvme0n1p3[/tmp] ext4   rw,nosuid,nodev,noatime,errors=remount-ro","/tmp/pigment-db-durability-bench","pigment_db","physical","key_map","file","successful_remove","1","32","5","3","1024","1028419676","995.702459","1004442","0"
"candidate-protocol-v4-20260807-155736","6d7edc7c29a60a94c59effeeb2b78d8b95038135","default-hasher:e161550f2ff7f0ec","rustc 1.97.0 (2d8144b78 2026-07-07)","x86_64-unknown-linux-gnu","Linux 7.0.11-76070011-generic x86_64","Intel(R) Core(TM) Ultra 7 155H","/dev/nvme0n1p3[/tmp] ext4   rw,nosuid,nodev,noatime,errors=remount-ro","/tmp/pigment-db-durability-bench","pigment_db","physical","key_map","file","successful_remove","1","32","5","4","1024","1045526327","979.411014","1021642","0"
"candidate-protocol-v4-20260807-155736","6d7edc7c29a60a94c59effeeb2b78d8b95038135","default-hasher:e161550f2ff7f0ec","rustc 1.97.0 (2d8144b78 2026-07-07)","x86_64-unknown-linux-gnu","Linux 7.0.11-76070011-generic x86_64","Intel(R) Core(TM) Ultra 7 155H","/dev/nvme0n1p3[/tmp] ext4   rw,nosuid,nodev,noatime,errors=remount-ro","/tmp/pigment-db-durability-bench","pigment_db","physical","key_map","file","successful_remove","1","32","5","5","1024","1030580936","993.614343","988885","0"
"candidate-protocol-v4-20260807-155736","6d7edc7c29a60a94c59effeeb2b78d8b95038135","default-hasher:e161550f2ff7f0ec","rustc 1.97.0 (2d8144b78 2026-07-07)","x86_64-unknown-linux-gnu","Linux 7.0.11-76070011-generic x86_64","Intel(R) Core(TM) Ultra 7 155H","/dev/nvme0n1p3[/tmp] ext4   rw,nosuid,nodev,noatime,errors=remount-ro","/tmp/pigment-db-durability-bench","pigment_db","physical","key_map","file","successful_remove","1","32","5","6","1024","1061129789","965.009192","1123755","0"
"candidate-protocol-v4-20260807-155736","6d7edc7c29a60a94c59effeeb2b78d8b95038135","default-hasher:e161550f2ff7f0ec","rustc 1.97.0 (2d8144b78 2026-07-07)","x86_64-unknown-linux-gnu","Linux 7.0.11-76070011-generic x86_64","Intel(R) Core(TM) Ultra 7 155H","/dev/nvme0n1p3[/tmp] ext4   rw,nosuid,nodev,noatime,errors=remount-ro","/tmp/pigment-db-durability-bench","pigment_db","physical","key_map","file","successful_remove","1","32","5","7","1024","1056324659","969.398936","1038865","0"
"candidate-protocol-v4-20260807-155736","6d7edc7c29a60a94c59effeeb2b78d8b95038135","default-hasher:e161550f2ff7f0ec","rustc 1.97.0 (2d8144b78 2026-07-07)","x86_64-unknown-linux-gnu","Linux 7.0.11-76070011-generic x86_64","Intel(R) Core(TM) Ultra 7 155H","/dev/nvme0n1p3[/tmp] ext4   rw,nosuid,nodev,noatime,errors=remount-ro","/tmp/pigment-db-durability-bench","pigment_db","physical","key_map","file","successful_remove","1","32","5","8","1024","1056743950","969.014301","1068851","0"
"candidate-protocol-v4-20260807-155736","6d7edc7c29a60a94c59effeeb2b78d8b95038135","default-hasher:e161550f2ff7f0ec","rustc 1.97.0 (2d8144b78 2026-07-07)","x86_64-unknown-linux-gnu","Linux 7.0.11-76070011-generic x86_64","Intel(R) Core(TM) Ultra 7 155H","/dev/nvme0n1p3[/tmp] ext4   rw,nosuid,nodev,noatime,errors=remount-ro","/tmp/pigment-db-durability-bench","pigment_db","physical","key_map","file","successful_remove","1","32","5","9","1024","1065782899","960.796050","1092715","0"
"candidate-protocol-v4-20260807-155736","6d7edc7c29a60a94c59effeeb2b78d8b95038135","default-hasher:e161550f2ff7f0ec","rustc 1.97.0 (2d8144b78 2026-07-07)","x86_64-unknown-linux-gnu","Linux 7.0.11-76070011-generic x86_64","Intel(R) Core(TM) Ultra 7 155H","/dev/nvme0n1p3[/tmp] ext4   rw,nosuid,nodev,noatime,errors=remount-ro","/tmp/pigment-db-durability-bench","pigment_db","physical","key_map","file","successful_remove","1","32","5","10","1024","1057089492","968.697549","1076498","0"
"candidate-protocol-v4-20260807-155736","6d7edc7c29a60a94c59effeeb2b78d8b95038135","default-hasher:e161550f2ff7f0ec","rustc 1.97.0 (2d8144b78 2026-07-07)","x86_64-unknown-linux-gnu","Linux 7.0.11-76070011-generic x86_64","Intel(R) Core(TM) Ultra 7 155H","/dev/nvme0n1p3[/tmp] ext4   rw,nosuid,nodev,noatime,errors=remount-ro","/tmp/pigment-db-durability-bench","pigment_db","physical","key_map","file","successful_remove","8","32","5","0","1024","1113693363","919.463143","13966483","0"
"candidate-protocol-v4-20260807-155736","6d7edc7c29a60a94c59effeeb2b78d8b95038135","default-hasher:e161550f2ff7f0ec","rustc 1.97.0 (2d8144b78 2026-07-07)","x86_64-unknown-linux-gnu","Linux 7.0.11-76070011-generic x86_64","Intel(R) Core(TM) Ultra 7 155H","/dev/nvme0n1p3[/tmp] ext4   rw,nosuid,nodev,noatime,errors=remount-ro","/tmp/pigment-db-durability-bench","pigment_db","physical","key_map","file","successful_remove","8","32","5","1","1024","1109167224","923.215163","12036140","0"
"candidate-protocol-v4-20260807-155736","6d7edc7c29a60a94c59effeeb2b78d8b95038135","default-hasher:e161550f2ff7f0ec","rustc 1.97.0 (2d8144b78 2026-07-07)","x86_64-unknown-linux-gnu","Linux 7.0.11-76070011-generic x86_64","Intel(R) Core(TM) Ultra 7 155H","/dev/nvme0n1p3[/tmp] ext4   rw,nosuid,nodev,noatime,errors=remount-ro","/tmp/pigment-db-durability-bench","pigment_db","physical","key_map","file","successful_remove","8","32","5","2","1024","1106765096","925.218914","13941137","0"
"candidate-protocol-v4-20260807-155736","6d7edc7c29a60a94c59effeeb2b78d8b95038135","default-hasher:e161550f2ff7f0ec","rustc 1.97.0 (2d8144b78 2026-07-07)","x86_64-unknown-linux-gnu","Linux 7.0.11-76070011-generic x86_64","Intel(R) Core(TM) Ultra 7 155H","/dev/nvme0n1p3[/tmp] ext4   rw,nosuid,nodev,noatime,errors=remount-ro","/tmp/pigment-db-durability-bench","pigment_db","physical","key_map","file","successful_remove","8","32","5","3","1024","1103037435","928.345646","13685909","0"
"candidate-protocol-v4-20260807-155736","6d7edc7c29a60a94c59effeeb2b78d8b95038135","default-hasher:e161550f2ff7f0ec","rustc 1.97.0 (2d8144b78 2026-07-07)","x86_64-unknown-linux-gnu","Linux 7.0.11-76070011-generic x86_64","Intel(R) Core(TM) Ultra 7 155H","/dev/nvme0n1p3[/tmp] ext4   rw,nosuid,nodev,noatime,errors=remount-ro","/tmp/pigment-db-durability-bench","pigment_db","physical","key_map","file","successful_remove","8","32","5","4","1024","1059434114","966.553735","7554895","0"
"candidate-protocol-v4-20260807-155736","6d7edc7c29a60a94c59effeeb2b78d8b95038135","default-hasher:e161550f2ff7f0ec","rustc 1.97.0 (2d8144b78 2026-07-07)","x86_64-unknown-linux-gnu","Linux 7.0.11-76070011-generic x86_64","Intel(R) Core(TM) Ultra 7 155H","/dev/nvme0n1p3[/tmp] ext4   rw,nosuid,nodev,noatime,errors=remount-ro","/tmp/pigment-db-durability-bench","pigment_db","physical","key_map","file","successful_remove","8","32","5","5","1024","1069528345","957.431381","12858128","0"
"candidate-protocol-v4-20260807-155736","6d7edc7c29a60a94c59effeeb2b78d8b95038135","default-hasher:e161550f2ff7f0ec","rustc 1.97.0 (2d8144b78 2026-07-07)","x86_64-unknown-linux-gnu","Linux 7.0.11-76070011-generic x86_64","Intel(R) Core(TM) Ultra 7 155H","/dev/nvme0n1p3[/tmp] ext4   rw,nosuid,nodev,noatime,errors=remount-ro","/tmp/pigment-db-durability-bench","pigment_db","physical","key_map","file","successful_remove","8","32","5","6","1024","1077027066","950.765336","10929545","0"
"candidate-protocol-v4-20260807-155736","6d7edc7c29a60a94c59effeeb2b78d8b95038135","default-hasher:e161550f2ff7f0ec","rustc 1.97.0 (2d8144b78 2026-07-07)","x86_64-unknown-linux-gnu","Linux 7.0.11-76070011-generic x86_64","Intel(R) Core(TM) Ultra 7 155H","/dev/nvme0n1p3[/tmp] ext4   rw,nosuid,nodev,noatime,errors=remount-ro","/tmp/pigment-db-durability-bench","pigment_db","physical","key_map","file","successful_remove","8","32","5","7","1024","1101389081","929.735021","13794715","0"
"candidate-protocol-v4-20260807-155736","6d7edc7c29a60a94c59effeeb2b78d8b95038135","default-hasher:e161550f2ff7f0ec","rustc 1.97.0 (2d8144b78 2026-07-07)","x86_64-unknown-linux-gnu","Linux 7.0.11-76070011-generic x86_64","Intel(R) Core(TM) Ultra 7 155H","/dev/nvme0n1p3[/tmp] ext4   rw,nosuid,nodev,noatime,errors=remount-ro","/tmp/pigment-db-durability-bench","pigment_db","physical","key_map","file","successful_remove","8","32","5","8","1024","1296441252","789.854533","16353655","0"
"candidate-protocol-v4-20260807-155736","6d7edc7c29a60a94c59effeeb2b78d8b95038135","default-hasher:e161550f2ff7f0ec","rustc 1.97.0 (2d8144b78 2026-07-07)","x86_64-unknown-linux-gnu","Linux 7.0.11-76070011-generic x86_64","Intel(R) Core(TM) Ultra 7 155H","/dev/nvme0n1p3[/tmp] ext4   rw,nosuid,nodev,noatime,errors=remount-ro","/tmp/pigment-db-durability-bench","pigment_db","physical","key_map","file","successful_remove","8","32","5","9","1024","1082512135","945.947825","12800914","0"
"candidate-protocol-v4-20260807-155736","6d7edc7c29a60a94c59effeeb2b78d8b95038135","default-hasher:e161550f2ff7f0ec","rustc 1.97.0 (2d8144b78 2026-07-07)","x86_64-unknown-linux-gnu","Linux 7.0.11-76070011-generic x86_64","Intel(R) Core(TM) Ultra 7 155H","/dev/nvme0n1p3[/tmp] ext4   rw,nosuid,nodev,noatime,errors=remount-ro","/tmp/pigment-db-durability-bench","pigment_db","physical","key_map","file","successful_remove","8","32","5","10","1024","1079564098","948.530988","13794864","0"
"candidate-protocol-v4-20260807-155736","6d7edc7c29a60a94c59effeeb2b78d8b95038135","default-hasher:e161550f2ff7f0ec","rustc 1.97.0 (2d8144b78 2026-07-07)","x86_64-unknown-linux-gnu","Linux 7.0.11-76070011-generic x86_64","Intel(R) Core(TM) Ultra 7 155H","/dev/nvme0n1p3[/tmp] ext4   rw,nosuid,nodev,noatime,errors=remount-ro","/tmp/pigment-db-durability-bench","pigment_db","physical","key_map","file","minimal_callback","1","32","5","0","1024","1033519864","990.788891","998852","0"
"candidate-protocol-v4-20260807-155736","6d7edc7c29a60a94c59effeeb2b78d8b95038135","default-hasher:e161550f2ff7f0ec","rustc 1.97.0 (2d8144b78 2026-07-07)","x86_64-unknown-linux-gnu","Linux 7.0.11-76070011-generic x86_64","Intel(R) Core(TM) Ultra 7 155H","/dev/nvme0n1p3[/tmp] ext4   rw,nosuid,nodev,noatime,errors=remount-ro","/tmp/pigment-db-durability-bench","pigment_db","physical","key_map","file","minimal_callback","1","32","5","1","1024","1013816937","1010.044282","983348","0"
"candidate-protocol-v4-20260807-155736","6d7edc7c29a60a94c59effeeb2b78d8b95038135","default-hasher:e161550f2ff7f0ec","rustc 1.97.0 (2d8144b78 2026-07-07)","x86_64-unknown-linux-gnu","Linux 7.0.11-76070011-generic x86_64","Intel(R) Core(TM) Ultra 7 155H","/dev/nvme0n1p3[/tmp] ext4   rw,nosuid,nodev,noatime,errors=remount-ro","/tmp/pigment-db-durability-bench","pigment_db","physical","key_map","file","minimal_callback","1","32","5","2","1024","1059509242","966.485198","1088383","0"
"candidate-protocol-v4-20260807-155736","6d7edc7c29a60a94c59effeeb2b78d8b95038135","default-hasher:e161550f2ff7f0ec","rustc 1.97.0 (2d8144b78 2026-07-07)","x86_64-unknown-linux-gnu","Linux 7.0.11-76070011-generic x86_64","Intel(R) Core(TM) Ultra 7 155H","/dev/nvme0n1p3[/tmp] ext4   rw,nosuid,nodev,noatime,errors=remount-ro","/tmp/pigment-db-durability-bench","pigment_db","physical","key_map","file","minimal_callback","1","32","5","3","1024","1024282570","999.724129","1001149","0"
"candidate-protocol-v4-20260807-155736","6d7edc7c29a60a94c59effeeb2b78d8b95038135","default-hasher:e161550f2ff7f0ec","rustc 1.97.0 (2d8144b78 2026-07-07)","x86_64-unknown-linux-gnu","Linux 7.0.11-76070011-generic x86_64","Intel(R) Core(TM) Ultra 7 155H","/dev/nvme0n1p3[/tmp] ext4   rw,nosuid,nodev,noatime,errors=remount-ro","/tmp/pigment-db-durability-bench","pigment_db","physical","key_map","file","minimal_callback","1","32","5","4","1024","1051536996","973.812623","1014273","0"
"candidate-protocol-v4-20260807-155736","6d7edc7c29a60a94c59effeeb2b78d8b95038135","default-hasher:e161550f2ff7f0ec","rustc 1.97.0 (2d8144b78 2026-07-07)","x86_64-unknown-linux-gnu","Linux 7.0.11-76070011-generic x86_64","Intel(R) Core(TM) Ultra 7 155H","/dev/nvme0n1p3[/tmp] ext4   rw,nosuid,nodev,noatime,errors=remount-ro","/tmp/pigment-db-durability-bench","pigment_db","physical","key_map","file","minimal_callback","1","32","5","5","1024","1022309518","1001.653591","1008036","0"
"candidate-protocol-v4-20260807-155736","6d7edc7c29a60a94c59effeeb2b78d8b95038135","default-hasher:e161550f2ff7f0ec","rustc 1.97.0 (2d8144b78 2026-07-07)","x86_64-unknown-linux-gnu","Linux 7.0.11-76070011-generic x86_64","Intel(R) Core(TM) Ultra 7 155H","/dev/nvme0n1p3[/tmp] ext4   rw,nosuid,nodev,noatime,errors=remount-ro","/tmp/pigment-db-durability-bench","pigment_db","physical","key_map","file","minimal_callback","1","32","5","6","1024","1064955058","961.542924","1034608","0"
"candidate-protocol-v4-20260807-155736","6d7edc7c29a60a94c59effeeb2b78d8b95038135","default-hasher:e161550f2ff7f0ec","rustc 1.97.0 (2d8144b78 2026-07-07)","x86_64-unknown-linux-gnu","Linux 7.0.11-76070011-generic x86_64","Intel(R) Core(TM) Ultra 7 155H","/dev/nvme0n1p3[/tmp] ext4   rw,nosuid,nodev,noatime,errors=remount-ro","/tmp/pigment-db-durability-bench","pigment_db","physical","key_map","file","minimal_callback","1","32","5","7","1024","1048428883","976.699533","1039276","0"
"candidate-protocol-v4-20260807-155736","6d7edc7c29a60a94c59effeeb2b78d8b95038135","default-hasher:e161550f2ff7f0ec","rustc 1.97.0 (2d8144b78 2026-07-07)","x86_64-unknown-linux-gnu","Linux 7.0.11-76070011-generic x86_64","Intel(R) Core(TM) Ultra 7 155H","/dev/nvme0n1p3[/tmp] ext4   rw,nosuid,nodev,noatime,errors=remount-ro","/tmp/pigment-db-durability-bench","pigment_db","physical","key_map","file","minimal_callback","1","32","5","8","1024","1061638884","964.546434","1049431","0"
"candidate-protocol-v4-20260807-155736","6d7edc7c29a60a94c59effeeb2b78d8b95038135","default-hasher:e161550f2ff7f0ec","rustc 1.97.0 (2d8144b78 2026-07-07)","x86_64-unknown-linux-gnu","Linux 7.0.11-76070011-generic x86_64","Intel(R) Core(TM) Ultra 7 155H","/dev/nvme0n1p3[/tmp] ext4   rw,nosuid,nodev,noatime,errors=remount-ro","/tmp/pigment-db-durability-bench","pigment_db","physical","key_map","file","minimal_callback","1","32","5","9","1024","1058315988","967.574913","1016460","0"
"candidate-protocol-v4-20260807-155736","6d7edc7c29a60a94c59effeeb2b78d8b95038135","default-hasher:e161550f2ff7f0ec","rustc 1.97.0 (2d8144b78 2026-07-07)","x86_64-unknown-linux-gnu","Linux 7.0.11-76070011-generic x86_64","Intel(R) Core(TM) Ultra 7 155H","/dev/nvme0n1p3[/tmp] ext4   rw,nosuid,nodev,noatime,errors=remount-ro","/tmp/pigment-db-durability-bench","pigment_db","physical","key_map","file","minimal_callback","1","32","5","10","1024","1047485983","977.578714","1034104","0"
"candidate-protocol-v4-20260807-155736","6d7edc7c29a60a94c59effeeb2b78d8b95038135","default-hasher:e161550f2ff7f0ec","rustc 1.97.0 (2d8144b78 2026-07-07)","x86_64-unknown-linux-gnu","Linux 7.0.11-76070011-generic x86_64","Intel(R) Core(TM) Ultra 7 155H","/dev/nvme0n1p3[/tmp] ext4   rw,nosuid,nodev,noatime,errors=remount-ro","/tmp/pigment-db-durability-bench","pigment_db","physical","key_map","file","minimal_callback","8","32","5","0","1024","1244299531","822.952974","16089454","0"
"candidate-protocol-v4-20260807-155736","6d7edc7c29a60a94c59effeeb2b78d8b95038135","default-hasher:e161550f2ff7f0ec","rustc 1.97.0 (2d8144b78 2026-07-07)","x86_64-unknown-linux-gnu","Linux 7.0.11-76070011-generic x86_64","Intel(R) Core(TM) Ultra 7 155H","/dev/nvme0n1p3[/tmp] ext4   rw,nosuid,nodev,noatime,errors=remount-ro","/tmp/pigment-db-durability-bench","pigment_db","physical","key_map","file","minimal_callback","8","32","5","1","1024","1056358965","969.367454","12724776","0"
"candidate-protocol-v4-20260807-155736","6d7edc7c29a60a94c59effeeb2b78d8b95038135","default-hasher:e161550f2ff7f0ec","rustc 1.97.0 (2d8144b78 2026-07-07)","x86_64-unknown-linux-gnu","Linux 7.0.11-76070011-generic x86_64","Intel(R) Core(TM) Ultra 7 155H","/dev/nvme0n1p3[/tmp] ext4   rw,nosuid,nodev,noatime,errors=remount-ro","/tmp/pigment-db-durability-bench","pigment_db","physical","key_map","file","minimal_callback","8","32","5","2","1024","1096437107","933.934098","13851930","0"
"candidate-protocol-v4-20260807-155736","6d7edc7c29a60a94c59effeeb2b78d8b95038135","default-hasher:e161550f2ff7f0ec","rustc 1.97.0 (2d8144b78 2026-07-07)","x86_64-unknown-linux-gnu","Linux 7.0.11-76070011-generic x86_64","Intel(R) Core(TM) Ultra 7 155H","/dev/nvme0n1p3[/tmp] ext4   rw,nosuid,nodev,noatime,errors=remount-ro","/tmp/pigment-db-durability-bench","pigment_db","physical","key_map","file","minimal_callback","8","32","5","3","1024","1082082292","946.323591","11851503","0"
"candidate-protocol-v4-20260807-155736","6d7edc7c29a60a94c59effeeb2b78d8b95038135","default-hasher:e161550f2ff7f0ec","rustc 1.97.0 (2d8144b78 2026-07-07)","x86_64-unknown-linux-gnu","Linux 7.0.11-76070011-generic x86_64","Intel(R) Core(TM) Ultra 7 155H","/dev/nvme0n1p3[/tmp] ext4   rw,nosuid,nodev,noatime,errors=remount-ro","/tmp/pigment-db-durability-bench","pigment_db","physical","key_map","file","minimal_callback","8","32","5","4","1024","1086594846","942.393574","12793450","0"
"candidate-protocol-v4-20260807-155736","6d7edc7c29a60a94c59effeeb2b78d8b95038135","default-hasher:e161550f2ff7f0ec","rustc 1.97.0 (2d8144b78 2026-07-07)","x86_64-unknown-linux-gnu","Linux 7.0.11-76070011-generic x86_64","Intel(R) Core(TM) Ultra 7 155H","/dev/nvme0n1p3[/tmp] ext4   rw,nosuid,nodev,noatime,errors=remount-ro","/tmp/pigment-db-durability-bench","pigment_db","physical","key_map","file","minimal_callback","8","32","5","5","1024","1038574817","985.966522","7601875","0"
"candidate-protocol-v4-20260807-155736","6d7edc7c29a60a94c59effeeb2b78d8b95038135","default-hasher:e161550f2ff7f0ec","rustc 1.97.0 (2d8144b78 2026-07-07)","x86_64-unknown-linux-gnu","Linux 7.0.11-76070011-generic x86_64","Intel(R) Core(TM) Ultra 7 155H","/dev/nvme0n1p3[/tmp] ext4   rw,nosuid,nodev,noatime,errors=remount-ro","/tmp/pigment-db-durability-bench","pigment_db","physical","key_map","file","minimal_callback","8","32","5","6","1024","1121404513","913.140609","11222468","0"
"candidate-protocol-v4-20260807-155736","6d7edc7c29a60a94c59effeeb2b78d8b95038135","default-hasher:e161550f2ff7f0ec","rustc 1.97.0 (2d8144b78 2026-07-07)","x86_64-unknown-linux-gnu","Linux 7.0.11-76070011-generic x86_64","Intel(R) Core(TM) Ultra 7 155H","/dev/nvme0n1p3[/tmp] ext4   rw,nosuid,nodev,noatime,errors=remount-ro","/tmp/pigment-db-durability-bench","pigment_db","physical","key_map","file","minimal_callback","8","32","5","7","1024","1076690507","951.062532","12943540","0"
"candidate-protocol-v4-20260807-155736","6d7edc7c29a60a94c59effeeb2b78d8b95038135","default-hasher:e161550f2ff7f0ec","rustc 1.97.0 (2d8144b78 2026-07-07)","x86_64-unknown-linux-gnu","Linux 7.0.11-76070011-generic x86_64","Intel(R) Core(TM) Ultra 7 155H","/dev/nvme0n1p3[/tmp] ext4   rw,nosuid,nodev,noatime,errors=remount-ro","/tmp/pigment-db-durability-bench","pigment_db","physical","key_map","file","minimal_callback","8","32","5","8","1024","1106356239","925.560831","13626786","0"
"candidate-protocol-v4-20260807-155736","6d7edc7c29a60a94c59effeeb2b78d8b95038135","default-hasher:e161550f2ff7f0ec","rustc 1.97.0 (2d8144b78 2026-07-07)","x86_64-unknown-linux-gnu","Linux 7.0.11-76070011-generic x86_64","Intel(R) Core(TM) Ultra 7 155H","/dev/nvme0n1p3[/tmp] ext4   rw,nosuid,nodev,noatime,errors=remount-ro","/tmp/pigment-db-durability-bench","pigment_db","physical","key_map","file","minimal_callback","8","32","5","9","1024","1166793617","877.618788","13111620","0"
"candidate-protocol-v4-20260807-155736","6d7edc7c29a60a94c59effeeb2b78d8b95038135","default-hasher:e161550f2ff7f0ec","rustc 1.97.0 (2d8144b78 2026-07-07)","x86_64-unknown-linux-gnu","Linux 7.0.11-76070011-generic x86_64","Intel(R) Core(TM) Ultra 7 155H","/dev/nvme0n1p3[/tmp] ext4   rw,nosuid,nodev,noatime,errors=remount-ro","/tmp/pigment-db-durability-bench","pigment_db","physical","key_map","file","minimal_callback","8","32","5","10","1024","1080815343","947.432886","8442584","0"
