capture_id,commit,dirty_hash,toolchain,target,os,cpu,filesystem,benchmark_root,implementation,policy,store_family,storage_mode,workload,workers,payload_bytes,warmup_count,sample_index,operations,elapsed_ns,ops_per_second,p95_latency_ns,failed_operations
"candidate-protocol-v2-20260807-102902","6d7edc7c29a60a94c59effeeb2b78d8b95038135","default-hasher:7a3d2ed08cfb82df","rustc 1.97.0 (2d8144b78 2026-07-07)","x86_64-unknown-linux-gnu","Linux 7.0.11-76070011-generic x86_64","Intel(R) Core(TM) Ultra 7 155H","/dev/nvme0n1p3 ext4   rw,noatime,errors=remount-ro","/tmp/pigment-db-durability-bench","pigment_db","buffered","key_value","vector","ordinary_write","1","32","5","0","197120","100008804","1971026.470830","502","0"
"candidate-protocol-v2-20260807-102902","6d7edc7c29a60a94c59effeeb2b78d8b95038135","default-hasher:7a3d2ed08cfb82df","rustc 1.97.0 (2d8144b78 2026-07-07)","x86_64-unknown-linux-gnu","Linux 7.0.11-76070011-generic x86_64","Intel(R) Core(TM) Ultra 7 155H","/dev/nvme0n1p3 ext4   rw,noatime,errors=remount-ro","/tmp/pigment-db-durability-bench","pigment_db","buffered","key_value","vector","ordinary_write","1","32","5","1","196672","100018450","1966357.207095","496","0"
"candidate-protocol-v2-20260807-102902","6d7edc7c29a60a94c59effeeb2b78d8b95038135","default-hasher:7a3d2ed08cfb82df","rustc 1.97.0 (2d8144b78 2026-07-07)","x86_64-unknown-linux-gnu","Linux 7.0.11-76070011-generic x86_64","Intel(R) Core(TM) Ultra 7 155H","/dev/nvme0n1p3 ext4   rw,noatime,errors=remount-ro","/tmp/pigment-db-durability-bench","pigment_db","buffered","key_value","vector","ordinary_write","1","32","5","2","195520","100014401","1954918.472191","493","0"
"candidate-protocol-v2-20260807-102902","6d7edc7c29a60a94c59effeeb2b78d8b95038135","default-hasher:7a3d2ed08cfb82df","rustc 1.97.0 (2d8144b78 2026-07-07)","x86_64-unknown-linux-gnu","Linux 7.0.11-76070011-generic x86_64","Intel(R) Core(TM) Ultra 7 155H","/dev/nvme0n1p3 ext4   rw,noatime,errors=remount-ro","/tmp/pigment-db-durability-bench","pigment_db","buffered","key_value","vector","ordinary_write","1","32","5","3","188864","100006752","1888512.487637","524","0"
"candidate-protocol-v2-20260807-102902","6d7edc7c29a60a94c59effeeb2b78d8b95038135","default-hasher:7a3d2ed08cfb82df","rustc 1.97.0 (2d8144b78 2026-07-07)","x86_64-unknown-linux-gnu","Linux 7.0.11-76070011-generic x86_64","Intel(R) Core(TM) Ultra 7 155H","/dev/nvme0n1p3 ext4   rw,noatime,errors=remount-ro","/tmp/pigment-db-durability-bench","pigment_db","buffered","key_value","vector","ordinary_write","1","32","5","4","194304","100010582","1942834.409263","482","0"
"candidate-protocol-v2-20260807-102902","6d7edc7c29a60a94c59effeeb2b78d8b95038135","default-hasher:7a3d2ed08cfb82df","rustc 1.97.0 (2d8144b78 2026-07-07)","x86_64-unknown-linux-gnu","Linux 7.0.11-76070011-generic x86_64","Intel(R) Core(TM) Ultra 7 155H","/dev/nvme0n1p3 ext4   rw,noatime,errors=remount-ro","/tmp/pigment-db-durability-bench","pigment_db","buffered","key_value","vector","ordinary_write","1","32","5","5","197952","100029950","1978927.311270","500","0"
"candidate-protocol-v2-20260807-102902","6d7edc7c29a60a94c59effeeb2b78d8b95038135","default-hasher:7a3d2ed08cfb82df","rustc 1.97.0 (2d8144b78 2026-07-07)","x86_64-unknown-linux-gnu","Linux 7.0.11-76070011-generic x86_64","Intel(R) Core(TM) Ultra 7 155H","/dev/nvme0n1p3 ext4   rw,noatime,errors=remount-ro","/tmp/pigment-db-durability-bench","pigment_db","buffered","key_value","vector","ordinary_write","1","32","5","6","197056","100003616","1970488.747127","508","0"
"candidate-protocol-v2-20260807-102902","6d7edc7c29a60a94c59effeeb2b78d8b95038135","default-hasher:7a3d2ed08cfb82df","rustc 1.97.0 (2d8144b78 2026-07-07)","x86_64-unknown-linux-gnu","Linux 7.0.11-76070011-generic x86_64","Intel(R) Core(TM) Ultra 7 155H","/dev/nvme0n1p3 ext4   rw,noatime,errors=remount-ro","/tmp/pigment-db-durability-bench","pigment_db","buffered","key_value","vector","ordinary_write","1","32","5","7","194880","100025560","1948302.014005","511","0"
"candidate-protocol-v2-20260807-102902","6d7edc7c29a60a94c59effeeb2b78d8b95038135","default-hasher:7a3d2ed08cfb82df","rustc 1.97.0 (2d8144b78 2026-07-07)","x86_64-unknown-linux-gnu","Linux 7.0.11-76070011-generic x86_64","Intel(R) Core(TM) Ultra 7 155H","/dev/nvme0n1p3 ext4   rw,noatime,errors=remount-ro","/tmp/pigment-db-durability-bench","pigment_db","buffered","key_value","vector","ordinary_write","1","32","5","8","197120","100017797","1970849.247959","504","0"
"candidate-protocol-v2-20260807-102902","6d7edc7c29a60a94c59effeeb2b78d8b95038135","default-hasher:7a3d2ed08cfb82df","rustc 1.97.0 (2d8144b78 2026-07-07)","x86_64-unknown-linux-gnu","Linux 7.0.11-76070011-generic x86_64","Intel(R) Core(TM) Ultra 7 155H","/dev/nvme0n1p3 ext4   rw,noatime,errors=remount-ro","/tmp/pigment-db-durability-bench","pigment_db","buffered","key_value","vector","ordinary_write","1","32","5","9","196864","100023484","1968177.793127","503","0"
"candidate-protocol-v2-20260807-102902","6d7edc7c29a60a94c59effeeb2b78d8b95038135","default-hasher:7a3d2ed08cfb82df","rustc 1.97.0 (2d8144b78 2026-07-07)","x86_64-unknown-linux-gnu","Linux 7.0.11-76070011-generic x86_64","Intel(R) Core(TM) Ultra 7 155H","/dev/nvme0n1p3 ext4   rw,noatime,errors=remount-ro","/tmp/pigment-db-durability-bench","pigment_db","buffered","key_value","vector","ordinary_write","1","32","5","10","198912","100009786","1988925.363764","497","0"
"candidate-protocol-v2-20260807-102902","6d7edc7c29a60a94c59effeeb2b78d8b95038135","default-hasher:7a3d2ed08cfb82df","rustc 1.97.0 (2d8144b78 2026-07-07)","x86_64-unknown-linux-gnu","Linux 7.0.11-76070011-generic x86_64","Intel(R) Core(TM) Ultra 7 155H","/dev/nvme0n1p3 ext4   rw,noatime,errors=remount-ro","/tmp/pigment-db-durability-bench","pigment_db","buffered","key_value","vector","ordinary_write","8","32","5","0","31232","101480168","307764.567359","12664","0"
"candidate-protocol-v2-20260807-102902","6d7edc7c29a60a94c59effeeb2b78d8b95038135","default-hasher:7a3d2ed08cfb82df","rustc 1.97.0 (2d8144b78 2026-07-07)","x86_64-unknown-linux-gnu","Linux 7.0.11-76070011-generic x86_64","Intel(R) Core(TM) Ultra 7 155H","/dev/nvme0n1p3 ext4   rw,noatime,errors=remount-ro","/tmp/pigment-db-durability-bench","pigment_db","buffered","key_value","vector","ordinary_write","8","32","5","1","30720","100449466","305825.418723","12708","0"
"candidate-protocol-v2-20260807-102902","6d7edc7c29a60a94c59effeeb2b78d8b95038135","default-hasher:7a3d2ed08cfb82df","rustc 1.97.0 (2d8144b78 2026-07-07)","x86_64-unknown-linux-gnu","Linux 7.0.11-76070011-generic x86_64","Intel(R) Core(TM) Ultra 7 155H","/dev/nvme0n1p3 ext4   rw,noatime,errors=remount-ro","/tmp/pigment-db-durability-bench","pigment_db","buffered","key_value","vector","ordinary_write","8","32","5","2","32256","101204299","318721.638495","12515","0"
"candidate-protocol-v2-20260807-102902","6d7edc7c29a60a94c59effeeb2b78d8b95038135","default-hasher:7a3d2ed08cfb82df","rustc 1.97.0 (2d8144b78 2026-07-07)","x86_64-unknown-linux-gnu","Linux 7.0.11-76070011-generic x86_64","Intel(R) Core(TM) Ultra 7 155H","/dev/nvme0n1p3 ext4   rw,noatime,errors=remount-ro","/tmp/pigment-db-durability-bench","pigment_db","buffered","key_value","vector","ordinary_write","8","32","5","3","32256","101199810","318735.776283","12474","0"
"candidate-protocol-v2-20260807-102902","6d7edc7c29a60a94c59effeeb2b78d8b95038135","default-hasher:7a3d2ed08cfb82df","rustc 1.97.0 (2d8144b78 2026-07-07)","x86_64-unknown-linux-gnu","Linux 7.0.11-76070011-generic x86_64","Intel(R) Core(TM) Ultra 7 155H","/dev/nvme0n1p3 ext4   rw,noatime,errors=remount-ro","/tmp/pigment-db-durability-bench","pigment_db","buffered","key_value","vector","ordinary_write","8","32","5","4","29696","100177864","296432.752848","12647","0"
"candidate-protocol-v2-20260807-102902","6d7edc7c29a60a94c59effeeb2b78d8b95038135","default-hasher:7a3d2ed08cfb82df","rustc 1.97.0 (2d8144b78 2026-07-07)","x86_64-unknown-linux-gnu","Linux 7.0.11-76070011-generic x86_64","Intel(R) Core(TM) Ultra 7 155H","/dev/nvme0n1p3 ext4   rw,noatime,errors=remount-ro","/tmp/pigment-db-durability-bench","pigment_db","buffered","key_value","vector","ordinary_write","8","32","5","5","28672","101158649","283435.971945","12497","0"
"candidate-protocol-v2-20260807-102902","6d7edc7c29a60a94c59effeeb2b78d8b95038135","default-hasher:7a3d2ed08cfb82df","rustc 1.97.0 (2d8144b78 2026-07-07)","x86_64-unknown-linux-gnu","Linux 7.0.11-76070011-generic x86_64","Intel(R) Core(TM) Ultra 7 155H","/dev/nvme0n1p3 ext4   rw,noatime,errors=remount-ro","/tmp/pigment-db-durability-bench","pigment_db","buffered","key_value","vector","ordinary_write","8","32","5","6","31232","100964111","309337.641769","11904","0"
"candidate-protocol-v2-20260807-102902","6d7edc7c29a60a94c59effeeb2b78d8b95038135","default-hasher:7a3d2ed08cfb82df","rustc 1.97.0 (2d8144b78 2026-07-07)","x86_64-unknown-linux-gnu","Linux 7.0.11-76070011-generic x86_64","Intel(R) Core(TM) Ultra 7 155H","/dev/nvme0n1p3 ext4   rw,noatime,errors=remount-ro","/tmp/pigment-db-durability-bench","pigment_db","buffered","key_value","vector","ordinary_write","8","32","5","7","31744","100046432","317292.674665","12307","0"
"candidate-protocol-v2-20260807-102902","6d7edc7c29a60a94c59effeeb2b78d8b95038135","default-hasher:7a3d2ed08cfb82df","rustc 1.97.0 (2d8144b78 2026-07-07)","x86_64-unknown-linux-gnu","Linux 7.0.11-76070011-generic x86_64","Intel(R) Core(TM) Ultra 7 155H","/dev/nvme0n1p3 ext4   rw,noatime,errors=remount-ro","/tmp/pigment-db-durability-bench","pigment_db","buffered","key_value","vector","ordinary_write","8","32","5","8","32256","101627486","317394.449765","12159","0"
"candidate-protocol-v2-20260807-102902","6d7edc7c29a60a94c59effeeb2b78d8b95038135","default-hasher:7a3d2ed08cfb82df","rustc 1.97.0 (2d8144b78 2026-07-07)","x86_64-unknown-linux-gnu","Linux 7.0.11-76070011-generic x86_64","Intel(R) Core(TM) Ultra 7 155H","/dev/nvme0n1p3 ext4   rw,noatime,errors=remount-ro","/tmp/pigment-db-durability-bench","pigment_db","buffered","key_value","vector","ordinary_write","8","32","5","9","30720","100993566","304177.792870","12377","0"
"candidate-protocol-v2-20260807-102902","6d7edc7c29a60a94c59effeeb2b78d8b95038135","default-hasher:7a3d2ed08cfb82df","rustc 1.97.0 (2d8144b78 2026-07-07)","x86_64-unknown-linux-gnu","Linux 7.0.11-76070011-generic x86_64","Intel(R) Core(TM) Ultra 7 155H","/dev/nvme0n1p3 ext4   rw,noatime,errors=remount-ro","/tmp/pigment-db-durability-bench","pigment_db","buffered","key_value","vector","ordinary_write","8","32","5","10","30720","101140369","303736.285558","12381","0"
"candidate-protocol-v2-20260807-102902","6d7edc7c29a60a94c59effeeb2b78d8b95038135","default-hasher:7a3d2ed08cfb82df","rustc 1.97.0 (2d8144b78 2026-07-07)","x86_64-unknown-linux-gnu","Linux 7.0.11-76070011-generic x86_64","Intel(R) Core(TM) Ultra 7 155H","/dev/nvme0n1p3 ext4   rw,noatime,errors=remount-ro","/tmp/pigment-db-durability-bench","pigment_db","buffered","key_value","vector","successful_remove","1","32","5","0","161664","100032150","1616120.417286","721","0"
"candidate-protocol-v2-20260807-102902","6d7edc7c29a60a94c59effeeb2b78d8b95038135","default-hasher:7a3d2ed08cfb82df","rustc 1.97.0 (2d8144b78 2026-07-07)","x86_64-unknown-linux-gnu","Linux 7.0.11-76070011-generic x86_64","Intel(R) Core(TM) Ultra 7 155H","/dev/nvme0n1p3 ext4   rw,noatime,errors=remount-ro","/tmp/pigment-db-durability-bench","pigment_db","buffered","key_value","vector","successful_remove","1","32","5","1","133056","100031110","1330146.191520","700","0"
"candidate-protocol-v2-20260807-102902","6d7edc7c29a60a94c59effeeb2b78d8b95038135","default-hasher:7a3d2ed08cfb82df","rustc 1.97.0 (2d8144b78 2026-07-07)","x86_64-unknown-linux-gnu","Linux 7.0.11-76070011-generic x86_64","Intel(R) Core(TM) Ultra 7 155H","/dev/nvme0n1p3 ext4   rw,noatime,errors=remount-ro","/tmp/pigment-db-durability-bench","pigment_db","buffered","key_value","vector","successful_remove","1","32","5","2","147072","100009524","1470579.941966","677","0"
"candidate-protocol-v2-20260807-102902","6d7edc7c29a60a94c59effeeb2b78d8b95038135","default-hasher:7a3d2ed08cfb82df","rustc 1.97.0 (2d8144b78 2026-07-07)","x86_64-unknown-linux-gnu","Linux 7.0.11-76070011-generic x86_64","Intel(R) Core(TM) Ultra 7 155H","/dev/nvme0n1p3 ext4   rw,noatime,errors=remount-ro","/tmp/pigment-db-durability-bench","pigment_db","buffered","key_value","vector","successful_remove","1","32","5","3","181696","100048325","1816082.378191","551","0"
"candidate-protocol-v2-20260807-102902","6d7edc7c29a60a94c59effeeb2b78d8b95038135","default-hasher:7a3d2ed08cfb82df","rustc 1.97.0 (2d8144b78 2026-07-07)","x86_64-unknown-linux-gnu","Linux 7.0.11-76070011-generic x86_64","Intel(R) Core(TM) Ultra 7 155H","/dev/nvme0n1p3 ext4   rw,noatime,errors=remount-ro","/tmp/pigment-db-durability-bench","pigment_db","buffered","key_value","vector","successful_remove","1","32","5","4","181184","100023218","1811419.424638","622","0"
"candidate-protocol-v2-20260807-102902","6d7edc7c29a60a94c59effeeb2b78d8b95038135","default-hasher:7a3d2ed08cfb82df","rustc 1.97.0 (2d8144b78 2026-07-07)","x86_64-unknown-linux-gnu","Linux 7.0.11-76070011-generic x86_64","Intel(R) Core(TM) Ultra 7 155H","/dev/nvme0n1p3 ext4   rw,noatime,errors=remount-ro","/tmp/pigment-db-durability-bench","pigment_db","buffered","key_value","vector","successful_remove","1","32","5","5","177728","100001064","1777261.089942","578","0"
"candidate-protocol-v2-20260807-102902","6d7edc7c29a60a94c59effeeb2b78d8b95038135","default-hasher:7a3d2ed08cfb82df","rustc 1.97.0 (2d8144b78 2026-07-07)","x86_64-unknown-linux-gnu","Linux 7.0.11-76070011-generic x86_64","Intel(R) Core(TM) Ultra 7 155H","/dev/nvme0n1p3 ext4   rw,noatime,errors=remount-ro","/tmp/pigment-db-durability-bench","pigment_db","buffered","key_value","vector","successful_remove","1","32","5","6","178176","100022578","1781357.805035","586","0"
"candidate-protocol-v2-20260807-102902","6d7edc7c29a60a94c59effeeb2b78d8b95038135","default-hasher:7a3d2ed08cfb82df","rustc 1.97.0 (2d8144b78 2026-07-07)","x86_64-unknown-linux-gnu","Linux 7.0.11-76070011-generic x86_64","Intel(R) Core(TM) Ultra 7 155H","/dev/nvme0n1p3 ext4   rw,noatime,errors=remount-ro","/tmp/pigment-db-durability-bench","pigment_db","buffered","key_value","vector","successful_remove","1","32","5","7","186496","100024582","1864501.668200","581","0"
"candidate-protocol-v2-20260807-102902","6d7edc7c29a60a94c59effeeb2b78d8b95038135","default-hasher:7a3d2ed08cfb82df","rustc 1.97.0 (2d8144b78 2026-07-07)","x86_64-unknown-linux-gnu","Linux 7.0.11-76070011-generic x86_64","Intel(R) Core(TM) Ultra 7 155H","/dev/nvme0n1p3 ext4   rw,noatime,errors=remount-ro","/tmp/pigment-db-durability-bench","pigment_db","buffered","key_value","vector","successful_remove","1","32","5","8","185856","100024646","1858102.052168","554","0"
"candidate-protocol-v2-20260807-102902","6d7edc7c29a60a94c59effeeb2b78d8b95038135","default-hasher:7a3d2ed08cfb82df","rustc 1.97.0 (2d8144b78 2026-07-07)","x86_64-unknown-linux-gnu","Linux 7.0.11-76070011-generic x86_64","Intel(R) Core(TM) Ultra 7 155H","/dev/nvme0n1p3 ext4   rw,noatime,errors=remount-ro","/tmp/pigment-db-durability-bench","pigment_db","buffered","key_value","vector","successful_remove","1","32","5","9","175360","100010205","1753421.063380","619","0"
"candidate-protocol-v2-20260807-102902","6d7edc7c29a60a94c59effeeb2b78d8b95038135","default-hasher:7a3d2ed08cfb82df","rustc 1.97.0 (2d8144b78 2026-07-07)","x86_64-unknown-linux-gnu","Linux 7.0.11-76070011-generic x86_64","Intel(R) Core(TM) Ultra 7 155H","/dev/nvme0n1p3 ext4   rw,noatime,errors=remount-ro","/tmp/pigment-db-durability-bench","pigment_db","buffered","key_value","vector","successful_remove","1","32","5","10","186688","100029969","1866320.682355","576","0"
"candidate-protocol-v2-20260807-102902","6d7edc7c29a60a94c59effeeb2b78d8b95038135","default-hasher:7a3d2ed08cfb82df","rustc 1.97.0 (2d8144b78 2026-07-07)","x86_64-unknown-linux-gnu","Linux 7.0.11-76070011-generic x86_64","Intel(R) Core(TM) Ultra 7 155H","/dev/nvme0n1p3 ext4   rw,noatime,errors=remount-ro","/tmp/pigment-db-durability-bench","pigment_db","buffered","key_value","vector","successful_remove","8","32","5","0","30208","101244988","298365.386739","12678","0"
"candidate-protocol-v2-20260807-102902","6d7edc7c29a60a94c59effeeb2b78d8b95038135","default-hasher:7a3d2ed08cfb82df","rustc 1.97.0 (2d8144b78 2026-07-07)","x86_64-unknown-linux-gnu","Linux 7.0.11-76070011-generic x86_64","Intel(R) Core(TM) Ultra 7 155H","/dev/nvme0n1p3 ext4   rw,noatime,errors=remount-ro","/tmp/pigment-db-durability-bench","pigment_db","buffered","key_value","vector","successful_remove","8","32","5","1","31232","101129741","308831.009465","12741","0"
"candidate-protocol-v2-20260807-102902","6d7edc7c29a60a94c59effeeb2b78d8b95038135","default-hasher:7a3d2ed08cfb82df","rustc 1.97.0 (2d8144b78 2026-07-07)","x86_64-unknown-linux-gnu","Linux 7.0.11-76070011-generic x86_64","Intel(R) Core(TM) Ultra 7 155H","/dev/nvme0n1p3 ext4   rw,noatime,errors=remount-ro","/tmp/pigment-db-durability-bench","pigment_db","buffered","key_value","vector","successful_remove","8","32","5","2","29184","101370164","287895.361400","13135","0"
"candidate-protocol-v2-20260807-102902","6d7edc7c29a60a94c59effeeb2b78d8b95038135","default-hasher:7a3d2ed08cfb82df","rustc 1.97.0 (2d8144b78 2026-07-07)","x86_64-unknown-linux-gnu","Linux 7.0.11-76070011-generic x86_64","Intel(R) Core(TM) Ultra 7 155H","/dev/nvme0n1p3 ext4   rw,noatime,errors=remount-ro","/tmp/pigment-db-durability-bench","pigment_db","buffered","key_value","vector","successful_remove","8","32","5","3","30720","101017421","304105.962080","12675","0"
"candidate-protocol-v2-20260807-102902","6d7edc7c29a60a94c59effeeb2b78d8b95038135","default-hasher:7a3d2ed08cfb82df","rustc 1.97.0 (2d8144b78 2026-07-07)","x86_64-unknown-linux-gnu","Linux 7.0.11-76070011-generic x86_64","Intel(R) Core(TM) Ultra 7 155H","/dev/nvme0n1p3 ext4   rw,noatime,errors=remount-ro","/tmp/pigment-db-durability-bench","pigment_db","buffered","key_value","vector","successful_remove","8","32","5","4","30208","101521910","297551.533457","12584","0"
"candidate-protocol-v2-20260807-102902","6d7edc7c29a60a94c59effeeb2b78d8b95038135","default-hasher:7a3d2ed08cfb82df","rustc 1.97.0 (2d8144b78 2026-07-07)","x86_64-unknown-linux-gnu","Linux 7.0.11-76070011-generic x86_64","Intel(R) Core(TM) Ultra 7 155H","/dev/nvme0n1p3 ext4   rw,noatime,errors=remount-ro","/tmp/pigment-db-durability-bench","pigment_db","buffered","key_value","vector","successful_remove","8","32","5","5","29696","100810308","294573.051002","12752","0"
"candidate-protocol-v2-20260807-102902","6d7edc7c29a60a94c59effeeb2b78d8b95038135","default-hasher:7a3d2ed08cfb82df","rustc 1.97.0 (2d8144b78 2026-07-07)","x86_64-unknown-linux-gnu","Linux 7.0.11-76070011-generic x86_64","Intel(R) Core(TM) Ultra 7 155H","/dev/nvme0n1p3 ext4   rw,noatime,errors=remount-ro","/tmp/pigment-db-durability-bench","pigment_db","buffered","key_value","vector","successful_remove","8","32","5","6","26624","100873577","263934.330395","12771","0"
"candidate-protocol-v2-20260807-102902","6d7edc7c29a60a94c59effeeb2b78d8b95038135","default-hasher:7a3d2ed08cfb82df","rustc 1.97.0 (2d8144b78 2026-07-07)","x86_64-unknown-linux-gnu","Linux 7.0.11-76070011-generic x86_64","Intel(R) Core(TM) Ultra 7 155H","/dev/nvme0n1p3 ext4   rw,noatime,errors=remount-ro","/tmp/pigment-db-durability-bench","pigment_db","buffered","key_value","vector","successful_remove","8","32","5","7","29184","100294838","290982.074272","12515","0"
"candidate-protocol-v2-20260807-102902","6d7edc7c29a60a94c59effeeb2b78d8b95038135","default-hasher:7a3d2ed08cfb82df","rustc 1.97.0 (2d8144b78 2026-07-07)","x86_64-unknown-linux-gnu","Linux 7.0.11-76070011-generic x86_64","Intel(R) Core(TM) Ultra 7 155H","/dev/nvme0n1p3 ext4   rw,noatime,errors=remount-ro","/tmp/pigment-db-durability-bench","pigment_db","buffered","key_value","vector","successful_remove","8","32","5","8","30208","100278886","301239.884137","12617","0"
"candidate-protocol-v2-20260807-102902","6d7edc7c29a60a94c59effeeb2b78d8b95038135","default-hasher:7a3d2ed08cfb82df","rustc 1.97.0 (2d8144b78 2026-07-07)","x86_64-unknown-linux-gnu","Linux 7.0.11-76070011-generic x86_64","Intel(R) Core(TM) Ultra 7 155H","/dev/nvme0n1p3 ext4   rw,noatime,errors=remount-ro","/tmp/pigment-db-durability-bench","pigment_db","buffered","key_value","vector","successful_remove","8","32","5","9","28672","100162786","286254.018533","12491","0"
"candidate-protocol-v2-20260807-102902","6d7edc7c29a60a94c59effeeb2b78d8b95038135","default-hasher:7a3d2ed08cfb82df","rustc 1.97.0 (2d8144b78 2026-07-07)","x86_64-unknown-linux-gnu","Linux 7.0.11-76070011-generic x86_64","Intel(R) Core(TM) Ultra 7 155H","/dev/nvme0n1p3 ext4   rw,noatime,errors=remount-ro","/tmp/pigment-db-durability-bench","pigment_db","buffered","key_value","vector","successful_remove","8","32","5","10","29184","101489771","287556.073015","12693","0"
"candidate-protocol-v2-20260807-102902","6d7edc7c29a60a94c59effeeb2b78d8b95038135","default-hasher:7a3d2ed08cfb82df","rustc 1.97.0 (2d8144b78 2026-07-07)","x86_64-unknown-linux-gnu","Linux 7.0.11-76070011-generic x86_64","Intel(R) Core(TM) Ultra 7 155H","/dev/nvme0n1p3 ext4   rw,noatime,errors=remount-ro","/tmp/pigment-db-durability-bench","pigment_db","buffered","key_value","vector","minimal_callback","1","32","5","0","179840","100013855","1798150.866197","551","0"
"candidate-protocol-v2-20260807-102902","6d7edc7c29a60a94c59effeeb2b78d8b95038135","default-hasher:7a3d2ed08cfb82df","rustc 1.97.0 (2d8144b78 2026-07-07)","x86_64-unknown-linux-gnu","Linux 7.0.11-76070011-generic x86_64","Intel(R) Core(TM) Ultra 7 155H","/dev/nvme0n1p3 ext4   rw,noatime,errors=remount-ro","/tmp/pigment-db-durability-bench","pigment_db","buffered","key_value","vector","minimal_callback","1","32","5","1","177088","100015431","1770606.777668","567","0"
"candidate-protocol-v2-20260807-102902","6d7edc7c29a60a94c59effeeb2b78d8b95038135","default-hasher:7a3d2ed08cfb82df","rustc 1.97.0 (2d8144b78 2026-07-07)","x86_64-unknown-linux-gnu","Linux 7.0.11-76070011-generic x86_64","Intel(R) Core(TM) Ultra 7 155H","/dev/nvme0n1p3 ext4   rw,noatime,errors=remount-ro","/tmp/pigment-db-durability-bench","pigment_db","buffered","key_value","vector","minimal_callback","1","32","5","2","176320","100015563","1762925.635883","575","0"
"candidate-protocol-v2-20260807-102902","6d7edc7c29a60a94c59effeeb2b78d8b95038135","default-hasher:7a3d2ed08cfb82df","rustc 1.97.0 (2d8144b78 2026-07-07)","x86_64-unknown-linux-gnu","Linux 7.0.11-76070011-generic x86_64","Intel(R) Core(TM) Ultra 7 155H","/dev/nvme0n1p3 ext4   rw,noatime,errors=remount-ro","/tmp/pigment-db-durability-bench","pigment_db","buffered","key_value","vector","minimal_callback","1","32","5","3","177792","100028346","1777416.173611","565","0"
"candidate-protocol-v2-20260807-102902","6d7edc7c29a60a94c59effeeb2b78d8b95038135","default-hasher:7a3d2ed08cfb82df","rustc 1.97.0 (2d8144b78 2026-07-07)","x86_64-unknown-linux-gnu","Linux 7.0.11-76070011-generic x86_64","Intel(R) Core(TM) Ultra 7 155H","/dev/nvme0n1p3 ext4   rw,noatime,errors=remount-ro","/tmp/pigment-db-durability-bench","pigment_db","buffered","key_value","vector","minimal_callback","1","32","5","4","179328","100015115","1793008.986692","556","0"
"candidate-protocol-v2-20260807-102902","6d7edc7c29a60a94c59effeeb2b78d8b95038135","default-hasher:7a3d2ed08cfb82df","rustc 1.97.0 (2d8144b78 2026-07-07)","x86_64-unknown-linux-gnu","Linux 7.0.11-76070011-generic x86_64","Intel(R) Core(TM) Ultra 7 155H","/dev/nvme0n1p3 ext4   rw,noatime,errors=remount-ro","/tmp/pigment-db-durability-bench","pigment_db","buffered","key_value","vector","minimal_callback","1","32","5","5","180608","100023660","1805652.782552","547","0"
"candidate-protocol-v2-20260807-102902","6d7edc7c29a60a94c59effeeb2b78d8b95038135","default-hasher:7a3d2ed08cfb82df","rustc 1.97.0 (2d8144b78 2026-07-07)","x86_64-unknown-linux-gnu","Linux 7.0.11-76070011-generic x86_64","Intel(R) Core(TM) Ultra 7 155H","/dev/nvme0n1p3 ext4   rw,noatime,errors=remount-ro","/tmp/pigment-db-durability-bench","pigment_db","buffered","key_value","vector","minimal_callback","1","32","5","6","180224","100027988","1801735.730204","550","0"
"candidate-protocol-v2-20260807-102902","6d7edc7c29a60a94c59effeeb2b78d8b95038135","default-hasher:7a3d2ed08cfb82df","rustc 1.97.0 (2d8144b78 2026-07-07)","x86_64-unknown-linux-gnu","Linux 7.0.11-76070011-generic x86_64","Intel(R) Core(TM) Ultra 7 155H","/dev/nvme0n1p3 ext4   rw,noatime,errors=remount-ro","/tmp/pigment-db-durability-bench","pigment_db","buffered","key_value","vector","minimal_callback","1","32","5","7","179264","100016184","1792349.926088","541","0"
"candidate-protocol-v2-20260807-102902","6d7edc7c29a60a94c59effeeb2b78d8b95038135","default-hasher:7a3d2ed08cfb82df","rustc 1.97.0 (2d8144b78 2026-07-07)","x86_64-unknown-linux-gnu","Linux 7.0.11-76070011-generic x86_64","Intel(R) Core(TM) Ultra 7 155H","/dev/nvme0n1p3 ext4   rw,noatime,errors=remount-ro","/tmp/pigment-db-durability-bench","pigment_db","buffered","key_value","vector","minimal_callback","1","32","5","8","179264","100010053","1792459.804016","541","0"
"candidate-protocol-v2-20260807-102902","6d7edc7c29a60a94c59effeeb2b78d8b95038135","default-hasher:7a3d2ed08cfb82df","rustc 1.97.0 (2d8144b78 2026-07-07)","x86_64-unknown-linux-gnu","Linux 7.0.11-76070011-generic x86_64","Intel(R) Core(TM) Ultra 7 155H","/dev/nvme0n1p3 ext4   rw,noatime,errors=remount-ro","/tmp/pigment-db-durability-bench","pigment_db","buffered","key_value","vector","minimal_callback","1","32","5","9","178880","100024609","1788359.902512","556","0"
"candidate-protocol-v2-20260807-102902","6d7edc7c29a60a94c59effeeb2b78d8b95038135","default-hasher:7a3d2ed08cfb82df","rustc 1.97.0 (2d8144b78 2026-07-07)","x86_64-unknown-linux-gnu","Linux 7.0.11-76070011-generic x86_64","Intel(R) Core(TM) Ultra 7 155H","/dev/nvme0n1p3 ext4   rw,noatime,errors=remount-ro","/tmp/pigment-db-durability-bench","pigment_db","buffered","key_value","vector","minimal_callback","1","32","5","10","179136","100035350","1790726.978013","531","0"
"candidate-protocol-v2-20260807-102902","6d7edc7c29a60a94c59effeeb2b78d8b95038135","default-hasher:7a3d2ed08cfb82df","rustc 1.97.0 (2d8144b78 2026-07-07)","x86_64-unknown-linux-gnu","Linux 7.0.11-76070011-generic x86_64","Intel(R) Core(TM) Ultra 7 155H","/dev/nvme0n1p3 ext4   rw,noatime,errors=remount-ro","/tmp/pigment-db-durability-bench","pigment_db","buffered","key_value","vector","minimal_callback","8","32","5","0","25600","100308684","255212.200770","13092","0"
"candidate-protocol-v2-20260807-102902","6d7edc7c29a60a94c59effeeb2b78d8b95038135","default-hasher:7a3d2ed08cfb82df","rustc 1.97.0 (2d8144b78 2026-07-07)","x86_64-unknown-linux-gnu","Linux 7.0.11-76070011-generic x86_64","Intel(R) Core(TM) Ultra 7 155H","/dev/nvme0n1p3 ext4   rw,noatime,errors=remount-ro","/tmp/pigment-db-durability-bench","pigment_db","buffered","key_value","vector","minimal_callback","8","32","5","1","16384","100413266","163165.691673","12880","0"
"candidate-protocol-v2-20260807-102902","6d7edc7c29a60a94c59effeeb2b78d8b95038135","default-hasher:7a3d2ed08cfb82df","rustc 1.97.0 (2d8144b78 2026-07-07)","x86_64-unknown-linux-gnu","Linux 7.0.11-76070011-generic x86_64","Intel(R) Core(TM) Ultra 7 155H","/dev/nvme0n1p3 ext4   rw,noatime,errors=remount-ro","/tmp/pigment-db-durability-bench","pigment_db","buffered","key_value","vector","minimal_callback","8","32","5","2","24064","101423428","237262.735785","13040","0"
"candidate-protocol-v2-20260807-102902","6d7edc7c29a60a94c59effeeb2b78d8b95038135","default-hasher:7a3d2ed08cfb82df","rustc 1.97.0 (2d8144b78 2026-07-07)","x86_64-unknown-linux-gnu","Linux 7.0.11-76070011-generic x86_64","Intel(R) Core(TM) Ultra 7 155H","/dev/nvme0n1p3 ext4   rw,noatime,errors=remount-ro","/tmp/pigment-db-durability-bench","pigment_db","buffered","key_value","vector","minimal_callback","8","32","5","3","24576","100734980","243966.892136","12925","0"
"candidate-protocol-v2-20260807-102902","6d7edc7c29a60a94c59effeeb2b78d8b95038135","default-hasher:7a3d2ed08cfb82df","rustc 1.97.0 (2d8144b78 2026-07-07)","x86_64-unknown-linux-gnu","Linux 7.0.11-76070011-generic x86_64","Intel(R) Core(TM) Ultra 7 155H","/dev/nvme0n1p3 ext4   rw,noatime,errors=remount-ro","/tmp/pigment-db-durability-bench","pigment_db","buffered","key_value","vector","minimal_callback","8","32","5","4","28672","101193498","283338.362313","12609","0"
"candidate-protocol-v2-20260807-102902","6d7edc7c29a60a94c59effeeb2b78d8b95038135","default-hasher:7a3d2ed08cfb82df","rustc 1.97.0 (2d8144b78 2026-07-07)","x86_64-unknown-linux-gnu","Linux 7.0.11-76070011-generic x86_64","Intel(R) Core(TM) Ultra 7 155H","/dev/nvme0n1p3 ext4   rw,noatime,errors=remount-ro","/tmp/pigment-db-durability-bench","pigment_db","buffered","key_value","vector","minimal_callback","8","32","5","5","27648","100449600","275242.509676","13073","0"
"candidate-protocol-v2-20260807-102902","6d7edc7c29a60a94c59effeeb2b78d8b95038135","default-hasher:7a3d2ed08cfb82df","rustc 1.97.0 (2d8144b78 2026-07-07)","x86_64-unknown-linux-gnu","Linux 7.0.11-76070011-generic x86_64","Intel(R) Core(TM) Ultra 7 155H","/dev/nvme0n1p3 ext4   rw,noatime,errors=remount-ro","/tmp/pigment-db-durability-bench","pigment_db","buffered","key_value","vector","minimal_callback","8","32","5","6","30720","100684864","305110.408651","12811","0"
"candidate-protocol-v2-20260807-102902","6d7edc7c29a60a94c59effeeb2b78d8b95038135","default-hasher:7a3d2ed08cfb82df","rustc 1.97.0 (2d8144b78 2026-07-07)","x86_64-unknown-linux-gnu","Linux 7.0.11-76070011-generic x86_64","Intel(R) Core(TM) Ultra 7 155H","/dev/nvme0n1p3 ext4   rw,noatime,errors=remount-ro","/tmp/pigment-db-durability-bench","pigment_db","buffered","key_value","vector","minimal_callback","8","32","5","7","31232","100272431","311471.455200","12848","0"
"candidate-protocol-v2-20260807-102902","6d7edc7c29a60a94c59effeeb2b78d8b95038135","default-hasher:7a3d2ed08cfb82df","rustc 1.97.0 (2d8144b78 2026-07-07)","x86_64-unknown-linux-gnu","Linux 7.0.11-76070011-generic x86_64","Intel(R) Core(TM) Ultra 7 155H","/dev/nvme0n1p3 ext4   rw,noatime,errors=remount-ro","/tmp/pigment-db-durability-bench","pigment_db","buffered","key_value","vector","minimal_callback","8","32","5","8","31232","100912095","309497.092494","12962","0"
"candidate-protocol-v2-20260807-102902","6d7edc7c29a60a94c59effeeb2b78d8b95038135","default-hasher:7a3d2ed08cfb82df","rustc 1.97.0 (2d8144b78 2026-07-07)","x86_64-unknown-linux-gnu","Linux 7.0.11-76070011-generic x86_64","Intel(R) Core(TM) Ultra 7 155H","/dev/nvme0n1p3 ext4   rw,noatime,errors=remount-ro","/tmp/pigment-db-durability-bench","pigment_db","buffered","key_value","vector","minimal_callback","8","32","5","9","28160","101500270","277437.685634","12902","0"
"candidate-protocol-v2-20260807-102902","6d7edc7c29a60a94c59effeeb2b78d8b95038135","default-hasher:7a3d2ed08cfb82df","rustc 1.97.0 (2d8144b78 2026-07-07)","x86_64-unknown-linux-gnu","Linux 7.0.11-76070011-generic x86_64","Intel(R) Core(TM) Ultra 7 155H","/dev/nvme0n1p3 ext4   rw,noatime,errors=remount-ro","/tmp/pigment-db-durability-bench","pigment_db","buffered","key_value","vector","minimal_callback","8","32","5","10","29696","100732315","294801.127126","13002","0"
"candidate-protocol-v2-20260807-102902","6d7edc7c29a60a94c59effeeb2b78d8b95038135","default-hasher:7a3d2ed08cfb82df","rustc 1.97.0 (2d8144b78 2026-07-07)","x86_64-unknown-linux-gnu","Linux 7.0.11-76070011-generic x86_64","Intel(R) Core(TM) Ultra 7 155H","/dev/nvme0n1p3 ext4   rw,noatime,errors=remount-ro","/tmp/pigment-db-durability-bench","pigment_db","buffered","key_value","file","ordinary_write","1","32","5","0","47232","100034686","472156.227891","2664","0"
"candidate-protocol-v2-20260807-102902","6d7edc7c29a60a94c59effeeb2b78d8b95038135","default-hasher:7a3d2ed08cfb82df","rustc 1.97.0 (2d8144b78 2026-07-07)","x86_64-unknown-linux-gnu","Linux 7.0.11-76070011-generic x86_64","Intel(R) Core(TM) Ultra 7 155H","/dev/nvme0n1p3 ext4   rw,noatime,errors=remount-ro","/tmp/pigment-db-durability-bench","pigment_db","buffered","key_value","file","ordinary_write","1","32","5","1","46848","100038516","468299.629715","2732","0"
"candidate-protocol-v2-20260807-102902","6d7edc7c29a60a94c59effeeb2b78d8b95038135","default-hasher:7a3d2ed08cfb82df","rustc 1.97.0 (2d8144b78 2026-07-07)","x86_64-unknown-linux-gnu","Linux 7.0.11-76070011-generic x86_64","Intel(R) Core(TM) Ultra 7 155H","/dev/nvme0n1p3 ext4   rw,noatime,errors=remount-ro","/tmp/pigment-db-durability-bench","pigment_db","buffered","key_value","file","ordinary_write","1","32","5","2","46144","100111399","460926.532452","2844","0"
"candidate-protocol-v2-20260807-102902","6d7edc7c29a60a94c59effeeb2b78d8b95038135","default-hasher:7a3d2ed08cfb82df","rustc 1.97.0 (2d8144b78 2026-07-07)","x86_64-unknown-linux-gnu","Linux 7.0.11-76070011-generic x86_64","Intel(R) Core(TM) Ultra 7 155H","/dev/nvme0n1p3 ext4   rw,noatime,errors=remount-ro","/tmp/pigment-db-durability-bench","pigment_db","buffered","key_value","file","ordinary_write","1","32","5","3","47040","100039633","470213.640228","2673","0"
"candidate-protocol-v2-20260807-102902","6d7edc7c29a60a94c59effeeb2b78d8b95038135","default-hasher:7a3d2ed08cfb82df","rustc 1.97.0 (2d8144b78 2026-07-07)","x86_64-unknown-linux-gnu","Linux 7.0.11-76070011-generic x86_64","Intel(R) Core(TM) Ultra 7 155H","/dev/nvme0n1p3 ext4   rw,noatime,errors=remount-ro","/tmp/pigment-db-durability-bench","pigment_db","buffered","key_value","file","ordinary_write","1","32","5","4","46336","100104402","462876.747418","2911","0"
"candidate-protocol-v2-20260807-102902","6d7edc7c29a60a94c59effeeb2b78d8b95038135","default-hasher:7a3d2ed08cfb82df","rustc 1.97.0 (2d8144b78 2026-07-07)","x86_64-unknown-linux-gnu","Linux 7.0.11-76070011-generic x86_64","Intel(R) Core(TM) Ultra 7 155H","/dev/nvme0n1p3 ext4   rw,noatime,errors=remount-ro","/tmp/pigment-db-durability-bench","pigment_db","buffered","key_value","file","ordinary_write","1","32","5","5","47296","100024348","472844.871731","2690","0"
"candidate-protocol-v2-20260807-102902","6d7edc7c29a60a94c59effeeb2b78d8b95038135","default-hasher:7a3d2ed08cfb82df","rustc 1.97.0 (2d8144b78 2026-07-07)","x86_64-unknown-linux-gnu","Linux 7.0.11-76070011-generic x86_64","Intel(R) Core(TM) Ultra 7 155H","/dev/nvme0n1p3 ext4   rw,noatime,errors=remount-ro","/tmp/pigment-db-durability-bench","pigment_db","buffered","key_value","file","ordinary_write","1","32","5","6","47040","100085980","469995.897527","2718","0"
"candidate-protocol-v2-20260807-102902","6d7edc7c29a60a94c59effeeb2b78d8b95038135","default-hasher:7a3d2ed08cfb82df","rustc 1.97.0 (2d8144b78 2026-07-07)","x86_64-unknown-linux-gnu","Linux 7.0.11-76070011-generic x86_64","Intel(R) Core(TM) Ultra 7 155H","/dev/nvme0n1p3 ext4   rw,noatime,errors=remount-ro","/tmp/pigment-db-durability-bench","pigment_db","buffered","key_value","file","ordinary_write","1","32","5","7","47360","100028102","473466.946319","2672","0"
"candidate-protocol-v2-20260807-102902","6d7edc7c29a60a94c59effeeb2b78d8b95038135","default-hasher:7a3d2ed08cfb82df","rustc 1.97.0 (2d8144b78 2026-07-07)","x86_64-unknown-linux-gnu","Linux 7.0.11-76070011-generic x86_64","Intel(R) Core(TM) Ultra 7 155H","/dev/nvme0n1p3 ext4   rw,noatime,errors=remount-ro","/tmp/pigment-db-durability-bench","pigment_db","buffered","key_value","file","ordinary_write","1","32","5","8","47168","100038395","471498.967971","2706","0"
"candidate-protocol-v2-20260807-102902","6d7edc7c29a60a94c59effeeb2b78d8b95038135","default-hasher:7a3d2ed08cfb82df","rustc 1.97.0 (2d8144b78 2026-07-07)","x86_64-unknown-linux-gnu","Linux 7.0.11-76070011-generic x86_64","Intel(R) Core(TM) Ultra 7 155H","/dev/nvme0n1p3 ext4   rw,noatime,errors=remount-ro","/tmp/pigment-db-durability-bench","pigment_db","buffered","key_value","file","ordinary_write","1","32","5","9","47168","100110093","471161.284407","2667","0"
"candidate-protocol-v2-20260807-102902","6d7edc7c29a60a94c59effeeb2b78d8b95038135","default-hasher:7a3d2ed08cfb82df","rustc 1.97.0 (2d8144b78 2026-07-07)","x86_64-unknown-linux-gnu","Linux 7.0.11-76070011-generic x86_64","Intel(R) Core(TM) Ultra 7 155H","/dev/nvme0n1p3 ext4   rw,noatime,errors=remount-ro","/tmp/pigment-db-durability-bench","pigment_db","buffered","key_value","file","ordinary_write","1","32","5","10","47360","100040149","473409.930647","2631","0"
"candidate-protocol-v2-20260807-102902","6d7edc7c29a60a94c59effeeb2b78d8b95038135","default-hasher:7a3d2ed08cfb82df","rustc 1.97.0 (2d8144b78 2026-07-07)","x86_64-unknown-linux-gnu","Linux 7.0.11-76070011-generic x86_64","Intel(R) Core(TM) Ultra 7 155H","/dev/nvme0n1p3 ext4   rw,noatime,errors=remount-ro","/tmp/pigment-db-durability-bench","pigment_db","buffered","key_value","file","ordinary_write","8","32","5","0","11776","104764672","112404.303619","60792","0"
"candidate-protocol-v2-20260807-102902","6d7edc7c29a60a94c59effeeb2b78d8b95038135","default-hasher:7a3d2ed08cfb82df","rustc 1.97.0 (2d8144b78 2026-07-07)","x86_64-unknown-linux-gnu","Linux 7.0.11-76070011-generic x86_64","Intel(R) Core(TM) Ultra 7 155H","/dev/nvme0n1p3 ext4   rw,noatime,errors=remount-ro","/tmp/pigment-db-durability-bench","pigment_db","buffered","key_value","file","ordinary_write","8","32","5","1","11776","104169689","113046.320029","59341","0"
"candidate-protocol-v2-20260807-102902","6d7edc7c29a60a94c59effeeb2b78d8b95038135","default-hasher:7a3d2ed08cfb82df","rustc 1.97.0 (2d8144b78 2026-07-07)","x86_64-unknown-linux-gnu","Linux 7.0.11-76070011-generic x86_64","Intel(R) Core(TM) Ultra 7 155H","/dev/nvme0n1p3 ext4   rw,noatime,errors=remount-ro","/tmp/pigment-db-durability-bench","pigment_db","buffered","key_value","file","ordinary_write","8","32","5","2","11264","101351539","111137.927565","63955","0"
"candidate-protocol-v2-20260807-102902","6d7edc7c29a60a94c59effeeb2b78d8b95038135","default-hasher:7a3d2ed08cfb82df","rustc 1.97.0 (2d8144b78 2026-07-07)","x86_64-unknown-linux-gnu","Linux 7.0.11-76070011-generic x86_64","Intel(R) Core(TM) Ultra 7 155H","/dev/nvme0n1p3 ext4   rw,noatime,errors=remount-ro","/tmp/pigment-db-durability-bench","pigment_db","buffered","key_value","file","ordinary_write","8","32","5","3","10752","100566752","106914.062413","64530","0"
"candidate-protocol-v2-20260807-102902","6d7edc7c29a60a94c59effeeb2b78d8b95038135","default-hasher:7a3d2ed08cfb82df","rustc 1.97.0 (2d8144b78 2026-07-07)","x86_64-unknown-linux-gnu","Linux 7.0.11-76070011-generic x86_64","Intel(R) Core(TM) Ultra 7 155H","/dev/nvme0n1p3 ext4   rw,noatime,errors=remount-ro","/tmp/pigment-db-durability-bench","pigment_db","buffered","key_value","file","ordinary_write","8","32","5","4","9728","104339066","93234.493780","66803","0"
"candidate-protocol-v2-20260807-102902","6d7edc7c29a60a94c59effeeb2b78d8b95038135","default-hasher:7a3d2ed08cfb82df","rustc 1.97.0 (2d8144b78 2026-07-07)","x86_64-unknown-linux-gnu","Linux 7.0.11-76070011-generic x86_64","Intel(R) Core(TM) Ultra 7 155H","/dev/nvme0n1p3 ext4   rw,noatime,errors=remount-ro","/tmp/pigment-db-durability-bench","pigment_db","buffered","key_value","file","ordinary_write","8","32","5","5","10240","103929802","98528.042996","66021","0"
"candidate-protocol-v2-20260807-102902","6d7edc7c29a60a94c59effeeb2b78d8b95038135","default-hasher:7a3d2ed08cfb82df","rustc 1.97.0 (2d8144b78 2026-07-07)","x86_64-unknown-linux-gnu","Linux 7.0.11-76070011-generic x86_64","Intel(R) Core(TM) Ultra 7 155H","/dev/nvme0n1p3 ext4   rw,noatime,errors=remount-ro","/tmp/pigment-db-durability-bench","pigment_db","buffered","key_value","file","ordinary_write","8","32","5","6","11264","102019106","110410.691111","64649","0"
"candidate-protocol-v2-20260807-102902","6d7edc7c29a60a94c59effeeb2b78d8b95038135","default-hasher:7a3d2ed08cfb82df","rustc 1.97.0 (2d8144b78 2026-07-07)","x86_64-unknown-linux-gnu","Linux 7.0.11-76070011-generic x86_64","Intel(R) Core(TM) Ultra 7 155H","/dev/nvme0n1p3 ext4   rw,noatime,errors=remount-ro","/tmp/pigment-db-durability-bench","pigment_db","buffered","key_value","file","ordinary_write","8","32","5","7","11264","103241892","109102.998616","65628","0"
"candidate-protocol-v2-20260807-102902","6d7edc7c29a60a94c59effeeb2b78d8b95038135","default-hasher:7a3d2ed08cfb82df","rustc 1.97.0 (2d8144b78 2026-07-07)","x86_64-unknown-linux-gnu","Linux 7.0.11-76070011-generic x86_64","Intel(R) Core(TM) Ultra 7 155H","/dev/nvme0n1p3 ext4   rw,noatime,errors=remount-ro","/tmp/pigment-db-durability-bench","pigment_db","buffered","key_value","file","ordinary_write","8","32","5","8","11776","103188902","114120.799541","60984","0"
"candidate-protocol-v2-20260807-102902","6d7edc7c29a60a94c59effeeb2b78d8b95038135","default-hasher:7a3d2ed08cfb82df","rustc 1.97.0 (2d8144b78 2026-07-07)","x86_64-unknown-linux-gnu","Linux 7.0.11-76070011-generic x86_64","Intel(R) Core(TM) Ultra 7 155H","/dev/nvme0n1p3 ext4   rw,noatime,errors=remount-ro","/tmp/pigment-db-durability-bench","pigment_db","buffered","key_value","file","ordinary_write","8","32","5","9","10752","100452604","107035.552807","64350","0"
"candidate-protocol-v2-20260807-102902","6d7edc7c29a60a94c59effeeb2b78d8b95038135","default-hasher:7a3d2ed08cfb82df","rustc 1.97.0 (2d8144b78 2026-07-07)","x86_64-unknown-linux-gnu","Linux 7.0.11-76070011-generic x86_64","Intel(R) Core(TM) Ultra 7 155H","/dev/nvme0n1p3 ext4   rw,noatime,errors=remount-ro","/tmp/pigment-db-durability-bench","pigment_db","buffered","key_value","file","ordinary_write","8","32","5","10","11264","103038339","109318.532396","64114","0"
"candidate-protocol-v2-20260807-102902","6d7edc7c29a60a94c59effeeb2b78d8b95038135","default-hasher:7a3d2ed08cfb82df","rustc 1.97.0 (2d8144b78 2026-07-07)","x86_64-unknown-linux-gnu","Linux 7.0.11-76070011-generic x86_64","Intel(R) Core(TM) Ultra 7 155H","/dev/nvme0n1p3 ext4   rw,noatime,errors=remount-ro","/tmp/pigment-db-durability-bench","pigment_db","buffered","key_value","file","successful_remove","1","32","5","0","55360","100054127","553300.515030","1854","0"
"candidate-protocol-v2-20260807-102902","6d7edc7c29a60a94c59effeeb2b78d8b95038135","default-hasher:7a3d2ed08cfb82df","rustc 1.97.0 (2d8144b78 2026-07-07)","x86_64-unknown-linux-gnu","Linux 7.0.11-76070011-generic x86_64","Intel(R) Core(TM) Ultra 7 155H","/dev/nvme0n1p3 ext4   rw,noatime,errors=remount-ro","/tmp/pigment-db-durability-bench","pigment_db","buffered","key_value","file","successful_remove","1","32","5","1","51136","100035614","511177.949085","2544","0"
"candidate-protocol-v2-20260807-102902","6d7edc7c29a60a94c59effeeb2b78d8b95038135","default-hasher:7a3d2ed08cfb82df","rustc 1.97.0 (2d8144b78 2026-07-07)","x86_64-unknown-linux-gnu","Linux 7.0.11-76070011-generic x86_64","Intel(R) Core(TM) Ultra 7 155H","/dev/nvme0n1p3 ext4   rw,noatime,errors=remount-ro","/tmp/pigment-db-durability-bench","pigment_db","buffered","key_value","file","successful_remove","1","32","5","2","53632","100069513","535947.446851","2034","0"
"candidate-protocol-v2-20260807-102902","6d7edc7c29a60a94c59effeeb2b78d8b95038135","default-hasher:7a3d2ed08cfb82df","rustc 1.97.0 (2d8144b78 2026-07-07)","x86_64-unknown-linux-gnu","Linux 7.0.11-76070011-generic x86_64","Intel(R) Core(TM) Ultra 7 155H","/dev/nvme0n1p3 ext4   rw,noatime,errors=remount-ro","/tmp/pigment-db-durability-bench","pigment_db","buffered","key_value","file","successful_remove","1","32","5","3","51584","100113185","515256.806583","2439","0"
"candidate-protocol-v2-20260807-102902","6d7edc7c29a60a94c59effeeb2b78d8b95038135","default-hasher:7a3d2ed08cfb82df","rustc 1.97.0 (2d8144b78 2026-07-07)","x86_64-unknown-linux-gnu","Linux 7.0.11-76070011-generic x86_64","Intel(R) Core(TM) Ultra 7 155H","/dev/nvme0n1p3 ext4   rw,noatime,errors=remount-ro","/tmp/pigment-db-durability-bench","pigment_db","buffered","key_value","file","successful_remove","1","32","5","4","53696","100088901","536483.061194","2121","0"
"candidate-protocol-v2-20260807-102902","6d7edc7c29a60a94c59effeeb2b78d8b95038135","default-hasher:7a3d2ed08cfb82df","rustc 1.97.0 (2d8144b78 2026-07-07)","x86_64-unknown-linux-gnu","Linux 7.0.11-76070011-generic x86_64","Intel(R) Core(TM) Ultra 7 155H","/dev/nvme0n1p3 ext4   rw,noatime,errors=remount-ro","/tmp/pigment-db-durability-bench","pigment_db","buffered","key_value","file","successful_remove","1","32","5","5","48320","100001450","483192.993702","2660","0"
"candidate-protocol-v2-20260807-102902","6d7edc7c29a60a94c59effeeb2b78d8b95038135","default-hasher:7a3d2ed08cfb82df","rustc 1.97.0 (2d8144b78 2026-07-07)","x86_64-unknown-linux-gnu","Linux 7.0.11-76070011-generic x86_64","Intel(R) Core(TM) Ultra 7 155H","/dev/nvme0n1p3 ext4   rw,noatime,errors=remount-ro","/tmp/pigment-db-durability-bench","pigment_db","buffered","key_value","file","successful_remove","1","32","5","6","54016","100102070","539609.220868","2290","0"
"candidate-protocol-v2-20260807-102902","6d7edc7c29a60a94c59effeeb2b78d8b95038135","default-hasher:7a3d2ed08cfb82df","rustc 1.97.0 (2d8144b78 2026-07-07)","x86_64-unknown-linux-gnu","Linux 7.0.11-76070011-generic x86_64","Intel(R) Core(TM) Ultra 7 155H","/dev/nvme0n1p3 ext4   rw,noatime,errors=remount-ro","/tmp/pigment-db-durability-bench","pigment_db","buffered","key_value","file","successful_remove","1","32","5","7","53696","100073880","536563.586822","2348","0"
"candidate-protocol-v2-20260807-102902","6d7edc7c29a60a94c59effeeb2b78d8b95038135","default-hasher:7a3d2ed08cfb82df","rustc 1.97.0 (2d8144b78 2026-07-07)","x86_64-unknown-linux-gnu","Linux 7.0.11-76070011-generic x86_64","Intel(R) Core(TM) Ultra 7 155H","/dev/nvme0n1p3 ext4   rw,noatime,errors=remount-ro","/tmp/pigment-db-durability-bench","pigment_db","buffered","key_value","file","successful_remove","1","32","5","8","54528","100045782","545030.474148","1966","0"
"candidate-protocol-v2-20260807-102902","6d7edc7c29a60a94c59effeeb2b78d8b95038135","default-hasher:7a3d2ed08cfb82df","rustc 1.97.0 (2d8144b78 2026-07-07)","x86_64-unknown-linux-gnu","Linux 7.0.11-76070011-generic x86_64","Intel(R) Core(TM) Ultra 7 155H","/dev/nvme0n1p3 ext4   rw,noatime,errors=remount-ro","/tmp/pigment-db-durability-bench","pigment_db","buffered","key_value","file","successful_remove","1","32","5","9","53504","100074574","534641.296599","2349","0"
"candidate-protocol-v2-20260807-102902","6d7edc7c29a60a94c59effeeb2b78d8b95038135","default-hasher:7a3d2ed08cfb82df","rustc 1.97.0 (2d8144b78 2026-07-07)","x86_64-unknown-linux-gnu","Linux 7.0.11-76070011-generic x86_64","Intel(R) Core(TM) Ultra 7 155H","/dev/nvme0n1p3 ext4   rw,noatime,errors=remount-ro","/tmp/pigment-db-durability-bench","pigment_db","buffered","key_value","file","successful_remove","1","32","5","10","53888","100008517","538834.107499","2300","0"
"candidate-protocol-v2-20260807-102902","6d7edc7c29a60a94c59effeeb2b78d8b95038135","default-hasher:7a3d2ed08cfb82df","rustc 1.97.0 (2d8144b78 2026-07-07)","x86_64-unknown-linux-gnu","Linux 7.0.11-76070011-generic x86_64","Intel(R) Core(TM) Ultra 7 155H","/dev/nvme0n1p3 ext4   rw,noatime,errors=remount-ro","/tmp/pigment-db-durability-bench","pigment_db","buffered","key_value","file","successful_remove","8","32","5","0","8704","103038421","84473.344171","61469","0"
"candidate-protocol-v2-20260807-102902","6d7edc7c29a60a94c59effeeb2b78d8b95038135","default-hasher:7a3d2ed08cfb82df","rustc 1.97.0 (2d8144b78 2026-07-07)","x86_64-unknown-linux-gnu","Linux 7.0.11-76070011-generic x86_64","Intel(R) Core(TM) Ultra 7 155H","/dev/nvme0n1p3 ext4   rw,noatime,errors=remount-ro","/tmp/pigment-db-durability-bench","pigment_db","buffered","key_value","file","successful_remove","8","32","5","1","11776","103053905","114270.293785","60386","0"
"candidate-protocol-v2-20260807-102902","6d7edc7c29a60a94c59effeeb2b78d8b95038135","default-hasher:7a3d2ed08cfb82df","rustc 1.97.0 (2d8144b78 2026-07-07)","x86_64-unknown-linux-gnu","Linux 7.0.11-76070011-generic x86_64","Intel(R) Core(TM) Ultra 7 155H","/dev/nvme0n1p3 ext4   rw,noatime,errors=remount-ro","/tmp/pigment-db-durability-bench","pigment_db","buffered","key_value","file","successful_remove","8","32","5","2","12288","101181738","121444.840175","59325","0"
"candidate-protocol-v2-20260807-102902","6d7edc7c29a60a94c59effeeb2b78d8b95038135","default-hasher:7a3d2ed08cfb82df","rustc 1.97.0 (2d8144b78 2026-07-07)","x86_64-unknown-linux-gnu","Linux 7.0.11-76070011-generic x86_64","Intel(R) Core(TM) Ultra 7 155H","/dev/nvme0n1p3 ext4   rw,noatime,errors=remount-ro","/tmp/pigment-db-durability-bench","pigment_db","buffered","key_value","file","successful_remove","8","32","5","3","11776","102919641","114419.365299","58716","0"
"candidate-protocol-v2-20260807-102902","6d7edc7c29a60a94c59effeeb2b78d8b95038135","default-hasher:7a3d2ed08cfb82df","rustc 1.97.0 (2d8144b78 2026-07-07)","x86_64-unknown-linux-gnu","Linux 7.0.11-76070011-generic x86_64","Intel(R) Core(TM) Ultra 7 155H","/dev/nvme0n1p3 ext4   rw,noatime,errors=remount-ro","/tmp/pigment-db-durability-bench","pigment_db","buffered","key_value","file","successful_remove","8","32","5","4","11264","100398793","112192.583829","59070","0"
"candidate-protocol-v2-20260807-102902","6d7edc7c29a60a94c59effeeb2b78d8b95038135","default-hasher:7a3d2ed08cfb82df","rustc 1.97.0 (2d8144b78 2026-07-07)","x86_64-unknown-linux-gnu","Linux 7.0.11-76070011-generic x86_64","Intel(R) Core(TM) Ultra 7 155H","/dev/nvme0n1p3 ext4   rw,noatime,errors=remount-ro","/tmp/pigment-db-durability-bench","pigment_db","buffered","key_value","file","successful_remove","8","32","5","5","12800","100313511","127599.960089","56740","0"
"candidate-protocol-v2-20260807-102902","6d7edc7c29a60a94c59effeeb2b78d8b95038135","default-hasher:7a3d2ed08cfb82df","rustc 1.97.0 (2d8144b78 2026-07-07)","x86_64-unknown-linux-gnu","Linux 7.0.11-76070011-generic x86_64","Intel(R) Core(TM) Ultra 7 155H","/dev/nvme0n1p3 ext4   rw,noatime,errors=remount-ro","/tmp/pigment-db-durability-bench","pigment_db","buffered","key_value","file","successful_remove","8","32","5","6","12288","101443823","121131.081584","57339","0"
"candidate-protocol-v2-20260807-102902","6d7edc7c29a60a94c59effeeb2b78d8b95038135","default-hasher:7a3d2ed08cfb82df","rustc 1.97.0 (2d8144b78 2026-07-07)","x86_64-unknown-linux-gnu","Linux 7.0.11-76070011-generic x86_64","Intel(R) Core(TM) Ultra 7 155H","/dev/nvme0n1p3 ext4   rw,noatime,errors=remount-ro","/tmp/pigment-db-durability-bench","pigment_db","buffered","key_value","file","successful_remove","8","32","5","7","11776","100327561","117375.523561","58640","0"
"candidate-protocol-v2-20260807-102902","6d7edc7c29a60a94c59effeeb2b78d8b95038135","default-hasher:7a3d2ed08cfb82df","rustc 1.97.0 (2d8144b78 2026-07-07)","x86_64-unknown-linux-gnu","Linux 7.0.11-76070011-generic x86_64","Intel(R) Core(TM) Ultra 7 155H","/dev/nvme0n1p3 ext4   rw,noatime,errors=remount-ro","/tmp/pigment-db-durability-bench","pigment_db","buffered","key_value","file","successful_remove","8","32","5","8","12288","102867949","119454.116850","57399","0"
"candidate-protocol-v2-20260807-102902","6d7edc7c29a60a94c59effeeb2b78d8b95038135","default-hasher:7a3d2ed08cfb82df","rustc 1.97.0 (2d8144b78 2026-07-07)","x86_64-unknown-linux-gnu","Linux 7.0.11-76070011-generic x86_64","Intel(R) Core(TM) Ultra 7 155H","/dev/nvme0n1p3 ext4   rw,noatime,errors=remount-ro","/tmp/pigment-db-durability-bench","pigment_db","buffered","key_value","file","successful_remove","8","32","5","9","12800","103348945","123852.256063","57377","0"
"candidate-protocol-v2-20260807-102902","6d7edc7c29a60a94c59effeeb2b78d8b95038135","default-hasher:7a3d2ed08cfb82df","rustc 1.97.0 (2d8144b78 2026-07-07)","x86_64-unknown-linux-gnu","Linux 7.0.11-76070011-generic x86_64","Intel(R) Core(TM) Ultra 7 155H","/dev/nvme0n1p3 ext4   rw,noatime,errors=remount-ro","/tmp/pigment-db-durability-bench","pigment_db","buffered","key_value","file","successful_remove","8","32","5","10","13312","102491923","129883.405544","54930","0"
"candidate-protocol-v2-20260807-102902","6d7edc7c29a60a94c59effeeb2b78d8b95038135","default-hasher:7a3d2ed08cfb82df","rustc 1.97.0 (2d8144b78 2026-07-07)","x86_64-unknown-linux-gnu","Linux 7.0.11-76070011-generic x86_64","Intel(R) Core(TM) Ultra 7 155H","/dev/nvme0n1p3 ext4   rw,noatime,errors=remount-ro","/tmp/pigment-db-durability-bench","pigment_db","buffered","key_value","file","minimal_callback","1","32","5","0","30656","100108005","306229.257091","3530","0"
"candidate-protocol-v2-20260807-102902","6d7edc7c29a60a94c59effeeb2b78d8b95038135","default-hasher:7a3d2ed08cfb82df","rustc 1.97.0 (2d8144b78 2026-07-07)","x86_64-unknown-linux-gnu","Linux 7.0.11-76070011-generic x86_64","Intel(R) Core(TM) Ultra 7 155H","/dev/nvme0n1p3 ext4   rw,noatime,errors=remount-ro","/tmp/pigment-db-durability-bench","pigment_db","buffered","key_value","file","minimal_callback","1","32","5","1","41600","100097342","415595.451076","3039","0"
"candidate-protocol-v2-20260807-102902","6d7edc7c29a60a94c59effeeb2b78d8b95038135","default-hasher:7a3d2ed08cfb82df","rustc 1.97.0 (2d8144b78 2026-07-07)","x86_64-unknown-linux-gnu","Linux 7.0.11-76070011-generic x86_64","Intel(R) Core(TM) Ultra 7 155H","/dev/nvme0n1p3 ext4   rw,noatime,errors=remount-ro","/tmp/pigment-db-durability-bench","pigment_db","buffered","key_value","file","minimal_callback","1","32","5","2","45760","100048704","457377.238990","2743","0"
"candidate-protocol-v2-20260807-102902","6d7edc7c29a60a94c59effeeb2b78d8b95038135","default-hasher:7a3d2ed08cfb82df","rustc 1.97.0 (2d8144b78 2026-07-07)","x86_64-unknown-linux-gnu","Linux 7.0.11-76070011-generic x86_64","Intel(R) Core(TM) Ultra 7 155H","/dev/nvme0n1p3 ext4   rw,noatime,errors=remount-ro","/tmp/pigment-db-durability-bench","pigment_db","buffered","key_value","file","minimal_callback","1","32","5","3","47168","100109763","471162.837535","2548","0"
"candidate-protocol-v2-20260807-102902","6d7edc7c29a60a94c59effeeb2b78d8b95038135","default-hasher:7a3d2ed08cfb82df","rustc 1.97.0 (2d8144b78 2026-07-07)","x86_64-unknown-linux-gnu","Linux 7.0.11-76070011-generic x86_64","Intel(R) Core(TM) Ultra 7 155H","/dev/nvme0n1p3 ext4   rw,noatime,errors=remount-ro","/tmp/pigment-db-durability-bench","pigment_db","buffered","key_value","file","minimal_callback","1","32","5","4","46720","100094205","466760.288470","2519","0"
"candidate-protocol-v2-20260807-102902","6d7edc7c29a60a94c59effeeb2b78d8b95038135","default-hasher:7a3d2ed08cfb82df","rustc 1.97.0 (2d8144b78 2026-07-07)","x86_64-unknown-linux-gnu","Linux 7.0.11-76070011-generic x86_64","Intel(R) Core(TM) Ultra 7 155H","/dev/nvme0n1p3 ext4   rw,noatime,errors=remount-ro","/tmp/pigment-db-durability-bench","pigment_db","buffered","key_value","file","minimal_callback","1","32","5","5","47616","100083704","475761.768369","2436","0"
"candidate-protocol-v2-20260807-102902","6d7edc7c29a60a94c59effeeb2b78d8b95038135","default-hasher:7a3d2ed08cfb82df","rustc 1.97.0 (2d8144b78 2026-07-07)","x86_64-unknown-linux-gnu","Linux 7.0.11-76070011-generic x86_64","Intel(R) Core(TM) Ultra 7 155H","/dev/nvme0n1p3 ext4   rw,noatime,errors=remount-ro","/tmp/pigment-db-durability-bench","pigment_db","buffered","key_value","file","minimal_callback","1","32","5","6","43840","100032368","438258.144604","2805","0"
"candidate-protocol-v2-20260807-102902","6d7edc7c29a60a94c59effeeb2b78d8b95038135","default-hasher:7a3d2ed08cfb82df","rustc 1.97.0 (2d8144b78 2026-07-07)","x86_64-unknown-linux-gnu","Linux 7.0.11-76070011-generic x86_64","Intel(R) Core(TM) Ultra 7 155H","/dev/nvme0n1p3 ext4   rw,noatime,errors=remount-ro","/tmp/pigment-db-durability-bench","pigment_db","buffered","key_value","file","minimal_callback","1","32","5","7","43456","100088879","434174.110392","2739","0"
"candidate-protocol-v2-20260807-102902","6d7edc7c29a60a94c59effeeb2b78d8b95038135","default-hasher:7a3d2ed08cfb82df","rustc 1.97.0 (2d8144b78 2026-07-07)","x86_64-unknown-linux-gnu","Linux 7.0.11-76070011-generic x86_64","Intel(R) Core(TM) Ultra 7 155H","/dev/nvme0n1p3 ext4   rw,noatime,errors=remount-ro","/tmp/pigment-db-durability-bench","pigment_db","buffered","key_value","file","minimal_callback","1","32","5","8","41728","100003015","417267.419387","2611","0"
"candidate-protocol-v2-20260807-102902","6d7edc7c29a60a94c59effeeb2b78d8b95038135","default-hasher:7a3d2ed08cfb82df","rustc 1.97.0 (2d8144b78 2026-07-07)","x86_64-unknown-linux-gnu","Linux 7.0.11-76070011-generic x86_64","Intel(R) Core(TM) Ultra 7 155H","/dev/nvme0n1p3 ext4   rw,noatime,errors=remount-ro","/tmp/pigment-db-durability-bench","pigment_db","buffered","key_value","file","minimal_callback","1","32","5","9","45184","100133480","451237.687934","2764","0"
"candidate-protocol-v2-20260807-102902","6d7edc7c29a60a94c59effeeb2b78d8b95038135","default-hasher:7a3d2ed08cfb82df","rustc 1.97.0 (2d8144b78 2026-07-07)","x86_64-unknown-linux-gnu","Linux 7.0.11-76070011-generic x86_64","Intel(R) Core(TM) Ultra 7 155H","/dev/nvme0n1p3 ext4   rw,noatime,errors=remount-ro","/tmp/pigment-db-durability-bench","pigment_db","buffered","key_value","file","minimal_callback","1","32","5","10","46976","100036927","469586.595758","2799","0"
"candidate-protocol-v2-20260807-102902","6d7edc7c29a60a94c59effeeb2b78d8b95038135","default-hasher:7a3d2ed08cfb82df","rustc 1.97.0 (2d8144b78 2026-07-07)","x86_64-unknown-linux-gnu","Linux 7.0.11-76070011-generic x86_64","Intel(R) Core(TM) Ultra 7 155H","/dev/nvme0n1p3 ext4   rw,noatime,errors=remount-ro","/tmp/pigment-db-durability-bench","pigment_db","buffered","key_value","file","minimal_callback","8","32","5","0","10240","100088740","102309.210806","67175","0"
"candidate-protocol-v2-20260807-102902","6d7edc7c29a60a94c59effeeb2b78d8b95038135","default-hasher:7a3d2ed08cfb82df","rustc 1.97.0 (2d8144b78 2026-07-07)","x86_64-unknown-linux-gnu","Linux 7.0.11-76070011-generic x86_64","Intel(R) Core(TM) Ultra 7 155H","/dev/nvme0n1p3 ext4   rw,noatime,errors=remount-ro","/tmp/pigment-db-durability-bench","pigment_db","buffered","key_value","file","minimal_callback","8","32","5","1","10240","103305015","99123.938949","69644","0"
"candidate-protocol-v2-20260807-102902","6d7edc7c29a60a94c59effeeb2b78d8b95038135","default-hasher:7a3d2ed08cfb82df","rustc 1.97.0 (2d8144b78 2026-07-07)","x86_64-unknown-linux-gnu","Linux 7.0.11-76070011-generic x86_64","Intel(R) Core(TM) Ultra 7 155H","/dev/nvme0n1p3 ext4   rw,noatime,errors=remount-ro","/tmp/pigment-db-durability-bench","pigment_db","buffered","key_value","file","minimal_callback","8","32","5","2","8704","103810358","83845.197798","71927","0"
"candidate-protocol-v2-20260807-102902","6d7edc7c29a60a94c59effeeb2b78d8b95038135","default-hasher:7a3d2ed08cfb82df","rustc 1.97.0 (2d8144b78 2026-07-07)","x86_64-unknown-linux-gnu","Linux 7.0.11-76070011-generic x86_64","Intel(R) Core(TM) Ultra 7 155H","/dev/nvme0n1p3 ext4   rw,noatime,errors=remount-ro","/tmp/pigment-db-durability-bench","pigment_db","buffered","key_value","file","minimal_callback","8","32","5","3","10240","102229641","100166.643449","68027","0"
"candidate-protocol-v2-20260807-102902","6d7edc7c29a60a94c59effeeb2b78d8b95038135","default-hasher:7a3d2ed08cfb82df","rustc 1.97.0 (2d8144b78 2026-07-07)","x86_64-unknown-linux-gnu","Linux 7.0.11-76070011-generic x86_64","Intel(R) Core(TM) Ultra 7 155H","/dev/nvme0n1p3 ext4   rw,noatime,errors=remount-ro","/tmp/pigment-db-durability-bench","pigment_db","buffered","key_value","file","minimal_callback","8","32","5","4","9728","102474243","94931.172119","65981","0"
"candidate-protocol-v2-20260807-102902","6d7edc7c29a60a94c59effeeb2b78d8b95038135","default-hasher:7a3d2ed08cfb82df","rustc 1.97.0 (2d8144b78 2026-07-07)","x86_64-unknown-linux-gnu","Linux 7.0.11-76070011-generic x86_64","Intel(R) Core(TM) Ultra 7 155H","/dev/nvme0n1p3 ext4   rw,noatime,errors=remount-ro","/tmp/pigment-db-durability-bench","pigment_db","buffered","key_value","file","minimal_callback","8","32","5","5","10752","100694846","106778.056942","63746","0"
"candidate-protocol-v2-20260807-102902","6d7edc7c29a60a94c59effeeb2b78d8b95038135","default-hasher:7a3d2ed08cfb82df","rustc 1.97.0 (2d8144b78 2026-07-07)","x86_64-unknown-linux-gnu","Linux 7.0.11-76070011-generic x86_64","Intel(R) Core(TM) Ultra 7 155H","/dev/nvme0n1p3 ext4   rw,noatime,errors=remount-ro","/tmp/pigment-db-durability-bench","pigment_db","buffered","key_value","file","minimal_callback","8","32","5","6","11264","100803803","111741.815931","64326","0"
"candidate-protocol-v2-20260807-102902","6d7edc7c29a60a94c59effeeb2b78d8b95038135","default-hasher:7a3d2ed08cfb82df","rustc 1.97.0 (2d8144b78 2026-07-07)","x86_64-unknown-linux-gnu","Linux 7.0.11-76070011-generic x86_64","Intel(R) Core(TM) Ultra 7 155H","/dev/nvme0n1p3 ext4   rw,noatime,errors=remount-ro","/tmp/pigment-db-durability-bench","pigment_db","buffered","key_value","file","minimal_callback","8","32","5","7","10752","101419536","106015.077805","65195","0"
"candidate-protocol-v2-20260807-102902","6d7edc7c29a60a94c59effeeb2b78d8b95038135","default-hasher:7a3d2ed08cfb82df","rustc 1.97.0 (2d8144b78 2026-07-07)","x86_64-unknown-linux-gnu","Linux 7.0.11-76070011-generic x86_64","Intel(R) Core(TM) Ultra 7 155H","/dev/nvme0n1p3 ext4   rw,noatime,errors=remount-ro","/tmp/pigment-db-durability-bench","pigment_db","buffered","key_value","file","minimal_callback","8","32","5","8","10752","102459466","104939.059511","62674","0"
"candidate-protocol-v2-20260807-102902","6d7edc7c29a60a94c59effeeb2b78d8b95038135","default-hasher:7a3d2ed08cfb82df","rustc 1.97.0 (2d8144b78 2026-07-07)","x86_64-unknown-linux-gnu","Linux 7.0.11-76070011-generic x86_64","Intel(R) Core(TM) Ultra 7 155H","/dev/nvme0n1p3 ext4   rw,noatime,errors=remount-ro","/tmp/pigment-db-durability-bench","pigment_db","buffered","key_value","file","minimal_callback","8","32","5","9","9728","101523523","95820.157856","66859","0"
"candidate-protocol-v2-20260807-102902","6d7edc7c29a60a94c59effeeb2b78d8b95038135","default-hasher:7a3d2ed08cfb82df","rustc 1.97.0 (2d8144b78 2026-07-07)","x86_64-unknown-linux-gnu","Linux 7.0.11-76070011-generic x86_64","Intel(R) Core(TM) Ultra 7 155H","/dev/nvme0n1p3 ext4   rw,noatime,errors=remount-ro","/tmp/pigment-db-durability-bench","pigment_db","buffered","key_value","file","minimal_callback","8","32","5","10","10752","103526872","103857.093258","66363","0"
"candidate-protocol-v2-20260807-102902","6d7edc7c29a60a94c59effeeb2b78d8b95038135","default-hasher:7a3d2ed08cfb82df","rustc 1.97.0 (2d8144b78 2026-07-07)","x86_64-unknown-linux-gnu","Linux 7.0.11-76070011-generic x86_64","Intel(R) Core(TM) Ultra 7 155H","/dev/nvme0n1p3 ext4   rw,noatime,errors=remount-ro","/tmp/pigment-db-durability-bench","pigment_db","buffered","key_set","vector","ordinary_write","1","32","5","0","137024","100030984","1369815.576342","775","0"
"candidate-protocol-v2-20260807-102902","6d7edc7c29a60a94c59effeeb2b78d8b95038135","default-hasher:7a3d2ed08cfb82df","rustc 1.97.0 (2d8144b78 2026-07-07)","x86_64-unknown-linux-gnu","Linux 7.0.11-76070011-generic x86_64","Intel(R) Core(TM) Ultra 7 155H","/dev/nvme0n1p3 ext4   rw,noatime,errors=remount-ro","/tmp/pigment-db-durability-bench","pigment_db","buffered","key_set","vector","ordinary_write","1","32","5","1","114752","107930609","1063201.635414","849","0"
"candidate-protocol-v2-20260807-102902","6d7edc7c29a60a94c59effeeb2b78d8b95038135","default-hasher:7a3d2ed08cfb82df","rustc 1.97.0 (2d8144b78 2026-07-07)","x86_64-unknown-linux-gnu","Linux 7.0.11-76070011-generic x86_64","Intel(R) Core(TM) Ultra 7 155H","/dev/nvme0n1p3 ext4   rw,noatime,errors=remount-ro","/tmp/pigment-db-durability-bench","pigment_db","buffered","key_set","vector","ordinary_write","1","32","5","2","118976","100000713","1189751.517072","796","0"
"candidate-protocol-v2-20260807-102902","6d7edc7c29a60a94c59effeeb2b78d8b95038135","default-hasher:7a3d2ed08cfb82df","rustc 1.97.0 (2d8144b78 2026-07-07)","x86_64-unknown-linux-gnu","Linux 7.0.11-76070011-generic x86_64","Intel(R) Core(TM) Ultra 7 155H","/dev/nvme0n1p3 ext4   rw,noatime,errors=remount-ro","/tmp/pigment-db-durability-bench","pigment_db","buffered","key_set","vector","ordinary_write","1","32","5","3","136960","100023832","1369273.674698","748","0"
"candidate-protocol-v2-20260807-102902","6d7edc7c29a60a94c59effeeb2b78d8b95038135","default-hasher:7a3d2ed08cfb82df","rustc 1.97.0 (2d8144b78 2026-07-07)","x86_64-unknown-linux-gnu","Linux 7.0.11-76070011-generic x86_64","Intel(R) Core(TM) Ultra 7 155H","/dev/nvme0n1p3 ext4   rw,noatime,errors=remount-ro","/tmp/pigment-db-durability-bench","pigment_db","buffered","key_set","vector","ordinary_write","1","32","5","4","131584","100029049","1315457.872643","723","0"
"candidate-protocol-v2-20260807-102902","6d7edc7c29a60a94c59effeeb2b78d8b95038135","default-hasher:7a3d2ed08cfb82df","rustc 1.97.0 (2d8144b78 2026-07-07)","x86_64-unknown-linux-gnu","Linux 7.0.11-76070011-generic x86_64","Intel(R) Core(TM) Ultra 7 155H","/dev/nvme0n1p3 ext4   rw,noatime,errors=remount-ro","/tmp/pigment-db-durability-bench","pigment_db","buffered","key_set","vector","ordinary_write","1","32","5","5","114752","105982695","1082742.800605","765","0"
"candidate-protocol-v2-20260807-102902","6d7edc7c29a60a94c59effeeb2b78d8b95038135","default-hasher:7a3d2ed08cfb82df","rustc 1.97.0 (2d8144b78 2026-07-07)","x86_64-unknown-linux-gnu","Linux 7.0.11-76070011-generic x86_64","Intel(R) Core(TM) Ultra 7 155H","/dev/nvme0n1p3 ext4   rw,noatime,errors=remount-ro","/tmp/pigment-db-durability-bench","pigment_db","buffered","key_set","vector","ordinary_write","1","32","5","6","125440","101290911","1238413.187932","724","0"
"candidate-protocol-v2-20260807-102902","6d7edc7c29a60a94c59effeeb2b78d8b95038135","default-hasher:7a3d2ed08cfb82df","rustc 1.97.0 (2d8144b78 2026-07-07)","x86_64-unknown-linux-gnu","Linux 7.0.11-76070011-generic x86_64","Intel(R) Core(TM) Ultra 7 155H","/dev/nvme0n1p3 ext4   rw,noatime,errors=remount-ro","/tmp/pigment-db-durability-bench","pigment_db","buffered","key_set","vector","ordinary_write","1","32","5","7","113472","100017063","1134526.415758","954","0"
"candidate-protocol-v2-20260807-102902","6d7edc7c29a60a94c59effeeb2b78d8b95038135","default-hasher:7a3d2ed08cfb82df","rustc 1.97.0 (2d8144b78 2026-07-07)","x86_64-unknown-linux-gnu","Linux 7.0.11-76070011-generic x86_64","Intel(R) Core(TM) Ultra 7 155H","/dev/nvme0n1p3 ext4   rw,noatime,errors=remount-ro","/tmp/pigment-db-durability-bench","pigment_db","buffered","key_set","vector","ordinary_write","1","32","5","8","122816","100038352","1227689.156655","758","0"
"candidate-protocol-v2-20260807-102902","6d7edc7c29a60a94c59effeeb2b78d8b95038135","default-hasher:7a3d2ed08cfb82df","rustc 1.97.0 (2d8144b78 2026-07-07)","x86_64-unknown-linux-gnu","Linux 7.0.11-76070011-generic x86_64","Intel(R) Core(TM) Ultra 7 155H","/dev/nvme0n1p3 ext4   rw,noatime,errors=remount-ro","/tmp/pigment-db-durability-bench","pigment_db","buffered","key_set","vector","ordinary_write","1","32","5","9","143616","100015478","1435937.745556","707","0"
"candidate-protocol-v2-20260807-102902","6d7edc7c29a60a94c59effeeb2b78d8b95038135","default-hasher:7a3d2ed08cfb82df","rustc 1.97.0 (2d8144b78 2026-07-07)","x86_64-unknown-linux-gnu","Linux 7.0.11-76070011-generic x86_64","Intel(R) Core(TM) Ultra 7 155H","/dev/nvme0n1p3 ext4   rw,noatime,errors=remount-ro","/tmp/pigment-db-durability-bench","pigment_db","buffered","key_set","vector","ordinary_write","1","32","5","10","125440","105646005","1187361.509789","783","0"
"candidate-protocol-v2-20260807-102902","6d7edc7c29a60a94c59effeeb2b78d8b95038135","default-hasher:7a3d2ed08cfb82df","rustc 1.97.0 (2d8144b78 2026-07-07)","x86_64-unknown-linux-gnu","Linux 7.0.11-76070011-generic x86_64","Intel(R) Core(TM) Ultra 7 155H","/dev/nvme0n1p3 ext4   rw,noatime,errors=remount-ro","/tmp/pigment-db-durability-bench","pigment_db","buffered","key_set","vector","ordinary_write","8","32","5","0","28672","102038236","280992.705519","12568","0"
"candidate-protocol-v2-20260807-102902","6d7edc7c29a60a94c59effeeb2b78d8b95038135","default-hasher:7a3d2ed08cfb82df","rustc 1.97.0 (2d8144b78 2026-07-07)","x86_64-unknown-linux-gnu","Linux 7.0.11-76070011-generic x86_64","Intel(R) Core(TM) Ultra 7 155H","/dev/nvme0n1p3 ext4   rw,noatime,errors=remount-ro","/tmp/pigment-db-durability-bench","pigment_db","buffered","key_set","vector","ordinary_write","8","32","5","1","29696","101370714","292944.567797","12679","0"
"candidate-protocol-v2-20260807-102902","6d7edc7c29a60a94c59effeeb2b78d8b95038135","default-hasher:7a3d2ed08cfb82df","rustc 1.97.0 (2d8144b78 2026-07-07)","x86_64-unknown-linux-gnu","Linux 7.0.11-76070011-generic x86_64","Intel(R) Core(TM) Ultra 7 155H","/dev/nvme0n1p3 ext4   rw,noatime,errors=remount-ro","/tmp/pigment-db-durability-bench","pigment_db","buffered","key_set","vector","ordinary_write","8","32","5","2","29184","103542902","281854.182530","13228","0"
"candidate-protocol-v2-20260807-102902","6d7edc7c29a60a94c59effeeb2b78d8b95038135","default-hasher:7a3d2ed08cfb82df","rustc 1.97.0 (2d8144b78 2026-07-07)","x86_64-unknown-linux-gnu","Linux 7.0.11-76070011-generic x86_64","Intel(R) Core(TM) Ultra 7 155H","/dev/nvme0n1p3 ext4   rw,noatime,errors=remount-ro","/tmp/pigment-db-durability-bench","pigment_db","buffered","key_set","vector","ordinary_write","8","32","5","3","27648","106911653","258606.047369","12788","0"
"candidate-protocol-v2-20260807-102902","6d7edc7c29a60a94c59effeeb2b78d8b95038135","default-hasher:7a3d2ed08cfb82df","rustc 1.97.0 (2d8144b78 2026-07-07)","x86_64-unknown-linux-gnu","Linux 7.0.11-76070011-generic x86_64","Intel(R) Core(TM) Ultra 7 155H","/dev/nvme0n1p3 ext4   rw,noatime,errors=remount-ro","/tmp/pigment-db-durability-bench","pigment_db","buffered","key_set","vector","ordinary_write","8","32","5","4","28160","100365427","280574.704275","12672","0"
"candidate-protocol-v2-20260807-102902","6d7edc7c29a60a94c59effeeb2b78d8b95038135","default-hasher:7a3d2ed08cfb82df","rustc 1.97.0 (2d8144b78 2026-07-07)","x86_64-unknown-linux-gnu","Linux 7.0.11-76070011-generic x86_64","Intel(R) Core(TM) Ultra 7 155H","/dev/nvme0n1p3 ext4   rw,noatime,errors=remount-ro","/tmp/pigment-db-durability-bench","pigment_db","buffered","key_set","vector","ordinary_write","8","32","5","5","28672","101000304","283880.333667","12943","0"
"candidate-protocol-v2-20260807-102902","6d7edc7c29a60a94c59effeeb2b78d8b95038135","default-hasher:7a3d2ed08cfb82df","rustc 1.97.0 (2d8144b78 2026-07-07)","x86_64-unknown-linux-gnu","Linux 7.0.11-76070011-generic x86_64","Intel(R) Core(TM) Ultra 7 155H","/dev/nvme0n1p3 ext4   rw,noatime,errors=remount-ro","/tmp/pigment-db-durability-bench","pigment_db","buffered","key_set","vector","ordinary_write","8","32","5","6","27136","100810294","269178.859849","12927","0"
"candidate-protocol-v2-20260807-102902","6d7edc7c29a60a94c59effeeb2b78d8b95038135","default-hasher:7a3d2ed08cfb82df","rustc 1.97.0 (2d8144b78 2026-07-07)","x86_64-unknown-linux-gnu","Linux 7.0.11-76070011-generic x86_64","Intel(R) Core(TM) Ultra 7 155H","/dev/nvme0n1p3 ext4   rw,noatime,errors=remount-ro","/tmp/pigment-db-durability-bench","pigment_db","buffered","key_set","vector","ordinary_write","8","32","5","7","29184","100279884","291025.466284","12973","0"
"candidate-protocol-v2-20260807-102902","6d7edc7c29a60a94c59effeeb2b78d8b95038135","default-hasher:7a3d2ed08cfb82df","rustc 1.97.0 (2d8144b78 2026-07-07)","x86_64-unknown-linux-gnu","Linux 7.0.11-76070011-generic x86_64","Intel(R) Core(TM) Ultra 7 155H","/dev/nvme0n1p3 ext4   rw,noatime,errors=remount-ro","/tmp/pigment-db-durability-bench","pigment_db","buffered","key_set","vector","ordinary_write","8","32","5","8","27648","100582433","274879.013913","13070","0"
"candidate-protocol-v2-20260807-102902","6d7edc7c29a60a94c59effeeb2b78d8b95038135","default-hasher:7a3d2ed08cfb82df","rustc 1.97.0 (2d8144b78 2026-07-07)","x86_64-unknown-linux-gnu","Linux 7.0.11-76070011-generic x86_64","Intel(R) Core(TM) Ultra 7 155H","/dev/nvme0n1p3 ext4   rw,noatime,errors=remount-ro","/tmp/pigment-db-durability-bench","pigment_db","buffered","key_set","vector","ordinary_write","8","32","5","9","26624","100907914","263844.518677","12930","0"
"candidate-protocol-v2-20260807-102902","6d7edc7c29a60a94c59effeeb2b78d8b95038135","default-hasher:7a3d2ed08cfb82df","rustc 1.97.0 (2d8144b78 2026-07-07)","x86_64-unknown-linux-gnu","Linux 7.0.11-76070011-generic x86_64","Intel(R) Core(TM) Ultra 7 155H","/dev/nvme0n1p3 ext4   rw,noatime,errors=remount-ro","/tmp/pigment-db-durability-bench","pigment_db","buffered","key_set","vector","ordinary_write","8","32","5","10","28160","101335120","277889.837206","12964","0"
"candidate-protocol-v2-20260807-102902","6d7edc7c29a60a94c59effeeb2b78d8b95038135","default-hasher:7a3d2ed08cfb82df","rustc 1.97.0 (2d8144b78 2026-07-07)","x86_64-unknown-linux-gnu","Linux 7.0.11-76070011-generic x86_64","Intel(R) Core(TM) Ultra 7 155H","/dev/nvme0n1p3 ext4   rw,noatime,errors=remount-ro","/tmp/pigment-db-durability-bench","pigment_db","buffered","key_set","vector","successful_remove","1","32","5","0","127744","100014637","1277253.048471","634","0"
"candidate-protocol-v2-20260807-102902","6d7edc7c29a60a94c59effeeb2b78d8b95038135","default-hasher:7a3d2ed08cfb82df","rustc 1.97.0 (2d8144b78 2026-07-07)","x86_64-unknown-linux-gnu","Linux 7.0.11-76070011-generic x86_64","Intel(R) Core(TM) Ultra 7 155H","/dev/nvme0n1p3 ext4   rw,noatime,errors=remount-ro","/tmp/pigment-db-durability-bench","pigment_db","buffered","key_set","vector","successful_remove","1","32","5","1","125952","101400027","1242129.846770","665","0"
"candidate-protocol-v2-20260807-102902","6d7edc7c29a60a94c59effeeb2b78d8b95038135","default-hasher:7a3d2ed08cfb82df","rustc 1.97.0 (2d8144b78 2026-07-07)","x86_64-unknown-linux-gnu","Linux 7.0.11-76070011-generic x86_64","Intel(R) Core(TM) Ultra 7 155H","/dev/nvme0n1p3 ext4   rw,noatime,errors=remount-ro","/tmp/pigment-db-durability-bench","pigment_db","buffered","key_set","vector","successful_remove","1","32","5","2","128064","100033845","1280206.714038","633","0"
"candidate-protocol-v2-20260807-102902","6d7edc7c29a60a94c59effeeb2b78d8b95038135","default-hasher:7a3d2ed08cfb82df","rustc 1.97.0 (2d8144b78 2026-07-07)","x86_64-unknown-linux-gnu","Linux 7.0.11-76070011-generic x86_64","Intel(R) Core(TM) Ultra 7 155H","/dev/nvme0n1p3 ext4   rw,noatime,errors=remount-ro","/tmp/pigment-db-durability-bench","pigment_db","buffered","key_set","vector","successful_remove","1","32","5","3","127232","100039497","1271817.670175","672","0"
"candidate-protocol-v2-20260807-102902","6d7edc7c29a60a94c59effeeb2b78d8b95038135","default-hasher:7a3d2ed08cfb82df","rustc 1.97.0 (2d8144b78 2026-07-07)","x86_64-unknown-linux-gnu","Linux 7.0.11-76070011-generic x86_64","Intel(R) Core(TM) Ultra 7 155H","/dev/nvme0n1p3 ext4   rw,noatime,errors=remount-ro","/tmp/pigment-db-durability-bench","pigment_db","buffered","key_set","vector","successful_remove","1","32","5","4","128256","100008560","1282450.222261","633","0"
"candidate-protocol-v2-20260807-102902","6d7edc7c29a60a94c59effeeb2b78d8b95038135","default-hasher:7a3d2ed08cfb82df","rustc 1.97.0 (2d8144b78 2026-07-07)","x86_64-unknown-linux-gnu","Linux 7.0.11-76070011-generic x86_64","Intel(R) Core(TM) Ultra 7 155H","/dev/nvme0n1p3 ext4   rw,noatime,errors=remount-ro","/tmp/pigment-db-durability-bench","pigment_db","buffered","key_set","vector","successful_remove","1","32","5","5","126976","100014286","1269578.627997","647","0"
"candidate-protocol-v2-20260807-102902","6d7edc7c29a60a94c59effeeb2b78d8b95038135","default-hasher:7a3d2ed08cfb82df","rustc 1.97.0 (2d8144b78 2026-07-07)","x86_64-unknown-linux-gnu","Linux 7.0.11-76070011-generic x86_64","Intel(R) Core(TM) Ultra 7 155H","/dev/nvme0n1p3 ext4   rw,noatime,errors=remount-ro","/tmp/pigment-db-durability-bench","pigment_db","buffered","key_set","vector","successful_remove","1","32","5","6","125952","100220615","1256747.426665","633","0"
"candidate-protocol-v2-20260807-102902","6d7edc7c29a60a94c59effeeb2b78d8b95038135","default-hasher:7a3d2ed08cfb82df","rustc 1.97.0 (2d8144b78 2026-07-07)","x86_64-unknown-linux-gnu","Linux 7.0.11-76070011-generic x86_64","Intel(R) Core(TM) Ultra 7 155H","/dev/nvme0n1p3 ext4   rw,noatime,errors=remount-ro","/tmp/pigment-db-durability-bench","pigment_db","buffered","key_set","vector","successful_remove","1","32","5","7","125952","101143666","1245278.176886","659","0"
"candidate-protocol-v2-20260807-102902","6d7edc7c29a60a94c59effeeb2b78d8b95038135","default-hasher:7a3d2ed08cfb82df","rustc 1.97.0 (2d8144b78 2026-07-07)","x86_64-unknown-linux-gnu","Linux 7.0.11-76070011-generic x86_64","Intel(R) Core(TM) Ultra 7 155H","/dev/nvme0n1p3 ext4   rw,noatime,errors=remount-ro","/tmp/pigment-db-durability-bench","pigment_db","buffered","key_set","vector","successful_remove","1","32","5","8","128192","100020372","1281658.900449","630","0"
"candidate-protocol-v2-20260807-102902","6d7edc7c29a60a94c59effeeb2b78d8b95038135","default-hasher:7a3d2ed08cfb82df","rustc 1.97.0 (2d8144b78 2026-07-07)","x86_64-unknown-linux-gnu","Linux 7.0.11-76070011-generic x86_64","Intel(R) Core(TM) Ultra 7 155H","/dev/nvme0n1p3 ext4   rw,noatime,errors=remount-ro","/tmp/pigment-db-durability-bench","pigment_db","buffered","key_set","vector","successful_remove","1","32","5","9","125952","100308030","1255652.214484","642","0"
"candidate-protocol-v2-20260807-102902","6d7edc7c29a60a94c59effeeb2b78d8b95038135","default-hasher:7a3d2ed08cfb82df","rustc 1.97.0 (2d8144b78 2026-07-07)","x86_64-unknown-linux-gnu","Linux 7.0.11-76070011-generic x86_64","Intel(R) Core(TM) Ultra 7 155H","/dev/nvme0n1p3 ext4   rw,noatime,errors=remount-ro","/tmp/pigment-db-durability-bench","pigment_db","buffered","key_set","vector","successful_remove","1","32","5","10","127296","100039796","1272453.614360","648","0"
"candidate-protocol-v2-20260807-102902","6d7edc7c29a60a94c59effeeb2b78d8b95038135","default-hasher:7a3d2ed08cfb82df","rustc 1.97.0 (2d8144b78 2026-07-07)","x86_64-unknown-linux-gnu","Linux 7.0.11-76070011-generic x86_64","Intel(R) Core(TM) Ultra 7 155H","/dev/nvme0n1p3 ext4   rw,noatime,errors=remount-ro","/tmp/pigment-db-durability-bench","pigment_db","buffered","key_set","vector","successful_remove","8","32","5","0","26624","101174731","263148.710521","12977","0"
"candidate-protocol-v2-20260807-102902","6d7edc7c29a60a94c59effeeb2b78d8b95038135","default-hasher:7a3d2ed08cfb82df","rustc 1.97.0 (2d8144b78 2026-07-07)","x86_64-unknown-linux-gnu","Linux 7.0.11-76070011-generic x86_64","Intel(R) Core(TM) Ultra 7 155H","/dev/nvme0n1p3 ext4   rw,noatime,errors=remount-ro","/tmp/pigment-db-durability-bench","pigment_db","buffered","key_set","vector","successful_remove","8","32","5","1","30208","100378068","300942.233716","12886","0"
"candidate-protocol-v2-20260807-102902","6d7edc7c29a60a94c59effeeb2b78d8b95038135","default-hasher:7a3d2ed08cfb82df","rustc 1.97.0 (2d8144b78 2026-07-07)","x86_64-unknown-linux-gnu","Linux 7.0.11-76070011-generic x86_64","Intel(R) Core(TM) Ultra 7 155H","/dev/nvme0n1p3 ext4   rw,noatime,errors=remount-ro","/tmp/pigment-db-durability-bench","pigment_db","buffered","key_set","vector","successful_remove","8","32","5","2","29184","102628057","284366.681521","13031","0"
"candidate-protocol-v2-20260807-102902","6d7edc7c29a60a94c59effeeb2b78d8b95038135","default-hasher:7a3d2ed08cfb82df","rustc 1.97.0 (2d8144b78 2026-07-07)","x86_64-unknown-linux-gnu","Linux 7.0.11-76070011-generic x86_64","Intel(R) Core(TM) Ultra 7 155H","/dev/nvme0n1p3 ext4   rw,noatime,errors=remount-ro","/tmp/pigment-db-durability-bench","pigment_db","buffered","key_set","vector","successful_remove","8","32","5","3","29184","100180292","291314.782752","12972","0"
"candidate-protocol-v2-20260807-102902","6d7edc7c29a60a94c59effeeb2b78d8b95038135","default-hasher:7a3d2ed08cfb82df","rustc 1.97.0 (2d8144b78 2026-07-07)","x86_64-unknown-linux-gnu","Linux 7.0.11-76070011-generic x86_64","Intel(R) Core(TM) Ultra 7 155H","/dev/nvme0n1p3 ext4   rw,noatime,errors=remount-ro","/tmp/pigment-db-durability-bench","pigment_db","buffered","key_set","vector","successful_remove","8","32","5","4","29184","100587363","290135.849371","12910","0"
"candidate-protocol-v2-20260807-102902","6d7edc7c29a60a94c59effeeb2b78d8b95038135","default-hasher:7a3d2ed08cfb82df","rustc 1.97.0 (2d8144b78 2026-07-07)","x86_64-unknown-linux-gnu","Linux 7.0.11-76070011-generic x86_64","Intel(R) Core(TM) Ultra 7 155H","/dev/nvme0n1p3 ext4   rw,noatime,errors=remount-ro","/tmp/pigment-db-durability-bench","pigment_db","buffered","key_set","vector","successful_remove","8","32","5","5","29696","100696570","294905.774844","12859","0"
"candidate-protocol-v2-20260807-102902","6d7edc7c29a60a94c59effeeb2b78d8b95038135","default-hasher:7a3d2ed08cfb82df","rustc 1.97.0 (2d8144b78 2026-07-07)","x86_64-unknown-linux-gnu","Linux 7.0.11-76070011-generic x86_64","Intel(R) Core(TM) Ultra 7 155H","/dev/nvme0n1p3 ext4   rw,noatime,errors=remount-ro","/tmp/pigment-db-durability-bench","pigment_db","buffered","key_set","vector","successful_remove","8","32","5","6","30208","100051317","301925.061116","12898","0"
"candidate-protocol-v2-20260807-102902","6d7edc7c29a60a94c59effeeb2b78d8b95038135","default-hasher:7a3d2ed08cfb82df","rustc 1.97.0 (2d8144b78 2026-07-07)","x86_64-unknown-linux-gnu","Linux 7.0.11-76070011-generic x86_64","Intel(R) Core(TM) Ultra 7 155H","/dev/nvme0n1p3 ext4   rw,noatime,errors=remount-ro","/tmp/pigment-db-durability-bench","pigment_db","buffered","key_set","vector","successful_remove","8","32","5","7","27648","103354494","267506.510167","12862","0"
"candidate-protocol-v2-20260807-102902","6d7edc7c29a60a94c59effeeb2b78d8b95038135","default-hasher:7a3d2ed08cfb82df","rustc 1.97.0 (2d8144b78 2026-07-07)","x86_64-unknown-linux-gnu","Linux 7.0.11-76070011-generic x86_64","Intel(R) Core(TM) Ultra 7 155H","/dev/nvme0n1p3 ext4   rw,noatime,errors=remount-ro","/tmp/pigment-db-durability-bench","pigment_db","buffered","key_set","vector","successful_remove","8","32","5","8","30208","101022130","299023.590178","13157","0"
"candidate-protocol-v2-20260807-102902","6d7edc7c29a60a94c59effeeb2b78d8b95038135","default-hasher:7a3d2ed08cfb82df","rustc 1.97.0 (2d8144b78 2026-07-07)","x86_64-unknown-linux-gnu","Linux 7.0.11-76070011-generic x86_64","Intel(R) Core(TM) Ultra 7 155H","/dev/nvme0n1p3 ext4   rw,noatime,errors=remount-ro","/tmp/pigment-db-durability-bench","pigment_db","buffered","key_set","vector","successful_remove","8","32","5","9","31744","101030984","314200.641657","12827","0"
"candidate-protocol-v2-20260807-102902","6d7edc7c29a60a94c59effeeb2b78d8b95038135","default-hasher:7a3d2ed08cfb82df","rustc 1.97.0 (2d8144b78 2026-07-07)","x86_64-unknown-linux-gnu","Linux 7.0.11-76070011-generic x86_64","Intel(R) Core(TM) Ultra 7 155H","/dev/nvme0n1p3 ext4   rw,noatime,errors=remount-ro","/tmp/pigment-db-durability-bench","pigment_db","buffered","key_set","vector","successful_remove","8","32","5","10","26112","101297098","257776.387632","13086","0"
"candidate-protocol-v2-20260807-102902","6d7edc7c29a60a94c59effeeb2b78d8b95038135","default-hasher:7a3d2ed08cfb82df","rustc 1.97.0 (2d8144b78 2026-07-07)","x86_64-unknown-linux-gnu","Linux 7.0.11-76070011-generic x86_64","Intel(R) Core(TM) Ultra 7 155H","/dev/nvme0n1p3 ext4   rw,noatime,errors=remount-ro","/tmp/pigment-db-durability-bench","pigment_db","buffered","key_set","vector","minimal_callback","1","32","5","0","72960","100072136","729074.075125","1659","0"
"candidate-protocol-v2-20260807-102902","6d7edc7c29a60a94c59effeeb2b78d8b95038135","default-hasher:7a3d2ed08cfb82df","rustc 1.97.0 (2d8144b78 2026-07-07)","x86_64-unknown-linux-gnu","Linux 7.0.11-76070011-generic x86_64","Intel(R) Core(TM) Ultra 7 155H","/dev/nvme0n1p3 ext4   rw,noatime,errors=remount-ro","/tmp/pigment-db-durability-bench","pigment_db","buffered","key_set","vector","minimal_callback","1","32","5","1","71168","100022185","711522.148811","1734","0"
"candidate-protocol-v2-20260807-102902","6d7edc7c29a60a94c59effeeb2b78d8b95038135","default-hasher:7a3d2ed08cfb82df","rustc 1.97.0 (2d8144b78 2026-07-07)","x86_64-unknown-linux-gnu","Linux 7.0.11-76070011-generic x86_64","Intel(R) Core(TM) Ultra 7 155H","/dev/nvme0n1p3 ext4   rw,noatime,errors=remount-ro","/tmp/pigment-db-durability-bench","pigment_db","buffered","key_set","vector","minimal_callback","1","32","5","2","67392","100041183","673642.573779","1835","0"
"candidate-protocol-v2-20260807-102902","6d7edc7c29a60a94c59effeeb2b78d8b95038135","default-hasher:7a3d2ed08cfb82df","rustc 1.97.0 (2d8144b78 2026-07-07)","x86_64-unknown-linux-gnu","Linux 7.0.11-76070011-generic x86_64","Intel(R) Core(TM) Ultra 7 155H","/dev/nvme0n1p3 ext4   rw,noatime,errors=remount-ro","/tmp/pigment-db-durability-bench","pigment_db","buffered","key_set","vector","minimal_callback","1","32","5","3","71808","100011478","717997.588237","1799","0"
"candidate-protocol-v2-20260807-102902","6d7edc7c29a60a94c59effeeb2b78d8b95038135","default-hasher:7a3d2ed08cfb82df","rustc 1.97.0 (2d8144b78 2026-07-07)","x86_64-unknown-linux-gnu","Linux 7.0.11-76070011-generic x86_64","Intel(R) Core(TM) Ultra 7 155H","/dev/nvme0n1p3 ext4   rw,noatime,errors=remount-ro","/tmp/pigment-db-durability-bench","pigment_db","buffered","key_set","vector","minimal_callback","1","32","5","4","70528","100085999","704673.987418","1749","0"
"candidate-protocol-v2-20260807-102902","6d7edc7c29a60a94c59effeeb2b78d8b95038135","default-hasher:7a3d2ed08cfb82df","rustc 1.97.0 (2d8144b78 2026-07-07)","x86_64-unknown-linux-gnu","Linux 7.0.11-76070011-generic x86_64","Intel(R) Core(TM) Ultra 7 155H","/dev/nvme0n1p3 ext4   rw,noatime,errors=remount-ro","/tmp/pigment-db-durability-bench","pigment_db","buffered","key_set","vector","minimal_callback","1","32","5","5","68928","100054597","688903.879149","1884","0"
"candidate-protocol-v2-20260807-102902","6d7edc7c29a60a94c59effeeb2b78d8b95038135","default-hasher:7a3d2ed08cfb82df","rustc 1.97.0 (2d8144b78 2026-07-07)","x86_64-unknown-linux-gnu","Linux 7.0.11-76070011-generic x86_64","Intel(R) Core(TM) Ultra 7 155H","/dev/nvme0n1p3 ext4   rw,noatime,errors=remount-ro","/tmp/pigment-db-durability-bench","pigment_db","buffered","key_set","vector","minimal_callback","1","32","5","6","67648","100072706","675988.515790","1836","0"
"candidate-protocol-v2-20260807-102902","6d7edc7c29a60a94c59effeeb2b78d8b95038135","default-hasher:7a3d2ed08cfb82df","rustc 1.97.0 (2d8144b78 2026-07-07)","x86_64-unknown-linux-gnu","Linux 7.0.11-76070011-generic x86_64","Intel(R) Core(TM) Ultra 7 155H","/dev/nvme0n1p3 ext4   rw,noatime,errors=remount-ro","/tmp/pigment-db-durability-bench","pigment_db","buffered","key_set","vector","minimal_callback","1","32","5","7","67136","100067698","670905.810185","1884","0"
"candidate-protocol-v2-20260807-102902","6d7edc7c29a60a94c59effeeb2b78d8b95038135","default-hasher:7a3d2ed08cfb82df","rustc 1.97.0 (2d8144b78 2026-07-07)","x86_64-unknown-linux-gnu","Linux 7.0.11-76070011-generic x86_64","Intel(R) Core(TM) Ultra 7 155H","/dev/nvme0n1p3 ext4   rw,noatime,errors=remount-ro","/tmp/pigment-db-durability-bench","pigment_db","buffered","key_set","vector","minimal_callback","1","32","5","8","65664","100086893","656069.921163","2056","0"
"candidate-protocol-v2-20260807-102902","6d7edc7c29a60a94c59effeeb2b78d8b95038135","default-hasher:7a3d2ed08cfb82df","rustc 1.97.0 (2d8144b78 2026-07-07)","x86_64-unknown-linux-gnu","Linux 7.0.11-76070011-generic x86_64","Intel(R) Core(TM) Ultra 7 155H","/dev/nvme0n1p3 ext4   rw,noatime,errors=remount-ro","/tmp/pigment-db-durability-bench","pigment_db","buffered","key_set","vector","minimal_callback","1","32","5","9","69376","100027011","693572.659089","1716","0"
"candidate-protocol-v2-20260807-102902","6d7edc7c29a60a94c59effeeb2b78d8b95038135","default-hasher:7a3d2ed08cfb82df","rustc 1.97.0 (2d8144b78 2026-07-07)","x86_64-unknown-linux-gnu","Linux 7.0.11-76070011-generic x86_64","Intel(R) Core(TM) Ultra 7 155H","/dev/nvme0n1p3 ext4   rw,noatime,errors=remount-ro","/tmp/pigment-db-durability-bench","pigment_db","buffered","key_set","vector","minimal_callback","1","32","5","10","65920","100073094","658718.516288","1759","0"
"candidate-protocol-v2-20260807-102902","6d7edc7c29a60a94c59effeeb2b78d8b95038135","default-hasher:7a3d2ed08cfb82df","rustc 1.97.0 (2d8144b78 2026-07-07)","x86_64-unknown-linux-gnu","Linux 7.0.11-76070011-generic x86_64","Intel(R) Core(TM) Ultra 7 155H","/dev/nvme0n1p3 ext4   rw,noatime,errors=remount-ro","/tmp/pigment-db-durability-bench","pigment_db","buffered","key_set","vector","minimal_callback","8","32","5","0","14336","100982595","141965.058434","29454","0"
"candidate-protocol-v2-20260807-102902","6d7edc7c29a60a94c59effeeb2b78d8b95038135","default-hasher:7a3d2ed08cfb82df","rustc 1.97.0 (2d8144b78 2026-07-07)","x86_64-unknown-linux-gnu","Linux 7.0.11-76070011-generic x86_64","Intel(R) Core(TM) Ultra 7 155H","/dev/nvme0n1p3 ext4   rw,noatime,errors=remount-ro","/tmp/pigment-db-durability-bench","pigment_db","buffered","key_set","vector","minimal_callback","8","32","5","1","15872","101031615","157099.339647","29466","0"
"candidate-protocol-v2-20260807-102902","6d7edc7c29a60a94c59effeeb2b78d8b95038135","default-hasher:7a3d2ed08cfb82df","rustc 1.97.0 (2d8144b78 2026-07-07)","x86_64-unknown-linux-gnu","Linux 7.0.11-76070011-generic x86_64","Intel(R) Core(TM) Ultra 7 155H","/dev/nvme0n1p3 ext4   rw,noatime,errors=remount-ro","/tmp/pigment-db-durability-bench","pigment_db","buffered","key_set","vector","minimal_callback","8","32","5","2","18944","101379971","186861.367321","28207","0"
"candidate-protocol-v2-20260807-102902","6d7edc7c29a60a94c59effeeb2b78d8b95038135","default-hasher:7a3d2ed08cfb82df","rustc 1.97.0 (2d8144b78 2026-07-07)","x86_64-unknown-linux-gnu","Linux 7.0.11-76070011-generic x86_64","Intel(R) Core(TM) Ultra 7 155H","/dev/nvme0n1p3 ext4   rw,noatime,errors=remount-ro","/tmp/pigment-db-durability-bench","pigment_db","buffered","key_set","vector","minimal_callback","8","32","5","3","16896","100798946","167620.800321","30643","0"
"candidate-protocol-v2-20260807-102902","6d7edc7c29a60a94c59effeeb2b78d8b95038135","default-hasher:7a3d2ed08cfb82df","rustc 1.97.0 (2d8144b78 2026-07-07)","x86_64-unknown-linux-gnu","Linux 7.0.11-76070011-generic x86_64","Intel(R) Core(TM) Ultra 7 155H","/dev/nvme0n1p3 ext4   rw,noatime,errors=remount-ro","/tmp/pigment-db-durability-bench","pigment_db","buffered","key_set","vector","minimal_callback","8","32","5","4","19456","102204590","190363.270378","28431","0"
"candidate-protocol-v2-20260807-102902","6d7edc7c29a60a94c59effeeb2b78d8b95038135","default-hasher:7a3d2ed08cfb82df","rustc 1.97.0 (2d8144b78 2026-07-07)","x86_64-unknown-linux-gnu","Linux 7.0.11-76070011-generic x86_64","Intel(R) Core(TM) Ultra 7 155H","/dev/nvme0n1p3 ext4   rw,noatime,errors=remount-ro","/tmp/pigment-db-durability-bench","pigment_db","buffered","key_set","vector","minimal_callback","8","32","5","5","18944","100550079","188403.631190","28595","0"
"candidate-protocol-v2-20260807-102902","6d7edc7c29a60a94c59effeeb2b78d8b95038135","default-hasher:7a3d2ed08cfb82df","rustc 1.97.0 (2d8144b78 2026-07-07)","x86_64-unknown-linux-gnu","Linux 7.0.11-76070011-generic x86_64","Intel(R) Core(TM) Ultra 7 155H","/dev/nvme0n1p3 ext4   rw,noatime,errors=remount-ro","/tmp/pigment-db-durability-bench","pigment_db","buffered","key_set","vector","minimal_callback","8","32","5","6","14848","100407214","147877.820811","30233","0"
"candidate-protocol-v2-20260807-102902","6d7edc7c29a60a94c59effeeb2b78d8b95038135","default-hasher:7a3d2ed08cfb82df","rustc 1.97.0 (2d8144b78 2026-07-07)","x86_64-unknown-linux-gnu","Linux 7.0.11-76070011-generic x86_64","Intel(R) Core(TM) Ultra 7 155H","/dev/nvme0n1p3 ext4   rw,noatime,errors=remount-ro","/tmp/pigment-db-durability-bench","pigment_db","buffered","key_set","vector","minimal_callback","8","32","5","7","18432","100390738","183602.594893","28261","0"
"candidate-protocol-v2-20260807-102902","6d7edc7c29a60a94c59effeeb2b78d8b95038135","default-hasher:7a3d2ed08cfb82df","rustc 1.97.0 (2d8144b78 2026-07-07)","x86_64-unknown-linux-gnu","Linux 7.0.11-76070011-generic x86_64","Intel(R) Core(TM) Ultra 7 155H","/dev/nvme0n1p3 ext4   rw,noatime,errors=remount-ro","/tmp/pigment-db-durability-bench","pigment_db","buffered","key_set","vector","minimal_callback","8","32","5","8","17408","101254146","171923.824235","30003","0"
"candidate-protocol-v2-20260807-102902","6d7edc7c29a60a94c59effeeb2b78d8b95038135","default-hasher:7a3d2ed08cfb82df","rustc 1.97.0 (2d8144b78 2026-07-07)","x86_64-unknown-linux-gnu","Linux 7.0.11-76070011-generic x86_64","Intel(R) Core(TM) Ultra 7 155H","/dev/nvme0n1p3 ext4   rw,noatime,errors=remount-ro","/tmp/pigment-db-durability-bench","pigment_db","buffered","key_set","vector","minimal_callback","8","32","5","9","18432","101136737","182248.315961","28953","0"
"candidate-protocol-v2-20260807-102902","6d7edc7c29a60a94c59effeeb2b78d8b95038135","default-hasher:7a3d2ed08cfb82df","rustc 1.97.0 (2d8144b78 2026-07-07)","x86_64-unknown-linux-gnu","Linux 7.0.11-76070011-generic x86_64","Intel(R) Core(TM) Ultra 7 155H","/dev/nvme0n1p3 ext4   rw,noatime,errors=remount-ro","/tmp/pigment-db-durability-bench","pigment_db","buffered","key_set","vector","minimal_callback","8","32","5","10","18432","101607628","181403.703273","32586","0"
"candidate-protocol-v2-20260807-102902","6d7edc7c29a60a94c59effeeb2b78d8b95038135","default-hasher:7a3d2ed08cfb82df","rustc 1.97.0 (2d8144b78 2026-07-07)","x86_64-unknown-linux-gnu","Linux 7.0.11-76070011-generic x86_64","Intel(R) Core(TM) Ultra 7 155H","/dev/nvme0n1p3 ext4   rw,noatime,errors=remount-ro","/tmp/pigment-db-durability-bench","pigment_db","buffered","key_set","file","ordinary_write","1","32","5","0","40768","100062416","407425.701174","3246","0"
"candidate-protocol-v2-20260807-102902","6d7edc7c29a60a94c59effeeb2b78d8b95038135","default-hasher:7a3d2ed08cfb82df","rustc 1.97.0 (2d8144b78 2026-07-07)","x86_64-unknown-linux-gnu","Linux 7.0.11-76070011-generic x86_64","Intel(R) Core(TM) Ultra 7 155H","/dev/nvme0n1p3 ext4   rw,noatime,errors=remount-ro","/tmp/pigment-db-durability-bench","pigment_db","buffered","key_set","file","ordinary_write","1","32","5","1","41600","100002644","415989.001251","2996","0"
"candidate-protocol-v2-20260807-102902","6d7edc7c29a60a94c59effeeb2b78d8b95038135","default-hasher:7a3d2ed08cfb82df","rustc 1.97.0 (2d8144b78 2026-07-07)","x86_64-unknown-linux-gnu","Linux 7.0.11-76070011-generic x86_64","Intel(R) Core(TM) Ultra 7 155H","/dev/nvme0n1p3 ext4   rw,noatime,errors=remount-ro","/tmp/pigment-db-durability-bench","pigment_db","buffered","key_set","file","ordinary_write","1","32","5","2","41024","100139215","409669.678357","2800","0"
"candidate-protocol-v2-20260807-102902","6d7edc7c29a60a94c59effeeb2b78d8b95038135","default-hasher:7a3d2ed08cfb82df","rustc 1.97.0 (2d8144b78 2026-07-07)","x86_64-unknown-linux-gnu","Linux 7.0.11-76070011-generic x86_64","Intel(R) Core(TM) Ultra 7 155H","/dev/nvme0n1p3 ext4   rw,noatime,errors=remount-ro","/tmp/pigment-db-durability-bench","pigment_db","buffered","key_set","file","ordinary_write","1","32","5","3","43008","100072672","429767.679232","2437","0"
"candidate-protocol-v2-20260807-102902","6d7edc7c29a60a94c59effeeb2b78d8b95038135","default-hasher:7a3d2ed08cfb82df","rustc 1.97.0 (2d8144b78 2026-07-07)","x86_64-unknown-linux-gnu","Linux 7.0.11-76070011-generic x86_64","Intel(R) Core(TM) Ultra 7 155H","/dev/nvme0n1p3 ext4   rw,noatime,errors=remount-ro","/tmp/pigment-db-durability-bench","pigment_db","buffered","key_set","file","ordinary_write","1","32","5","4","41920","100100530","418779.001470","2822","0"
"candidate-protocol-v2-20260807-102902","6d7edc7c29a60a94c59effeeb2b78d8b95038135","default-hasher:7a3d2ed08cfb82df","rustc 1.97.0 (2d8144b78 2026-07-07)","x86_64-unknown-linux-gnu","Linux 7.0.11-76070011-generic x86_64","Intel(R) Core(TM) Ultra 7 155H","/dev/nvme0n1p3 ext4   rw,noatime,errors=remount-ro","/tmp/pigment-db-durability-bench","pigment_db","buffered","key_set","file","ordinary_write","1","32","5","5","41216","100126382","411639.761437","2977","0"
"candidate-protocol-v2-20260807-102902","6d7edc7c29a60a94c59effeeb2b78d8b95038135","default-hasher:7a3d2ed08cfb82df","rustc 1.97.0 (2d8144b78 2026-07-07)","x86_64-unknown-linux-gnu","Linux 7.0.11-76070011-generic x86_64","Intel(R) Core(TM) Ultra 7 155H","/dev/nvme0n1p3 ext4   rw,noatime,errors=remount-ro","/tmp/pigment-db-durability-bench","pigment_db","buffered","key_set","file","ordinary_write","1","32","5","6","42304","100090557","422657.254270","2869","0"
"candidate-protocol-v2-20260807-102902","6d7edc7c29a60a94c59effeeb2b78d8b95038135","default-hasher:7a3d2ed08cfb82df","rustc 1.97.0 (2d8144b78 2026-07-07)","x86_64-unknown-linux-gnu","Linux 7.0.11-76070011-generic x86_64","Intel(R) Core(TM) Ultra 7 155H","/dev/nvme0n1p3 ext4   rw,noatime,errors=remount-ro","/tmp/pigment-db-durability-bench","pigment_db","buffered","key_set","file","ordinary_write","1","32","5","7","38912","100039814","388965.137420","2910","0"
"candidate-protocol-v2-20260807-102902","6d7edc7c29a60a94c59effeeb2b78d8b95038135","default-hasher:7a3d2ed08cfb82df","rustc 1.97.0 (2d8144b78 2026-07-07)","x86_64-unknown-linux-gnu","Linux 7.0.11-76070011-generic x86_64","Intel(R) Core(TM) Ultra 7 155H","/dev/nvme0n1p3 ext4   rw,noatime,errors=remount-ro","/tmp/pigment-db-durability-bench","pigment_db","buffered","key_set","file","ordinary_write","1","32","5","8","41920","100113940","418722.907120","2901","0"
"candidate-protocol-v2-20260807-102902","6d7edc7c29a60a94c59effeeb2b78d8b95038135","default-hasher:7a3d2ed08cfb82df","rustc 1.97.0 (2d8144b78 2026-07-07)","x86_64-unknown-linux-gnu","Linux 7.0.11-76070011-generic x86_64","Intel(R) Core(TM) Ultra 7 155H","/dev/nvme0n1p3 ext4   rw,noatime,errors=remount-ro","/tmp/pigment-db-durability-bench","pigment_db","buffered","key_set","file","ordinary_write","1","32","5","9","41856","100109416","418102.528937","3021","0"
"candidate-protocol-v2-20260807-102902","6d7edc7c29a60a94c59effeeb2b78d8b95038135","default-hasher:7a3d2ed08cfb82df","rustc 1.97.0 (2d8144b78 2026-07-07)","x86_64-unknown-linux-gnu","Linux 7.0.11-76070011-generic x86_64","Intel(R) Core(TM) Ultra 7 155H","/dev/nvme0n1p3 ext4   rw,noatime,errors=remount-ro","/tmp/pigment-db-durability-bench","pigment_db","buffered","key_set","file","ordinary_write","1","32","5","10","41280","100062527","412542.049833","3088","0"
"candidate-protocol-v2-20260807-102902","6d7edc7c29a60a94c59effeeb2b78d8b95038135","default-hasher:7a3d2ed08cfb82df","rustc 1.97.0 (2d8144b78 2026-07-07)","x86_64-unknown-linux-gnu","Linux 7.0.11-76070011-generic x86_64","Intel(R) Core(TM) Ultra 7 155H","/dev/nvme0n1p3 ext4   rw,noatime,errors=remount-ro","/tmp/pigment-db-durability-bench","pigment_db","buffered","key_set","file","ordinary_write","8","32","5","0","11776","103558829","113713.143666","64794","0"
"candidate-protocol-v2-20260807-102902","6d7edc7c29a60a94c59effeeb2b78d8b95038135","default-hasher:7a3d2ed08cfb82df","rustc 1.97.0 (2d8144b78 2026-07-07)","x86_64-unknown-linux-gnu","Linux 7.0.11-76070011-generic x86_64","Intel(R) Core(TM) Ultra 7 155H","/dev/nvme0n1p3 ext4   rw,noatime,errors=remount-ro","/tmp/pigment-db-durability-bench","pigment_db","buffered","key_set","file","ordinary_write","8","32","5","1","11264","104783568","107497.771025","64936","0"
"candidate-protocol-v2-20260807-102902","6d7edc7c29a60a94c59effeeb2b78d8b95038135","default-hasher:7a3d2ed08cfb82df","rustc 1.97.0 (2d8144b78 2026-07-07)","x86_64-unknown-linux-gnu","Linux 7.0.11-76070011-generic x86_64","Intel(R) Core(TM) Ultra 7 155H","/dev/nvme0n1p3 ext4   rw,noatime,errors=remount-ro","/tmp/pigment-db-durability-bench","pigment_db","buffered","key_set","file","ordinary_write","8","32","5","2","10752","102073400","105335.964120","64492","0"
"candidate-protocol-v2-20260807-102902","6d7edc7c29a60a94c59effeeb2b78d8b95038135","default-hasher:7a3d2ed08cfb82df","rustc 1.97.0 (2d8144b78 2026-07-07)","x86_64-unknown-linux-gnu","Linux 7.0.11-76070011-generic x86_64","Intel(R) Core(TM) Ultra 7 155H","/dev/nvme0n1p3 ext4   rw,noatime,errors=remount-ro","/tmp/pigment-db-durability-bench","pigment_db","buffered","key_set","file","ordinary_write","8","32","5","3","11776","104324641","112878.413835","63630","0"
"candidate-protocol-v2-20260807-102902","6d7edc7c29a60a94c59effeeb2b78d8b95038135","default-hasher:7a3d2ed08cfb82df","rustc 1.97.0 (2d8144b78 2026-07-07)","x86_64-unknown-linux-gnu","Linux 7.0.11-76070011-generic x86_64","Intel(R) Core(TM) Ultra 7 155H","/dev/nvme0n1p3 ext4   rw,noatime,errors=remount-ro","/tmp/pigment-db-durability-bench","pigment_db","buffered","key_set","file","ordinary_write","8","32","5","4","11264","102489585","109903.850230","65396","0"
"candidate-protocol-v2-20260807-102902","6d7edc7c29a60a94c59effeeb2b78d8b95038135","default-hasher:7a3d2ed08cfb82df","rustc 1.97.0 (2d8144b78 2026-07-07)","x86_64-unknown-linux-gnu","Linux 7.0.11-76070011-generic x86_64","Intel(R) Core(TM) Ultra 7 155H","/dev/nvme0n1p3 ext4   rw,noatime,errors=remount-ro","/tmp/pigment-db-durability-bench","pigment_db","buffered","key_set","file","ordinary_write","8","32","5","5","11264","103617200","108707.820709","65204","0"
"candidate-protocol-v2-20260807-102902","6d7edc7c29a60a94c59effeeb2b78d8b95038135","default-hasher:7a3d2ed08cfb82df","rustc 1.97.0 (2d8144b78 2026-07-07)","x86_64-unknown-linux-gnu","Linux 7.0.11-76070011-generic x86_64","Intel(R) Core(TM) Ultra 7 155H","/dev/nvme0n1p3 ext4   rw,noatime,errors=remount-ro","/tmp/pigment-db-durability-bench","pigment_db","buffered","key_set","file","ordinary_write","8","32","5","6","10240","101714727","100673.720532","64288","0"
"candidate-protocol-v2-20260807-102902","6d7edc7c29a60a94c59effeeb2b78d8b95038135","default-hasher:7a3d2ed08cfb82df","rustc 1.97.0 (2d8144b78 2026-07-07)","x86_64-unknown-linux-gnu","Linux 7.0.11-76070011-generic x86_64","Intel(R) Core(TM) Ultra 7 155H","/dev/nvme0n1p3 ext4   rw,noatime,errors=remount-ro","/tmp/pigment-db-durability-bench","pigment_db","buffered","key_set","file","ordinary_write","8","32","5","7","10240","101412621","100973.625364","68949","0"
"candidate-protocol-v2-20260807-102902","6d7edc7c29a60a94c59effeeb2b78d8b95038135","default-hasher:7a3d2ed08cfb82df","rustc 1.97.0 (2d8144b78 2026-07-07)","x86_64-unknown-linux-gnu","Linux 7.0.11-76070011-generic x86_64","Intel(R) Core(TM) Ultra 7 155H","/dev/nvme0n1p3 ext4   rw,noatime,errors=remount-ro","/tmp/pigment-db-durability-bench","pigment_db","buffered","key_set","file","ordinary_write","8","32","5","8","11264","104074272","108230.399152","67519","0"
"candidate-protocol-v2-20260807-102902","6d7edc7c29a60a94c59effeeb2b78d8b95038135","default-hasher:7a3d2ed08cfb82df","rustc 1.97.0 (2d8144b78 2026-07-07)","x86_64-unknown-linux-gnu","Linux 7.0.11-76070011-generic x86_64","Intel(R) Core(TM) Ultra 7 155H","/dev/nvme0n1p3 ext4   rw,noatime,errors=remount-ro","/tmp/pigment-db-durability-bench","pigment_db","buffered","key_set","file","ordinary_write","8","32","5","9","11264","102278490","110130.683392","64813","0"
"candidate-protocol-v2-20260807-102902","6d7edc7c29a60a94c59effeeb2b78d8b95038135","default-hasher:7a3d2ed08cfb82df","rustc 1.97.0 (2d8144b78 2026-07-07)","x86_64-unknown-linux-gnu","Linux 7.0.11-76070011-generic x86_64","Intel(R) Core(TM) Ultra 7 155H","/dev/nvme0n1p3 ext4   rw,noatime,errors=remount-ro","/tmp/pigment-db-durability-bench","pigment_db","buffered","key_set","file","ordinary_write","8","32","5","10","10240","102691313","99716.321672","69394","0"
"candidate-protocol-v2-20260807-102902","6d7edc7c29a60a94c59effeeb2b78d8b95038135","default-hasher:7a3d2ed08cfb82df","rustc 1.97.0 (2d8144b78 2026-07-07)","x86_64-unknown-linux-gnu","Linux 7.0.11-76070011-generic x86_64","Intel(R) Core(TM) Ultra 7 155H","/dev/nvme0n1p3 ext4   rw,noatime,errors=remount-ro","/tmp/pigment-db-durability-bench","pigment_db","buffered","key_set","file","successful_remove","1","32","5","0","42880","100033630","428655.843040","3103","0"
"candidate-protocol-v2-20260807-102902","6d7edc7c29a60a94c59effeeb2b78d8b95038135","default-hasher:7a3d2ed08cfb82df","rustc 1.97.0 (2d8144b78 2026-07-07)","x86_64-unknown-linux-gnu","Linux 7.0.11-76070011-generic x86_64","Intel(R) Core(TM) Ultra 7 155H","/dev/nvme0n1p3 ext4   rw,noatime,errors=remount-ro","/tmp/pigment-db-durability-bench","pigment_db","buffered","key_set","file","successful_remove","1","32","5","1","44096","100121710","440423.959998","2628","0"
"candidate-protocol-v2-20260807-102902","6d7edc7c29a60a94c59effeeb2b78d8b95038135","default-hasher:7a3d2ed08cfb82df","rustc 1.97.0 (2d8144b78 2026-07-07)","x86_64-unknown-linux-gnu","Linux 7.0.11-76070011-generic x86_64","Intel(R) Core(TM) Ultra 7 155H","/dev/nvme0n1p3 ext4   rw,noatime,errors=remount-ro","/tmp/pigment-db-durability-bench","pigment_db","buffered","key_set","file","successful_remove","1","32","5","2","44608","100096080","445651.817734","2652","0"
"candidate-protocol-v2-20260807-102902","6d7edc7c29a60a94c59effeeb2b78d8b95038135","default-hasher:7a3d2ed08cfb82df","rustc 1.97.0 (2d8144b78 2026-07-07)","x86_64-unknown-linux-gnu","Linux 7.0.11-76070011-generic x86_64","Intel(R) Core(TM) Ultra 7 155H","/dev/nvme0n1p3 ext4   rw,noatime,errors=remount-ro","/tmp/pigment-db-durability-bench","pigment_db","buffered","key_set","file","successful_remove","1","32","5","3","43072","100041641","430540.718539","2943","0"
"candidate-protocol-v2-20260807-102902","6d7edc7c29a60a94c59effeeb2b78d8b95038135","default-hasher:7a3d2ed08cfb82df","rustc 1.97.0 (2d8144b78 2026-07-07)","x86_64-unknown-linux-gnu","Linux 7.0.11-76070011-generic x86_64","Intel(R) Core(TM) Ultra 7 155H","/dev/nvme0n1p3 ext4   rw,noatime,errors=remount-ro","/tmp/pigment-db-durability-bench","pigment_db","buffered","key_set","file","successful_remove","1","32","5","4","44608","100123076","445531.657457","2864","0"
"candidate-protocol-v2-20260807-102902","6d7edc7c29a60a94c59effeeb2b78d8b95038135","default-hasher:7a3d2ed08cfb82df","rustc 1.97.0 (2d8144b78 2026-07-07)","x86_64-unknown-linux-gnu","Linux 7.0.11-76070011-generic x86_64","Intel(R) Core(TM) Ultra 7 155H","/dev/nvme0n1p3 ext4   rw,noatime,errors=remount-ro","/tmp/pigment-db-durability-bench","pigment_db","buffered","key_set","file","successful_remove","1","32","5","5","42048","100041360","420306.161372","3261","0"
"candidate-protocol-v2-20260807-102902","6d7edc7c29a60a94c59effeeb2b78d8b95038135","default-hasher:7a3d2ed08cfb82df","rustc 1.97.0 (2d8144b78 2026-07-07)","x86_64-unknown-linux-gnu","Linux 7.0.11-76070011-generic x86_64","Intel(R) Core(TM) Ultra 7 155H","/dev/nvme0n1p3 ext4   rw,noatime,errors=remount-ro","/tmp/pigment-db-durability-bench","pigment_db","buffered","key_set","file","successful_remove","1","32","5","6","45056","100051407","450328.499628","2754","0"
"candidate-protocol-v2-20260807-102902","6d7edc7c29a60a94c59effeeb2b78d8b95038135","default-hasher:7a3d2ed08cfb82df","rustc 1.97.0 (2d8144b78 2026-07-07)","x86_64-unknown-linux-gnu","Linux 7.0.11-76070011-generic x86_64","Intel(R) Core(TM) Ultra 7 155H","/dev/nvme0n1p3 ext4   rw,noatime,errors=remount-ro","/tmp/pigment-db-durability-bench","pigment_db","buffered","key_set","file","successful_remove","1","32","5","7","44416","100041636","443975.146508","2983","0"
"candidate-protocol-v2-20260807-102902","6d7edc7c29a60a94c59effeeb2b78d8b95038135","default-hasher:7a3d2ed08cfb82df","rustc 1.97.0 (2d8144b78 2026-07-07)","x86_64-unknown-linux-gnu","Linux 7.0.11-76070011-generic x86_64","Intel(R) Core(TM) Ultra 7 155H","/dev/nvme0n1p3 ext4   rw,noatime,errors=remount-ro","/tmp/pigment-db-durability-bench","pigment_db","buffered","key_set","file","successful_remove","1","32","5","8","43840","100037208","438236.940799","2866","0"
"candidate-protocol-v2-20260807-102902","6d7edc7c29a60a94c59effeeb2b78d8b95038135","default-hasher:7a3d2ed08cfb82df","rustc 1.97.0 (2d8144b78 2026-07-07)","x86_64-unknown-linux-gnu","Linux 7.0.11-76070011-generic x86_64","Intel(R) Core(TM) Ultra 7 155H","/dev/nvme0n1p3 ext4   rw,noatime,errors=remount-ro","/tmp/pigment-db-durability-bench","pigment_db","buffered","key_set","file","successful_remove","1","32","5","9","40256","100124914","402057.773553","3169","0"
"candidate-protocol-v2-20260807-102902","6d7edc7c29a60a94c59effeeb2b78d8b95038135","default-hasher:7a3d2ed08cfb82df","rustc 1.97.0 (2d8144b78 2026-07-07)","x86_64-unknown-linux-gnu","Linux 7.0.11-76070011-generic x86_64","Intel(R) Core(TM) Ultra 7 155H","/dev/nvme0n1p3 ext4   rw,noatime,errors=remount-ro","/tmp/pigment-db-durability-bench","pigment_db","buffered","key_set","file","successful_remove","1","32","5","10","43840","100137336","437798.744716","2968","0"
"candidate-protocol-v2-20260807-102902","6d7edc7c29a60a94c59effeeb2b78d8b95038135","default-hasher:7a3d2ed08cfb82df","rustc 1.97.0 (2d8144b78 2026-07-07)","x86_64-unknown-linux-gnu","Linux 7.0.11-76070011-generic x86_64","Intel(R) Core(TM) Ultra 7 155H","/dev/nvme0n1p3 ext4   rw,noatime,errors=remount-ro","/tmp/pigment-db-durability-bench","pigment_db","buffered","key_set","file","successful_remove","8","32","5","0","11264","102527789","109862.897755","61875","0"
"candidate-protocol-v2-20260807-102902","6d7edc7c29a60a94c59effeeb2b78d8b95038135","default-hasher:7a3d2ed08cfb82df","rustc 1.97.0 (2d8144b78 2026-07-07)","x86_64-unknown-linux-gnu","Linux 7.0.11-76070011-generic x86_64","Intel(R) Core(TM) Ultra 7 155H","/dev/nvme0n1p3 ext4   rw,noatime,errors=remount-ro","/tmp/pigment-db-durability-bench","pigment_db","buffered","key_set","file","successful_remove","8","32","5","1","10752","101011761","106443.050726","67149","0"
"candidate-protocol-v2-20260807-102902","6d7edc7c29a60a94c59effeeb2b78d8b95038135","default-hasher:7a3d2ed08cfb82df","rustc 1.97.0 (2d8144b78 2026-07-07)","x86_64-unknown-linux-gnu","Linux 7.0.11-76070011-generic x86_64","Intel(R) Core(TM) Ultra 7 155H","/dev/nvme0n1p3 ext4   rw,noatime,errors=remount-ro","/tmp/pigment-db-durability-bench","pigment_db","buffered","key_set","file","successful_remove","8","32","5","2","11264","100174761","112443.492628","63743","0"
"candidate-protocol-v2-20260807-102902","6d7edc7c29a60a94c59effeeb2b78d8b95038135","default-hasher:7a3d2ed08cfb82df","rustc 1.97.0 (2d8144b78 2026-07-07)","x86_64-unknown-linux-gnu","Linux 7.0.11-76070011-generic x86_64","Intel(R) Core(TM) Ultra 7 155H","/dev/nvme0n1p3 ext4   rw,noatime,errors=remount-ro","/tmp/pigment-db-durability-bench","pigment_db","buffered","key_set","file","successful_remove","8","32","5","3","11264","105587852","106678.938785","61784","0"
"candidate-protocol-v2-20260807-102902","6d7edc7c29a60a94c59effeeb2b78d8b95038135","default-hasher:7a3d2ed08cfb82df","rustc 1.97.0 (2d8144b78 2026-07-07)","x86_64-unknown-linux-gnu","Linux 7.0.11-76070011-generic x86_64","Intel(R) Core(TM) Ultra 7 155H","/dev/nvme0n1p3 ext4   rw,noatime,errors=remount-ro","/tmp/pigment-db-durability-bench","pigment_db","buffered","key_set","file","successful_remove","8","32","5","4","10752","101579721","105847.898519","67982","0"
"candidate-protocol-v2-20260807-102902","6d7edc7c29a60a94c59effeeb2b78d8b95038135","default-hasher:7a3d2ed08cfb82df","rustc 1.97.0 (2d8144b78 2026-07-07)","x86_64-unknown-linux-gnu","Linux 7.0.11-76070011-generic x86_64","Intel(R) Core(TM) Ultra 7 155H","/dev/nvme0n1p3 ext4   rw,noatime,errors=remount-ro","/tmp/pigment-db-durability-bench","pigment_db","buffered","key_set","file","successful_remove","8","32","5","5","11264","100979446","111547.452934","64083","0"
"candidate-protocol-v2-20260807-102902","6d7edc7c29a60a94c59effeeb2b78d8b95038135","default-hasher:7a3d2ed08cfb82df","rustc 1.97.0 (2d8144b78 2026-07-07)","x86_64-unknown-linux-gnu","Linux 7.0.11-76070011-generic x86_64","Intel(R) Core(TM) Ultra 7 155H","/dev/nvme0n1p3 ext4   rw,noatime,errors=remount-ro","/tmp/pigment-db-durability-bench","pigment_db","buffered","key_set","file","successful_remove","8","32","5","6","10752","101024903","106429.203896","66162","0"
"candidate-protocol-v2-20260807-102902","6d7edc7c29a60a94c59effeeb2b78d8b95038135","default-hasher:7a3d2ed08cfb82df","rustc 1.97.0 (2d8144b78 2026-07-07)","x86_64-unknown-linux-gnu","Linux 7.0.11-76070011-generic x86_64","Intel(R) Core(TM) Ultra 7 155H","/dev/nvme0n1p3 ext4   rw,noatime,errors=remount-ro","/tmp/pigment-db-durability-bench","pigment_db","buffered","key_set","file","successful_remove","8","32","5","7","10240","101006559","101379.554965","68288","0"
"candidate-protocol-v2-20260807-102902","6d7edc7c29a60a94c59effeeb2b78d8b95038135","default-hasher:7a3d2ed08cfb82df","rustc 1.97.0 (2d8144b78 2026-07-07)","x86_64-unknown-linux-gnu","Linux 7.0.11-76070011-generic x86_64","Intel(R) Core(TM) Ultra 7 155H","/dev/nvme0n1p3 ext4   rw,noatime,errors=remount-ro","/tmp/pigment-db-durability-bench","pigment_db","buffered","key_set","file","successful_remove","8","32","5","8","10240","105136136","97397.530379","71266","0"
"candidate-protocol-v2-20260807-102902","6d7edc7c29a60a94c59effeeb2b78d8b95038135","default-hasher:7a3d2ed08cfb82df","rustc 1.97.0 (2d8144b78 2026-07-07)","x86_64-unknown-linux-gnu","Linux 7.0.11-76070011-generic x86_64","Intel(R) Core(TM) Ultra 7 155H","/dev/nvme0n1p3 ext4   rw,noatime,errors=remount-ro","/tmp/pigment-db-durability-bench","pigment_db","buffered","key_set","file","successful_remove","8","32","5","9","10752","104813367","102582.335705","68797","0"
"candidate-protocol-v2-20260807-102902","6d7edc7c29a60a94c59effeeb2b78d8b95038135","default-hasher:7a3d2ed08cfb82df","rustc 1.97.0 (2d8144b78 2026-07-07)","x86_64-unknown-linux-gnu","Linux 7.0.11-76070011-generic x86_64","Intel(R) Core(TM) Ultra 7 155H","/dev/nvme0n1p3 ext4   rw,noatime,errors=remount-ro","/tmp/pigment-db-durability-bench","pigment_db","buffered","key_set","file","successful_remove","8","32","5","10","10240","101370826","101015.256599","69190","0"
"candidate-protocol-v2-20260807-102902","6d7edc7c29a60a94c59effeeb2b78d8b95038135","default-hasher:7a3d2ed08cfb82df","rustc 1.97.0 (2d8144b78 2026-07-07)","x86_64-unknown-linux-gnu","Linux 7.0.11-76070011-generic x86_64","Intel(R) Core(TM) Ultra 7 155H","/dev/nvme0n1p3 ext4   rw,noatime,errors=remount-ro","/tmp/pigment-db-durability-bench","pigment_db","buffered","key_set","file","minimal_callback","1","32","5","0","35520","100090450","354879.011934","3663","0"
"candidate-protocol-v2-20260807-102902","6d7edc7c29a60a94c59effeeb2b78d8b95038135","default-hasher:7a3d2ed08cfb82df","rustc 1.97.0 (2d8144b78 2026-07-07)","x86_64-unknown-linux-gnu","Linux 7.0.11-76070011-generic x86_64","Intel(R) Core(TM) Ultra 7 155H","/dev/nvme0n1p3 ext4   rw,noatime,errors=remount-ro","/tmp/pigment-db-durability-bench","pigment_db","buffered","key_set","file","minimal_callback","1","32","5","1","35264","100054404","352448.254052","3979","0"
"candidate-protocol-v2-20260807-102902","6d7edc7c29a60a94c59effeeb2b78d8b95038135","default-hasher:7a3d2ed08cfb82df","rustc 1.97.0 (2d8144b78 2026-07-07)","x86_64-unknown-linux-gnu","Linux 7.0.11-76070011-generic x86_64","Intel(R) Core(TM) Ultra 7 155H","/dev/nvme0n1p3 ext4   rw,noatime,errors=remount-ro","/tmp/pigment-db-durability-bench","pigment_db","buffered","key_set","file","minimal_callback","1","32","5","2","34368","100023195","343600.301910","3910","0"
"candidate-protocol-v2-20260807-102902","6d7edc7c29a60a94c59effeeb2b78d8b95038135","default-hasher:7a3d2ed08cfb82df","rustc 1.97.0 (2d8144b78 2026-07-07)","x86_64-unknown-linux-gnu","Linux 7.0.11-76070011-generic x86_64","Intel(R) Core(TM) Ultra 7 155H","/dev/nvme0n1p3 ext4   rw,noatime,errors=remount-ro","/tmp/pigment-db-durability-bench","pigment_db","buffered","key_set","file","minimal_callback","1","32","5","3","35776","100062014","357538.276213","3434","0"
"candidate-protocol-v2-20260807-102902","6d7edc7c29a60a94c59effeeb2b78d8b95038135","default-hasher:7a3d2ed08cfb82df","rustc 1.97.0 (2d8144b78 2026-07-07)","x86_64-unknown-linux-gnu","Linux 7.0.11-76070011-generic x86_64","Intel(R) Core(TM) Ultra 7 155H","/dev/nvme0n1p3 ext4   rw,noatime,errors=remount-ro","/tmp/pigment-db-durability-bench","pigment_db","buffered","key_set","file","minimal_callback","1","32","5","4","36224","100107523","361850.927028","3238","0"
"candidate-protocol-v2-20260807-102902","6d7edc7c29a60a94c59effeeb2b78d8b95038135","default-hasher:7a3d2ed08cfb82df","rustc 1.97.0 (2d8144b78 2026-07-07)","x86_64-unknown-linux-gnu","Linux 7.0.11-76070011-generic x86_64","Intel(R) Core(TM) Ultra 7 155H","/dev/nvme0n1p3 ext4   rw,noatime,errors=remount-ro","/tmp/pigment-db-durability-bench","pigment_db","buffered","key_set","file","minimal_callback","1","32","5","5","35136","100049559","351185.955752","3860","0"
"candidate-protocol-v2-20260807-102902","6d7edc7c29a60a94c59effeeb2b78d8b95038135","default-hasher:7a3d2ed08cfb82df","rustc 1.97.0 (2d8144b78 2026-07-07)","x86_64-unknown-linux-gnu","Linux 7.0.11-76070011-generic x86_64","Intel(R) Core(TM) Ultra 7 155H","/dev/nvme0n1p3 ext4   rw,noatime,errors=remount-ro","/tmp/pigment-db-durability-bench","pigment_db","buffered","key_set","file","minimal_callback","1","32","5","6","35776","100128901","357299.437452","3494","0"
"candidate-protocol-v2-20260807-102902","6d7edc7c29a60a94c59effeeb2b78d8b95038135","default-hasher:7a3d2ed08cfb82df","rustc 1.97.0 (2d8144b78 2026-07-07)","x86_64-unknown-linux-gnu","Linux 7.0.11-76070011-generic x86_64","Intel(R) Core(TM) Ultra 7 155H","/dev/nvme0n1p3 ext4   rw,noatime,errors=remount-ro","/tmp/pigment-db-durability-bench","pigment_db","buffered","key_set","file","minimal_callback","1","32","5","7","33728","100152814","336765.375359","3615","0"
"candidate-protocol-v2-20260807-102902","6d7edc7c29a60a94c59effeeb2b78d8b95038135","default-hasher:7a3d2ed08cfb82df","rustc 1.97.0 (2d8144b78 2026-07-07)","x86_64-unknown-linux-gnu","Linux 7.0.11-76070011-generic x86_64","Intel(R) Core(TM) Ultra 7 155H","/dev/nvme0n1p3 ext4   rw,noatime,errors=remount-ro","/tmp/pigment-db-durability-bench","pigment_db","buffered","key_set","file","minimal_callback","1","32","5","8","35008","100128946","349629.167174","3795","0"
"candidate-protocol-v2-20260807-102902","6d7edc7c29a60a94c59effeeb2b78d8b95038135","default-hasher:7a3d2ed08cfb82df","rustc 1.97.0 (2d8144b78 2026-07-07)","x86_64-unknown-linux-gnu","Linux 7.0.11-76070011-generic x86_64","Intel(R) Core(TM) Ultra 7 155H","/dev/nvme0n1p3 ext4   rw,noatime,errors=remount-ro","/tmp/pigment-db-durability-bench","pigment_db","buffered","key_set","file","minimal_callback","1","32","5","9","35840","100015407","358344.789818","3594","0"
"candidate-protocol-v2-20260807-102902","6d7edc7c29a60a94c59effeeb2b78d8b95038135","default-hasher:7a3d2ed08cfb82df","rustc 1.97.0 (2d8144b78 2026-07-07)","x86_64-unknown-linux-gnu","Linux 7.0.11-76070011-generic x86_64","Intel(R) Core(TM) Ultra 7 155H","/dev/nvme0n1p3 ext4   rw,noatime,errors=remount-ro","/tmp/pigment-db-durability-bench","pigment_db","buffered","key_set","file","minimal_callback","1","32","5","10","35968","100099119","359323.841801","3502","0"
"candidate-protocol-v2-20260807-102902","6d7edc7c29a60a94c59effeeb2b78d8b95038135","default-hasher:7a3d2ed08cfb82df","rustc 1.97.0 (2d8144b78 2026-07-07)","x86_64-unknown-linux-gnu","Linux 7.0.11-76070011-generic x86_64","Intel(R) Core(TM) Ultra 7 155H","/dev/nvme0n1p3 ext4   rw,noatime,errors=remount-ro","/tmp/pigment-db-durability-bench","pigment_db","buffered","key_set","file","minimal_callback","8","32","5","0","10240","101604688","100782.751284","71857","0"
"candidate-protocol-v2-20260807-102902","6d7edc7c29a60a94c59effeeb2b78d8b95038135","default-hasher:7a3d2ed08cfb82df","rustc 1.97.0 (2d8144b78 2026-07-07)","x86_64-unknown-linux-gnu","Linux 7.0.11-76070011-generic x86_64","Intel(R) Core(TM) Ultra 7 155H","/dev/nvme0n1p3 ext4   rw,noatime,errors=remount-ro","/tmp/pigment-db-durability-bench","pigment_db","buffered","key_set","file","minimal_callback","8","32","5","1","8704","101888380","85426.817072","73229","0"
"candidate-protocol-v2-20260807-102902","6d7edc7c29a60a94c59effeeb2b78d8b95038135","default-hasher:7a3d2ed08cfb82df","rustc 1.97.0 (2d8144b78 2026-07-07)","x86_64-unknown-linux-gnu","Linux 7.0.11-76070011-generic x86_64","Intel(R) Core(TM) Ultra 7 155H","/dev/nvme0n1p3 ext4   rw,noatime,errors=remount-ro","/tmp/pigment-db-durability-bench","pigment_db","buffered","key_set","file","minimal_callback","8","32","5","2","9728","100343431","96947.053764","72530","0"
"candidate-protocol-v2-20260807-102902","6d7edc7c29a60a94c59effeeb2b78d8b95038135","default-hasher:7a3d2ed08cfb82df","rustc 1.97.0 (2d8144b78 2026-07-07)","x86_64-unknown-linux-gnu","Linux 7.0.11-76070011-generic x86_64","Intel(R) Core(TM) Ultra 7 155H","/dev/nvme0n1p3 ext4   rw,noatime,errors=remount-ro","/tmp/pigment-db-durability-bench","pigment_db","buffered","key_set","file","minimal_callback","8","32","5","3","10240","104928396","97590.360573","72632","0"
"candidate-protocol-v2-20260807-102902","6d7edc7c29a60a94c59effeeb2b78d8b95038135","default-hasher:7a3d2ed08cfb82df","rustc 1.97.0 (2d8144b78 2026-07-07)","x86_64-unknown-linux-gnu","Linux 7.0.11-76070011-generic x86_64","Intel(R) Core(TM) Ultra 7 155H","/dev/nvme0n1p3 ext4   rw,noatime,errors=remount-ro","/tmp/pigment-db-durability-bench","pigment_db","buffered","key_set","file","minimal_callback","8","32","5","4","9728","102365471","95032.044546","72817","0"
"candidate-protocol-v2-20260807-102902","6d7edc7c29a60a94c59effeeb2b78d8b95038135","default-hasher:7a3d2ed08cfb82df","rustc 1.97.0 (2d8144b78 2026-07-07)","x86_64-unknown-linux-gnu","Linux 7.0.11-76070011-generic x86_64","Intel(R) Core(TM) Ultra 7 155H","/dev/nvme0n1p3 ext4   rw,noatime,errors=remount-ro","/tmp/pigment-db-durability-bench","pigment_db","buffered","key_set","file","minimal_callback","8","32","5","5","9216","104827089","87916.206468","76184","0"
"candidate-protocol-v2-20260807-102902","6d7edc7c29a60a94c59effeeb2b78d8b95038135","default-hasher:7a3d2ed08cfb82df","rustc 1.97.0 (2d8144b78 2026-07-07)","x86_64-unknown-linux-gnu","Linux 7.0.11-76070011-generic x86_64","Intel(R) Core(TM) Ultra 7 155H","/dev/nvme0n1p3 ext4   rw,noatime,errors=remount-ro","/tmp/pigment-db-durability-bench","pigment_db","buffered","key_set","file","minimal_callback","8","32","5","6","9728","101194859","96131.365725","74005","0"
"candidate-protocol-v2-20260807-102902","6d7edc7c29a60a94c59effeeb2b78d8b95038135","default-hasher:7a3d2ed08cfb82df","rustc 1.97.0 (2d8144b78 2026-07-07)","x86_64-unknown-linux-gnu","Linux 7.0.11-76070011-generic x86_64","Intel(R) Core(TM) Ultra 7 155H","/dev/nvme0n1p3 ext4   rw,noatime,errors=remount-ro","/tmp/pigment-db-durability-bench","pigment_db","buffered","key_set","file","minimal_callback","8","32","5","7","10240","102684992","99722.459929","66078","0"
"candidate-protocol-v2-20260807-102902","6d7edc7c29a60a94c59effeeb2b78d8b95038135","default-hasher:7a3d2ed08cfb82df","rustc 1.97.0 (2d8144b78 2026-07-07)","x86_64-unknown-linux-gnu","Linux 7.0.11-76070011-generic x86_64","Intel(R) Core(TM) Ultra 7 155H","/dev/nvme0n1p3 ext4   rw,noatime,errors=remount-ro","/tmp/pigment-db-durability-bench","pigment_db","buffered","key_set","file","minimal_callback","8","32","5","8","10240","103788146","98662.519706","71474","0"
"candidate-protocol-v2-20260807-102902","6d7edc7c29a60a94c59effeeb2b78d8b95038135","default-hasher:7a3d2ed08cfb82df","rustc 1.97.0 (2d8144b78 2026-07-07)","x86_64-unknown-linux-gnu","Linux 7.0.11-76070011-generic x86_64","Intel(R) Core(TM) Ultra 7 155H","/dev/nvme0n1p3 ext4   rw,noatime,errors=remount-ro","/tmp/pigment-db-durability-bench","pigment_db","buffered","key_set","file","minimal_callback","8","32","5","9","10240","103985602","98475.171592","71720","0"
"candidate-protocol-v2-20260807-102902","6d7edc7c29a60a94c59effeeb2b78d8b95038135","default-hasher:7a3d2ed08cfb82df","rustc 1.97.0 (2d8144b78 2026-07-07)","x86_64-unknown-linux-gnu","Linux 7.0.11-76070011-generic x86_64","Intel(R) Core(TM) Ultra 7 155H","/dev/nvme0n1p3 ext4   rw,noatime,errors=remount-ro","/tmp/pigment-db-durability-bench","pigment_db","buffered","key_set","file","minimal_callback","8","32","5","10","9728","100774287","96532.560930","72364","0"
"candidate-protocol-v2-20260807-102902","6d7edc7c29a60a94c59effeeb2b78d8b95038135","default-hasher:7a3d2ed08cfb82df","rustc 1.97.0 (2d8144b78 2026-07-07)","x86_64-unknown-linux-gnu","Linux 7.0.11-76070011-generic x86_64","Intel(R) Core(TM) Ultra 7 155H","/dev/nvme0n1p3 ext4   rw,noatime,errors=remount-ro","/tmp/pigment-db-durability-bench","pigment_db","buffered","key_map","vector","ordinary_write","1","32","5","0","127488","103540943","1231281.040197","829","0"
"candidate-protocol-v2-20260807-102902","6d7edc7c29a60a94c59effeeb2b78d8b95038135","default-hasher:7a3d2ed08cfb82df","rustc 1.97.0 (2d8144b78 2026-07-07)","x86_64-unknown-linux-gnu","Linux 7.0.11-76070011-generic x86_64","Intel(R) Core(TM) Ultra 7 155H","/dev/nvme0n1p3 ext4   rw,noatime,errors=remount-ro","/tmp/pigment-db-durability-bench","pigment_db","buffered","key_map","vector","ordinary_write","1","32","5","1","127488","101094250","1261080.625258","759","0"
"candidate-protocol-v2-20260807-102902","6d7edc7c29a60a94c59effeeb2b78d8b95038135","default-hasher:7a3d2ed08cfb82df","rustc 1.97.0 (2d8144b78 2026-07-07)","x86_64-unknown-linux-gnu","Linux 7.0.11-76070011-generic x86_64","Intel(R) Core(TM) Ultra 7 155H","/dev/nvme0n1p3 ext4   rw,noatime,errors=remount-ro","/tmp/pigment-db-durability-bench","pigment_db","buffered","key_map","vector","ordinary_write","1","32","5","2","127488","100007503","1274784.352930","725","0"
"candidate-protocol-v2-20260807-102902","6d7edc7c29a60a94c59effeeb2b78d8b95038135","default-hasher:7a3d2ed08cfb82df","rustc 1.97.0 (2d8144b78 2026-07-07)","x86_64-unknown-linux-gnu","Linux 7.0.11-76070011-generic x86_64","Intel(R) Core(TM) Ultra 7 155H","/dev/nvme0n1p3 ext4   rw,noatime,errors=remount-ro","/tmp/pigment-db-durability-bench","pigment_db","buffered","key_map","vector","ordinary_write","1","32","5","3","128896","100040704","1288435.555192","716","0"
"candidate-protocol-v2-20260807-102902","6d7edc7c29a60a94c59effeeb2b78d8b95038135","default-hasher:7a3d2ed08cfb82df","rustc 1.97.0 (2d8144b78 2026-07-07)","x86_64-unknown-linux-gnu","Linux 7.0.11-76070011-generic x86_64","Intel(R) Core(TM) Ultra 7 155H","/dev/nvme0n1p3 ext4   rw,noatime,errors=remount-ro","/tmp/pigment-db-durability-bench","pigment_db","buffered","key_map","vector","ordinary_write","1","32","5","4","129536","100041048","1294828.498798","677","0"
"candidate-protocol-v2-20260807-102902","6d7edc7c29a60a94c59effeeb2b78d8b95038135","default-hasher:7a3d2ed08cfb82df","rustc 1.97.0 (2d8144b78 2026-07-07)","x86_64-unknown-linux-gnu","Linux 7.0.11-76070011-generic x86_64","Intel(R) Core(TM) Ultra 7 155H","/dev/nvme0n1p3 ext4   rw,noatime,errors=remount-ro","/tmp/pigment-db-durability-bench","pigment_db","buffered","key_map","vector","ordinary_write","1","32","5","5","131072","100017636","1310488.882181","663","0"
"candidate-protocol-v2-20260807-102902","6d7edc7c29a60a94c59effeeb2b78d8b95038135","default-hasher:7a3d2ed08cfb82df","rustc 1.97.0 (2d8144b78 2026-07-07)","x86_64-unknown-linux-gnu","Linux 7.0.11-76070011-generic x86_64","Intel(R) Core(TM) Ultra 7 155H","/dev/nvme0n1p3 ext4   rw,noatime,errors=remount-ro","/tmp/pigment-db-durability-bench","pigment_db","buffered","key_map","vector","ordinary_write","1","32","5","6","127488","110839407","1150204.637959","773","0"
"candidate-protocol-v2-20260807-102902","6d7edc7c29a60a94c59effeeb2b78d8b95038135","default-hasher:7a3d2ed08cfb82df","rustc 1.97.0 (2d8144b78 2026-07-07)","x86_64-unknown-linux-gnu","Linux 7.0.11-76070011-generic x86_64","Intel(R) Core(TM) Ultra 7 155H","/dev/nvme0n1p3 ext4   rw,noatime,errors=remount-ro","/tmp/pigment-db-durability-bench","pigment_db","buffered","key_map","vector","ordinary_write","1","32","5","7","127488","107469243","1186274.290589","697","0"
"candidate-protocol-v2-20260807-102902","6d7edc7c29a60a94c59effeeb2b78d8b95038135","default-hasher:7a3d2ed08cfb82df","rustc 1.97.0 (2d8144b78 2026-07-07)","x86_64-unknown-linux-gnu","Linux 7.0.11-76070011-generic x86_64","Intel(R) Core(TM) Ultra 7 155H","/dev/nvme0n1p3 ext4   rw,noatime,errors=remount-ro","/tmp/pigment-db-durability-bench","pigment_db","buffered","key_map","vector","ordinary_write","1","32","5","8","127488","103243478","1234828.605832","685","0"
"candidate-protocol-v2-20260807-102902","6d7edc7c29a60a94c59effeeb2b78d8b95038135","default-hasher:7a3d2ed08cfb82df","rustc 1.97.0 (2d8144b78 2026-07-07)","x86_64-unknown-linux-gnu","Linux 7.0.11-76070011-generic x86_64","Intel(R) Core(TM) Ultra 7 155H","/dev/nvme0n1p3 ext4   rw,noatime,errors=remount-ro","/tmp/pigment-db-durability-bench","pigment_db","buffered","key_map","vector","ordinary_write","1","32","5","9","127488","101496178","1256086.707029","680","0"
"candidate-protocol-v2-20260807-102902","6d7edc7c29a60a94c59effeeb2b78d8b95038135","default-hasher:7a3d2ed08cfb82df","rustc 1.97.0 (2d8144b78 2026-07-07)","x86_64-unknown-linux-gnu","Linux 7.0.11-76070011-generic x86_64","Intel(R) Core(TM) Ultra 7 155H","/dev/nvme0n1p3 ext4   rw,noatime,errors=remount-ro","/tmp/pigment-db-durability-bench","pigment_db","buffered","key_map","vector","ordinary_write","1","32","5","10","127488","101136591","1260552.671782","677","0"
"candidate-protocol-v2-20260807-102902","6d7edc7c29a60a94c59effeeb2b78d8b95038135","default-hasher:7a3d2ed08cfb82df","rustc 1.97.0 (2d8144b78 2026-07-07)","x86_64-unknown-linux-gnu","Linux 7.0.11-76070011-generic x86_64","Intel(R) Core(TM) Ultra 7 155H","/dev/nvme0n1p3 ext4   rw,noatime,errors=remount-ro","/tmp/pigment-db-durability-bench","pigment_db","buffered","key_map","vector","ordinary_write","8","32","5","0","32256","102452873","314837.437502","9208","0"
"candidate-protocol-v2-20260807-102902","6d7edc7c29a60a94c59effeeb2b78d8b95038135","default-hasher:7a3d2ed08cfb82df","rustc 1.97.0 (2d8144b78 2026-07-07)","x86_64-unknown-linux-gnu","Linux 7.0.11-76070011-generic x86_64","Intel(R) Core(TM) Ultra 7 155H","/dev/nvme0n1p3 ext4   rw,noatime,errors=remount-ro","/tmp/pigment-db-durability-bench","pigment_db","buffered","key_map","vector","ordinary_write","8","32","5","1","32256","100377729","321346.182279","9916","0"
"candidate-protocol-v2-20260807-102902","6d7edc7c29a60a94c59effeeb2b78d8b95038135","default-hasher:7a3d2ed08cfb82df","rustc 1.97.0 (2d8144b78 2026-07-07)","x86_64-unknown-linux-gnu","Linux 7.0.11-76070011-generic x86_64","Intel(R) Core(TM) Ultra 7 155H","/dev/nvme0n1p3 ext4   rw,noatime,errors=remount-ro","/tmp/pigment-db-durability-bench","pigment_db","buffered","key_map","vector","ordinary_write","8","32","5","2","30208","100476347","300647.872877","9898","0"
"candidate-protocol-v2-20260807-102902","6d7edc7c29a60a94c59effeeb2b78d8b95038135","default-hasher:7a3d2ed08cfb82df","rustc 1.97.0 (2d8144b78 2026-07-07)","x86_64-unknown-linux-gnu","Linux 7.0.11-76070011-generic x86_64","Intel(R) Core(TM) Ultra 7 155H","/dev/nvme0n1p3 ext4   rw,noatime,errors=remount-ro","/tmp/pigment-db-durability-bench","pigment_db","buffered","key_map","vector","ordinary_write","8","32","5","3","34304","100247714","342192.341663","8364","0"
"candidate-protocol-v2-20260807-102902","6d7edc7c29a60a94c59effeeb2b78d8b95038135","default-hasher:7a3d2ed08cfb82df","rustc 1.97.0 (2d8144b78 2026-07-07)","x86_64-unknown-linux-gnu","Linux 7.0.11-76070011-generic x86_64","Intel(R) Core(TM) Ultra 7 155H","/dev/nvme0n1p3 ext4   rw,noatime,errors=remount-ro","/tmp/pigment-db-durability-bench","pigment_db","buffered","key_map","vector","ordinary_write","8","32","5","4","32256","100362744","321394.161961","8967","0"
"candidate-protocol-v2-20260807-102902","6d7edc7c29a60a94c59effeeb2b78d8b95038135","default-hasher:7a3d2ed08cfb82df","rustc 1.97.0 (2d8144b78 2026-07-07)","x86_64-unknown-linux-gnu","Linux 7.0.11-76070011-generic x86_64","Intel(R) Core(TM) Ultra 7 155H","/dev/nvme0n1p3 ext4   rw,noatime,errors=remount-ro","/tmp/pigment-db-durability-bench","pigment_db","buffered","key_map","vector","ordinary_write","8","32","5","5","31744","101264813","313475.125856","9899","0"
"candidate-protocol-v2-20260807-102902","6d7edc7c29a60a94c59effeeb2b78d8b95038135","default-hasher:7a3d2ed08cfb82df","rustc 1.97.0 (2d8144b78 2026-07-07)","x86_64-unknown-linux-gnu","Linux 7.0.11-76070011-generic x86_64","Intel(R) Core(TM) Ultra 7 155H","/dev/nvme0n1p3 ext4   rw,noatime,errors=remount-ro","/tmp/pigment-db-durability-bench","pigment_db","buffered","key_map","vector","ordinary_write","8","32","5","6","27136","100869359","269021.239641","12376","0"
"candidate-protocol-v2-20260807-102902","6d7edc7c29a60a94c59effeeb2b78d8b95038135","default-hasher:7a3d2ed08cfb82df","rustc 1.97.0 (2d8144b78 2026-07-07)","x86_64-unknown-linux-gnu","Linux 7.0.11-76070011-generic x86_64","Intel(R) Core(TM) Ultra 7 155H","/dev/nvme0n1p3 ext4   rw,noatime,errors=remount-ro","/tmp/pigment-db-durability-bench","pigment_db","buffered","key_map","vector","ordinary_write","8","32","5","7","28672","101367807","282851.142276","11691","0"
"candidate-protocol-v2-20260807-102902","6d7edc7c29a60a94c59effeeb2b78d8b95038135","default-hasher:7a3d2ed08cfb82df","rustc 1.97.0 (2d8144b78 2026-07-07)","x86_64-unknown-linux-gnu","Linux 7.0.11-76070011-generic x86_64","Intel(R) Core(TM) Ultra 7 155H","/dev/nvme0n1p3 ext4   rw,noatime,errors=remount-ro","/tmp/pigment-db-durability-bench","pigment_db","buffered","key_map","vector","ordinary_write","8","32","5","8","35328","101106143","349414.970760","9800","0"
"candidate-protocol-v2-20260807-102902","6d7edc7c29a60a94c59effeeb2b78d8b95038135","default-hasher:7a3d2ed08cfb82df","rustc 1.97.0 (2d8144b78 2026-07-07)","x86_64-unknown-linux-gnu","Linux 7.0.11-76070011-generic x86_64","Intel(R) Core(TM) Ultra 7 155H","/dev/nvme0n1p3 ext4   rw,noatime,errors=remount-ro","/tmp/pigment-db-durability-bench","pigment_db","buffered","key_map","vector","ordinary_write","8","32","5","9","36864","100671744","366180.206434","8645","0"
"candidate-protocol-v2-20260807-102902","6d7edc7c29a60a94c59effeeb2b78d8b95038135","default-hasher:7a3d2ed08cfb82df","rustc 1.97.0 (2d8144b78 2026-07-07)","x86_64-unknown-linux-gnu","Linux 7.0.11-76070011-generic x86_64","Intel(R) Core(TM) Ultra 7 155H","/dev/nvme0n1p3 ext4   rw,noatime,errors=remount-ro","/tmp/pigment-db-durability-bench","pigment_db","buffered","key_map","vector","ordinary_write","8","32","5","10","33280","100151260","332297.367003","12308","0"
"candidate-protocol-v2-20260807-102902","6d7edc7c29a60a94c59effeeb2b78d8b95038135","default-hasher:7a3d2ed08cfb82df","rustc 1.97.0 (2d8144b78 2026-07-07)","x86_64-unknown-linux-gnu","Linux 7.0.11-76070011-generic x86_64","Intel(R) Core(TM) Ultra 7 155H","/dev/nvme0n1p3 ext4   rw,noatime,errors=remount-ro","/tmp/pigment-db-durability-bench","pigment_db","buffered","key_map","vector","successful_remove","1","32","5","0","108544","100041019","1084994.945923","997","0"
"candidate-protocol-v2-20260807-102902","6d7edc7c29a60a94c59effeeb2b78d8b95038135","default-hasher:7a3d2ed08cfb82df","rustc 1.97.0 (2d8144b78 2026-07-07)","x86_64-unknown-linux-gnu","Linux 7.0.11-76070011-generic x86_64","Intel(R) Core(TM) Ultra 7 155H","/dev/nvme0n1p3 ext4   rw,noatime,errors=remount-ro","/tmp/pigment-db-durability-bench","pigment_db","buffered","key_map","vector","successful_remove","1","32","5","1","108928","100010183","1089169.089912","993","0"
"candidate-protocol-v2-20260807-102902","6d7edc7c29a60a94c59effeeb2b78d8b95038135","default-hasher:7a3d2ed08cfb82df","rustc 1.97.0 (2d8144b78 2026-07-07)","x86_64-unknown-linux-gnu","Linux 7.0.11-76070011-generic x86_64","Intel(R) Core(TM) Ultra 7 155H","/dev/nvme0n1p3 ext4   rw,noatime,errors=remount-ro","/tmp/pigment-db-durability-bench","pigment_db","buffered","key_map","vector","successful_remove","1","32","5","2","108736","100055160","1086760.542885","999","0"
"candidate-protocol-v2-20260807-102902","6d7edc7c29a60a94c59effeeb2b78d8b95038135","default-hasher:7a3d2ed08cfb82df","rustc 1.97.0 (2d8144b78 2026-07-07)","x86_64-unknown-linux-gnu","Linux 7.0.11-76070011-generic x86_64","Intel(R) Core(TM) Ultra 7 155H","/dev/nvme0n1p3 ext4   rw,noatime,errors=remount-ro","/tmp/pigment-db-durability-bench","pigment_db","buffered","key_map","vector","successful_remove","1","32","5","3","106368","100050199","1063146.311183","1052","0"
"candidate-protocol-v2-20260807-102902","6d7edc7c29a60a94c59effeeb2b78d8b95038135","default-hasher:7a3d2ed08cfb82df","rustc 1.97.0 (2d8144b78 2026-07-07)","x86_64-unknown-linux-gnu","Linux 7.0.11-76070011-generic x86_64","Intel(R) Core(TM) Ultra 7 155H","/dev/nvme0n1p3 ext4   rw,noatime,errors=remount-ro","/tmp/pigment-db-durability-bench","pigment_db","buffered","key_map","vector","successful_remove","1","32","5","4","108288","100041360","1082432.305998","994","0"
"candidate-protocol-v2-20260807-102902","6d7edc7c29a60a94c59effeeb2b78d8b95038135","default-hasher:7a3d2ed08cfb82df","rustc 1.97.0 (2d8144b78 2026-07-07)","x86_64-unknown-linux-gnu","Linux 7.0.11-76070011-generic x86_64","Intel(R) Core(TM) Ultra 7 155H","/dev/nvme0n1p3 ext4   rw,noatime,errors=remount-ro","/tmp/pigment-db-durability-bench","pigment_db","buffered","key_map","vector","successful_remove","1","32","5","5","99328","100031442","992967.791067","1319","0"
"candidate-protocol-v2-20260807-102902","6d7edc7c29a60a94c59effeeb2b78d8b95038135","default-hasher:7a3d2ed08cfb82df","rustc 1.97.0 (2d8144b78 2026-07-07)","x86_64-unknown-linux-gnu","Linux 7.0.11-76070011-generic x86_64","Intel(R) Core(TM) Ultra 7 155H","/dev/nvme0n1p3 ext4   rw,noatime,errors=remount-ro","/tmp/pigment-db-durability-bench","pigment_db","buffered","key_map","vector","successful_remove","1","32","5","6","97856","100046101","978109.081932","1319","0"
"candidate-protocol-v2-20260807-102902","6d7edc7c29a60a94c59effeeb2b78d8b95038135","default-hasher:7a3d2ed08cfb82df","rustc 1.97.0 (2d8144b78 2026-07-07)","x86_64-unknown-linux-gnu","Linux 7.0.11-76070011-generic x86_64","Intel(R) Core(TM) Ultra 7 155H","/dev/nvme0n1p3 ext4   rw,noatime,errors=remount-ro","/tmp/pigment-db-durability-bench","pigment_db","buffered","key_map","vector","successful_remove","1","32","5","7","103168","100032679","1031342.967432","1129","0"
"candidate-protocol-v2-20260807-102902","6d7edc7c29a60a94c59effeeb2b78d8b95038135","default-hasher:7a3d2ed08cfb82df","rustc 1.97.0 (2d8144b78 2026-07-07)","x86_64-unknown-linux-gnu","Linux 7.0.11-76070011-generic x86_64","Intel(R) Core(TM) Ultra 7 155H","/dev/nvme0n1p3 ext4   rw,noatime,errors=remount-ro","/tmp/pigment-db-durability-bench","pigment_db","buffered","key_map","vector","successful_remove","1","32","5","8","104640","100035490","1046028.764392","1078","0"
"candidate-protocol-v2-20260807-102902","6d7edc7c29a60a94c59effeeb2b78d8b95038135","default-hasher:7a3d2ed08cfb82df","rustc 1.97.0 (2d8144b78 2026-07-07)","x86_64-unknown-linux-gnu","Linux 7.0.11-76070011-generic x86_64","Intel(R) Core(TM) Ultra 7 155H","/dev/nvme0n1p3 ext4   rw,noatime,errors=remount-ro","/tmp/pigment-db-durability-bench","pigment_db","buffered","key_map","vector","successful_remove","1","32","5","9","97664","100016480","976479.076248","1133","0"
"candidate-protocol-v2-20260807-102902","6d7edc7c29a60a94c59effeeb2b78d8b95038135","default-hasher:7a3d2ed08cfb82df","rustc 1.97.0 (2d8144b78 2026-07-07)","x86_64-unknown-linux-gnu","Linux 7.0.11-76070011-generic x86_64","Intel(R) Core(TM) Ultra 7 155H","/dev/nvme0n1p3 ext4   rw,noatime,errors=remount-ro","/tmp/pigment-db-durability-bench","pigment_db","buffered","key_map","vector","successful_remove","1","32","5","10","100992","100051479","1009400.370783","1143","0"
"candidate-protocol-v2-20260807-102902","6d7edc7c29a60a94c59effeeb2b78d8b95038135","default-hasher:7a3d2ed08cfb82df","rustc 1.97.0 (2d8144b78 2026-07-07)","x86_64-unknown-linux-gnu","Linux 7.0.11-76070011-generic x86_64","Intel(R) Core(TM) Ultra 7 155H","/dev/nvme0n1p3 ext4   rw,noatime,errors=remount-ro","/tmp/pigment-db-durability-bench","pigment_db","buffered","key_map","vector","successful_remove","8","32","5","0","23552","100659665","233976.538666","16923","0"
"candidate-protocol-v2-20260807-102902","6d7edc7c29a60a94c59effeeb2b78d8b95038135","default-hasher:7a3d2ed08cfb82df","rustc 1.97.0 (2d8144b78 2026-07-07)","x86_64-unknown-linux-gnu","Linux 7.0.11-76070011-generic x86_64","Intel(R) Core(TM) Ultra 7 155H","/dev/nvme0n1p3 ext4   rw,noatime,errors=remount-ro","/tmp/pigment-db-durability-bench","pigment_db","buffered","key_map","vector","successful_remove","8","32","5","1","23040","102308234","225201.815134","17421","0"
"candidate-protocol-v2-20260807-102902","6d7edc7c29a60a94c59effeeb2b78d8b95038135","default-hasher:7a3d2ed08cfb82df","rustc 1.97.0 (2d8144b78 2026-07-07)","x86_64-unknown-linux-gnu","Linux 7.0.11-76070011-generic x86_64","Intel(R) Core(TM) Ultra 7 155H","/dev/nvme0n1p3 ext4   rw,noatime,errors=remount-ro","/tmp/pigment-db-durability-bench","pigment_db","buffered","key_map","vector","successful_remove","8","32","5","2","23552","100630373","234044.645745","16993","0"
"candidate-protocol-v2-20260807-102902","6d7edc7c29a60a94c59effeeb2b78d8b95038135","default-hasher:7a3d2ed08cfb82df","rustc 1.97.0 (2d8144b78 2026-07-07)","x86_64-unknown-linux-gnu","Linux 7.0.11-76070011-generic x86_64","Intel(R) Core(TM) Ultra 7 155H","/dev/nvme0n1p3 ext4   rw,noatime,errors=remount-ro","/tmp/pigment-db-durability-bench","pigment_db","buffered","key_map","vector","successful_remove","8","32","5","3","24576","101413106","242335.541917","17108","0"
"candidate-protocol-v2-20260807-102902","6d7edc7c29a60a94c59effeeb2b78d8b95038135","default-hasher:7a3d2ed08cfb82df","rustc 1.97.0 (2d8144b78 2026-07-07)","x86_64-unknown-linux-gnu","Linux 7.0.11-76070011-generic x86_64","Intel(R) Core(TM) Ultra 7 155H","/dev/nvme0n1p3 ext4   rw,noatime,errors=remount-ro","/tmp/pigment-db-durability-bench","pigment_db","buffered","key_map","vector","successful_remove","8","32","5","4","26112","100692285","259324.733767","16909","0"
"candidate-protocol-v2-20260807-102902","6d7edc7c29a60a94c59effeeb2b78d8b95038135","default-hasher:7a3d2ed08cfb82df","rustc 1.97.0 (2d8144b78 2026-07-07)","x86_64-unknown-linux-gnu","Linux 7.0.11-76070011-generic x86_64","Intel(R) Core(TM) Ultra 7 155H","/dev/nvme0n1p3 ext4   rw,noatime,errors=remount-ro","/tmp/pigment-db-durability-bench","pigment_db","buffered","key_map","vector","successful_remove","8","32","5","5","24576","100601253","244291.191880","16963","0"
"candidate-protocol-v2-20260807-102902","6d7edc7c29a60a94c59effeeb2b78d8b95038135","default-hasher:7a3d2ed08cfb82df","rustc 1.97.0 (2d8144b78 2026-07-07)","x86_64-unknown-linux-gnu","Linux 7.0.11-76070011-generic x86_64","Intel(R) Core(TM) Ultra 7 155H","/dev/nvme0n1p3 ext4   rw,noatime,errors=remount-ro","/tmp/pigment-db-durability-bench","pigment_db","buffered","key_map","vector","successful_remove","8","32","5","6","26624","100468369","264998.827641","16545","0"
"candidate-protocol-v2-20260807-102902","6d7edc7c29a60a94c59effeeb2b78d8b95038135","default-hasher:7a3d2ed08cfb82df","rustc 1.97.0 (2d8144b78 2026-07-07)","x86_64-unknown-linux-gnu","Linux 7.0.11-76070011-generic x86_64","Intel(R) Core(TM) Ultra 7 155H","/dev/nvme0n1p3 ext4   rw,noatime,errors=remount-ro","/tmp/pigment-db-durability-bench","pigment_db","buffered","key_map","vector","successful_remove","8","32","5","7","25088","101708778","246665.042028","16637","0"
"candidate-protocol-v2-20260807-102902","6d7edc7c29a60a94c59effeeb2b78d8b95038135","default-hasher:7a3d2ed08cfb82df","rustc 1.97.0 (2d8144b78 2026-07-07)","x86_64-unknown-linux-gnu","Linux 7.0.11-76070011-generic x86_64","Intel(R) Core(TM) Ultra 7 155H","/dev/nvme0n1p3 ext4   rw,noatime,errors=remount-ro","/tmp/pigment-db-durability-bench","pigment_db","buffered","key_map","vector","successful_remove","8","32","5","8","25600","101436961","252373.491355","16574","0"
"candidate-protocol-v2-20260807-102902","6d7edc7c29a60a94c59effeeb2b78d8b95038135","default-hasher:7a3d2ed08cfb82df","rustc 1.97.0 (2d8144b78 2026-07-07)","x86_64-unknown-linux-gnu","Linux 7.0.11-76070011-generic x86_64","Intel(R) Core(TM) Ultra 7 155H","/dev/nvme0n1p3 ext4   rw,noatime,errors=remount-ro","/tmp/pigment-db-durability-bench","pigment_db","buffered","key_map","vector","successful_remove","8","32","5","9","26112","101215876","257983.243656","16890","0"
"candidate-protocol-v2-20260807-102902","6d7edc7c29a60a94c59effeeb2b78d8b95038135","default-hasher:7a3d2ed08cfb82df","rustc 1.97.0 (2d8144b78 2026-07-07)","x86_64-unknown-linux-gnu","Linux 7.0.11-76070011-generic x86_64","Intel(R) Core(TM) Ultra 7 155H","/dev/nvme0n1p3 ext4   rw,noatime,errors=remount-ro","/tmp/pigment-db-durability-bench","pigment_db","buffered","key_map","vector","successful_remove","8","32","5","10","25600","101308907","252692.490306","16526","0"
"candidate-protocol-v2-20260807-102902","6d7edc7c29a60a94c59effeeb2b78d8b95038135","default-hasher:7a3d2ed08cfb82df","rustc 1.97.0 (2d8144b78 2026-07-07)","x86_64-unknown-linux-gnu","Linux 7.0.11-76070011-generic x86_64","Intel(R) Core(TM) Ultra 7 155H","/dev/nvme0n1p3 ext4   rw,noatime,errors=remount-ro","/tmp/pigment-db-durability-bench","pigment_db","buffered","key_map","vector","minimal_callback","1","32","5","0","55296","100063086","552611.379585","2325","0"
"candidate-protocol-v2-20260807-102902","6d7edc7c29a60a94c59effeeb2b78d8b95038135","default-hasher:7a3d2ed08cfb82df","rustc 1.97.0 (2d8144b78 2026-07-07)","x86_64-unknown-linux-gnu","Linux 7.0.11-76070011-generic x86_64","Intel(R) Core(TM) Ultra 7 155H","/dev/nvme0n1p3 ext4   rw,noatime,errors=remount-ro","/tmp/pigment-db-durability-bench","pigment_db","buffered","key_map","vector","minimal_callback","1","32","5","1","57216","100017357","572060.707423","1812","0"
"candidate-protocol-v2-20260807-102902","6d7edc7c29a60a94c59effeeb2b78d8b95038135","default-hasher:7a3d2ed08cfb82df","rustc 1.97.0 (2d8144b78 2026-07-07)","x86_64-unknown-linux-gnu","Linux 7.0.11-76070011-generic x86_64","Intel(R) Core(TM) Ultra 7 155H","/dev/nvme0n1p3 ext4   rw,noatime,errors=remount-ro","/tmp/pigment-db-durability-bench","pigment_db","buffered","key_map","vector","minimal_callback","1","32","5","2","56256","100105769","561965.614589","1887","0"
"candidate-protocol-v2-20260807-102902","6d7edc7c29a60a94c59effeeb2b78d8b95038135","default-hasher:7a3d2ed08cfb82df","rustc 1.97.0 (2d8144b78 2026-07-07)","x86_64-unknown-linux-gnu","Linux 7.0.11-76070011-generic x86_64","Intel(R) Core(TM) Ultra 7 155H","/dev/nvme0n1p3 ext4   rw,noatime,errors=remount-ro","/tmp/pigment-db-durability-bench","pigment_db","buffered","key_map","vector","minimal_callback","1","32","5","3","56640","100019888","566287.376767","1806","0"
"candidate-protocol-v2-20260807-102902","6d7edc7c29a60a94c59effeeb2b78d8b95038135","default-hasher:7a3d2ed08cfb82df","rustc 1.97.0 (2d8144b78 2026-07-07)","x86_64-unknown-linux-gnu","Linux 7.0.11-76070011-generic x86_64","Intel(R) Core(TM) Ultra 7 155H","/dev/nvme0n1p3 ext4   rw,noatime,errors=remount-ro","/tmp/pigment-db-durability-bench","pigment_db","buffered","key_map","vector","minimal_callback","1","32","5","4","57472","100070752","574313.661598","1786","0"
"candidate-protocol-v2-20260807-102902","6d7edc7c29a60a94c59effeeb2b78d8b95038135","default-hasher:7a3d2ed08cfb82df","rustc 1.97.0 (2d8144b78 2026-07-07)","x86_64-unknown-linux-gnu","Linux 7.0.11-76070011-generic x86_64","Intel(R) Core(TM) Ultra 7 155H","/dev/nvme0n1p3 ext4   rw,noatime,errors=remount-ro","/tmp/pigment-db-durability-bench","pigment_db","buffered","key_map","vector","minimal_callback","1","32","5","5","56640","100036732","566192.026345","1978","0"
"candidate-protocol-v2-20260807-102902","6d7edc7c29a60a94c59effeeb2b78d8b95038135","default-hasher:7a3d2ed08cfb82df","rustc 1.97.0 (2d8144b78 2026-07-07)","x86_64-unknown-linux-gnu","Linux 7.0.11-76070011-generic x86_64","Intel(R) Core(TM) Ultra 7 155H","/dev/nvme0n1p3 ext4   rw,noatime,errors=remount-ro","/tmp/pigment-db-durability-bench","pigment_db","buffered","key_map","vector","minimal_callback","1","32","5","6","57600","100025737","575851.793024","1779","0"
"candidate-protocol-v2-20260807-102902","6d7edc7c29a60a94c59effeeb2b78d8b95038135","default-hasher:7a3d2ed08cfb82df","rustc 1.97.0 (2d8144b78 2026-07-07)","x86_64-unknown-linux-gnu","Linux 7.0.11-76070011-generic x86_64","Intel(R) Core(TM) Ultra 7 155H","/dev/nvme0n1p3 ext4   rw,noatime,errors=remount-ro","/tmp/pigment-db-durability-bench","pigment_db","buffered","key_map","vector","minimal_callback","1","32","5","7","56384","100049796","563559.369976","2154","0"
"candidate-protocol-v2-20260807-102902","6d7edc7c29a60a94c59effeeb2b78d8b95038135","default-hasher:7a3d2ed08cfb82df","rustc 1.97.0 (2d8144b78 2026-07-07)","x86_64-unknown-linux-gnu","Linux 7.0.11-76070011-generic x86_64","Intel(R) Core(TM) Ultra 7 155H","/dev/nvme0n1p3 ext4   rw,noatime,errors=remount-ro","/tmp/pigment-db-durability-bench","pigment_db","buffered","key_map","vector","minimal_callback","1","32","5","8","57216","100090584","571642.183644","1815","0"
"candidate-protocol-v2-20260807-102902","6d7edc7c29a60a94c59effeeb2b78d8b95038135","default-hasher:7a3d2ed08cfb82df","rustc 1.97.0 (2d8144b78 2026-07-07)","x86_64-unknown-linux-gnu","Linux 7.0.11-76070011-generic x86_64","Intel(R) Core(TM) Ultra 7 155H","/dev/nvme0n1p3 ext4   rw,noatime,errors=remount-ro","/tmp/pigment-db-durability-bench","pigment_db","buffered","key_map","vector","minimal_callback","1","32","5","9","57536","100068022","574968.894658","1792","0"
"candidate-protocol-v2-20260807-102902","6d7edc7c29a60a94c59effeeb2b78d8b95038135","default-hasher:7a3d2ed08cfb82df","rustc 1.97.0 (2d8144b78 2026-07-07)","x86_64-unknown-linux-gnu","Linux 7.0.11-76070011-generic x86_64","Intel(R) Core(TM) Ultra 7 155H","/dev/nvme0n1p3 ext4   rw,noatime,errors=remount-ro","/tmp/pigment-db-durability-bench","pigment_db","buffered","key_map","vector","minimal_callback","1","32","5","10","56192","100011558","561855.060792","1859","0"
"candidate-protocol-v2-20260807-102902","6d7edc7c29a60a94c59effeeb2b78d8b95038135","default-hasher:7a3d2ed08cfb82df","rustc 1.97.0 (2d8144b78 2026-07-07)","x86_64-unknown-linux-gnu","Linux 7.0.11-76070011-generic x86_64","Intel(R) Core(TM) Ultra 7 155H","/dev/nvme0n1p3 ext4   rw,noatime,errors=remount-ro","/tmp/pigment-db-durability-bench","pigment_db","buffered","key_map","vector","minimal_callback","8","32","5","0","16384","100780668","162570.861308","36986","0"
"candidate-protocol-v2-20260807-102902","6d7edc7c29a60a94c59effeeb2b78d8b95038135","default-hasher:7a3d2ed08cfb82df","rustc 1.97.0 (2d8144b78 2026-07-07)","x86_64-unknown-linux-gnu","Linux 7.0.11-76070011-generic x86_64","Intel(R) Core(TM) Ultra 7 155H","/dev/nvme0n1p3 ext4   rw,noatime,errors=remount-ro","/tmp/pigment-db-durability-bench","pigment_db","buffered","key_map","vector","minimal_callback","8","32","5","1","17408","101858359","170903.990315","34230","0"
"candidate-protocol-v2-20260807-102902","6d7edc7c29a60a94c59effeeb2b78d8b95038135","default-hasher:7a3d2ed08cfb82df","rustc 1.97.0 (2d8144b78 2026-07-07)","x86_64-unknown-linux-gnu","Linux 7.0.11-76070011-generic x86_64","Intel(R) Core(TM) Ultra 7 155H","/dev/nvme0n1p3 ext4   rw,noatime,errors=remount-ro","/tmp/pigment-db-durability-bench","pigment_db","buffered","key_map","vector","minimal_callback","8","32","5","2","16896","102080140","165517.014377","34710","0"
"candidate-protocol-v2-20260807-102902","6d7edc7c29a60a94c59effeeb2b78d8b95038135","default-hasher:7a3d2ed08cfb82df","rustc 1.97.0 (2d8144b78 2026-07-07)","x86_64-unknown-linux-gnu","Linux 7.0.11-76070011-generic x86_64","Intel(R) Core(TM) Ultra 7 155H","/dev/nvme0n1p3 ext4   rw,noatime,errors=remount-ro","/tmp/pigment-db-durability-bench","pigment_db","buffered","key_map","vector","minimal_callback","8","32","5","3","15872","101126940","156951.253543","34894","0"
"candidate-protocol-v2-20260807-102902","6d7edc7c29a60a94c59effeeb2b78d8b95038135","default-hasher:7a3d2ed08cfb82df","rustc 1.97.0 (2d8144b78 2026-07-07)","x86_64-unknown-linux-gnu","Linux 7.0.11-76070011-generic x86_64","Intel(R) Core(TM) Ultra 7 155H","/dev/nvme0n1p3 ext4   rw,noatime,errors=remount-ro","/tmp/pigment-db-durability-bench","pigment_db","buffered","key_map","vector","minimal_callback","8","32","5","4","16896","101168247","167008.923264","34395","0"
"candidate-protocol-v2-20260807-102902","6d7edc7c29a60a94c59effeeb2b78d8b95038135","default-hasher:7a3d2ed08cfb82df","rustc 1.97.0 (2d8144b78 2026-07-07)","x86_64-unknown-linux-gnu","Linux 7.0.11-76070011-generic x86_64","Intel(R) Core(TM) Ultra 7 155H","/dev/nvme0n1p3 ext4   rw,noatime,errors=remount-ro","/tmp/pigment-db-durability-bench","pigment_db","buffered","key_map","vector","minimal_callback","8","32","5","5","16896","103614772","163065.552082","34472","0"
"candidate-protocol-v2-20260807-102902","6d7edc7c29a60a94c59effeeb2b78d8b95038135","default-hasher:7a3d2ed08cfb82df","rustc 1.97.0 (2d8144b78 2026-07-07)","x86_64-unknown-linux-gnu","Linux 7.0.11-76070011-generic x86_64","Intel(R) Core(TM) Ultra 7 155H","/dev/nvme0n1p3 ext4   rw,noatime,errors=remount-ro","/tmp/pigment-db-durability-bench","pigment_db","buffered","key_map","vector","minimal_callback","8","32","5","6","16384","102209924","160297.546058","35316","0"
"candidate-protocol-v2-20260807-102902","6d7edc7c29a60a94c59effeeb2b78d8b95038135","default-hasher:7a3d2ed08cfb82df","rustc 1.97.0 (2d8144b78 2026-07-07)","x86_64-unknown-linux-gnu","Linux 7.0.11-76070011-generic x86_64","Intel(R) Core(TM) Ultra 7 155H","/dev/nvme0n1p3 ext4   rw,noatime,errors=remount-ro","/tmp/pigment-db-durability-bench","pigment_db","buffered","key_map","vector","minimal_callback","8","32","5","7","17408","100367056","173443.365720","33855","0"
"candidate-protocol-v2-20260807-102902","6d7edc7c29a60a94c59effeeb2b78d8b95038135","default-hasher:7a3d2ed08cfb82df","rustc 1.97.0 (2d8144b78 2026-07-07)","x86_64-unknown-linux-gnu","Linux 7.0.11-76070011-generic x86_64","Intel(R) Core(TM) Ultra 7 155H","/dev/nvme0n1p3 ext4   rw,noatime,errors=remount-ro","/tmp/pigment-db-durability-bench","pigment_db","buffered","key_map","vector","minimal_callback","8","32","5","8","17408","100492555","173226.762918","33655","0"
"candidate-protocol-v2-20260807-102902","6d7edc7c29a60a94c59effeeb2b78d8b95038135","default-hasher:7a3d2ed08cfb82df","rustc 1.97.0 (2d8144b78 2026-07-07)","x86_64-unknown-linux-gnu","Linux 7.0.11-76070011-generic x86_64","Intel(R) Core(TM) Ultra 7 155H","/dev/nvme0n1p3 ext4   rw,noatime,errors=remount-ro","/tmp/pigment-db-durability-bench","pigment_db","buffered","key_map","vector","minimal_callback","8","32","5","9","14336","101161780","141713.599741","35517","0"
"candidate-protocol-v2-20260807-102902","6d7edc7c29a60a94c59effeeb2b78d8b95038135","default-hasher:7a3d2ed08cfb82df","rustc 1.97.0 (2d8144b78 2026-07-07)","x86_64-unknown-linux-gnu","Linux 7.0.11-76070011-generic x86_64","Intel(R) Core(TM) Ultra 7 155H","/dev/nvme0n1p3 ext4   rw,noatime,errors=remount-ro","/tmp/pigment-db-durability-bench","pigment_db","buffered","key_map","vector","minimal_callback","8","32","5","10","16896","101361026","166691.288227","34227","0"
"candidate-protocol-v2-20260807-102902","6d7edc7c29a60a94c59effeeb2b78d8b95038135","default-hasher:7a3d2ed08cfb82df","rustc 1.97.0 (2d8144b78 2026-07-07)","x86_64-unknown-linux-gnu","Linux 7.0.11-76070011-generic x86_64","Intel(R) Core(TM) Ultra 7 155H","/dev/nvme0n1p3 ext4   rw,noatime,errors=remount-ro","/tmp/pigment-db-durability-bench","pigment_db","buffered","key_map","file","ordinary_write","1","32","5","0","46208","100131127","461474.881832","3268","0"
"candidate-protocol-v2-20260807-102902","6d7edc7c29a60a94c59effeeb2b78d8b95038135","default-hasher:7a3d2ed08cfb82df","rustc 1.97.0 (2d8144b78 2026-07-07)","x86_64-unknown-linux-gnu","Linux 7.0.11-76070011-generic x86_64","Intel(R) Core(TM) Ultra 7 155H","/dev/nvme0n1p3 ext4   rw,noatime,errors=remount-ro","/tmp/pigment-db-durability-bench","pigment_db","buffered","key_map","file","ordinary_write","1","32","5","1","45184","100046198","451631.355346","3084","0"
"candidate-protocol-v2-20260807-102902","6d7edc7c29a60a94c59effeeb2b78d8b95038135","default-hasher:7a3d2ed08cfb82df","rustc 1.97.0 (2d8144b78 2026-07-07)","x86_64-unknown-linux-gnu","Linux 7.0.11-76070011-generic x86_64","Intel(R) Core(TM) Ultra 7 155H","/dev/nvme0n1p3 ext4   rw,noatime,errors=remount-ro","/tmp/pigment-db-durability-bench","pigment_db","buffered","key_map","file","ordinary_write","1","32","5","2","47488","100041507","474682.973338","2860","0"
"candidate-protocol-v2-20260807-102902","6d7edc7c29a60a94c59effeeb2b78d8b95038135","default-hasher:7a3d2ed08cfb82df","rustc 1.97.0 (2d8144b78 2026-07-07)","x86_64-unknown-linux-gnu","Linux 7.0.11-76070011-generic x86_64","Intel(R) Core(TM) Ultra 7 155H","/dev/nvme0n1p3 ext4   rw,noatime,errors=remount-ro","/tmp/pigment-db-durability-bench","pigment_db","buffered","key_map","file","ordinary_write","1","32","5","3","43136","100240007","430327.184634","3192","0"
"candidate-protocol-v2-20260807-102902","6d7edc7c29a60a94c59effeeb2b78d8b95038135","default-hasher:7a3d2ed08cfb82df","rustc 1.97.0 (2d8144b78 2026-07-07)","x86_64-unknown-linux-gnu","Linux 7.0.11-76070011-generic x86_64","Intel(R) Core(TM) Ultra 7 155H","/dev/nvme0n1p3 ext4   rw,noatime,errors=remount-ro","/tmp/pigment-db-durability-bench","pigment_db","buffered","key_map","file","ordinary_write","1","32","5","4","44736","100066905","447060.893909","3374","0"
"candidate-protocol-v2-20260807-102902","6d7edc7c29a60a94c59effeeb2b78d8b95038135","default-hasher:7a3d2ed08cfb82df","rustc 1.97.0 (2d8144b78 2026-07-07)","x86_64-unknown-linux-gnu","Linux 7.0.11-76070011-generic x86_64","Intel(R) Core(TM) Ultra 7 155H","/dev/nvme0n1p3 ext4   rw,noatime,errors=remount-ro","/tmp/pigment-db-durability-bench","pigment_db","buffered","key_map","file","ordinary_write","1","32","5","5","48256","100103744","482059.891786","2750","0"
"candidate-protocol-v2-20260807-102902","6d7edc7c29a60a94c59effeeb2b78d8b95038135","default-hasher:7a3d2ed08cfb82df","rustc 1.97.0 (2d8144b78 2026-07-07)","x86_64-unknown-linux-gnu","Linux 7.0.11-76070011-generic x86_64","Intel(R) Core(TM) Ultra 7 155H","/dev/nvme0n1p3 ext4   rw,noatime,errors=remount-ro","/tmp/pigment-db-durability-bench","pigment_db","buffered","key_map","file","ordinary_write","1","32","5","6","49024","100121967","489642.797369","2757","0"
"candidate-protocol-v2-20260807-102902","6d7edc7c29a60a94c59effeeb2b78d8b95038135","default-hasher:7a3d2ed08cfb82df","rustc 1.97.0 (2d8144b78 2026-07-07)","x86_64-unknown-linux-gnu","Linux 7.0.11-76070011-generic x86_64","Intel(R) Core(TM) Ultra 7 155H","/dev/nvme0n1p3 ext4   rw,noatime,errors=remount-ro","/tmp/pigment-db-durability-bench","pigment_db","buffered","key_map","file","ordinary_write","1","32","5","7","48448","100022307","484371.951149","2965","0"
"candidate-protocol-v2-20260807-102902","6d7edc7c29a60a94c59effeeb2b78d8b95038135","default-hasher:7a3d2ed08cfb82df","rustc 1.97.0 (2d8144b78 2026-07-07)","x86_64-unknown-linux-gnu","Linux 7.0.11-76070011-generic x86_64","Intel(R) Core(TM) Ultra 7 155H","/dev/nvme0n1p3 ext4   rw,noatime,errors=remount-ro","/tmp/pigment-db-durability-bench","pigment_db","buffered","key_map","file","ordinary_write","1","32","5","8","47168","100079323","471306.145826","3157","0"
"candidate-protocol-v2-20260807-102902","6d7edc7c29a60a94c59effeeb2b78d8b95038135","default-hasher:7a3d2ed08cfb82df","rustc 1.97.0 (2d8144b78 2026-07-07)","x86_64-unknown-linux-gnu","Linux 7.0.11-76070011-generic x86_64","Intel(R) Core(TM) Ultra 7 155H","/dev/nvme0n1p3 ext4   rw,noatime,errors=remount-ro","/tmp/pigment-db-durability-bench","pigment_db","buffered","key_map","file","ordinary_write","1","32","5","9","48128","100067124","480957.162314","3255","0"
"candidate-protocol-v2-20260807-102902","6d7edc7c29a60a94c59effeeb2b78d8b95038135","default-hasher:7a3d2ed08cfb82df","rustc 1.97.0 (2d8144b78 2026-07-07)","x86_64-unknown-linux-gnu","Linux 7.0.11-76070011-generic x86_64","Intel(R) Core(TM) Ultra 7 155H","/dev/nvme0n1p3 ext4   rw,noatime,errors=remount-ro","/tmp/pigment-db-durability-bench","pigment_db","buffered","key_map","file","ordinary_write","1","32","5","10","46528","100052583","465035.470399","3861","0"
"candidate-protocol-v2-20260807-102902","6d7edc7c29a60a94c59effeeb2b78d8b95038135","default-hasher:7a3d2ed08cfb82df","rustc 1.97.0 (2d8144b78 2026-07-07)","x86_64-unknown-linux-gnu","Linux 7.0.11-76070011-generic x86_64","Intel(R) Core(TM) Ultra 7 155H","/dev/nvme0n1p3 ext4   rw,noatime,errors=remount-ro","/tmp/pigment-db-durability-bench","pigment_db","buffered","key_map","file","ordinary_write","8","32","5","0","11776","100095586","117647.545417","60395","0"
"candidate-protocol-v2-20260807-102902","6d7edc7c29a60a94c59effeeb2b78d8b95038135","default-hasher:7a3d2ed08cfb82df","rustc 1.97.0 (2d8144b78 2026-07-07)","x86_64-unknown-linux-gnu","Linux 7.0.11-76070011-generic x86_64","Intel(R) Core(TM) Ultra 7 155H","/dev/nvme0n1p3 ext4   rw,noatime,errors=remount-ro","/tmp/pigment-db-durability-bench","pigment_db","buffered","key_map","file","ordinary_write","8","32","5","1","12800","103527599","123638.528505","56712","0"
"candidate-protocol-v2-20260807-102902","6d7edc7c29a60a94c59effeeb2b78d8b95038135","default-hasher:7a3d2ed08cfb82df","rustc 1.97.0 (2d8144b78 2026-07-07)","x86_64-unknown-linux-gnu","Linux 7.0.11-76070011-generic x86_64","Intel(R) Core(TM) Ultra 7 155H","/dev/nvme0n1p3 ext4   rw,noatime,errors=remount-ro","/tmp/pigment-db-durability-bench","pigment_db","buffered","key_map","file","ordinary_write","8","32","5","2","12800","103434121","123750.266123","56713","0"
"candidate-protocol-v2-20260807-102902","6d7edc7c29a60a94c59effeeb2b78d8b95038135","default-hasher:7a3d2ed08cfb82df","rustc 1.97.0 (2d8144b78 2026-07-07)","x86_64-unknown-linux-gnu","Linux 7.0.11-76070011-generic x86_64","Intel(R) Core(TM) Ultra 7 155H","/dev/nvme0n1p3 ext4   rw,noatime,errors=remount-ro","/tmp/pigment-db-durability-bench","pigment_db","buffered","key_map","file","ordinary_write","8","32","5","3","11776","100167372","117563.232067","57774","0"
"candidate-protocol-v2-20260807-102902","6d7edc7c29a60a94c59effeeb2b78d8b95038135","default-hasher:7a3d2ed08cfb82df","rustc 1.97.0 (2d8144b78 2026-07-07)","x86_64-unknown-linux-gnu","Linux 7.0.11-76070011-generic x86_64","Intel(R) Core(TM) Ultra 7 155H","/dev/nvme0n1p3 ext4   rw,noatime,errors=remount-ro","/tmp/pigment-db-durability-bench","pigment_db","buffered","key_map","file","ordinary_write","8","32","5","4","11776","102667207","114700.695033","58897","0"
"candidate-protocol-v2-20260807-102902","6d7edc7c29a60a94c59effeeb2b78d8b95038135","default-hasher:7a3d2ed08cfb82df","rustc 1.97.0 (2d8144b78 2026-07-07)","x86_64-unknown-linux-gnu","Linux 7.0.11-76070011-generic x86_64","Intel(R) Core(TM) Ultra 7 155H","/dev/nvme0n1p3 ext4   rw,noatime,errors=remount-ro","/tmp/pigment-db-durability-bench","pigment_db","buffered","key_map","file","ordinary_write","8","32","5","5","12288","104589457","117487.941447","60101","0"
"candidate-protocol-v2-20260807-102902","6d7edc7c29a60a94c59effeeb2b78d8b95038135","default-hasher:7a3d2ed08cfb82df","rustc 1.97.0 (2d8144b78 2026-07-07)","x86_64-unknown-linux-gnu","Linux 7.0.11-76070011-generic x86_64","Intel(R) Core(TM) Ultra 7 155H","/dev/nvme0n1p3 ext4   rw,noatime,errors=remount-ro","/tmp/pigment-db-durability-bench","pigment_db","buffered","key_map","file","ordinary_write","8","32","5","6","12800","102605487","124749.663729","56988","0"
"candidate-protocol-v2-20260807-102902","6d7edc7c29a60a94c59effeeb2b78d8b95038135","default-hasher:7a3d2ed08cfb82df","rustc 1.97.0 (2d8144b78 2026-07-07)","x86_64-unknown-linux-gnu","Linux 7.0.11-76070011-generic x86_64","Intel(R) Core(TM) Ultra 7 155H","/dev/nvme0n1p3 ext4   rw,noatime,errors=remount-ro","/tmp/pigment-db-durability-bench","pigment_db","buffered","key_map","file","ordinary_write","8","32","5","7","11264","102829836","109540.192206","61769","0"
"candidate-protocol-v2-20260807-102902","6d7edc7c29a60a94c59effeeb2b78d8b95038135","default-hasher:7a3d2ed08cfb82df","rustc 1.97.0 (2d8144b78 2026-07-07)","x86_64-unknown-linux-gnu","Linux 7.0.11-76070011-generic x86_64","Intel(R) Core(TM) Ultra 7 155H","/dev/nvme0n1p3 ext4   rw,noatime,errors=remount-ro","/tmp/pigment-db-durability-bench","pigment_db","buffered","key_map","file","ordinary_write","8","32","5","8","11776","100941229","116661.943952","57852","0"
"candidate-protocol-v2-20260807-102902","6d7edc7c29a60a94c59effeeb2b78d8b95038135","default-hasher:7a3d2ed08cfb82df","rustc 1.97.0 (2d8144b78 2026-07-07)","x86_64-unknown-linux-gnu","Linux 7.0.11-76070011-generic x86_64","Intel(R) Core(TM) Ultra 7 155H","/dev/nvme0n1p3 ext4   rw,noatime,errors=remount-ro","/tmp/pigment-db-durability-bench","pigment_db","buffered","key_map","file","ordinary_write","8","32","5","9","11776","100697832","116943.927849","59088","0"
"candidate-protocol-v2-20260807-102902","6d7edc7c29a60a94c59effeeb2b78d8b95038135","default-hasher:7a3d2ed08cfb82df","rustc 1.97.0 (2d8144b78 2026-07-07)","x86_64-unknown-linux-gnu","Linux 7.0.11-76070011-generic x86_64","Intel(R) Core(TM) Ultra 7 155H","/dev/nvme0n1p3 ext4   rw,noatime,errors=remount-ro","/tmp/pigment-db-durability-bench","pigment_db","buffered","key_map","file","ordinary_write","8","32","5","10","11264","100243498","112366.390087","60447","0"
"candidate-protocol-v2-20260807-102902","6d7edc7c29a60a94c59effeeb2b78d8b95038135","default-hasher:7a3d2ed08cfb82df","rustc 1.97.0 (2d8144b78 2026-07-07)","x86_64-unknown-linux-gnu","Linux 7.0.11-76070011-generic x86_64","Intel(R) Core(TM) Ultra 7 155H","/dev/nvme0n1p3 ext4   rw,noatime,errors=remount-ro","/tmp/pigment-db-durability-bench","pigment_db","buffered","key_map","file","successful_remove","1","32","5","0","41088","100094522","410491.994757","3183","0"
"candidate-protocol-v2-20260807-102902","6d7edc7c29a60a94c59effeeb2b78d8b95038135","default-hasher:7a3d2ed08cfb82df","rustc 1.97.0 (2d8144b78 2026-07-07)","x86_64-unknown-linux-gnu","Linux 7.0.11-76070011-generic x86_64","Intel(R) Core(TM) Ultra 7 155H","/dev/nvme0n1p3 ext4   rw,noatime,errors=remount-ro","/tmp/pigment-db-durability-bench","pigment_db","buffered","key_map","file","successful_remove","1","32","5","1","39680","100149792","396206.514338","3423","0"
"candidate-protocol-v2-20260807-102902","6d7edc7c29a60a94c59effeeb2b78d8b95038135","default-hasher:7a3d2ed08cfb82df","rustc 1.97.0 (2d8144b78 2026-07-07)","x86_64-unknown-linux-gnu","Linux 7.0.11-76070011-generic x86_64","Intel(R) Core(TM) Ultra 7 155H","/dev/nvme0n1p3 ext4   rw,noatime,errors=remount-ro","/tmp/pigment-db-durability-bench","pigment_db","buffered","key_map","file","successful_remove","1","32","5","2","38144","100051093","381245.210385","4004","0"
"candidate-protocol-v2-20260807-102902","6d7edc7c29a60a94c59effeeb2b78d8b95038135","default-hasher:7a3d2ed08cfb82df","rustc 1.97.0 (2d8144b78 2026-07-07)","x86_64-unknown-linux-gnu","Linux 7.0.11-76070011-generic x86_64","Intel(R) Core(TM) Ultra 7 155H","/dev/nvme0n1p3 ext4   rw,noatime,errors=remount-ro","/tmp/pigment-db-durability-bench","pigment_db","buffered","key_map","file","successful_remove","1","32","5","3","40448","100057876","404246.038563","3803","0"
"candidate-protocol-v2-20260807-102902","6d7edc7c29a60a94c59effeeb2b78d8b95038135","default-hasher:7a3d2ed08cfb82df","rustc 1.97.0 (2d8144b78 2026-07-07)","x86_64-unknown-linux-gnu","Linux 7.0.11-76070011-generic x86_64","Intel(R) Core(TM) Ultra 7 155H","/dev/nvme0n1p3 ext4   rw,noatime,errors=remount-ro","/tmp/pigment-db-durability-bench","pigment_db","buffered","key_map","file","successful_remove","1","32","5","4","40704","100060042","406795.751695","3726","0"
"candidate-protocol-v2-20260807-102902","6d7edc7c29a60a94c59effeeb2b78d8b95038135","default-hasher:7a3d2ed08cfb82df","rustc 1.97.0 (2d8144b78 2026-07-07)","x86_64-unknown-linux-gnu","Linux 7.0.11-76070011-generic x86_64","Intel(R) Core(TM) Ultra 7 155H","/dev/nvme0n1p3 ext4   rw,noatime,errors=remount-ro","/tmp/pigment-db-durability-bench","pigment_db","buffered","key_map","file","successful_remove","1","32","5","5","41280","100115206","412324.976887","4206","0"
"candidate-protocol-v2-20260807-102902","6d7edc7c29a60a94c59effeeb2b78d8b95038135","default-hasher:7a3d2ed08cfb82df","rustc 1.97.0 (2d8144b78 2026-07-07)","x86_64-unknown-linux-gnu","Linux 7.0.11-76070011-generic x86_64","Intel(R) Core(TM) Ultra 7 155H","/dev/nvme0n1p3 ext4   rw,noatime,errors=remount-ro","/tmp/pigment-db-durability-bench","pigment_db","buffered","key_map","file","successful_remove","1","32","5","6","40576","100156898","405124.367969","4220","0"
"candidate-protocol-v2-20260807-102902","6d7edc7c29a60a94c59effeeb2b78d8b95038135","default-hasher:7a3d2ed08cfb82df","rustc 1.97.0 (2d8144b78 2026-07-07)","x86_64-unknown-linux-gnu","Linux 7.0.11-76070011-generic x86_64","Intel(R) Core(TM) Ultra 7 155H","/dev/nvme0n1p3 ext4   rw,noatime,errors=remount-ro","/tmp/pigment-db-durability-bench","pigment_db","buffered","key_map","file","successful_remove","1","32","5","7","40832","100136269","407764.343607","4245","0"
"candidate-protocol-v2-20260807-102902","6d7edc7c29a60a94c59effeeb2b78d8b95038135","default-hasher:7a3d2ed08cfb82df","rustc 1.97.0 (2d8144b78 2026-07-07)","x86_64-unknown-linux-gnu","Linux 7.0.11-76070011-generic x86_64","Intel(R) Core(TM) Ultra 7 155H","/dev/nvme0n1p3 ext4   rw,noatime,errors=remount-ro","/tmp/pigment-db-durability-bench","pigment_db","buffered","key_map","file","successful_remove","1","32","5","8","36864","100044954","368474.356038","3867","0"
"candidate-protocol-v2-20260807-102902","6d7edc7c29a60a94c59effeeb2b78d8b95038135","default-hasher:7a3d2ed08cfb82df","rustc 1.97.0 (2d8144b78 2026-07-07)","x86_64-unknown-linux-gnu","Linux 7.0.11-76070011-generic x86_64","Intel(R) Core(TM) Ultra 7 155H","/dev/nvme0n1p3 ext4   rw,noatime,errors=remount-ro","/tmp/pigment-db-durability-bench","pigment_db","buffered","key_map","file","successful_remove","1","32","5","9","40512","100016209","405054.344741","3549","0"
"candidate-protocol-v2-20260807-102902","6d7edc7c29a60a94c59effeeb2b78d8b95038135","default-hasher:7a3d2ed08cfb82df","rustc 1.97.0 (2d8144b78 2026-07-07)","x86_64-unknown-linux-gnu","Linux 7.0.11-76070011-generic x86_64","Intel(R) Core(TM) Ultra 7 155H","/dev/nvme0n1p3 ext4   rw,noatime,errors=remount-ro","/tmp/pigment-db-durability-bench","pigment_db","buffered","key_map","file","successful_remove","1","32","5","10","40256","100045445","402377.139709","3429","0"
"candidate-protocol-v2-20260807-102902","6d7edc7c29a60a94c59effeeb2b78d8b95038135","default-hasher:7a3d2ed08cfb82df","rustc 1.97.0 (2d8144b78 2026-07-07)","x86_64-unknown-linux-gnu","Linux 7.0.11-76070011-generic x86_64","Intel(R) Core(TM) Ultra 7 155H","/dev/nvme0n1p3 ext4   rw,noatime,errors=remount-ro","/tmp/pigment-db-durability-bench","pigment_db","buffered","key_map","file","successful_remove","8","32","5","0","8704","104822504","83035.604645","77238","0"
"candidate-protocol-v2-20260807-102902","6d7edc7c29a60a94c59effeeb2b78d8b95038135","default-hasher:7a3d2ed08cfb82df","rustc 1.97.0 (2d8144b78 2026-07-07)","x86_64-unknown-linux-gnu","Linux 7.0.11-76070011-generic x86_64","Intel(R) Core(TM) Ultra 7 155H","/dev/nvme0n1p3 ext4   rw,noatime,errors=remount-ro","/tmp/pigment-db-durability-bench","pigment_db","buffered","key_map","file","successful_remove","8","32","5","1","10752","101867232","105549.152450","65565","0"
"candidate-protocol-v2-20260807-102902","6d7edc7c29a60a94c59effeeb2b78d8b95038135","default-hasher:7a3d2ed08cfb82df","rustc 1.97.0 (2d8144b78 2026-07-07)","x86_64-unknown-linux-gnu","Linux 7.0.11-76070011-generic x86_64","Intel(R) Core(TM) Ultra 7 155H","/dev/nvme0n1p3 ext4   rw,noatime,errors=remount-ro","/tmp/pigment-db-durability-bench","pigment_db","buffered","key_map","file","successful_remove","8","32","5","2","10752","103096815","104290.321675","68887","0"
"candidate-protocol-v2-20260807-102902","6d7edc7c29a60a94c59effeeb2b78d8b95038135","default-hasher:7a3d2ed08cfb82df","rustc 1.97.0 (2d8144b78 2026-07-07)","x86_64-unknown-linux-gnu","Linux 7.0.11-76070011-generic x86_64","Intel(R) Core(TM) Ultra 7 155H","/dev/nvme0n1p3 ext4   rw,noatime,errors=remount-ro","/tmp/pigment-db-durability-bench","pigment_db","buffered","key_map","file","successful_remove","8","32","5","3","10240","101768848","100620.181924","68549","0"
"candidate-protocol-v2-20260807-102902","6d7edc7c29a60a94c59effeeb2b78d8b95038135","default-hasher:7a3d2ed08cfb82df","rustc 1.97.0 (2d8144b78 2026-07-07)","x86_64-unknown-linux-gnu","Linux 7.0.11-76070011-generic x86_64","Intel(R) Core(TM) Ultra 7 155H","/dev/nvme0n1p3 ext4   rw,noatime,errors=remount-ro","/tmp/pigment-db-durability-bench","pigment_db","buffered","key_map","file","successful_remove","8","32","5","4","9216","101165925","91097.867192","70210","0"
"candidate-protocol-v2-20260807-102902","6d7edc7c29a60a94c59effeeb2b78d8b95038135","default-hasher:7a3d2ed08cfb82df","rustc 1.97.0 (2d8144b78 2026-07-07)","x86_64-unknown-linux-gnu","Linux 7.0.11-76070011-generic x86_64","Intel(R) Core(TM) Ultra 7 155H","/dev/nvme0n1p3 ext4   rw,noatime,errors=remount-ro","/tmp/pigment-db-durability-bench","pigment_db","buffered","key_map","file","successful_remove","8","32","5","5","10240","100707753","101680.354242","71825","0"
"candidate-protocol-v2-20260807-102902","6d7edc7c29a60a94c59effeeb2b78d8b95038135","default-hasher:7a3d2ed08cfb82df","rustc 1.97.0 (2d8144b78 2026-07-07)","x86_64-unknown-linux-gnu","Linux 7.0.11-76070011-generic x86_64","Intel(R) Core(TM) Ultra 7 155H","/dev/nvme0n1p3 ext4   rw,noatime,errors=remount-ro","/tmp/pigment-db-durability-bench","pigment_db","buffered","key_map","file","successful_remove","8","32","5","6","9728","101509968","95832.953075","72832","0"
"candidate-protocol-v2-20260807-102902","6d7edc7c29a60a94c59effeeb2b78d8b95038135","default-hasher:7a3d2ed08cfb82df","rustc 1.97.0 (2d8144b78 2026-07-07)","x86_64-unknown-linux-gnu","Linux 7.0.11-76070011-generic x86_64","Intel(R) Core(TM) Ultra 7 155H","/dev/nvme0n1p3 ext4   rw,noatime,errors=remount-ro","/tmp/pigment-db-durability-bench","pigment_db","buffered","key_map","file","successful_remove","8","32","5","7","10240","103597991","98843.615606","70230","0"
"candidate-protocol-v2-20260807-102902","6d7edc7c29a60a94c59effeeb2b78d8b95038135","default-hasher:7a3d2ed08cfb82df","rustc 1.97.0 (2d8144b78 2026-07-07)","x86_64-unknown-linux-gnu","Linux 7.0.11-76070011-generic x86_64","Intel(R) Core(TM) Ultra 7 155H","/dev/nvme0n1p3 ext4   rw,noatime,errors=remount-ro","/tmp/pigment-db-durability-bench","pigment_db","buffered","key_map","file","successful_remove","8","32","5","8","10752","103106599","104280.425349","68887","0"
"candidate-protocol-v2-20260807-102902","6d7edc7c29a60a94c59effeeb2b78d8b95038135","default-hasher:7a3d2ed08cfb82df","rustc 1.97.0 (2d8144b78 2026-07-07)","x86_64-unknown-linux-gnu","Linux 7.0.11-76070011-generic x86_64","Intel(R) Core(TM) Ultra 7 155H","/dev/nvme0n1p3 ext4   rw,noatime,errors=remount-ro","/tmp/pigment-db-durability-bench","pigment_db","buffered","key_map","file","successful_remove","8","32","5","9","9216","103878605","88718.942654","70603","0"
"candidate-protocol-v2-20260807-102902","6d7edc7c29a60a94c59effeeb2b78d8b95038135","default-hasher:7a3d2ed08cfb82df","rustc 1.97.0 (2d8144b78 2026-07-07)","x86_64-unknown-linux-gnu","Linux 7.0.11-76070011-generic x86_64","Intel(R) Core(TM) Ultra 7 155H","/dev/nvme0n1p3 ext4   rw,noatime,errors=remount-ro","/tmp/pigment-db-durability-bench","pigment_db","buffered","key_map","file","successful_remove","8","32","5","10","8704","107950948","80629.213187","71078","0"
"candidate-protocol-v2-20260807-102902","6d7edc7c29a60a94c59effeeb2b78d8b95038135","default-hasher:7a3d2ed08cfb82df","rustc 1.97.0 (2d8144b78 2026-07-07)","x86_64-unknown-linux-gnu","Linux 7.0.11-76070011-generic x86_64","Intel(R) Core(TM) Ultra 7 155H","/dev/nvme0n1p3 ext4   rw,noatime,errors=remount-ro","/tmp/pigment-db-durability-bench","pigment_db","buffered","key_map","file","minimal_callback","1","32","5","0","32768","100089805","327385.991011","4692","0"
"candidate-protocol-v2-20260807-102902","6d7edc7c29a60a94c59effeeb2b78d8b95038135","default-hasher:7a3d2ed08cfb82df","rustc 1.97.0 (2d8144b78 2026-07-07)","x86_64-unknown-linux-gnu","Linux 7.0.11-76070011-generic x86_64","Intel(R) Core(TM) Ultra 7 155H","/dev/nvme0n1p3 ext4   rw,noatime,errors=remount-ro","/tmp/pigment-db-durability-bench","pigment_db","buffered","key_map","file","minimal_callback","1","32","5","1","30848","100100595","308169.996392","5097","0"
"candidate-protocol-v2-20260807-102902","6d7edc7c29a60a94c59effeeb2b78d8b95038135","default-hasher:7a3d2ed08cfb82df","rustc 1.97.0 (2d8144b78 2026-07-07)","x86_64-unknown-linux-gnu","Linux 7.0.11-76070011-generic x86_64","Intel(R) Core(TM) Ultra 7 155H","/dev/nvme0n1p3 ext4   rw,noatime,errors=remount-ro","/tmp/pigment-db-durability-bench","pigment_db","buffered","key_map","file","minimal_callback","1","32","5","2","34048","100021188","340407.874380","4007","0"
"candidate-protocol-v2-20260807-102902","6d7edc7c29a60a94c59effeeb2b78d8b95038135","default-hasher:7a3d2ed08cfb82df","rustc 1.97.0 (2d8144b78 2026-07-07)","x86_64-unknown-linux-gnu","Linux 7.0.11-76070011-generic x86_64","Intel(R) Core(TM) Ultra 7 155H","/dev/nvme0n1p3 ext4   rw,noatime,errors=remount-ro","/tmp/pigment-db-durability-bench","pigment_db","buffered","key_map","file","minimal_callback","1","32","5","3","34304","100177844","342431.007000","4145","0"
"candidate-protocol-v2-20260807-102902","6d7edc7c29a60a94c59effeeb2b78d8b95038135","default-hasher:7a3d2ed08cfb82df","rustc 1.97.0 (2d8144b78 2026-07-07)","x86_64-unknown-linux-gnu","Linux 7.0.11-76070011-generic x86_64","Intel(R) Core(TM) Ultra 7 155H","/dev/nvme0n1p3 ext4   rw,noatime,errors=remount-ro","/tmp/pigment-db-durability-bench","pigment_db","buffered","key_map","file","minimal_callback","1","32","5","4","27264","100023636","272575.574037","5203","0"
"candidate-protocol-v2-20260807-102902","6d7edc7c29a60a94c59effeeb2b78d8b95038135","default-hasher:7a3d2ed08cfb82df","rustc 1.97.0 (2d8144b78 2026-07-07)","x86_64-unknown-linux-gnu","Linux 7.0.11-76070011-generic x86_64","Intel(R) Core(TM) Ultra 7 155H","/dev/nvme0n1p3 ext4   rw,noatime,errors=remount-ro","/tmp/pigment-db-durability-bench","pigment_db","buffered","key_map","file","minimal_callback","1","32","5","5","28992","100009971","289891.094959","4935","0"
"candidate-protocol-v2-20260807-102902","6d7edc7c29a60a94c59effeeb2b78d8b95038135","default-hasher:7a3d2ed08cfb82df","rustc 1.97.0 (2d8144b78 2026-07-07)","x86_64-unknown-linux-gnu","Linux 7.0.11-76070011-generic x86_64","Intel(R) Core(TM) Ultra 7 155H","/dev/nvme0n1p3 ext4   rw,noatime,errors=remount-ro","/tmp/pigment-db-durability-bench","pigment_db","buffered","key_map","file","minimal_callback","1","32","5","6","32640","100134036","325963.092110","4853","0"
"candidate-protocol-v2-20260807-102902","6d7edc7c29a60a94c59effeeb2b78d8b95038135","default-hasher:7a3d2ed08cfb82df","rustc 1.97.0 (2d8144b78 2026-07-07)","x86_64-unknown-linux-gnu","Linux 7.0.11-76070011-generic x86_64","Intel(R) Core(TM) Ultra 7 155H","/dev/nvme0n1p3 ext4   rw,noatime,errors=remount-ro","/tmp/pigment-db-durability-bench","pigment_db","buffered","key_map","file","minimal_callback","1","32","5","7","32064","100043778","320499.691645","4702","0"
"candidate-protocol-v2-20260807-102902","6d7edc7c29a60a94c59effeeb2b78d8b95038135","default-hasher:7a3d2ed08cfb82df","rustc 1.97.0 (2d8144b78 2026-07-07)","x86_64-unknown-linux-gnu","Linux 7.0.11-76070011-generic x86_64","Intel(R) Core(TM) Ultra 7 155H","/dev/nvme0n1p3 ext4   rw,noatime,errors=remount-ro","/tmp/pigment-db-durability-bench","pigment_db","buffered","key_map","file","minimal_callback","1","32","5","8","33920","100036491","339076.267679","4604","0"
"candidate-protocol-v2-20260807-102902","6d7edc7c29a60a94c59effeeb2b78d8b95038135","default-hasher:7a3d2ed08cfb82df","rustc 1.97.0 (2d8144b78 2026-07-07)","x86_64-unknown-linux-gnu","Linux 7.0.11-76070011-generic x86_64","Intel(R) Core(TM) Ultra 7 155H","/dev/nvme0n1p3 ext4   rw,noatime,errors=remount-ro","/tmp/pigment-db-durability-bench","pigment_db","buffered","key_map","file","minimal_callback","1","32","5","9","32832","100078620","328062.077595","4676","0"
"candidate-protocol-v2-20260807-102902","6d7edc7c29a60a94c59effeeb2b78d8b95038135","default-hasher:7a3d2ed08cfb82df","rustc 1.97.0 (2d8144b78 2026-07-07)","x86_64-unknown-linux-gnu","Linux 7.0.11-76070011-generic x86_64","Intel(R) Core(TM) Ultra 7 155H","/dev/nvme0n1p3 ext4   rw,noatime,errors=remount-ro","/tmp/pigment-db-durability-bench","pigment_db","buffered","key_map","file","minimal_callback","1","32","5","10","32064","100095490","320334.112956","5033","0"
"candidate-protocol-v2-20260807-102902","6d7edc7c29a60a94c59effeeb2b78d8b95038135","default-hasher:7a3d2ed08cfb82df","rustc 1.97.0 (2d8144b78 2026-07-07)","x86_64-unknown-linux-gnu","Linux 7.0.11-76070011-generic x86_64","Intel(R) Core(TM) Ultra 7 155H","/dev/nvme0n1p3 ext4   rw,noatime,errors=remount-ro","/tmp/pigment-db-durability-bench","pigment_db","buffered","key_map","file","minimal_callback","8","32","5","0","9728","101251817","96077.288174","75294","0"
"candidate-protocol-v2-20260807-102902","6d7edc7c29a60a94c59effeeb2b78d8b95038135","default-hasher:7a3d2ed08cfb82df","rustc 1.97.0 (2d8144b78 2026-07-07)","x86_64-unknown-linux-gnu","Linux 7.0.11-76070011-generic x86_64","Intel(R) Core(TM) Ultra 7 155H","/dev/nvme0n1p3 ext4   rw,noatime,errors=remount-ro","/tmp/pigment-db-durability-bench","pigment_db","buffered","key_map","file","minimal_callback","8","32","5","1","10240","102876150","99537.161918","70655","0"
"candidate-protocol-v2-20260807-102902","6d7edc7c29a60a94c59effeeb2b78d8b95038135","default-hasher:7a3d2ed08cfb82df","rustc 1.97.0 (2d8144b78 2026-07-07)","x86_64-unknown-linux-gnu","Linux 7.0.11-76070011-generic x86_64","Intel(R) Core(TM) Ultra 7 155H","/dev/nvme0n1p3 ext4   rw,noatime,errors=remount-ro","/tmp/pigment-db-durability-bench","pigment_db","buffered","key_map","file","minimal_callback","8","32","5","2","9728","103200492","94263.116498","76189","0"
"candidate-protocol-v2-20260807-102902","6d7edc7c29a60a94c59effeeb2b78d8b95038135","default-hasher:7a3d2ed08cfb82df","rustc 1.97.0 (2d8144b78 2026-07-07)","x86_64-unknown-linux-gnu","Linux 7.0.11-76070011-generic x86_64","Intel(R) Core(TM) Ultra 7 155H","/dev/nvme0n1p3 ext4   rw,noatime,errors=remount-ro","/tmp/pigment-db-durability-bench","pigment_db","buffered","key_map","file","minimal_callback","8","32","5","3","10240","104149253","98320.436345","70646","0"
"candidate-protocol-v2-20260807-102902","6d7edc7c29a60a94c59effeeb2b78d8b95038135","default-hasher:7a3d2ed08cfb82df","rustc 1.97.0 (2d8144b78 2026-07-07)","x86_64-unknown-linux-gnu","Linux 7.0.11-76070011-generic x86_64","Intel(R) Core(TM) Ultra 7 155H","/dev/nvme0n1p3 ext4   rw,noatime,errors=remount-ro","/tmp/pigment-db-durability-bench","pigment_db","buffered","key_map","file","minimal_callback","8","32","5","4","9728","103041750","94408.334486","76092","0"
"candidate-protocol-v2-20260807-102902","6d7edc7c29a60a94c59effeeb2b78d8b95038135","default-hasher:7a3d2ed08cfb82df","rustc 1.97.0 (2d8144b78 2026-07-07)","x86_64-unknown-linux-gnu","Linux 7.0.11-76070011-generic x86_64","Intel(R) Core(TM) Ultra 7 155H","/dev/nvme0n1p3 ext4   rw,noatime,errors=remount-ro","/tmp/pigment-db-durability-bench","pigment_db","buffered","key_map","file","minimal_callback","8","32","5","5","9728","101370544","95964.760730","74606","0"
"candidate-protocol-v2-20260807-102902","6d7edc7c29a60a94c59effeeb2b78d8b95038135","default-hasher:7a3d2ed08cfb82df","rustc 1.97.0 (2d8144b78 2026-07-07)","x86_64-unknown-linux-gnu","Linux 7.0.11-76070011-generic x86_64","Intel(R) Core(TM) Ultra 7 155H","/dev/nvme0n1p3 ext4   rw,noatime,errors=remount-ro","/tmp/pigment-db-durability-bench","pigment_db","buffered","key_map","file","minimal_callback","8","32","5","6","9216","104149557","88488.134424","76665","0"
"candidate-protocol-v2-20260807-102902","6d7edc7c29a60a94c59effeeb2b78d8b95038135","default-hasher:7a3d2ed08cfb82df","rustc 1.97.0 (2d8144b78 2026-07-07)","x86_64-unknown-linux-gnu","Linux 7.0.11-76070011-generic x86_64","Intel(R) Core(TM) Ultra 7 155H","/dev/nvme0n1p3 ext4   rw,noatime,errors=remount-ro","/tmp/pigment-db-durability-bench","pigment_db","buffered","key_map","file","minimal_callback","8","32","5","7","10240","105568871","96998.290339","74467","0"
"candidate-protocol-v2-20260807-102902","6d7edc7c29a60a94c59effeeb2b78d8b95038135","default-hasher:7a3d2ed08cfb82df","rustc 1.97.0 (2d8144b78 2026-07-07)","x86_64-unknown-linux-gnu","Linux 7.0.11-76070011-generic x86_64","Intel(R) Core(TM) Ultra 7 155H","/dev/nvme0n1p3 ext4   rw,noatime,errors=remount-ro","/tmp/pigment-db-durability-bench","pigment_db","buffered","key_map","file","minimal_callback","8","32","5","8","8704","104315017","83439.568437","82526","0"
"candidate-protocol-v2-20260807-102902","6d7edc7c29a60a94c59effeeb2b78d8b95038135","default-hasher:7a3d2ed08cfb82df","rustc 1.97.0 (2d8144b78 2026-07-07)","x86_64-unknown-linux-gnu","Linux 7.0.11-76070011-generic x86_64","Intel(R) Core(TM) Ultra 7 155H","/dev/nvme0n1p3 ext4   rw,noatime,errors=remount-ro","/tmp/pigment-db-durability-bench","pigment_db","buffered","key_map","file","minimal_callback","8","32","5","9","9728","103562481","93933.632200","73355","0"
"candidate-protocol-v2-20260807-102902","6d7edc7c29a60a94c59effeeb2b78d8b95038135","default-hasher:7a3d2ed08cfb82df","rustc 1.97.0 (2d8144b78 2026-07-07)","x86_64-unknown-linux-gnu","Linux 7.0.11-76070011-generic x86_64","Intel(R) Core(TM) Ultra 7 155H","/dev/nvme0n1p3 ext4   rw,noatime,errors=remount-ro","/tmp/pigment-db-durability-bench","pigment_db","buffered","key_map","file","minimal_callback","8","32","5","10","9728","101553265","95792.094917","75294","0"
"candidate-protocol-v2-20260807-102902","6d7edc7c29a60a94c59effeeb2b78d8b95038135","default-hasher:7a3d2ed08cfb82df","rustc 1.97.0 (2d8144b78 2026-07-07)","x86_64-unknown-linux-gnu","Linux 7.0.11-76070011-generic x86_64","Intel(R) Core(TM) Ultra 7 155H","/dev/nvme0n1p3 ext4   rw,noatime,errors=remount-ro","/tmp/pigment-db-durability-bench","pigment_db","physical","key_value","file","ordinary_write","1","32","5","0","1024","1066942615","959.751711","1021595","0"
"candidate-protocol-v2-20260807-102902","6d7edc7c29a60a94c59effeeb2b78d8b95038135","default-hasher:7a3d2ed08cfb82df","rustc 1.97.0 (2d8144b78 2026-07-07)","x86_64-unknown-linux-gnu","Linux 7.0.11-76070011-generic x86_64","Intel(R) Core(TM) Ultra 7 155H","/dev/nvme0n1p3 ext4   rw,noatime,errors=remount-ro","/tmp/pigment-db-durability-bench","pigment_db","physical","key_value","file","ordinary_write","1","32","5","1","1024","1041194110","983.486163","1028746","0"
"candidate-protocol-v2-20260807-102902","6d7edc7c29a60a94c59effeeb2b78d8b95038135","default-hasher:7a3d2ed08cfb82df","rustc 1.97.0 (2d8144b78 2026-07-07)","x86_64-unknown-linux-gnu","Linux 7.0.11-76070011-generic x86_64","Intel(R) Core(TM) Ultra 7 155H","/dev/nvme0n1p3 ext4   rw,noatime,errors=remount-ro","/tmp/pigment-db-durability-bench","pigment_db","physical","key_value","file","ordinary_write","1","32","5","2","1024","1111738928","921.079558","1300644","0"
"candidate-protocol-v2-20260807-102902","6d7edc7c29a60a94c59effeeb2b78d8b95038135","default-hasher:7a3d2ed08cfb82df","rustc 1.97.0 (2d8144b78 2026-07-07)","x86_64-unknown-linux-gnu","Linux 7.0.11-76070011-generic x86_64","Intel(R) Core(TM) Ultra 7 155H","/dev/nvme0n1p3 ext4   rw,noatime,errors=remount-ro","/tmp/pigment-db-durability-bench","pigment_db","physical","key_value","file","ordinary_write","1","32","5","3","1024","1082475519","945.979823","1147138","0"
"candidate-protocol-v2-20260807-102902","6d7edc7c29a60a94c59effeeb2b78d8b95038135","default-hasher:7a3d2ed08cfb82df","rustc 1.97.0 (2d8144b78 2026-07-07)","x86_64-unknown-linux-gnu","Linux 7.0.11-76070011-generic x86_64","Intel(R) Core(TM) Ultra 7 155H","/dev/nvme0n1p3 ext4   rw,noatime,errors=remount-ro","/tmp/pigment-db-durability-bench","pigment_db","physical","key_value","file","ordinary_write","1","32","5","4","1024","1101702603","929.470437","1130762","0"
"candidate-protocol-v2-20260807-102902","6d7edc7c29a60a94c59effeeb2b78d8b95038135","default-hasher:7a3d2ed08cfb82df","rustc 1.97.0 (2d8144b78 2026-07-07)","x86_64-unknown-linux-gnu","Linux 7.0.11-76070011-generic x86_64","Intel(R) Core(TM) Ultra 7 155H","/dev/nvme0n1p3 ext4   rw,noatime,errors=remount-ro","/tmp/pigment-db-durability-bench","pigment_db","physical","key_value","file","ordinary_write","1","32","5","5","1024","1101104535","929.975282","1138149","0"
"candidate-protocol-v2-20260807-102902","6d7edc7c29a60a94c59effeeb2b78d8b95038135","default-hasher:7a3d2ed08cfb82df","rustc 1.97.0 (2d8144b78 2026-07-07)","x86_64-unknown-linux-gnu","Linux 7.0.11-76070011-generic x86_64","Intel(R) Core(TM) Ultra 7 155H","/dev/nvme0n1p3 ext4   rw,noatime,errors=remount-ro","/tmp/pigment-db-durability-bench","pigment_db","physical","key_value","file","ordinary_write","1","32","5","6","1024","1069549524","957.412422","1102463","0"
"candidate-protocol-v2-20260807-102902","6d7edc7c29a60a94c59effeeb2b78d8b95038135","default-hasher:7a3d2ed08cfb82df","rustc 1.97.0 (2d8144b78 2026-07-07)","x86_64-unknown-linux-gnu","Linux 7.0.11-76070011-generic x86_64","Intel(R) Core(TM) Ultra 7 155H","/dev/nvme0n1p3 ext4   rw,noatime,errors=remount-ro","/tmp/pigment-db-durability-bench","pigment_db","physical","key_value","file","ordinary_write","1","32","5","7","1024","1056207122","969.506812","1005084","0"
"candidate-protocol-v2-20260807-102902","6d7edc7c29a60a94c59effeeb2b78d8b95038135","default-hasher:7a3d2ed08cfb82df","rustc 1.97.0 (2d8144b78 2026-07-07)","x86_64-unknown-linux-gnu","Linux 7.0.11-76070011-generic x86_64","Intel(R) Core(TM) Ultra 7 155H","/dev/nvme0n1p3 ext4   rw,noatime,errors=remount-ro","/tmp/pigment-db-durability-bench","pigment_db","physical","key_value","file","ordinary_write","1","32","5","8","1024","1069260877","957.670875","1060311","0"
"candidate-protocol-v2-20260807-102902","6d7edc7c29a60a94c59effeeb2b78d8b95038135","default-hasher:7a3d2ed08cfb82df","rustc 1.97.0 (2d8144b78 2026-07-07)","x86_64-unknown-linux-gnu","Linux 7.0.11-76070011-generic x86_64","Intel(R) Core(TM) Ultra 7 155H","/dev/nvme0n1p3 ext4   rw,noatime,errors=remount-ro","/tmp/pigment-db-durability-bench","pigment_db","physical","key_value","file","ordinary_write","1","32","5","9","1024","1023938069","1000.060483","1027134","0"
"candidate-protocol-v2-20260807-102902","6d7edc7c29a60a94c59effeeb2b78d8b95038135","default-hasher:7a3d2ed08cfb82df","rustc 1.97.0 (2d8144b78 2026-07-07)","x86_64-unknown-linux-gnu","Linux 7.0.11-76070011-generic x86_64","Intel(R) Core(TM) Ultra 7 155H","/dev/nvme0n1p3 ext4   rw,noatime,errors=remount-ro","/tmp/pigment-db-durability-bench","pigment_db","physical","key_value","file","ordinary_write","1","32","5","10","1024","1054921811","970.688054","1027125","0"
"candidate-protocol-v2-20260807-102902","6d7edc7c29a60a94c59effeeb2b78d8b95038135","default-hasher:7a3d2ed08cfb82df","rustc 1.97.0 (2d8144b78 2026-07-07)","x86_64-unknown-linux-gnu","Linux 7.0.11-76070011-generic x86_64","Intel(R) Core(TM) Ultra 7 155H","/dev/nvme0n1p3 ext4   rw,noatime,errors=remount-ro","/tmp/pigment-db-durability-bench","pigment_db","physical","key_value","file","ordinary_write","8","32","5","0","1024","1117259906","916.528012","13702030","0"
"candidate-protocol-v2-20260807-102902","6d7edc7c29a60a94c59effeeb2b78d8b95038135","default-hasher:7a3d2ed08cfb82df","rustc 1.97.0 (2d8144b78 2026-07-07)","x86_64-unknown-linux-gnu","Linux 7.0.11-76070011-generic x86_64","Intel(R) Core(TM) Ultra 7 155H","/dev/nvme0n1p3 ext4   rw,noatime,errors=remount-ro","/tmp/pigment-db-durability-bench","pigment_db","physical","key_value","file","ordinary_write","8","32","5","1","1024","1089331443","940.026111","12838831","0"
"candidate-protocol-v2-20260807-102902","6d7edc7c29a60a94c59effeeb2b78d8b95038135","default-hasher:7a3d2ed08cfb82df","rustc 1.97.0 (2d8144b78 2026-07-07)","x86_64-unknown-linux-gnu","Linux 7.0.11-76070011-generic x86_64","Intel(R) Core(TM) Ultra 7 155H","/dev/nvme0n1p3 ext4   rw,noatime,errors=remount-ro","/tmp/pigment-db-durability-bench","pigment_db","physical","key_value","file","ordinary_write","8","32","5","2","1024","1080594497","947.626517","12872376","0"
"candidate-protocol-v2-20260807-102902","6d7edc7c29a60a94c59effeeb2b78d8b95038135","default-hasher:7a3d2ed08cfb82df","rustc 1.97.0 (2d8144b78 2026-07-07)","x86_64-unknown-linux-gnu","Linux 7.0.11-76070011-generic x86_64","Intel(R) Core(TM) Ultra 7 155H","/dev/nvme0n1p3 ext4   rw,noatime,errors=remount-ro","/tmp/pigment-db-durability-bench","pigment_db","physical","key_value","file","ordinary_write","8","32","5","3","1024","1115124431","918.283172","11922107","0"
"candidate-protocol-v2-20260807-102902","6d7edc7c29a60a94c59effeeb2b78d8b95038135","default-hasher:7a3d2ed08cfb82df","rustc 1.97.0 (2d8144b78 2026-07-07)","x86_64-unknown-linux-gnu","Linux 7.0.11-76070011-generic x86_64","Intel(R) Core(TM) Ultra 7 155H","/dev/nvme0n1p3 ext4   rw,noatime,errors=remount-ro","/tmp/pigment-db-durability-bench","pigment_db","physical","key_value","file","ordinary_write","8","32","5","4","1024","1133713347","903.226554","13327326","0"
"candidate-protocol-v2-20260807-102902","6d7edc7c29a60a94c59effeeb2b78d8b95038135","default-hasher:7a3d2ed08cfb82df","rustc 1.97.0 (2d8144b78 2026-07-07)","x86_64-unknown-linux-gnu","Linux 7.0.11-76070011-generic x86_64","Intel(R) Core(TM) Ultra 7 155H","/dev/nvme0n1p3 ext4   rw,noatime,errors=remount-ro","/tmp/pigment-db-durability-bench","pigment_db","physical","key_value","file","ordinary_write","8","32","5","5","1024","1155192584","886.432283","13962798","0"
"candidate-protocol-v2-20260807-102902","6d7edc7c29a60a94c59effeeb2b78d8b95038135","default-hasher:7a3d2ed08cfb82df","rustc 1.97.0 (2d8144b78 2026-07-07)","x86_64-unknown-linux-gnu","Linux 7.0.11-76070011-generic x86_64","Intel(R) Core(TM) Ultra 7 155H","/dev/nvme0n1p3 ext4   rw,noatime,errors=remount-ro","/tmp/pigment-db-durability-bench","pigment_db","physical","key_value","file","ordinary_write","8","32","5","6","1024","1094274957","935.779434","12987293","0"
"candidate-protocol-v2-20260807-102902","6d7edc7c29a60a94c59effeeb2b78d8b95038135","default-hasher:7a3d2ed08cfb82df","rustc 1.97.0 (2d8144b78 2026-07-07)","x86_64-unknown-linux-gnu","Linux 7.0.11-76070011-generic x86_64","Intel(R) Core(TM) Ultra 7 155H","/dev/nvme0n1p3 ext4   rw,noatime,errors=remount-ro","/tmp/pigment-db-durability-bench","pigment_db","physical","key_value","file","ordinary_write","8","32","5","7","1024","1092236687","937.525732","13679524","0"
"candidate-protocol-v2-20260807-102902","6d7edc7c29a60a94c59effeeb2b78d8b95038135","default-hasher:7a3d2ed08cfb82df","rustc 1.97.0 (2d8144b78 2026-07-07)","x86_64-unknown-linux-gnu","Linux 7.0.11-76070011-generic x86_64","Intel(R) Core(TM) Ultra 7 155H","/dev/nvme0n1p3 ext4   rw,noatime,errors=remount-ro","/tmp/pigment-db-durability-bench","pigment_db","physical","key_value","file","ordinary_write","8","32","5","8","1024","1130983178","905.406924","13678387","0"
"candidate-protocol-v2-20260807-102902","6d7edc7c29a60a94c59effeeb2b78d8b95038135","default-hasher:7a3d2ed08cfb82df","rustc 1.97.0 (2d8144b78 2026-07-07)","x86_64-unknown-linux-gnu","Linux 7.0.11-76070011-generic x86_64","Intel(R) Core(TM) Ultra 7 155H","/dev/nvme0n1p3 ext4   rw,noatime,errors=remount-ro","/tmp/pigment-db-durability-bench","pigment_db","physical","key_value","file","ordinary_write","8","32","5","9","1024","1086810176","942.206857","11965774","0"
"candidate-protocol-v2-20260807-102902","6d7edc7c29a60a94c59effeeb2b78d8b95038135","default-hasher:7a3d2ed08cfb82df","rustc 1.97.0 (2d8144b78 2026-07-07)","x86_64-unknown-linux-gnu","Linux 7.0.11-76070011-generic x86_64","Intel(R) Core(TM) Ultra 7 155H","/dev/nvme0n1p3 ext4   rw,noatime,errors=remount-ro","/tmp/pigment-db-durability-bench","pigment_db","physical","key_value","file","ordinary_write","8","32","5","10","1024","1108818441","923.505564","13591546","0"
"candidate-protocol-v2-20260807-102902","6d7edc7c29a60a94c59effeeb2b78d8b95038135","default-hasher:7a3d2ed08cfb82df","rustc 1.97.0 (2d8144b78 2026-07-07)","x86_64-unknown-linux-gnu","Linux 7.0.11-76070011-generic x86_64","Intel(R) Core(TM) Ultra 7 155H","/dev/nvme0n1p3 ext4   rw,noatime,errors=remount-ro","/tmp/pigment-db-durability-bench","pigment_db","physical","key_value","file","successful_remove","1","32","5","0","1024","1049222445","975.960822","1004670","0"
"candidate-protocol-v2-20260807-102902","6d7edc7c29a60a94c59effeeb2b78d8b95038135","default-hasher:7a3d2ed08cfb82df","rustc 1.97.0 (2d8144b78 2026-07-07)","x86_64-unknown-linux-gnu","Linux 7.0.11-76070011-generic x86_64","Intel(R) Core(TM) Ultra 7 155H","/dev/nvme0n1p3 ext4   rw,noatime,errors=remount-ro","/tmp/pigment-db-durability-bench","pigment_db","physical","key_value","file","successful_remove","1","32","5","1","1024","1062747614","963.540154","1004277","0"
"candidate-protocol-v2-20260807-102902","6d7edc7c29a60a94c59effeeb2b78d8b95038135","default-hasher:7a3d2ed08cfb82df","rustc 1.97.0 (2d8144b78 2026-07-07)","x86_64-unknown-linux-gnu","Linux 7.0.11-76070011-generic x86_64","Intel(R) Core(TM) Ultra 7 155H","/dev/nvme0n1p3 ext4   rw,noatime,errors=remount-ro","/tmp/pigment-db-durability-bench","pigment_db","physical","key_value","file","successful_remove","1","32","5","2","1024","1039065394","985.501015","1012345","0"
"candidate-protocol-v2-20260807-102902","6d7edc7c29a60a94c59effeeb2b78d8b95038135","default-hasher:7a3d2ed08cfb82df","rustc 1.97.0 (2d8144b78 2026-07-07)","x86_64-unknown-linux-gnu","Linux 7.0.11-76070011-generic x86_64","Intel(R) Core(TM) Ultra 7 155H","/dev/nvme0n1p3 ext4   rw,noatime,errors=remount-ro","/tmp/pigment-db-durability-bench","pigment_db","physical","key_value","file","successful_remove","1","32","5","3","1024","1066910130","959.780933","1032518","0"
"candidate-protocol-v2-20260807-102902","6d7edc7c29a60a94c59effeeb2b78d8b95038135","default-hasher:7a3d2ed08cfb82df","rustc 1.97.0 (2d8144b78 2026-07-07)","x86_64-unknown-linux-gnu","Linux 7.0.11-76070011-generic x86_64","Intel(R) Core(TM) Ultra 7 155H","/dev/nvme0n1p3 ext4   rw,noatime,errors=remount-ro","/tmp/pigment-db-durability-bench","pigment_db","physical","key_value","file","successful_remove","1","32","5","4","1024","1052268205","973.135932","1025795","0"
"candidate-protocol-v2-20260807-102902","6d7edc7c29a60a94c59effeeb2b78d8b95038135","default-hasher:7a3d2ed08cfb82df","rustc 1.97.0 (2d8144b78 2026-07-07)","x86_64-unknown-linux-gnu","Linux 7.0.11-76070011-generic x86_64","Intel(R) Core(TM) Ultra 7 155H","/dev/nvme0n1p3 ext4   rw,noatime,errors=remount-ro","/tmp/pigment-db-durability-bench","pigment_db","physical","key_value","file","successful_remove","1","32","5","5","1024","1069514445","957.443824","1060091","0"
"candidate-protocol-v2-20260807-102902","6d7edc7c29a60a94c59effeeb2b78d8b95038135","default-hasher:7a3d2ed08cfb82df","rustc 1.97.0 (2d8144b78 2026-07-07)","x86_64-unknown-linux-gnu","Linux 7.0.11-76070011-generic x86_64","Intel(R) Core(TM) Ultra 7 155H","/dev/nvme0n1p3 ext4   rw,noatime,errors=remount-ro","/tmp/pigment-db-durability-bench","pigment_db","physical","key_value","file","successful_remove","1","32","5","6","1024","1064248834","962.180993","1054848","0"
"candidate-protocol-v2-20260807-102902","6d7edc7c29a60a94c59effeeb2b78d8b95038135","default-hasher:7a3d2ed08cfb82df","rustc 1.97.0 (2d8144b78 2026-07-07)","x86_64-unknown-linux-gnu","Linux 7.0.11-76070011-generic x86_64","Intel(R) Core(TM) Ultra 7 155H","/dev/nvme0n1p3 ext4   rw,noatime,errors=remount-ro","/tmp/pigment-db-durability-bench","pigment_db","physical","key_value","file","successful_remove","1","32","5","7","1024","1041617391","983.086505","996247","0"
"candidate-protocol-v2-20260807-102902","6d7edc7c29a60a94c59effeeb2b78d8b95038135","default-hasher:7a3d2ed08cfb82df","rustc 1.97.0 (2d8144b78 2026-07-07)","x86_64-unknown-linux-gnu","Linux 7.0.11-76070011-generic x86_64","Intel(R) Core(TM) Ultra 7 155H","/dev/nvme0n1p3 ext4   rw,noatime,errors=remount-ro","/tmp/pigment-db-durability-bench","pigment_db","physical","key_value","file","successful_remove","1","32","5","8","1024","1054783594","970.815251","1005932","0"
"candidate-protocol-v2-20260807-102902","6d7edc7c29a60a94c59effeeb2b78d8b95038135","default-hasher:7a3d2ed08cfb82df","rustc 1.97.0 (2d8144b78 2026-07-07)","x86_64-unknown-linux-gnu","Linux 7.0.11-76070011-generic x86_64","Intel(R) Core(TM) Ultra 7 155H","/dev/nvme0n1p3 ext4   rw,noatime,errors=remount-ro","/tmp/pigment-db-durability-bench","pigment_db","physical","key_value","file","successful_remove","1","32","5","9","1024","1027542330","996.552619","969810","0"
"candidate-protocol-v2-20260807-102902","6d7edc7c29a60a94c59effeeb2b78d8b95038135","default-hasher:7a3d2ed08cfb82df","rustc 1.97.0 (2d8144b78 2026-07-07)","x86_64-unknown-linux-gnu","Linux 7.0.11-76070011-generic x86_64","Intel(R) Core(TM) Ultra 7 155H","/dev/nvme0n1p3 ext4   rw,noatime,errors=remount-ro","/tmp/pigment-db-durability-bench","pigment_db","physical","key_value","file","successful_remove","1","32","5","10","1024","1076206427","951.490322","1070968","0"
"candidate-protocol-v2-20260807-102902","6d7edc7c29a60a94c59effeeb2b78d8b95038135","default-hasher:7a3d2ed08cfb82df","rustc 1.97.0 (2d8144b78 2026-07-07)","x86_64-unknown-linux-gnu","Linux 7.0.11-76070011-generic x86_64","Intel(R) Core(TM) Ultra 7 155H","/dev/nvme0n1p3 ext4   rw,noatime,errors=remount-ro","/tmp/pigment-db-durability-bench","pigment_db","physical","key_value","file","successful_remove","8","32","5","0","1024","1106842589","925.154137","8587886","0"
"candidate-protocol-v2-20260807-102902","6d7edc7c29a60a94c59effeeb2b78d8b95038135","default-hasher:7a3d2ed08cfb82df","rustc 1.97.0 (2d8144b78 2026-07-07)","x86_64-unknown-linux-gnu","Linux 7.0.11-76070011-generic x86_64","Intel(R) Core(TM) Ultra 7 155H","/dev/nvme0n1p3 ext4   rw,noatime,errors=remount-ro","/tmp/pigment-db-durability-bench","pigment_db","physical","key_value","file","successful_remove","8","32","5","1","1024","1102062451","929.166944","13722285","0"
"candidate-protocol-v2-20260807-102902","6d7edc7c29a60a94c59effeeb2b78d8b95038135","default-hasher:7a3d2ed08cfb82df","rustc 1.97.0 (2d8144b78 2026-07-07)","x86_64-unknown-linux-gnu","Linux 7.0.11-76070011-generic x86_64","Intel(R) Core(TM) Ultra 7 155H","/dev/nvme0n1p3 ext4   rw,noatime,errors=remount-ro","/tmp/pigment-db-durability-bench","pigment_db","physical","key_value","file","successful_remove","8","32","5","2","1024","1087131285","941.928555","13075044","0"
"candidate-protocol-v2-20260807-102902","6d7edc7c29a60a94c59effeeb2b78d8b95038135","default-hasher:7a3d2ed08cfb82df","rustc 1.97.0 (2d8144b78 2026-07-07)","x86_64-unknown-linux-gnu","Linux 7.0.11-76070011-generic x86_64","Intel(R) Core(TM) Ultra 7 155H","/dev/nvme0n1p3 ext4   rw,noatime,errors=remount-ro","/tmp/pigment-db-durability-bench","pigment_db","physical","key_value","file","successful_remove","8","32","5","3","1024","1107077106","924.958157","13884825","0"
"candidate-protocol-v2-20260807-102902","6d7edc7c29a60a94c59effeeb2b78d8b95038135","default-hasher:7a3d2ed08cfb82df","rustc 1.97.0 (2d8144b78 2026-07-07)","x86_64-unknown-linux-gnu","Linux 7.0.11-76070011-generic x86_64","Intel(R) Core(TM) Ultra 7 155H","/dev/nvme0n1p3 ext4   rw,noatime,errors=remount-ro","/tmp/pigment-db-durability-bench","pigment_db","physical","key_value","file","successful_remove","8","32","5","4","1024","1067475926","959.272219","13646363","0"
"candidate-protocol-v2-20260807-102902","6d7edc7c29a60a94c59effeeb2b78d8b95038135","default-hasher:7a3d2ed08cfb82df","rustc 1.97.0 (2d8144b78 2026-07-07)","x86_64-unknown-linux-gnu","Linux 7.0.11-76070011-generic x86_64","Intel(R) Core(TM) Ultra 7 155H","/dev/nvme0n1p3 ext4   rw,noatime,errors=remount-ro","/tmp/pigment-db-durability-bench","pigment_db","physical","key_value","file","successful_remove","8","32","5","5","1024","1131010990","905.384659","12008045","0"
"candidate-protocol-v2-20260807-102902","6d7edc7c29a60a94c59effeeb2b78d8b95038135","default-hasher:7a3d2ed08cfb82df","rustc 1.97.0 (2d8144b78 2026-07-07)","x86_64-unknown-linux-gnu","Linux 7.0.11-76070011-generic x86_64","Intel(R) Core(TM) Ultra 7 155H","/dev/nvme0n1p3 ext4   rw,noatime,errors=remount-ro","/tmp/pigment-db-durability-bench","pigment_db","physical","key_value","file","successful_remove","8","32","5","6","1024","1110309832","922.265093","13385868","0"
"candidate-protocol-v2-20260807-102902","6d7edc7c29a60a94c59effeeb2b78d8b95038135","default-hasher:7a3d2ed08cfb82df","rustc 1.97.0 (2d8144b78 2026-07-07)","x86_64-unknown-linux-gnu","Linux 7.0.11-76070011-generic x86_64","Intel(R) Core(TM) Ultra 7 155H","/dev/nvme0n1p3 ext4   rw,noatime,errors=remount-ro","/tmp/pigment-db-durability-bench","pigment_db","physical","key_value","file","successful_remove","8","32","5","7","1024","1135014059","902.191468","13987811","0"
"candidate-protocol-v2-20260807-102902","6d7edc7c29a60a94c59effeeb2b78d8b95038135","default-hasher:7a3d2ed08cfb82df","rustc 1.97.0 (2d8144b78 2026-07-07)","x86_64-unknown-linux-gnu","Linux 7.0.11-76070011-generic x86_64","Intel(R) Core(TM) Ultra 7 155H","/dev/nvme0n1p3 ext4   rw,noatime,errors=remount-ro","/tmp/pigment-db-durability-bench","pigment_db","physical","key_value","file","successful_remove","8","32","5","8","1024","1097450006","933.072117","13784859","0"
"candidate-protocol-v2-20260807-102902","6d7edc7c29a60a94c59effeeb2b78d8b95038135","default-hasher:7a3d2ed08cfb82df","rustc 1.97.0 (2d8144b78 2026-07-07)","x86_64-unknown-linux-gnu","Linux 7.0.11-76070011-generic x86_64","Intel(R) Core(TM) Ultra 7 155H","/dev/nvme0n1p3 ext4   rw,noatime,errors=remount-ro","/tmp/pigment-db-durability-bench","pigment_db","physical","key_value","file","successful_remove","8","32","5","9","1024","1089064743","940.256313","12944795","0"
"candidate-protocol-v2-20260807-102902","6d7edc7c29a60a94c59effeeb2b78d8b95038135","default-hasher:7a3d2ed08cfb82df","rustc 1.97.0 (2d8144b78 2026-07-07)","x86_64-unknown-linux-gnu","Linux 7.0.11-76070011-generic x86_64","Intel(R) Core(TM) Ultra 7 155H","/dev/nvme0n1p3 ext4   rw,noatime,errors=remount-ro","/tmp/pigment-db-durability-bench","pigment_db","physical","key_value","file","successful_remove","8","32","5","10","1024","1085578067","943.276243","12054444","0"
"candidate-protocol-v2-20260807-102902","6d7edc7c29a60a94c59effeeb2b78d8b95038135","default-hasher:7a3d2ed08cfb82df","rustc 1.97.0 (2d8144b78 2026-07-07)","x86_64-unknown-linux-gnu","Linux 7.0.11-76070011-generic x86_64","Intel(R) Core(TM) Ultra 7 155H","/dev/nvme0n1p3 ext4   rw,noatime,errors=remount-ro","/tmp/pigment-db-durability-bench","pigment_db","physical","key_value","file","minimal_callback","1","32","5","0","1024","1052167853","973.228746","1045729","0"
"candidate-protocol-v2-20260807-102902","6d7edc7c29a60a94c59effeeb2b78d8b95038135","default-hasher:7a3d2ed08cfb82df","rustc 1.97.0 (2d8144b78 2026-07-07)","x86_64-unknown-linux-gnu","Linux 7.0.11-76070011-generic x86_64","Intel(R) Core(TM) Ultra 7 155H","/dev/nvme0n1p3 ext4   rw,noatime,errors=remount-ro","/tmp/pigment-db-durability-bench","pigment_db","physical","key_value","file","minimal_callback","1","32","5","1","1024","1061726794","964.466571","1028898","0"
"candidate-protocol-v2-20260807-102902","6d7edc7c29a60a94c59effeeb2b78d8b95038135","default-hasher:7a3d2ed08cfb82df","rustc 1.97.0 (2d8144b78 2026-07-07)","x86_64-unknown-linux-gnu","Linux 7.0.11-76070011-generic x86_64","Intel(R) Core(TM) Ultra 7 155H","/dev/nvme0n1p3 ext4   rw,noatime,errors=remount-ro","/tmp/pigment-db-durability-bench","pigment_db","physical","key_value","file","minimal_callback","1","32","5","2","1024","1062480996","963.781944","1031160","0"
"candidate-protocol-v2-20260807-102902","6d7edc7c29a60a94c59effeeb2b78d8b95038135","default-hasher:7a3d2ed08cfb82df","rustc 1.97.0 (2d8144b78 2026-07-07)","x86_64-unknown-linux-gnu","Linux 7.0.11-76070011-generic x86_64","Intel(R) Core(TM) Ultra 7 155H","/dev/nvme0n1p3 ext4   rw,noatime,errors=remount-ro","/tmp/pigment-db-durability-bench","pigment_db","physical","key_value","file","minimal_callback","1","32","5","3","1024","1040349819","984.284306","1031654","0"
"candidate-protocol-v2-20260807-102902","6d7edc7c29a60a94c59effeeb2b78d8b95038135","default-hasher:7a3d2ed08cfb82df","rustc 1.97.0 (2d8144b78 2026-07-07)","x86_64-unknown-linux-gnu","Linux 7.0.11-76070011-generic x86_64","Intel(R) Core(TM) Ultra 7 155H","/dev/nvme0n1p3 ext4   rw,noatime,errors=remount-ro","/tmp/pigment-db-durability-bench","pigment_db","physical","key_value","file","minimal_callback","1","32","5","4","1024","1057388257","968.423844","1019024","0"
"candidate-protocol-v2-20260807-102902","6d7edc7c29a60a94c59effeeb2b78d8b95038135","default-hasher:7a3d2ed08cfb82df","rustc 1.97.0 (2d8144b78 2026-07-07)","x86_64-unknown-linux-gnu","Linux 7.0.11-76070011-generic x86_64","Intel(R) Core(TM) Ultra 7 155H","/dev/nvme0n1p3 ext4   rw,noatime,errors=remount-ro","/tmp/pigment-db-durability-bench","pigment_db","physical","key_value","file","minimal_callback","1","32","5","5","1024","1051486471","973.859415","998714","0"
"candidate-protocol-v2-20260807-102902","6d7edc7c29a60a94c59effeeb2b78d8b95038135","default-hasher:7a3d2ed08cfb82df","rustc 1.97.0 (2d8144b78 2026-07-07)","x86_64-unknown-linux-gnu","Linux 7.0.11-76070011-generic x86_64","Intel(R) Core(TM) Ultra 7 155H","/dev/nvme0n1p3 ext4   rw,noatime,errors=remount-ro","/tmp/pigment-db-durability-bench","pigment_db","physical","key_value","file","minimal_callback","1","32","5","6","1024","1049930129","975.302996","1025182","0"
"candidate-protocol-v2-20260807-102902","6d7edc7c29a60a94c59effeeb2b78d8b95038135","default-hasher:7a3d2ed08cfb82df","rustc 1.97.0 (2d8144b78 2026-07-07)","x86_64-unknown-linux-gnu","Linux 7.0.11-76070011-generic x86_64","Intel(R) Core(TM) Ultra 7 155H","/dev/nvme0n1p3 ext4   rw,noatime,errors=remount-ro","/tmp/pigment-db-durability-bench","pigment_db","physical","key_value","file","minimal_callback","1","32","5","7","1024","1048530675","976.604714","1060431","0"
"candidate-protocol-v2-20260807-102902","6d7edc7c29a60a94c59effeeb2b78d8b95038135","default-hasher:7a3d2ed08cfb82df","rustc 1.97.0 (2d8144b78 2026-07-07)","x86_64-unknown-linux-gnu","Linux 7.0.11-76070011-generic x86_64","Intel(R) Core(TM) Ultra 7 155H","/dev/nvme0n1p3 ext4   rw,noatime,errors=remount-ro","/tmp/pigment-db-durability-bench","pigment_db","physical","key_value","file","minimal_callback","1","32","5","8","1024","1061038650","965.092082","1044545","0"
"candidate-protocol-v2-20260807-102902","6d7edc7c29a60a94c59effeeb2b78d8b95038135","default-hasher:7a3d2ed08cfb82df","rustc 1.97.0 (2d8144b78 2026-07-07)","x86_64-unknown-linux-gnu","Linux 7.0.11-76070011-generic x86_64","Intel(R) Core(TM) Ultra 7 155H","/dev/nvme0n1p3 ext4   rw,noatime,errors=remount-ro","/tmp/pigment-db-durability-bench","pigment_db","physical","key_value","file","minimal_callback","1","32","5","9","1024","1063014956","963.297830","1032511","0"
"candidate-protocol-v2-20260807-102902","6d7edc7c29a60a94c59effeeb2b78d8b95038135","default-hasher:7a3d2ed08cfb82df","rustc 1.97.0 (2d8144b78 2026-07-07)","x86_64-unknown-linux-gnu","Linux 7.0.11-76070011-generic x86_64","Intel(R) Core(TM) Ultra 7 155H","/dev/nvme0n1p3 ext4   rw,noatime,errors=remount-ro","/tmp/pigment-db-durability-bench","pigment_db","physical","key_value","file","minimal_callback","1","32","5","10","1024","1048021987","977.078738","1000702","0"
"candidate-protocol-v2-20260807-102902","6d7edc7c29a60a94c59effeeb2b78d8b95038135","default-hasher:7a3d2ed08cfb82df","rustc 1.97.0 (2d8144b78 2026-07-07)","x86_64-unknown-linux-gnu","Linux 7.0.11-76070011-generic x86_64","Intel(R) Core(TM) Ultra 7 155H","/dev/nvme0n1p3 ext4   rw,noatime,errors=remount-ro","/tmp/pigment-db-durability-bench","pigment_db","physical","key_value","file","minimal_callback","8","32","5","0","1024","1098231648","932.408023","13667325","0"
"candidate-protocol-v2-20260807-102902","6d7edc7c29a60a94c59effeeb2b78d8b95038135","default-hasher:7a3d2ed08cfb82df","rustc 1.97.0 (2d8144b78 2026-07-07)","x86_64-unknown-linux-gnu","Linux 7.0.11-76070011-generic x86_64","Intel(R) Core(TM) Ultra 7 155H","/dev/nvme0n1p3 ext4   rw,noatime,errors=remount-ro","/tmp/pigment-db-durability-bench","pigment_db","physical","key_value","file","minimal_callback","8","32","5","1","1024","1202956761","851.235916","13448955","0"
"candidate-protocol-v2-20260807-102902","6d7edc7c29a60a94c59effeeb2b78d8b95038135","default-hasher:7a3d2ed08cfb82df","rustc 1.97.0 (2d8144b78 2026-07-07)","x86_64-unknown-linux-gnu","Linux 7.0.11-76070011-generic x86_64","Intel(R) Core(TM) Ultra 7 155H","/dev/nvme0n1p3 ext4   rw,noatime,errors=remount-ro","/tmp/pigment-db-durability-bench","pigment_db","physical","key_value","file","minimal_callback","8","32","5","2","1024","1107839132","924.321926","12843451","0"
"candidate-protocol-v2-20260807-102902","6d7edc7c29a60a94c59effeeb2b78d8b95038135","default-hasher:7a3d2ed08cfb82df","rustc 1.97.0 (2d8144b78 2026-07-07)","x86_64-unknown-linux-gnu","Linux 7.0.11-76070011-generic x86_64","Intel(R) Core(TM) Ultra 7 155H","/dev/nvme0n1p3 ext4   rw,noatime,errors=remount-ro","/tmp/pigment-db-durability-bench","pigment_db","physical","key_value","file","minimal_callback","8","32","5","3","1024","1121455384","913.099188","12992155","0"
"candidate-protocol-v2-20260807-102902","6d7edc7c29a60a94c59effeeb2b78d8b95038135","default-hasher:7a3d2ed08cfb82df","rustc 1.97.0 (2d8144b78 2026-07-07)","x86_64-unknown-linux-gnu","Linux 7.0.11-76070011-generic x86_64","Intel(R) Core(TM) Ultra 7 155H","/dev/nvme0n1p3 ext4   rw,noatime,errors=remount-ro","/tmp/pigment-db-durability-bench","pigment_db","physical","key_value","file","minimal_callback","8","32","5","4","1024","1109366335","923.049463","12141177","0"
"candidate-protocol-v2-20260807-102902","6d7edc7c29a60a94c59effeeb2b78d8b95038135","default-hasher:7a3d2ed08cfb82df","rustc 1.97.0 (2d8144b78 2026-07-07)","x86_64-unknown-linux-gnu","Linux 7.0.11-76070011-generic x86_64","Intel(R) Core(TM) Ultra 7 155H","/dev/nvme0n1p3 ext4   rw,noatime,errors=remount-ro","/tmp/pigment-db-durability-bench","pigment_db","physical","key_value","file","minimal_callback","8","32","5","5","1024","1120586799","913.806946","12406955","0"
"candidate-protocol-v2-20260807-102902","6d7edc7c29a60a94c59effeeb2b78d8b95038135","default-hasher:7a3d2ed08cfb82df","rustc 1.97.0 (2d8144b78 2026-07-07)","x86_64-unknown-linux-gnu","Linux 7.0.11-76070011-generic x86_64","Intel(R) Core(TM) Ultra 7 155H","/dev/nvme0n1p3 ext4   rw,noatime,errors=remount-ro","/tmp/pigment-db-durability-bench","pigment_db","physical","key_value","file","minimal_callback","8","32","5","6","1024","1094363424","935.703787","12859980","0"
"candidate-protocol-v2-20260807-102902","6d7edc7c29a60a94c59effeeb2b78d8b95038135","default-hasher:7a3d2ed08cfb82df","rustc 1.97.0 (2d8144b78 2026-07-07)","x86_64-unknown-linux-gnu","Linux 7.0.11-76070011-generic x86_64","Intel(R) Core(TM) Ultra 7 155H","/dev/nvme0n1p3 ext4   rw,noatime,errors=remount-ro","/tmp/pigment-db-durability-bench","pigment_db","physical","key_value","file","minimal_callback","8","32","5","7","1024","1115959255","917.596225","13737270","0"
"candidate-protocol-v2-20260807-102902","6d7edc7c29a60a94c59effeeb2b78d8b95038135","default-hasher:7a3d2ed08cfb82df","rustc 1.97.0 (2d8144b78 2026-07-07)","x86_64-unknown-linux-gnu","Linux 7.0.11-76070011-generic x86_64","Intel(R) Core(TM) Ultra 7 155H","/dev/nvme0n1p3 ext4   rw,noatime,errors=remount-ro","/tmp/pigment-db-durability-bench","pigment_db","physical","key_value","file","minimal_callback","8","32","5","8","1024","1100685347","930.329456","13742039","0"
"candidate-protocol-v2-20260807-102902","6d7edc7c29a60a94c59effeeb2b78d8b95038135","default-hasher:7a3d2ed08cfb82df","rustc 1.97.0 (2d8144b78 2026-07-07)","x86_64-unknown-linux-gnu","Linux 7.0.11-76070011-generic x86_64","Intel(R) Core(TM) Ultra 7 155H","/dev/nvme0n1p3 ext4   rw,noatime,errors=remount-ro","/tmp/pigment-db-durability-bench","pigment_db","physical","key_value","file","minimal_callback","8","32","5","9","1024","1088907011","940.392513","13733533","0"
"candidate-protocol-v2-20260807-102902","6d7edc7c29a60a94c59effeeb2b78d8b95038135","default-hasher:7a3d2ed08cfb82df","rustc 1.97.0 (2d8144b78 2026-07-07)","x86_64-unknown-linux-gnu","Linux 7.0.11-76070011-generic x86_64","Intel(R) Core(TM) Ultra 7 155H","/dev/nvme0n1p3 ext4   rw,noatime,errors=remount-ro","/tmp/pigment-db-durability-bench","pigment_db","physical","key_value","file","minimal_callback","8","32","5","10","1024","1088868456","940.425810","7965565","0"
"candidate-protocol-v2-20260807-102902","6d7edc7c29a60a94c59effeeb2b78d8b95038135","default-hasher:7a3d2ed08cfb82df","rustc 1.97.0 (2d8144b78 2026-07-07)","x86_64-unknown-linux-gnu","Linux 7.0.11-76070011-generic x86_64","Intel(R) Core(TM) Ultra 7 155H","/dev/nvme0n1p3 ext4   rw,noatime,errors=remount-ro","/tmp/pigment-db-durability-bench","pigment_db","physical","key_set","file","ordinary_write","1","32","5","0","1024","1049794786","975.428735","1043411","0"
"candidate-protocol-v2-20260807-102902","6d7edc7c29a60a94c59effeeb2b78d8b95038135","default-hasher:7a3d2ed08cfb82df","rustc 1.97.0 (2d8144b78 2026-07-07)","x86_64-unknown-linux-gnu","Linux 7.0.11-76070011-generic x86_64","Intel(R) Core(TM) Ultra 7 155H","/dev/nvme0n1p3 ext4   rw,noatime,errors=remount-ro","/tmp/pigment-db-durability-bench","pigment_db","physical","key_set","file","ordinary_write","1","32","5","1","1024","1063180061","963.148236","1032974","0"
"candidate-protocol-v2-20260807-102902","6d7edc7c29a60a94c59effeeb2b78d8b95038135","default-hasher:7a3d2ed08cfb82df","rustc 1.97.0 (2d8144b78 2026-07-07)","x86_64-unknown-linux-gnu","Linux 7.0.11-76070011-generic x86_64","Intel(R) Core(TM) Ultra 7 155H","/dev/nvme0n1p3 ext4   rw,noatime,errors=remount-ro","/tmp/pigment-db-durability-bench","pigment_db","physical","key_set","file","ordinary_write","1","32","5","2","1024","1061786583","964.412262","1030734","0"
"candidate-protocol-v2-20260807-102902","6d7edc7c29a60a94c59effeeb2b78d8b95038135","default-hasher:7a3d2ed08cfb82df","rustc 1.97.0 (2d8144b78 2026-07-07)","x86_64-unknown-linux-gnu","Linux 7.0.11-76070011-generic x86_64","Intel(R) Core(TM) Ultra 7 155H","/dev/nvme0n1p3 ext4   rw,noatime,errors=remount-ro","/tmp/pigment-db-durability-bench","pigment_db","physical","key_set","file","ordinary_write","1","32","5","3","1024","1062435409","963.823298","1041325","0"
"candidate-protocol-v2-20260807-102902","6d7edc7c29a60a94c59effeeb2b78d8b95038135","default-hasher:7a3d2ed08cfb82df","rustc 1.97.0 (2d8144b78 2026-07-07)","x86_64-unknown-linux-gnu","Linux 7.0.11-76070011-generic x86_64","Intel(R) Core(TM) Ultra 7 155H","/dev/nvme0n1p3 ext4   rw,noatime,errors=remount-ro","/tmp/pigment-db-durability-bench","pigment_db","physical","key_set","file","ordinary_write","1","32","5","4","1024","1092238282","937.524363","1082098","0"
"candidate-protocol-v2-20260807-102902","6d7edc7c29a60a94c59effeeb2b78d8b95038135","default-hasher:7a3d2ed08cfb82df","rustc 1.97.0 (2d8144b78 2026-07-07)","x86_64-unknown-linux-gnu","Linux 7.0.11-76070011-generic x86_64","Intel(R) Core(TM) Ultra 7 155H","/dev/nvme0n1p3 ext4   rw,noatime,errors=remount-ro","/tmp/pigment-db-durability-bench","pigment_db","physical","key_set","file","ordinary_write","1","32","5","5","1024","1060634939","965.459427","1035200","0"
"candidate-protocol-v2-20260807-102902","6d7edc7c29a60a94c59effeeb2b78d8b95038135","default-hasher:7a3d2ed08cfb82df","rustc 1.97.0 (2d8144b78 2026-07-07)","x86_64-unknown-linux-gnu","Linux 7.0.11-76070011-generic x86_64","Intel(R) Core(TM) Ultra 7 155H","/dev/nvme0n1p3 ext4   rw,noatime,errors=remount-ro","/tmp/pigment-db-durability-bench","pigment_db","physical","key_set","file","ordinary_write","1","32","5","6","1024","1055954763","969.738511","1028204","0"
"candidate-protocol-v2-20260807-102902","6d7edc7c29a60a94c59effeeb2b78d8b95038135","default-hasher:7a3d2ed08cfb82df","rustc 1.97.0 (2d8144b78 2026-07-07)","x86_64-unknown-linux-gnu","Linux 7.0.11-76070011-generic x86_64","Intel(R) Core(TM) Ultra 7 155H","/dev/nvme0n1p3 ext4   rw,noatime,errors=remount-ro","/tmp/pigment-db-durability-bench","pigment_db","physical","key_set","file","ordinary_write","1","32","5","7","1024","1041189366","983.490644","1021736","0"
"candidate-protocol-v2-20260807-102902","6d7edc7c29a60a94c59effeeb2b78d8b95038135","default-hasher:7a3d2ed08cfb82df","rustc 1.97.0 (2d8144b78 2026-07-07)","x86_64-unknown-linux-gnu","Linux 7.0.11-76070011-generic x86_64","Intel(R) Core(TM) Ultra 7 155H","/dev/nvme0n1p3 ext4   rw,noatime,errors=remount-ro","/tmp/pigment-db-durability-bench","pigment_db","physical","key_set","file","ordinary_write","1","32","5","8","1024","1077439681","950.401232","1051773","0"
"candidate-protocol-v2-20260807-102902","6d7edc7c29a60a94c59effeeb2b78d8b95038135","default-hasher:7a3d2ed08cfb82df","rustc 1.97.0 (2d8144b78 2026-07-07)","x86_64-unknown-linux-gnu","Linux 7.0.11-76070011-generic x86_64","Intel(R) Core(TM) Ultra 7 155H","/dev/nvme0n1p3 ext4   rw,noatime,errors=remount-ro","/tmp/pigment-db-durability-bench","pigment_db","physical","key_set","file","ordinary_write","1","32","5","9","1024","1034933448","989.435603","1044582","0"
"candidate-protocol-v2-20260807-102902","6d7edc7c29a60a94c59effeeb2b78d8b95038135","default-hasher:7a3d2ed08cfb82df","rustc 1.97.0 (2d8144b78 2026-07-07)","x86_64-unknown-linux-gnu","Linux 7.0.11-76070011-generic x86_64","Intel(R) Core(TM) Ultra 7 155H","/dev/nvme0n1p3 ext4   rw,noatime,errors=remount-ro","/tmp/pigment-db-durability-bench","pigment_db","physical","key_set","file","ordinary_write","1","32","5","10","1024","1060211090","965.845396","1032665","0"
"candidate-protocol-v2-20260807-102902","6d7edc7c29a60a94c59effeeb2b78d8b95038135","default-hasher:7a3d2ed08cfb82df","rustc 1.97.0 (2d8144b78 2026-07-07)","x86_64-unknown-linux-gnu","Linux 7.0.11-76070011-generic x86_64","Intel(R) Core(TM) Ultra 7 155H","/dev/nvme0n1p3 ext4   rw,noatime,errors=remount-ro","/tmp/pigment-db-durability-bench","pigment_db","physical","key_set","file","ordinary_write","8","32","5","0","1024","1075992764","951.679262","10197975","0"
"candidate-protocol-v2-20260807-102902","6d7edc7c29a60a94c59effeeb2b78d8b95038135","default-hasher:7a3d2ed08cfb82df","rustc 1.97.0 (2d8144b78 2026-07-07)","x86_64-unknown-linux-gnu","Linux 7.0.11-76070011-generic x86_64","Intel(R) Core(TM) Ultra 7 155H","/dev/nvme0n1p3 ext4   rw,noatime,errors=remount-ro","/tmp/pigment-db-durability-bench","pigment_db","physical","key_set","file","ordinary_write","8","32","5","1","1024","1152897868","888.196629","14004158","0"
"candidate-protocol-v2-20260807-102902","6d7edc7c29a60a94c59effeeb2b78d8b95038135","default-hasher:7a3d2ed08cfb82df","rustc 1.97.0 (2d8144b78 2026-07-07)","x86_64-unknown-linux-gnu","Linux 7.0.11-76070011-generic x86_64","Intel(R) Core(TM) Ultra 7 155H","/dev/nvme0n1p3 ext4   rw,noatime,errors=remount-ro","/tmp/pigment-db-durability-bench","pigment_db","physical","key_set","file","ordinary_write","8","32","5","2","1024","1162128060","881.142135","11291899","0"
"candidate-protocol-v2-20260807-102902","6d7edc7c29a60a94c59effeeb2b78d8b95038135","default-hasher:7a3d2ed08cfb82df","rustc 1.97.0 (2d8144b78 2026-07-07)","x86_64-unknown-linux-gnu","Linux 7.0.11-76070011-generic x86_64","Intel(R) Core(TM) Ultra 7 155H","/dev/nvme0n1p3 ext4   rw,noatime,errors=remount-ro","/tmp/pigment-db-durability-bench","pigment_db","physical","key_set","file","ordinary_write","8","32","5","3","1024","1121932889","912.710564","13064122","0"
"candidate-protocol-v2-20260807-102902","6d7edc7c29a60a94c59effeeb2b78d8b95038135","default-hasher:7a3d2ed08cfb82df","rustc 1.97.0 (2d8144b78 2026-07-07)","x86_64-unknown-linux-gnu","Linux 7.0.11-76070011-generic x86_64","Intel(R) Core(TM) Ultra 7 155H","/dev/nvme0n1p3 ext4   rw,noatime,errors=remount-ro","/tmp/pigment-db-durability-bench","pigment_db","physical","key_set","file","ordinary_write","8","32","5","4","1024","1095772732","934.500349","12958716","0"
"candidate-protocol-v2-20260807-102902","6d7edc7c29a60a94c59effeeb2b78d8b95038135","default-hasher:7a3d2ed08cfb82df","rustc 1.97.0 (2d8144b78 2026-07-07)","x86_64-unknown-linux-gnu","Linux 7.0.11-76070011-generic x86_64","Intel(R) Core(TM) Ultra 7 155H","/dev/nvme0n1p3 ext4   rw,noatime,errors=remount-ro","/tmp/pigment-db-durability-bench","pigment_db","physical","key_set","file","ordinary_write","8","32","5","5","1024","1096961059","933.488014","13812938","0"
"candidate-protocol-v2-20260807-102902","6d7edc7c29a60a94c59effeeb2b78d8b95038135","default-hasher:7a3d2ed08cfb82df","rustc 1.97.0 (2d8144b78 2026-07-07)","x86_64-unknown-linux-gnu","Linux 7.0.11-76070011-generic x86_64","Intel(R) Core(TM) Ultra 7 155H","/dev/nvme0n1p3 ext4   rw,noatime,errors=remount-ro","/tmp/pigment-db-durability-bench","pigment_db","physical","key_set","file","ordinary_write","8","32","5","6","1024","1141819704","896.814091","13939070","0"
"candidate-protocol-v2-20260807-102902","6d7edc7c29a60a94c59effeeb2b78d8b95038135","default-hasher:7a3d2ed08cfb82df","rustc 1.97.0 (2d8144b78 2026-07-07)","x86_64-unknown-linux-gnu","Linux 7.0.11-76070011-generic x86_64","Intel(R) Core(TM) Ultra 7 155H","/dev/nvme0n1p3 ext4   rw,noatime,errors=remount-ro","/tmp/pigment-db-durability-bench","pigment_db","physical","key_set","file","ordinary_write","8","32","5","7","1024","1125532655","909.791462","13718437","0"
"candidate-protocol-v2-20260807-102902","6d7edc7c29a60a94c59effeeb2b78d8b95038135","default-hasher:7a3d2ed08cfb82df","rustc 1.97.0 (2d8144b78 2026-07-07)","x86_64-unknown-linux-gnu","Linux 7.0.11-76070011-generic x86_64","Intel(R) Core(TM) Ultra 7 155H","/dev/nvme0n1p3 ext4   rw,noatime,errors=remount-ro","/tmp/pigment-db-durability-bench","pigment_db","physical","key_set","file","ordinary_write","8","32","5","8","1024","1075219618","952.363576","10089377","0"
"candidate-protocol-v2-20260807-102902","6d7edc7c29a60a94c59effeeb2b78d8b95038135","default-hasher:7a3d2ed08cfb82df","rustc 1.97.0 (2d8144b78 2026-07-07)","x86_64-unknown-linux-gnu","Linux 7.0.11-76070011-generic x86_64","Intel(R) Core(TM) Ultra 7 155H","/dev/nvme0n1p3 ext4   rw,noatime,errors=remount-ro","/tmp/pigment-db-durability-bench","pigment_db","physical","key_set","file","ordinary_write","8","32","5","9","1024","1092729374","937.103023","11228375","0"
"candidate-protocol-v2-20260807-102902","6d7edc7c29a60a94c59effeeb2b78d8b95038135","default-hasher:7a3d2ed08cfb82df","rustc 1.97.0 (2d8144b78 2026-07-07)","x86_64-unknown-linux-gnu","Linux 7.0.11-76070011-generic x86_64","Intel(R) Core(TM) Ultra 7 155H","/dev/nvme0n1p3 ext4   rw,noatime,errors=remount-ro","/tmp/pigment-db-durability-bench","pigment_db","physical","key_set","file","ordinary_write","8","32","5","10","1024","1113494832","919.627079","13989213","0"
"candidate-protocol-v2-20260807-102902","6d7edc7c29a60a94c59effeeb2b78d8b95038135","default-hasher:7a3d2ed08cfb82df","rustc 1.97.0 (2d8144b78 2026-07-07)","x86_64-unknown-linux-gnu","Linux 7.0.11-76070011-generic x86_64","Intel(R) Core(TM) Ultra 7 155H","/dev/nvme0n1p3 ext4   rw,noatime,errors=remount-ro","/tmp/pigment-db-durability-bench","pigment_db","physical","key_set","file","successful_remove","1","32","5","0","1024","1076694355","951.059133","1042207","0"
"candidate-protocol-v2-20260807-102902","6d7edc7c29a60a94c59effeeb2b78d8b95038135","default-hasher:7a3d2ed08cfb82df","rustc 1.97.0 (2d8144b78 2026-07-07)","x86_64-unknown-linux-gnu","Linux 7.0.11-76070011-generic x86_64","Intel(R) Core(TM) Ultra 7 155H","/dev/nvme0n1p3 ext4   rw,noatime,errors=remount-ro","/tmp/pigment-db-durability-bench","pigment_db","physical","key_set","file","successful_remove","1","32","5","1","1024","1071732868","955.461972","1108011","0"
"candidate-protocol-v2-20260807-102902","6d7edc7c29a60a94c59effeeb2b78d8b95038135","default-hasher:7a3d2ed08cfb82df","rustc 1.97.0 (2d8144b78 2026-07-07)","x86_64-unknown-linux-gnu","Linux 7.0.11-76070011-generic x86_64","Intel(R) Core(TM) Ultra 7 155H","/dev/nvme0n1p3 ext4   rw,noatime,errors=remount-ro","/tmp/pigment-db-durability-bench","pigment_db","physical","key_set","file","successful_remove","1","32","5","2","1024","1077159986","950.648013","1028272","0"
"candidate-protocol-v2-20260807-102902","6d7edc7c29a60a94c59effeeb2b78d8b95038135","default-hasher:7a3d2ed08cfb82df","rustc 1.97.0 (2d8144b78 2026-07-07)","x86_64-unknown-linux-gnu","Linux 7.0.11-76070011-generic x86_64","Intel(R) Core(TM) Ultra 7 155H","/dev/nvme0n1p3 ext4   rw,noatime,errors=remount-ro","/tmp/pigment-db-durability-bench","pigment_db","physical","key_set","file","successful_remove","1","32","5","3","1024","1058943465","967.001576","1075638","0"
"candidate-protocol-v2-20260807-102902","6d7edc7c29a60a94c59effeeb2b78d8b95038135","default-hasher:7a3d2ed08cfb82df","rustc 1.97.0 (2d8144b78 2026-07-07)","x86_64-unknown-linux-gnu","Linux 7.0.11-76070011-generic x86_64","Intel(R) Core(TM) Ultra 7 155H","/dev/nvme0n1p3 ext4   rw,noatime,errors=remount-ro","/tmp/pigment-db-durability-bench","pigment_db","physical","key_set","file","successful_remove","1","32","5","4","1024","1042630010","982.131715","1027548","0"
"candidate-protocol-v2-20260807-102902","6d7edc7c29a60a94c59effeeb2b78d8b95038135","default-hasher:7a3d2ed08cfb82df","rustc 1.97.0 (2d8144b78 2026-07-07)","x86_64-unknown-linux-gnu","Linux 7.0.11-76070011-generic x86_64","Intel(R) Core(TM) Ultra 7 155H","/dev/nvme0n1p3 ext4   rw,noatime,errors=remount-ro","/tmp/pigment-db-durability-bench","pigment_db","physical","key_set","file","successful_remove","1","32","5","5","1024","1038623076","985.920710","1005773","0"
"candidate-protocol-v2-20260807-102902","6d7edc7c29a60a94c59effeeb2b78d8b95038135","default-hasher:7a3d2ed08cfb82df","rustc 1.97.0 (2d8144b78 2026-07-07)","x86_64-unknown-linux-gnu","Linux 7.0.11-76070011-generic x86_64","Intel(R) Core(TM) Ultra 7 155H","/dev/nvme0n1p3 ext4   rw,noatime,errors=remount-ro","/tmp/pigment-db-durability-bench","pigment_db","physical","key_set","file","successful_remove","1","32","5","6","1024","1044283475","980.576658","1041099","0"
"candidate-protocol-v2-20260807-102902","6d7edc7c29a60a94c59effeeb2b78d8b95038135","default-hasher:7a3d2ed08cfb82df","rustc 1.97.0 (2d8144b78 2026-07-07)","x86_64-unknown-linux-gnu","Linux 7.0.11-76070011-generic x86_64","Intel(R) Core(TM) Ultra 7 155H","/dev/nvme0n1p3 ext4   rw,noatime,errors=remount-ro","/tmp/pigment-db-durability-bench","pigment_db","physical","key_set","file","successful_remove","1","32","5","7","1024","1059193005","966.773756","1036072","0"
"candidate-protocol-v2-20260807-102902","6d7edc7c29a60a94c59effeeb2b78d8b95038135","default-hasher:7a3d2ed08cfb82df","rustc 1.97.0 (2d8144b78 2026-07-07)","x86_64-unknown-linux-gnu","Linux 7.0.11-76070011-generic x86_64","Intel(R) Core(TM) Ultra 7 155H","/dev/nvme0n1p3 ext4   rw,noatime,errors=remount-ro","/tmp/pigment-db-durability-bench","pigment_db","physical","key_set","file","successful_remove","1","32","5","8","1024","1063088946","963.230785","1055284","0"
"candidate-protocol-v2-20260807-102902","6d7edc7c29a60a94c59effeeb2b78d8b95038135","default-hasher:7a3d2ed08cfb82df","rustc 1.97.0 (2d8144b78 2026-07-07)","x86_64-unknown-linux-gnu","Linux 7.0.11-76070011-generic x86_64","Intel(R) Core(TM) Ultra 7 155H","/dev/nvme0n1p3 ext4   rw,noatime,errors=remount-ro","/tmp/pigment-db-durability-bench","pigment_db","physical","key_set","file","successful_remove","1","32","5","9","1024","1064283811","962.149372","1052742","0"
"candidate-protocol-v2-20260807-102902","6d7edc7c29a60a94c59effeeb2b78d8b95038135","default-hasher:7a3d2ed08cfb82df","rustc 1.97.0 (2d8144b78 2026-07-07)","x86_64-unknown-linux-gnu","Linux 7.0.11-76070011-generic x86_64","Intel(R) Core(TM) Ultra 7 155H","/dev/nvme0n1p3 ext4   rw,noatime,errors=remount-ro","/tmp/pigment-db-durability-bench","pigment_db","physical","key_set","file","successful_remove","1","32","5","10","1024","1054070372","971.472140","1009974","0"
"candidate-protocol-v2-20260807-102902","6d7edc7c29a60a94c59effeeb2b78d8b95038135","default-hasher:7a3d2ed08cfb82df","rustc 1.97.0 (2d8144b78 2026-07-07)","x86_64-unknown-linux-gnu","Linux 7.0.11-76070011-generic x86_64","Intel(R) Core(TM) Ultra 7 155H","/dev/nvme0n1p3 ext4   rw,noatime,errors=remount-ro","/tmp/pigment-db-durability-bench","pigment_db","physical","key_set","file","successful_remove","8","32","5","0","1024","1116788364","916.914998","13114462","0"
"candidate-protocol-v2-20260807-102902","6d7edc7c29a60a94c59effeeb2b78d8b95038135","default-hasher:7a3d2ed08cfb82df","rustc 1.97.0 (2d8144b78 2026-07-07)","x86_64-unknown-linux-gnu","Linux 7.0.11-76070011-generic x86_64","Intel(R) Core(TM) Ultra 7 155H","/dev/nvme0n1p3 ext4   rw,noatime,errors=remount-ro","/tmp/pigment-db-durability-bench","pigment_db","physical","key_set","file","successful_remove","8","32","5","1","1024","1087822416","941.330115","9397365","0"
"candidate-protocol-v2-20260807-102902","6d7edc7c29a60a94c59effeeb2b78d8b95038135","default-hasher:7a3d2ed08cfb82df","rustc 1.97.0 (2d8144b78 2026-07-07)","x86_64-unknown-linux-gnu","Linux 7.0.11-76070011-generic x86_64","Intel(R) Core(TM) Ultra 7 155H","/dev/nvme0n1p3 ext4   rw,noatime,errors=remount-ro","/tmp/pigment-db-durability-bench","pigment_db","physical","key_set","file","successful_remove","8","32","5","2","1024","1105803434","926.023531","13753594","0"
"candidate-protocol-v2-20260807-102902","6d7edc7c29a60a94c59effeeb2b78d8b95038135","default-hasher:7a3d2ed08cfb82df","rustc 1.97.0 (2d8144b78 2026-07-07)","x86_64-unknown-linux-gnu","Linux 7.0.11-76070011-generic x86_64","Intel(R) Core(TM) Ultra 7 155H","/dev/nvme0n1p3 ext4   rw,noatime,errors=remount-ro","/tmp/pigment-db-durability-bench","pigment_db","physical","key_set","file","successful_remove","8","32","5","3","1024","1102561862","928.746073","12859664","0"
"candidate-protocol-v2-20260807-102902","6d7edc7c29a60a94c59effeeb2b78d8b95038135","default-hasher:7a3d2ed08cfb82df","rustc 1.97.0 (2d8144b78 2026-07-07)","x86_64-unknown-linux-gnu","Linux 7.0.11-76070011-generic x86_64","Intel(R) Core(TM) Ultra 7 155H","/dev/nvme0n1p3 ext4   rw,noatime,errors=remount-ro","/tmp/pigment-db-durability-bench","pigment_db","physical","key_set","file","successful_remove","8","32","5","4","1024","1095186706","935.000393","12917454","0"
"candidate-protocol-v2-20260807-102902","6d7edc7c29a60a94c59effeeb2b78d8b95038135","default-hasher:7a3d2ed08cfb82df","rustc 1.97.0 (2d8144b78 2026-07-07)","x86_64-unknown-linux-gnu","Linux 7.0.11-76070011-generic x86_64","Intel(R) Core(TM) Ultra 7 155H","/dev/nvme0n1p3 ext4   rw,noatime,errors=remount-ro","/tmp/pigment-db-durability-bench","pigment_db","physical","key_set","file","successful_remove","8","32","5","5","1024","1111490519","921.285411","12775470","0"
"candidate-protocol-v2-20260807-102902","6d7edc7c29a60a94c59effeeb2b78d8b95038135","default-hasher:7a3d2ed08cfb82df","rustc 1.97.0 (2d8144b78 2026-07-07)","x86_64-unknown-linux-gnu","Linux 7.0.11-76070011-generic x86_64","Intel(R) Core(TM) Ultra 7 155H","/dev/nvme0n1p3 ext4   rw,noatime,errors=remount-ro","/tmp/pigment-db-durability-bench","pigment_db","physical","key_set","file","successful_remove","8","32","5","6","1024","1050701918","974.586591","7505426","0"
"candidate-protocol-v2-20260807-102902","6d7edc7c29a60a94c59effeeb2b78d8b95038135","default-hasher:7a3d2ed08cfb82df","rustc 1.97.0 (2d8144b78 2026-07-07)","x86_64-unknown-linux-gnu","Linux 7.0.11-76070011-generic x86_64","Intel(R) Core(TM) Ultra 7 155H","/dev/nvme0n1p3 ext4   rw,noatime,errors=remount-ro","/tmp/pigment-db-durability-bench","pigment_db","physical","key_set","file","successful_remove","8","32","5","7","1024","1097256164","933.236954","10992290","0"
"candidate-protocol-v2-20260807-102902","6d7edc7c29a60a94c59effeeb2b78d8b95038135","default-hasher:7a3d2ed08cfb82df","rustc 1.97.0 (2d8144b78 2026-07-07)","x86_64-unknown-linux-gnu","Linux 7.0.11-76070011-generic x86_64","Intel(R) Core(TM) Ultra 7 155H","/dev/nvme0n1p3 ext4   rw,noatime,errors=remount-ro","/tmp/pigment-db-durability-bench","pigment_db","physical","key_set","file","successful_remove","8","32","5","8","1024","1106605555","925.352304","13211901","0"
"candidate-protocol-v2-20260807-102902","6d7edc7c29a60a94c59effeeb2b78d8b95038135","default-hasher:7a3d2ed08cfb82df","rustc 1.97.0 (2d8144b78 2026-07-07)","x86_64-unknown-linux-gnu","Linux 7.0.11-76070011-generic x86_64","Intel(R) Core(TM) Ultra 7 155H","/dev/nvme0n1p3 ext4   rw,noatime,errors=remount-ro","/tmp/pigment-db-durability-bench","pigment_db","physical","key_set","file","successful_remove","8","32","5","9","1024","1103906865","927.614487","13067668","0"
"candidate-protocol-v2-20260807-102902","6d7edc7c29a60a94c59effeeb2b78d8b95038135","default-hasher:7a3d2ed08cfb82df","rustc 1.97.0 (2d8144b78 2026-07-07)","x86_64-unknown-linux-gnu","Linux 7.0.11-76070011-generic x86_64","Intel(R) Core(TM) Ultra 7 155H","/dev/nvme0n1p3 ext4   rw,noatime,errors=remount-ro","/tmp/pigment-db-durability-bench","pigment_db","physical","key_set","file","successful_remove","8","32","5","10","1024","1084703244","944.037003","13783704","0"
"candidate-protocol-v2-20260807-102902","6d7edc7c29a60a94c59effeeb2b78d8b95038135","default-hasher:7a3d2ed08cfb82df","rustc 1.97.0 (2d8144b78 2026-07-07)","x86_64-unknown-linux-gnu","Linux 7.0.11-76070011-generic x86_64","Intel(R) Core(TM) Ultra 7 155H","/dev/nvme0n1p3 ext4   rw,noatime,errors=remount-ro","/tmp/pigment-db-durability-bench","pigment_db","physical","key_set","file","minimal_callback","1","32","5","0","1024","1151727119","889.099495","1285311","0"
"candidate-protocol-v2-20260807-102902","6d7edc7c29a60a94c59effeeb2b78d8b95038135","default-hasher:7a3d2ed08cfb82df","rustc 1.97.0 (2d8144b78 2026-07-07)","x86_64-unknown-linux-gnu","Linux 7.0.11-76070011-generic x86_64","Intel(R) Core(TM) Ultra 7 155H","/dev/nvme0n1p3 ext4   rw,noatime,errors=remount-ro","/tmp/pigment-db-durability-bench","pigment_db","physical","key_set","file","minimal_callback","1","32","5","1","1024","1067055032","959.650598","1067352","0"
"candidate-protocol-v2-20260807-102902","6d7edc7c29a60a94c59effeeb2b78d8b95038135","default-hasher:7a3d2ed08cfb82df","rustc 1.97.0 (2d8144b78 2026-07-07)","x86_64-unknown-linux-gnu","Linux 7.0.11-76070011-generic x86_64","Intel(R) Core(TM) Ultra 7 155H","/dev/nvme0n1p3 ext4   rw,noatime,errors=remount-ro","/tmp/pigment-db-durability-bench","pigment_db","physical","key_set","file","minimal_callback","1","32","5","2","1024","1063502113","962.856573","1069380","0"
"candidate-protocol-v2-20260807-102902","6d7edc7c29a60a94c59effeeb2b78d8b95038135","default-hasher:7a3d2ed08cfb82df","rustc 1.97.0 (2d8144b78 2026-07-07)","x86_64-unknown-linux-gnu","Linux 7.0.11-76070011-generic x86_64","Intel(R) Core(TM) Ultra 7 155H","/dev/nvme0n1p3 ext4   rw,noatime,errors=remount-ro","/tmp/pigment-db-durability-bench","pigment_db","physical","key_set","file","minimal_callback","1","32","5","3","1024","1055714153","969.959527","1065356","0"
"candidate-protocol-v2-20260807-102902","6d7edc7c29a60a94c59effeeb2b78d8b95038135","default-hasher:7a3d2ed08cfb82df","rustc 1.97.0 (2d8144b78 2026-07-07)","x86_64-unknown-linux-gnu","Linux 7.0.11-76070011-generic x86_64","Intel(R) Core(TM) Ultra 7 155H","/dev/nvme0n1p3 ext4   rw,noatime,errors=remount-ro","/tmp/pigment-db-durability-bench","pigment_db","physical","key_set","file","minimal_callback","1","32","5","4","1024","1063129852","963.193723","1031321","0"
"candidate-protocol-v2-20260807-102902","6d7edc7c29a60a94c59effeeb2b78d8b95038135","default-hasher:7a3d2ed08cfb82df","rustc 1.97.0 (2d8144b78 2026-07-07)","x86_64-unknown-linux-gnu","Linux 7.0.11-76070011-generic x86_64","Intel(R) Core(TM) Ultra 7 155H","/dev/nvme0n1p3 ext4   rw,noatime,errors=remount-ro","/tmp/pigment-db-durability-bench","pigment_db","physical","key_set","file","minimal_callback","1","32","5","5","1024","1026394863","997.666724","996317","0"
"candidate-protocol-v2-20260807-102902","6d7edc7c29a60a94c59effeeb2b78d8b95038135","default-hasher:7a3d2ed08cfb82df","rustc 1.97.0 (2d8144b78 2026-07-07)","x86_64-unknown-linux-gnu","Linux 7.0.11-76070011-generic x86_64","Intel(R) Core(TM) Ultra 7 155H","/dev/nvme0n1p3 ext4   rw,noatime,errors=remount-ro","/tmp/pigment-db-durability-bench","pigment_db","physical","key_set","file","minimal_callback","1","32","5","6","1024","1078708842","949.283032","1045952","0"
"candidate-protocol-v2-20260807-102902","6d7edc7c29a60a94c59effeeb2b78d8b95038135","default-hasher:7a3d2ed08cfb82df","rustc 1.97.0 (2d8144b78 2026-07-07)","x86_64-unknown-linux-gnu","Linux 7.0.11-76070011-generic x86_64","Intel(R) Core(TM) Ultra 7 155H","/dev/nvme0n1p3 ext4   rw,noatime,errors=remount-ro","/tmp/pigment-db-durability-bench","pigment_db","physical","key_set","file","minimal_callback","1","32","5","7","1024","1083235467","945.316167","1050076","0"
"candidate-protocol-v2-20260807-102902","6d7edc7c29a60a94c59effeeb2b78d8b95038135","default-hasher:7a3d2ed08cfb82df","rustc 1.97.0 (2d8144b78 2026-07-07)","x86_64-unknown-linux-gnu","Linux 7.0.11-76070011-generic x86_64","Intel(R) Core(TM) Ultra 7 155H","/dev/nvme0n1p3 ext4   rw,noatime,errors=remount-ro","/tmp/pigment-db-durability-bench","pigment_db","physical","key_set","file","minimal_callback","1","32","5","8","1024","1062200677","964.036290","1032125","0"
"candidate-protocol-v2-20260807-102902","6d7edc7c29a60a94c59effeeb2b78d8b95038135","default-hasher:7a3d2ed08cfb82df","rustc 1.97.0 (2d8144b78 2026-07-07)","x86_64-unknown-linux-gnu","Linux 7.0.11-76070011-generic x86_64","Intel(R) Core(TM) Ultra 7 155H","/dev/nvme0n1p3 ext4   rw,noatime,errors=remount-ro","/tmp/pigment-db-durability-bench","pigment_db","physical","key_set","file","minimal_callback","1","32","5","9","1024","1072086655","955.146671","1043727","0"
"candidate-protocol-v2-20260807-102902","6d7edc7c29a60a94c59effeeb2b78d8b95038135","default-hasher:7a3d2ed08cfb82df","rustc 1.97.0 (2d8144b78 2026-07-07)","x86_64-unknown-linux-gnu","Linux 7.0.11-76070011-generic x86_64","Intel(R) Core(TM) Ultra 7 155H","/dev/nvme0n1p3 ext4   rw,noatime,errors=remount-ro","/tmp/pigment-db-durability-bench","pigment_db","physical","key_set","file","minimal_callback","1","32","5","10","1024","1080193655","947.978166","1039093","0"
"candidate-protocol-v2-20260807-102902","6d7edc7c29a60a94c59effeeb2b78d8b95038135","default-hasher:7a3d2ed08cfb82df","rustc 1.97.0 (2d8144b78 2026-07-07)","x86_64-unknown-linux-gnu","Linux 7.0.11-76070011-generic x86_64","Intel(R) Core(TM) Ultra 7 155H","/dev/nvme0n1p3 ext4   rw,noatime,errors=remount-ro","/tmp/pigment-db-durability-bench","pigment_db","physical","key_set","file","minimal_callback","8","32","5","0","1024","1111287348","921.453845","13776357","0"
"candidate-protocol-v2-20260807-102902","6d7edc7c29a60a94c59effeeb2b78d8b95038135","default-hasher:7a3d2ed08cfb82df","rustc 1.97.0 (2d8144b78 2026-07-07)","x86_64-unknown-linux-gnu","Linux 7.0.11-76070011-generic x86_64","Intel(R) Core(TM) Ultra 7 155H","/dev/nvme0n1p3 ext4   rw,noatime,errors=remount-ro","/tmp/pigment-db-durability-bench","pigment_db","physical","key_set","file","minimal_callback","8","32","5","1","1024","1099212270","931.576210","13632778","0"
"candidate-protocol-v2-20260807-102902","6d7edc7c29a60a94c59effeeb2b78d8b95038135","default-hasher:7a3d2ed08cfb82df","rustc 1.97.0 (2d8144b78 2026-07-07)","x86_64-unknown-linux-gnu","Linux 7.0.11-76070011-generic x86_64","Intel(R) Core(TM) Ultra 7 155H","/dev/nvme0n1p3 ext4   rw,noatime,errors=remount-ro","/tmp/pigment-db-durability-bench","pigment_db","physical","key_set","file","minimal_callback","8","32","5","2","1024","1113775908","919.394999","13780037","0"
"candidate-protocol-v2-20260807-102902","6d7edc7c29a60a94c59effeeb2b78d8b95038135","default-hasher:7a3d2ed08cfb82df","rustc 1.97.0 (2d8144b78 2026-07-07)","x86_64-unknown-linux-gnu","Linux 7.0.11-76070011-generic x86_64","Intel(R) Core(TM) Ultra 7 155H","/dev/nvme0n1p3 ext4   rw,noatime,errors=remount-ro","/tmp/pigment-db-durability-bench","pigment_db","physical","key_set","file","minimal_callback","8","32","5","3","1024","1136738110","900.823146","13246379","0"
"candidate-protocol-v2-20260807-102902","6d7edc7c29a60a94c59effeeb2b78d8b95038135","default-hasher:7a3d2ed08cfb82df","rustc 1.97.0 (2d8144b78 2026-07-07)","x86_64-unknown-linux-gnu","Linux 7.0.11-76070011-generic x86_64","Intel(R) Core(TM) Ultra 7 155H","/dev/nvme0n1p3 ext4   rw,noatime,errors=remount-ro","/tmp/pigment-db-durability-bench","pigment_db","physical","key_set","file","minimal_callback","8","32","5","4","1024","1112606039","920.361713","13889318","0"
"candidate-protocol-v2-20260807-102902","6d7edc7c29a60a94c59effeeb2b78d8b95038135","default-hasher:7a3d2ed08cfb82df","rustc 1.97.0 (2d8144b78 2026-07-07)","x86_64-unknown-linux-gnu","Linux 7.0.11-76070011-generic x86_64","Intel(R) Core(TM) Ultra 7 155H","/dev/nvme0n1p3 ext4   rw,noatime,errors=remount-ro","/tmp/pigment-db-durability-bench","pigment_db","physical","key_set","file","minimal_callback","8","32","5","5","1024","1086719579","942.285406","10076576","0"
"candidate-protocol-v2-20260807-102902","6d7edc7c29a60a94c59effeeb2b78d8b95038135","default-hasher:7a3d2ed08cfb82df","rustc 1.97.0 (2d8144b78 2026-07-07)","x86_64-unknown-linux-gnu","Linux 7.0.11-76070011-generic x86_64","Intel(R) Core(TM) Ultra 7 155H","/dev/nvme0n1p3 ext4   rw,noatime,errors=remount-ro","/tmp/pigment-db-durability-bench","pigment_db","physical","key_set","file","minimal_callback","8","32","5","6","1024","1160247358","882.570422","13898327","0"
"candidate-protocol-v2-20260807-102902","6d7edc7c29a60a94c59effeeb2b78d8b95038135","default-hasher:7a3d2ed08cfb82df","rustc 1.97.0 (2d8144b78 2026-07-07)","x86_64-unknown-linux-gnu","Linux 7.0.11-76070011-generic x86_64","Intel(R) Core(TM) Ultra 7 155H","/dev/nvme0n1p3 ext4   rw,noatime,errors=remount-ro","/tmp/pigment-db-durability-bench","pigment_db","physical","key_set","file","minimal_callback","8","32","5","7","1024","1233316962","830.281291","15618168","0"
"candidate-protocol-v2-20260807-102902","6d7edc7c29a60a94c59effeeb2b78d8b95038135","default-hasher:7a3d2ed08cfb82df","rustc 1.97.0 (2d8144b78 2026-07-07)","x86_64-unknown-linux-gnu","Linux 7.0.11-76070011-generic x86_64","Intel(R) Core(TM) Ultra 7 155H","/dev/nvme0n1p3 ext4   rw,noatime,errors=remount-ro","/tmp/pigment-db-durability-bench","pigment_db","physical","key_set","file","minimal_callback","8","32","5","8","1024","1079674583","948.433923","12869355","0"
"candidate-protocol-v2-20260807-102902","6d7edc7c29a60a94c59effeeb2b78d8b95038135","default-hasher:7a3d2ed08cfb82df","rustc 1.97.0 (2d8144b78 2026-07-07)","x86_64-unknown-linux-gnu","Linux 7.0.11-76070011-generic x86_64","Intel(R) Core(TM) Ultra 7 155H","/dev/nvme0n1p3 ext4   rw,noatime,errors=remount-ro","/tmp/pigment-db-durability-bench","pigment_db","physical","key_set","file","minimal_callback","8","32","5","9","1024","1120900658","913.551074","13793143","0"
"candidate-protocol-v2-20260807-102902","6d7edc7c29a60a94c59effeeb2b78d8b95038135","default-hasher:7a3d2ed08cfb82df","rustc 1.97.0 (2d8144b78 2026-07-07)","x86_64-unknown-linux-gnu","Linux 7.0.11-76070011-generic x86_64","Intel(R) Core(TM) Ultra 7 155H","/dev/nvme0n1p3 ext4   rw,noatime,errors=remount-ro","/tmp/pigment-db-durability-bench","pigment_db","physical","key_set","file","minimal_callback","8","32","5","10","1024","1050770619","974.522871","7731616","0"
"candidate-protocol-v2-20260807-102902","6d7edc7c29a60a94c59effeeb2b78d8b95038135","default-hasher:7a3d2ed08cfb82df","rustc 1.97.0 (2d8144b78 2026-07-07)","x86_64-unknown-linux-gnu","Linux 7.0.11-76070011-generic x86_64","Intel(R) Core(TM) Ultra 7 155H","/dev/nvme0n1p3 ext4   rw,noatime,errors=remount-ro","/tmp/pigment-db-durability-bench","pigment_db","physical","key_map","file","ordinary_write","1","32","5","0","1024","1073144149","954.205454","1068750","0"
"candidate-protocol-v2-20260807-102902","6d7edc7c29a60a94c59effeeb2b78d8b95038135","default-hasher:7a3d2ed08cfb82df","rustc 1.97.0 (2d8144b78 2026-07-07)","x86_64-unknown-linux-gnu","Linux 7.0.11-76070011-generic x86_64","Intel(R) Core(TM) Ultra 7 155H","/dev/nvme0n1p3 ext4   rw,noatime,errors=remount-ro","/tmp/pigment-db-durability-bench","pigment_db","physical","key_map","file","ordinary_write","1","32","5","1","1024","1045204315","979.712756","1023330","0"
"candidate-protocol-v2-20260807-102902","6d7edc7c29a60a94c59effeeb2b78d8b95038135","default-hasher:7a3d2ed08cfb82df","rustc 1.97.0 (2d8144b78 2026-07-07)","x86_64-unknown-linux-gnu","Linux 7.0.11-76070011-generic x86_64","Intel(R) Core(TM) Ultra 7 155H","/dev/nvme0n1p3 ext4   rw,noatime,errors=remount-ro","/tmp/pigment-db-durability-bench","pigment_db","physical","key_map","file","ordinary_write","1","32","5","2","1024","1066648842","960.016042","1043194","0"
"candidate-protocol-v2-20260807-102902","6d7edc7c29a60a94c59effeeb2b78d8b95038135","default-hasher:7a3d2ed08cfb82df","rustc 1.97.0 (2d8144b78 2026-07-07)","x86_64-unknown-linux-gnu","Linux 7.0.11-76070011-generic x86_64","Intel(R) Core(TM) Ultra 7 155H","/dev/nvme0n1p3 ext4   rw,noatime,errors=remount-ro","/tmp/pigment-db-durability-bench","pigment_db","physical","key_map","file","ordinary_write","1","32","5","3","1024","1043794810","981.035727","1041557","0"
"candidate-protocol-v2-20260807-102902","6d7edc7c29a60a94c59effeeb2b78d8b95038135","default-hasher:7a3d2ed08cfb82df","rustc 1.97.0 (2d8144b78 2026-07-07)","x86_64-unknown-linux-gnu","Linux 7.0.11-76070011-generic x86_64","Intel(R) Core(TM) Ultra 7 155H","/dev/nvme0n1p3 ext4   rw,noatime,errors=remount-ro","/tmp/pigment-db-durability-bench","pigment_db","physical","key_map","file","ordinary_write","1","32","5","4","1024","1045500907","979.434827","1012195","0"
"candidate-protocol-v2-20260807-102902","6d7edc7c29a60a94c59effeeb2b78d8b95038135","default-hasher:7a3d2ed08cfb82df","rustc 1.97.0 (2d8144b78 2026-07-07)","x86_64-unknown-linux-gnu","Linux 7.0.11-76070011-generic x86_64","Intel(R) Core(TM) Ultra 7 155H","/dev/nvme0n1p3 ext4   rw,noatime,errors=remount-ro","/tmp/pigment-db-durability-bench","pigment_db","physical","key_map","file","ordinary_write","1","32","5","5","1024","1048261244","976.855727","1021375","0"
"candidate-protocol-v2-20260807-102902","6d7edc7c29a60a94c59effeeb2b78d8b95038135","default-hasher:7a3d2ed08cfb82df","rustc 1.97.0 (2d8144b78 2026-07-07)","x86_64-unknown-linux-gnu","Linux 7.0.11-76070011-generic x86_64","Intel(R) Core(TM) Ultra 7 155H","/dev/nvme0n1p3 ext4   rw,noatime,errors=remount-ro","/tmp/pigment-db-durability-bench","pigment_db","physical","key_map","file","ordinary_write","1","32","5","6","1024","1073083560","954.259331","1109819","0"
"candidate-protocol-v2-20260807-102902","6d7edc7c29a60a94c59effeeb2b78d8b95038135","default-hasher:7a3d2ed08cfb82df","rustc 1.97.0 (2d8144b78 2026-07-07)","x86_64-unknown-linux-gnu","Linux 7.0.11-76070011-generic x86_64","Intel(R) Core(TM) Ultra 7 155H","/dev/nvme0n1p3 ext4   rw,noatime,errors=remount-ro","/tmp/pigment-db-durability-bench","pigment_db","physical","key_map","file","ordinary_write","1","32","5","7","1024","1054652386","970.936029","1018619","0"
"candidate-protocol-v2-20260807-102902","6d7edc7c29a60a94c59effeeb2b78d8b95038135","default-hasher:7a3d2ed08cfb82df","rustc 1.97.0 (2d8144b78 2026-07-07)","x86_64-unknown-linux-gnu","Linux 7.0.11-76070011-generic x86_64","Intel(R) Core(TM) Ultra 7 155H","/dev/nvme0n1p3 ext4   rw,noatime,errors=remount-ro","/tmp/pigment-db-durability-bench","pigment_db","physical","key_map","file","ordinary_write","1","32","5","8","1024","1061586082","964.594410","1069835","0"
"candidate-protocol-v2-20260807-102902","6d7edc7c29a60a94c59effeeb2b78d8b95038135","default-hasher:7a3d2ed08cfb82df","rustc 1.97.0 (2d8144b78 2026-07-07)","x86_64-unknown-linux-gnu","Linux 7.0.11-76070011-generic x86_64","Intel(R) Core(TM) Ultra 7 155H","/dev/nvme0n1p3 ext4   rw,noatime,errors=remount-ro","/tmp/pigment-db-durability-bench","pigment_db","physical","key_map","file","ordinary_write","1","32","5","9","1024","1063876000","962.518188","1080226","0"
"candidate-protocol-v2-20260807-102902","6d7edc7c29a60a94c59effeeb2b78d8b95038135","default-hasher:7a3d2ed08cfb82df","rustc 1.97.0 (2d8144b78 2026-07-07)","x86_64-unknown-linux-gnu","Linux 7.0.11-76070011-generic x86_64","Intel(R) Core(TM) Ultra 7 155H","/dev/nvme0n1p3 ext4   rw,noatime,errors=remount-ro","/tmp/pigment-db-durability-bench","pigment_db","physical","key_map","file","ordinary_write","1","32","5","10","1024","1050567798","974.711011","1010788","0"
"candidate-protocol-v2-20260807-102902","6d7edc7c29a60a94c59effeeb2b78d8b95038135","default-hasher:7a3d2ed08cfb82df","rustc 1.97.0 (2d8144b78 2026-07-07)","x86_64-unknown-linux-gnu","Linux 7.0.11-76070011-generic x86_64","Intel(R) Core(TM) Ultra 7 155H","/dev/nvme0n1p3 ext4   rw,noatime,errors=remount-ro","/tmp/pigment-db-durability-bench","pigment_db","physical","key_map","file","ordinary_write","8","32","5","0","1024","1276645482","802.102083","16227217","0"
"candidate-protocol-v2-20260807-102902","6d7edc7c29a60a94c59effeeb2b78d8b95038135","default-hasher:7a3d2ed08cfb82df","rustc 1.97.0 (2d8144b78 2026-07-07)","x86_64-unknown-linux-gnu","Linux 7.0.11-76070011-generic x86_64","Intel(R) Core(TM) Ultra 7 155H","/dev/nvme0n1p3 ext4   rw,noatime,errors=remount-ro","/tmp/pigment-db-durability-bench","pigment_db","physical","key_map","file","ordinary_write","8","32","5","1","1024","1088718152","940.555642","11308971","0"
"candidate-protocol-v2-20260807-102902","6d7edc7c29a60a94c59effeeb2b78d8b95038135","default-hasher:7a3d2ed08cfb82df","rustc 1.97.0 (2d8144b78 2026-07-07)","x86_64-unknown-linux-gnu","Linux 7.0.11-76070011-generic x86_64","Intel(R) Core(TM) Ultra 7 155H","/dev/nvme0n1p3 ext4   rw,noatime,errors=remount-ro","/tmp/pigment-db-durability-bench","pigment_db","physical","key_map","file","ordinary_write","8","32","5","2","1024","1085102964","943.689248","12959602","0"
"candidate-protocol-v2-20260807-102902","6d7edc7c29a60a94c59effeeb2b78d8b95038135","default-hasher:7a3d2ed08cfb82df","rustc 1.97.0 (2d8144b78 2026-07-07)","x86_64-unknown-linux-gnu","Linux 7.0.11-76070011-generic x86_64","Intel(R) Core(TM) Ultra 7 155H","/dev/nvme0n1p3 ext4   rw,noatime,errors=remount-ro","/tmp/pigment-db-durability-bench","pigment_db","physical","key_map","file","ordinary_write","8","32","5","3","1024","1083056484","945.472388","12392038","0"
"candidate-protocol-v2-20260807-102902","6d7edc7c29a60a94c59effeeb2b78d8b95038135","default-hasher:7a3d2ed08cfb82df","rustc 1.97.0 (2d8144b78 2026-07-07)","x86_64-unknown-linux-gnu","Linux 7.0.11-76070011-generic x86_64","Intel(R) Core(TM) Ultra 7 155H","/dev/nvme0n1p3 ext4   rw,noatime,errors=remount-ro","/tmp/pigment-db-durability-bench","pigment_db","physical","key_map","file","ordinary_write","8","32","5","4","1024","1121022207","913.452020","13875955","0"
"candidate-protocol-v2-20260807-102902","6d7edc7c29a60a94c59effeeb2b78d8b95038135","default-hasher:7a3d2ed08cfb82df","rustc 1.97.0 (2d8144b78 2026-07-07)","x86_64-unknown-linux-gnu","Linux 7.0.11-76070011-generic x86_64","Intel(R) Core(TM) Ultra 7 155H","/dev/nvme0n1p3 ext4   rw,noatime,errors=remount-ro","/tmp/pigment-db-durability-bench","pigment_db","physical","key_map","file","ordinary_write","8","32","5","5","1024","1088852960","940.439194","13735186","0"
"candidate-protocol-v2-20260807-102902","6d7edc7c29a60a94c59effeeb2b78d8b95038135","default-hasher:7a3d2ed08cfb82df","rustc 1.97.0 (2d8144b78 2026-07-07)","x86_64-unknown-linux-gnu","Linux 7.0.11-76070011-generic x86_64","Intel(R) Core(TM) Ultra 7 155H","/dev/nvme0n1p3 ext4   rw,noatime,errors=remount-ro","/tmp/pigment-db-durability-bench","pigment_db","physical","key_map","file","ordinary_write","8","32","5","6","1024","1095798697","934.478206","12943911","0"
"candidate-protocol-v2-20260807-102902","6d7edc7c29a60a94c59effeeb2b78d8b95038135","default-hasher:7a3d2ed08cfb82df","rustc 1.97.0 (2d8144b78 2026-07-07)","x86_64-unknown-linux-gnu","Linux 7.0.11-76070011-generic x86_64","Intel(R) Core(TM) Ultra 7 155H","/dev/nvme0n1p3 ext4   rw,noatime,errors=remount-ro","/tmp/pigment-db-durability-bench","pigment_db","physical","key_map","file","ordinary_write","8","32","5","7","1024","1198281228","854.557324","14034263","0"
"candidate-protocol-v2-20260807-102902","6d7edc7c29a60a94c59effeeb2b78d8b95038135","default-hasher:7a3d2ed08cfb82df","rustc 1.97.0 (2d8144b78 2026-07-07)","x86_64-unknown-linux-gnu","Linux 7.0.11-76070011-generic x86_64","Intel(R) Core(TM) Ultra 7 155H","/dev/nvme0n1p3 ext4   rw,noatime,errors=remount-ro","/tmp/pigment-db-durability-bench","pigment_db","physical","key_map","file","ordinary_write","8","32","5","8","1024","1072820282","954.493513","10205262","0"
"candidate-protocol-v2-20260807-102902","6d7edc7c29a60a94c59effeeb2b78d8b95038135","default-hasher:7a3d2ed08cfb82df","rustc 1.97.0 (2d8144b78 2026-07-07)","x86_64-unknown-linux-gnu","Linux 7.0.11-76070011-generic x86_64","Intel(R) Core(TM) Ultra 7 155H","/dev/nvme0n1p3 ext4   rw,noatime,errors=remount-ro","/tmp/pigment-db-durability-bench","pigment_db","physical","key_map","file","ordinary_write","8","32","5","9","1024","1094382959","935.687084","13647041","0"
"candidate-protocol-v2-20260807-102902","6d7edc7c29a60a94c59effeeb2b78d8b95038135","default-hasher:7a3d2ed08cfb82df","rustc 1.97.0 (2d8144b78 2026-07-07)","x86_64-unknown-linux-gnu","Linux 7.0.11-76070011-generic x86_64","Intel(R) Core(TM) Ultra 7 155H","/dev/nvme0n1p3 ext4   rw,noatime,errors=remount-ro","/tmp/pigment-db-durability-bench","pigment_db","physical","key_map","file","ordinary_write","8","32","5","10","1024","1106927066","925.083532","13773826","0"
"candidate-protocol-v2-20260807-102902","6d7edc7c29a60a94c59effeeb2b78d8b95038135","default-hasher:7a3d2ed08cfb82df","rustc 1.97.0 (2d8144b78 2026-07-07)","x86_64-unknown-linux-gnu","Linux 7.0.11-76070011-generic x86_64","Intel(R) Core(TM) Ultra 7 155H","/dev/nvme0n1p3 ext4   rw,noatime,errors=remount-ro","/tmp/pigment-db-durability-bench","pigment_db","physical","key_map","file","successful_remove","1","32","5","0","1024","1028146775","995.966748","1041531","0"
"candidate-protocol-v2-20260807-102902","6d7edc7c29a60a94c59effeeb2b78d8b95038135","default-hasher:7a3d2ed08cfb82df","rustc 1.97.0 (2d8144b78 2026-07-07)","x86_64-unknown-linux-gnu","Linux 7.0.11-76070011-generic x86_64","Intel(R) Core(TM) Ultra 7 155H","/dev/nvme0n1p3 ext4   rw,noatime,errors=remount-ro","/tmp/pigment-db-durability-bench","pigment_db","physical","key_map","file","successful_remove","1","32","5","1","1024","1055269376","970.368347","1088720","0"
"candidate-protocol-v2-20260807-102902","6d7edc7c29a60a94c59effeeb2b78d8b95038135","default-hasher:7a3d2ed08cfb82df","rustc 1.97.0 (2d8144b78 2026-07-07)","x86_64-unknown-linux-gnu","Linux 7.0.11-76070011-generic x86_64","Intel(R) Core(TM) Ultra 7 155H","/dev/nvme0n1p3 ext4   rw,noatime,errors=remount-ro","/tmp/pigment-db-durability-bench","pigment_db","physical","key_map","file","successful_remove","1","32","5","2","1024","1175807829","870.890612","2702046","0"
"candidate-protocol-v2-20260807-102902","6d7edc7c29a60a94c59effeeb2b78d8b95038135","default-hasher:7a3d2ed08cfb82df","rustc 1.97.0 (2d8144b78 2026-07-07)","x86_64-unknown-linux-gnu","Linux 7.0.11-76070011-generic x86_64","Intel(R) Core(TM) Ultra 7 155H","/dev/nvme0n1p3 ext4   rw,noatime,errors=remount-ro","/tmp/pigment-db-durability-bench","pigment_db","physical","key_map","file","successful_remove","1","32","5","3","1024","1047336777","977.717982","1044912","0"
"candidate-protocol-v2-20260807-102902","6d7edc7c29a60a94c59effeeb2b78d8b95038135","default-hasher:7a3d2ed08cfb82df","rustc 1.97.0 (2d8144b78 2026-07-07)","x86_64-unknown-linux-gnu","Linux 7.0.11-76070011-generic x86_64","Intel(R) Core(TM) Ultra 7 155H","/dev/nvme0n1p3 ext4   rw,noatime,errors=remount-ro","/tmp/pigment-db-durability-bench","pigment_db","physical","key_map","file","successful_remove","1","32","5","4","1024","1049783212","975.439489","1022076","0"
"candidate-protocol-v2-20260807-102902","6d7edc7c29a60a94c59effeeb2b78d8b95038135","default-hasher:7a3d2ed08cfb82df","rustc 1.97.0 (2d8144b78 2026-07-07)","x86_64-unknown-linux-gnu","Linux 7.0.11-76070011-generic x86_64","Intel(R) Core(TM) Ultra 7 155H","/dev/nvme0n1p3 ext4   rw,noatime,errors=remount-ro","/tmp/pigment-db-durability-bench","pigment_db","physical","key_map","file","successful_remove","1","32","5","5","1024","1052095967","973.295243","1041172","0"
"candidate-protocol-v2-20260807-102902","6d7edc7c29a60a94c59effeeb2b78d8b95038135","default-hasher:7a3d2ed08cfb82df","rustc 1.97.0 (2d8144b78 2026-07-07)","x86_64-unknown-linux-gnu","Linux 7.0.11-76070011-generic x86_64","Intel(R) Core(TM) Ultra 7 155H","/dev/nvme0n1p3 ext4   rw,noatime,errors=remount-ro","/tmp/pigment-db-durability-bench","pigment_db","physical","key_map","file","successful_remove","1","32","5","6","1024","1059210032","966.758215","1040927","0"
"candidate-protocol-v2-20260807-102902","6d7edc7c29a60a94c59effeeb2b78d8b95038135","default-hasher:7a3d2ed08cfb82df","rustc 1.97.0 (2d8144b78 2026-07-07)","x86_64-unknown-linux-gnu","Linux 7.0.11-76070011-generic x86_64","Intel(R) Core(TM) Ultra 7 155H","/dev/nvme0n1p3 ext4   rw,noatime,errors=remount-ro","/tmp/pigment-db-durability-bench","pigment_db","physical","key_map","file","successful_remove","1","32","5","7","1024","1029893199","994.277854","1022078","0"
"candidate-protocol-v2-20260807-102902","6d7edc7c29a60a94c59effeeb2b78d8b95038135","default-hasher:7a3d2ed08cfb82df","rustc 1.97.0 (2d8144b78 2026-07-07)","x86_64-unknown-linux-gnu","Linux 7.0.11-76070011-generic x86_64","Intel(R) Core(TM) Ultra 7 155H","/dev/nvme0n1p3 ext4   rw,noatime,errors=remount-ro","/tmp/pigment-db-durability-bench","pigment_db","physical","key_map","file","successful_remove","1","32","5","8","1024","1064357726","962.082555","1037557","0"
"candidate-protocol-v2-20260807-102902","6d7edc7c29a60a94c59effeeb2b78d8b95038135","default-hasher:7a3d2ed08cfb82df","rustc 1.97.0 (2d8144b78 2026-07-07)","x86_64-unknown-linux-gnu","Linux 7.0.11-76070011-generic x86_64","Intel(R) Core(TM) Ultra 7 155H","/dev/nvme0n1p3 ext4   rw,noatime,errors=remount-ro","/tmp/pigment-db-durability-bench","pigment_db","physical","key_map","file","successful_remove","1","32","5","9","1024","1053033212","972.428968","1038868","0"
"candidate-protocol-v2-20260807-102902","6d7edc7c29a60a94c59effeeb2b78d8b95038135","default-hasher:7a3d2ed08cfb82df","rustc 1.97.0 (2d8144b78 2026-07-07)","x86_64-unknown-linux-gnu","Linux 7.0.11-76070011-generic x86_64","Intel(R) Core(TM) Ultra 7 155H","/dev/nvme0n1p3 ext4   rw,noatime,errors=remount-ro","/tmp/pigment-db-durability-bench","pigment_db","physical","key_map","file","successful_remove","1","32","5","10","1024","1059192326","966.774376","1032118","0"
"candidate-protocol-v2-20260807-102902","6d7edc7c29a60a94c59effeeb2b78d8b95038135","default-hasher:7a3d2ed08cfb82df","rustc 1.97.0 (2d8144b78 2026-07-07)","x86_64-unknown-linux-gnu","Linux 7.0.11-76070011-generic x86_64","Intel(R) Core(TM) Ultra 7 155H","/dev/nvme0n1p3 ext4   rw,noatime,errors=remount-ro","/tmp/pigment-db-durability-bench","pigment_db","physical","key_map","file","successful_remove","8","32","5","0","1024","1119965320","914.314025","13840008","0"
"candidate-protocol-v2-20260807-102902","6d7edc7c29a60a94c59effeeb2b78d8b95038135","default-hasher:7a3d2ed08cfb82df","rustc 1.97.0 (2d8144b78 2026-07-07)","x86_64-unknown-linux-gnu","Linux 7.0.11-76070011-generic x86_64","Intel(R) Core(TM) Ultra 7 155H","/dev/nvme0n1p3 ext4   rw,noatime,errors=remount-ro","/tmp/pigment-db-durability-bench","pigment_db","physical","key_map","file","successful_remove","8","32","5","1","1024","1094673063","935.439114","11106538","0"
"candidate-protocol-v2-20260807-102902","6d7edc7c29a60a94c59effeeb2b78d8b95038135","default-hasher:7a3d2ed08cfb82df","rustc 1.97.0 (2d8144b78 2026-07-07)","x86_64-unknown-linux-gnu","Linux 7.0.11-76070011-generic x86_64","Intel(R) Core(TM) Ultra 7 155H","/dev/nvme0n1p3 ext4   rw,noatime,errors=remount-ro","/tmp/pigment-db-durability-bench","pigment_db","physical","key_map","file","successful_remove","8","32","5","2","1024","1092566026","937.243128","12757487","0"
"candidate-protocol-v2-20260807-102902","6d7edc7c29a60a94c59effeeb2b78d8b95038135","default-hasher:7a3d2ed08cfb82df","rustc 1.97.0 (2d8144b78 2026-07-07)","x86_64-unknown-linux-gnu","Linux 7.0.11-76070011-generic x86_64","Intel(R) Core(TM) Ultra 7 155H","/dev/nvme0n1p3 ext4   rw,noatime,errors=remount-ro","/tmp/pigment-db-durability-bench","pigment_db","physical","key_map","file","successful_remove","8","32","5","3","1024","1081348542","946.965719","8074206","0"
"candidate-protocol-v2-20260807-102902","6d7edc7c29a60a94c59effeeb2b78d8b95038135","default-hasher:7a3d2ed08cfb82df","rustc 1.97.0 (2d8144b78 2026-07-07)","x86_64-unknown-linux-gnu","Linux 7.0.11-76070011-generic x86_64","Intel(R) Core(TM) Ultra 7 155H","/dev/nvme0n1p3 ext4   rw,noatime,errors=remount-ro","/tmp/pigment-db-durability-bench","pigment_db","physical","key_map","file","successful_remove","8","32","5","4","1024","1189106810","861.150564","14708438","0"
"candidate-protocol-v2-20260807-102902","6d7edc7c29a60a94c59effeeb2b78d8b95038135","default-hasher:7a3d2ed08cfb82df","rustc 1.97.0 (2d8144b78 2026-07-07)","x86_64-unknown-linux-gnu","Linux 7.0.11-76070011-generic x86_64","Intel(R) Core(TM) Ultra 7 155H","/dev/nvme0n1p3 ext4   rw,noatime,errors=remount-ro","/tmp/pigment-db-durability-bench","pigment_db","physical","key_map","file","successful_remove","8","32","5","5","1024","1138674355","899.291352","13689235","0"
"candidate-protocol-v2-20260807-102902","6d7edc7c29a60a94c59effeeb2b78d8b95038135","default-hasher:7a3d2ed08cfb82df","rustc 1.97.0 (2d8144b78 2026-07-07)","x86_64-unknown-linux-gnu","Linux 7.0.11-76070011-generic x86_64","Intel(R) Core(TM) Ultra 7 155H","/dev/nvme0n1p3 ext4   rw,noatime,errors=remount-ro","/tmp/pigment-db-durability-bench","pigment_db","physical","key_map","file","successful_remove","8","32","5","6","1024","1110122985","922.420321","12901497","0"
"candidate-protocol-v2-20260807-102902","6d7edc7c29a60a94c59effeeb2b78d8b95038135","default-hasher:7a3d2ed08cfb82df","rustc 1.97.0 (2d8144b78 2026-07-07)","x86_64-unknown-linux-gnu","Linux 7.0.11-76070011-generic x86_64","Intel(R) Core(TM) Ultra 7 155H","/dev/nvme0n1p3 ext4   rw,noatime,errors=remount-ro","/tmp/pigment-db-durability-bench","pigment_db","physical","key_map","file","successful_remove","8","32","5","7","1024","1138640160","899.318359","13459083","0"
"candidate-protocol-v2-20260807-102902","6d7edc7c29a60a94c59effeeb2b78d8b95038135","default-hasher:7a3d2ed08cfb82df","rustc 1.97.0 (2d8144b78 2026-07-07)","x86_64-unknown-linux-gnu","Linux 7.0.11-76070011-generic x86_64","Intel(R) Core(TM) Ultra 7 155H","/dev/nvme0n1p3 ext4   rw,noatime,errors=remount-ro","/tmp/pigment-db-durability-bench","pigment_db","physical","key_map","file","successful_remove","8","32","5","8","1024","1107356338","924.724919","13842347","0"
"candidate-protocol-v2-20260807-102902","6d7edc7c29a60a94c59effeeb2b78d8b95038135","default-hasher:7a3d2ed08cfb82df","rustc 1.97.0 (2d8144b78 2026-07-07)","x86_64-unknown-linux-gnu","Linux 7.0.11-76070011-generic x86_64","Intel(R) Core(TM) Ultra 7 155H","/dev/nvme0n1p3 ext4   rw,noatime,errors=remount-ro","/tmp/pigment-db-durability-bench","pigment_db","physical","key_map","file","successful_remove","8","32","5","9","1024","1094938732","935.212145","12918631","0"
"candidate-protocol-v2-20260807-102902","6d7edc7c29a60a94c59effeeb2b78d8b95038135","default-hasher:7a3d2ed08cfb82df","rustc 1.97.0 (2d8144b78 2026-07-07)","x86_64-unknown-linux-gnu","Linux 7.0.11-76070011-generic x86_64","Intel(R) Core(TM) Ultra 7 155H","/dev/nvme0n1p3 ext4   rw,noatime,errors=remount-ro","/tmp/pigment-db-durability-bench","pigment_db","physical","key_map","file","successful_remove","8","32","5","10","1024","1108270841","923.961871","14119722","0"
"candidate-protocol-v2-20260807-102902","6d7edc7c29a60a94c59effeeb2b78d8b95038135","default-hasher:7a3d2ed08cfb82df","rustc 1.97.0 (2d8144b78 2026-07-07)","x86_64-unknown-linux-gnu","Linux 7.0.11-76070011-generic x86_64","Intel(R) Core(TM) Ultra 7 155H","/dev/nvme0n1p3 ext4   rw,noatime,errors=remount-ro","/tmp/pigment-db-durability-bench","pigment_db","physical","key_map","file","minimal_callback","1","32","5","0","1024","1017365261","1006.521492","1029176","0"
"candidate-protocol-v2-20260807-102902","6d7edc7c29a60a94c59effeeb2b78d8b95038135","default-hasher:7a3d2ed08cfb82df","rustc 1.97.0 (2d8144b78 2026-07-07)","x86_64-unknown-linux-gnu","Linux 7.0.11-76070011-generic x86_64","Intel(R) Core(TM) Ultra 7 155H","/dev/nvme0n1p3 ext4   rw,noatime,errors=remount-ro","/tmp/pigment-db-durability-bench","pigment_db","physical","key_map","file","minimal_callback","1","32","5","1","1024","1070592199","956.479975","1074635","0"
"candidate-protocol-v2-20260807-102902","6d7edc7c29a60a94c59effeeb2b78d8b95038135","default-hasher:7a3d2ed08cfb82df","rustc 1.97.0 (2d8144b78 2026-07-07)","x86_64-unknown-linux-gnu","Linux 7.0.11-76070011-generic x86_64","Intel(R) Core(TM) Ultra 7 155H","/dev/nvme0n1p3 ext4   rw,noatime,errors=remount-ro","/tmp/pigment-db-durability-bench","pigment_db","physical","key_map","file","minimal_callback","1","32","5","2","1024","1079710804","948.402106","1062965","0"
"candidate-protocol-v2-20260807-102902","6d7edc7c29a60a94c59effeeb2b78d8b95038135","default-hasher:7a3d2ed08cfb82df","rustc 1.97.0 (2d8144b78 2026-07-07)","x86_64-unknown-linux-gnu","Linux 7.0.11-76070011-generic x86_64","Intel(R) Core(TM) Ultra 7 155H","/dev/nvme0n1p3 ext4   rw,noatime,errors=remount-ro","/tmp/pigment-db-durability-bench","pigment_db","physical","key_map","file","minimal_callback","1","32","5","3","1024","1055335425","970.307616","1033065","0"
"candidate-protocol-v2-20260807-102902","6d7edc7c29a60a94c59effeeb2b78d8b95038135","default-hasher:7a3d2ed08cfb82df","rustc 1.97.0 (2d8144b78 2026-07-07)","x86_64-unknown-linux-gnu","Linux 7.0.11-76070011-generic x86_64","Intel(R) Core(TM) Ultra 7 155H","/dev/nvme0n1p3 ext4   rw,noatime,errors=remount-ro","/tmp/pigment-db-durability-bench","pigment_db","physical","key_map","file","minimal_callback","1","32","5","4","1024","1084486722","944.225484","1071457","0"
"candidate-protocol-v2-20260807-102902","6d7edc7c29a60a94c59effeeb2b78d8b95038135","default-hasher:7a3d2ed08cfb82df","rustc 1.97.0 (2d8144b78 2026-07-07)","x86_64-unknown-linux-gnu","Linux 7.0.11-76070011-generic x86_64","Intel(R) Core(TM) Ultra 7 155H","/dev/nvme0n1p3 ext4   rw,noatime,errors=remount-ro","/tmp/pigment-db-durability-bench","pigment_db","physical","key_map","file","minimal_callback","1","32","5","5","1024","1013277972","1010.581527","1058703","0"
"candidate-protocol-v2-20260807-102902","6d7edc7c29a60a94c59effeeb2b78d8b95038135","default-hasher:7a3d2ed08cfb82df","rustc 1.97.0 (2d8144b78 2026-07-07)","x86_64-unknown-linux-gnu","Linux 7.0.11-76070011-generic x86_64","Intel(R) Core(TM) Ultra 7 155H","/dev/nvme0n1p3 ext4   rw,noatime,errors=remount-ro","/tmp/pigment-db-durability-bench","pigment_db","physical","key_map","file","minimal_callback","1","32","5","6","1024","1029122301","995.022651","1026270","0"
"candidate-protocol-v2-20260807-102902","6d7edc7c29a60a94c59effeeb2b78d8b95038135","default-hasher:7a3d2ed08cfb82df","rustc 1.97.0 (2d8144b78 2026-07-07)","x86_64-unknown-linux-gnu","Linux 7.0.11-76070011-generic x86_64","Intel(R) Core(TM) Ultra 7 155H","/dev/nvme0n1p3 ext4   rw,noatime,errors=remount-ro","/tmp/pigment-db-durability-bench","pigment_db","physical","key_map","file","minimal_callback","1","32","5","7","1024","1076389695","951.328320","1096961","0"
"candidate-protocol-v2-20260807-102902","6d7edc7c29a60a94c59effeeb2b78d8b95038135","default-hasher:7a3d2ed08cfb82df","rustc 1.97.0 (2d8144b78 2026-07-07)","x86_64-unknown-linux-gnu","Linux 7.0.11-76070011-generic x86_64","Intel(R) Core(TM) Ultra 7 155H","/dev/nvme0n1p3 ext4   rw,noatime,errors=remount-ro","/tmp/pigment-db-durability-bench","pigment_db","physical","key_map","file","minimal_callback","1","32","5","8","1024","1063219657","963.112367","1104590","0"
"candidate-protocol-v2-20260807-102902","6d7edc7c29a60a94c59effeeb2b78d8b95038135","default-hasher:7a3d2ed08cfb82df","rustc 1.97.0 (2d8144b78 2026-07-07)","x86_64-unknown-linux-gnu","Linux 7.0.11-76070011-generic x86_64","Intel(R) Core(TM) Ultra 7 155H","/dev/nvme0n1p3 ext4   rw,noatime,errors=remount-ro","/tmp/pigment-db-durability-bench","pigment_db","physical","key_map","file","minimal_callback","1","32","5","9","1024","1072788740","954.521577","1076920","0"
"candidate-protocol-v2-20260807-102902","6d7edc7c29a60a94c59effeeb2b78d8b95038135","default-hasher:7a3d2ed08cfb82df","rustc 1.97.0 (2d8144b78 2026-07-07)","x86_64-unknown-linux-gnu","Linux 7.0.11-76070011-generic x86_64","Intel(R) Core(TM) Ultra 7 155H","/dev/nvme0n1p3 ext4   rw,noatime,errors=remount-ro","/tmp/pigment-db-durability-bench","pigment_db","physical","key_map","file","minimal_callback","1","32","5","10","1024","1023769291","1000.225353","1044928","0"
"candidate-protocol-v2-20260807-102902","6d7edc7c29a60a94c59effeeb2b78d8b95038135","default-hasher:7a3d2ed08cfb82df","rustc 1.97.0 (2d8144b78 2026-07-07)","x86_64-unknown-linux-gnu","Linux 7.0.11-76070011-generic x86_64","Intel(R) Core(TM) Ultra 7 155H","/dev/nvme0n1p3 ext4   rw,noatime,errors=remount-ro","/tmp/pigment-db-durability-bench","pigment_db","physical","key_map","file","minimal_callback","8","32","5","0","1024","1100518645","930.470378","10960686","0"
"candidate-protocol-v2-20260807-102902","6d7edc7c29a60a94c59effeeb2b78d8b95038135","default-hasher:7a3d2ed08cfb82df","rustc 1.97.0 (2d8144b78 2026-07-07)","x86_64-unknown-linux-gnu","Linux 7.0.11-76070011-generic x86_64","Intel(R) Core(TM) Ultra 7 155H","/dev/nvme0n1p3 ext4   rw,noatime,errors=remount-ro","/tmp/pigment-db-durability-bench","pigment_db","physical","key_map","file","minimal_callback","8","32","5","1","1024","1127988658","907.810546","13868739","0"
"candidate-protocol-v2-20260807-102902","6d7edc7c29a60a94c59effeeb2b78d8b95038135","default-hasher:7a3d2ed08cfb82df","rustc 1.97.0 (2d8144b78 2026-07-07)","x86_64-unknown-linux-gnu","Linux 7.0.11-76070011-generic x86_64","Intel(R) Core(TM) Ultra 7 155H","/dev/nvme0n1p3 ext4   rw,noatime,errors=remount-ro","/tmp/pigment-db-durability-bench","pigment_db","physical","key_map","file","minimal_callback","8","32","5","2","1024","1089760787","939.655760","12862378","0"
"candidate-protocol-v2-20260807-102902","6d7edc7c29a60a94c59effeeb2b78d8b95038135","default-hasher:7a3d2ed08cfb82df","rustc 1.97.0 (2d8144b78 2026-07-07)","x86_64-unknown-linux-gnu","Linux 7.0.11-76070011-generic x86_64","Intel(R) Core(TM) Ultra 7 155H","/dev/nvme0n1p3 ext4   rw,noatime,errors=remount-ro","/tmp/pigment-db-durability-bench","pigment_db","physical","key_map","file","minimal_callback","8","32","5","3","1024","1243673422","823.367278","13803003","0"
"candidate-protocol-v2-20260807-102902","6d7edc7c29a60a94c59effeeb2b78d8b95038135","default-hasher:7a3d2ed08cfb82df","rustc 1.97.0 (2d8144b78 2026-07-07)","x86_64-unknown-linux-gnu","Linux 7.0.11-76070011-generic x86_64","Intel(R) Core(TM) Ultra 7 155H","/dev/nvme0n1p3 ext4   rw,noatime,errors=remount-ro","/tmp/pigment-db-durability-bench","pigment_db","physical","key_map","file","minimal_callback","8","32","5","4","1024","1189501810","860.864600","14140951","0"
"candidate-protocol-v2-20260807-102902","6d7edc7c29a60a94c59effeeb2b78d8b95038135","default-hasher:7a3d2ed08cfb82df","rustc 1.97.0 (2d8144b78 2026-07-07)","x86_64-unknown-linux-gnu","Linux 7.0.11-76070011-generic x86_64","Intel(R) Core(TM) Ultra 7 155H","/dev/nvme0n1p3 ext4   rw,noatime,errors=remount-ro","/tmp/pigment-db-durability-bench","pigment_db","physical","key_map","file","minimal_callback","8","32","5","5","1024","1280144443","799.909733","16028903","0"
"candidate-protocol-v2-20260807-102902","6d7edc7c29a60a94c59effeeb2b78d8b95038135","default-hasher:7a3d2ed08cfb82df","rustc 1.97.0 (2d8144b78 2026-07-07)","x86_64-unknown-linux-gnu","Linux 7.0.11-76070011-generic x86_64","Intel(R) Core(TM) Ultra 7 155H","/dev/nvme0n1p3 ext4   rw,noatime,errors=remount-ro","/tmp/pigment-db-durability-bench","pigment_db","physical","key_map","file","minimal_callback","8","32","5","6","1024","1102206137","929.045816","12813399","0"
"candidate-protocol-v2-20260807-102902","6d7edc7c29a60a94c59effeeb2b78d8b95038135","default-hasher:7a3d2ed08cfb82df","rustc 1.97.0 (2d8144b78 2026-07-07)","x86_64-unknown-linux-gnu","Linux 7.0.11-76070011-generic x86_64","Intel(R) Core(TM) Ultra 7 155H","/dev/nvme0n1p3 ext4   rw,noatime,errors=remount-ro","/tmp/pigment-db-durability-bench","pigment_db","physical","key_map","file","minimal_callback","8","32","5","7","1024","1096000268","934.306341","13804122","0"
"candidate-protocol-v2-20260807-102902","6d7edc7c29a60a94c59effeeb2b78d8b95038135","default-hasher:7a3d2ed08cfb82df","rustc 1.97.0 (2d8144b78 2026-07-07)","x86_64-unknown-linux-gnu","Linux 7.0.11-76070011-generic x86_64","Intel(R) Core(TM) Ultra 7 155H","/dev/nvme0n1p3 ext4   rw,noatime,errors=remount-ro","/tmp/pigment-db-durability-bench","pigment_db","physical","key_map","file","minimal_callback","8","32","5","8","1024","1097950727","932.646589","13746949","0"
"candidate-protocol-v2-20260807-102902","6d7edc7c29a60a94c59effeeb2b78d8b95038135","default-hasher:7a3d2ed08cfb82df","rustc 1.97.0 (2d8144b78 2026-07-07)","x86_64-unknown-linux-gnu","Linux 7.0.11-76070011-generic x86_64","Intel(R) Core(TM) Ultra 7 155H","/dev/nvme0n1p3 ext4   rw,noatime,errors=remount-ro","/tmp/pigment-db-durability-bench","pigment_db","physical","key_map","file","minimal_callback","8","32","5","9","1024","1098683627","932.024447","11043451","0"
"candidate-protocol-v2-20260807-102902","6d7edc7c29a60a94c59effeeb2b78d8b95038135","default-hasher:7a3d2ed08cfb82df","rustc 1.97.0 (2d8144b78 2026-07-07)","x86_64-unknown-linux-gnu","Linux 7.0.11-76070011-generic x86_64","Intel(R) Core(TM) Ultra 7 155H","/dev/nvme0n1p3 ext4   rw,noatime,errors=remount-ro","/tmp/pigment-db-durability-bench","pigment_db","physical","key_map","file","minimal_callback","8","32","5","10","1024","1105058519","926.647759","13672138","0"
