capture_id,commit,dirty_hash,toolchain,target,os,cpu,filesystem,benchmark_root,implementation,policy,store_family,storage_mode,workload,workers,payload_bytes,warmup_count,sample_index,operations,elapsed_ns,ops_per_second,p95_latency_ns,failed_operations
"candidate-protocol-v3-20260807-145653","6d7edc7c29a60a94c59effeeb2b78d8b95038135","default-hasher:f584ad292ec9898a","rustc 1.97.0 (2d8144b78 2026-07-07)","x86_64-unknown-linux-gnu","Linux 7.0.11-76070011-generic x86_64","Intel(R) Core(TM) Ultra 7 155H","/dev/nvme0n1p3[/tmp] ext4   rw,nosuid,nodev,noatime,errors=remount-ro","/tmp/pigment-db-durability-bench","pigment_db","buffered","key_value","vector","ordinary_write","1","32","5","0","192512","100021364","1924708.805211","494","0"
"candidate-protocol-v3-20260807-145653","6d7edc7c29a60a94c59effeeb2b78d8b95038135","default-hasher:f584ad292ec9898a","rustc 1.97.0 (2d8144b78 2026-07-07)","x86_64-unknown-linux-gnu","Linux 7.0.11-76070011-generic x86_64","Intel(R) Core(TM) Ultra 7 155H","/dev/nvme0n1p3[/tmp] ext4   rw,nosuid,nodev,noatime,errors=remount-ro","/tmp/pigment-db-durability-bench","pigment_db","buffered","key_value","vector","ordinary_write","1","32","5","1","190976","100014942","1909474.686292","495","0"
"candidate-protocol-v3-20260807-145653","6d7edc7c29a60a94c59effeeb2b78d8b95038135","default-hasher:f584ad292ec9898a","rustc 1.97.0 (2d8144b78 2026-07-07)","x86_64-unknown-linux-gnu","Linux 7.0.11-76070011-generic x86_64","Intel(R) Core(TM) Ultra 7 155H","/dev/nvme0n1p3[/tmp] ext4   rw,nosuid,nodev,noatime,errors=remount-ro","/tmp/pigment-db-durability-bench","pigment_db","buffered","key_value","vector","ordinary_write","1","32","5","2","198400","100003671","1983927.170034","510","0"
"candidate-protocol-v3-20260807-145653","6d7edc7c29a60a94c59effeeb2b78d8b95038135","default-hasher:f584ad292ec9898a","rustc 1.97.0 (2d8144b78 2026-07-07)","x86_64-unknown-linux-gnu","Linux 7.0.11-76070011-generic x86_64","Intel(R) Core(TM) Ultra 7 155H","/dev/nvme0n1p3[/tmp] ext4   rw,nosuid,nodev,noatime,errors=remount-ro","/tmp/pigment-db-durability-bench","pigment_db","buffered","key_value","vector","ordinary_write","1","32","5","3","186112","100015989","1860822.473095","599","0"
"candidate-protocol-v3-20260807-145653","6d7edc7c29a60a94c59effeeb2b78d8b95038135","default-hasher:f584ad292ec9898a","rustc 1.97.0 (2d8144b78 2026-07-07)","x86_64-unknown-linux-gnu","Linux 7.0.11-76070011-generic x86_64","Intel(R) Core(TM) Ultra 7 155H","/dev/nvme0n1p3[/tmp] ext4   rw,nosuid,nodev,noatime,errors=remount-ro","/tmp/pigment-db-durability-bench","pigment_db","buffered","key_value","vector","ordinary_write","1","32","5","4","195904","100013606","1958773.489279","502","0"
"candidate-protocol-v3-20260807-145653","6d7edc7c29a60a94c59effeeb2b78d8b95038135","default-hasher:f584ad292ec9898a","rustc 1.97.0 (2d8144b78 2026-07-07)","x86_64-unknown-linux-gnu","Linux 7.0.11-76070011-generic x86_64","Intel(R) Core(TM) Ultra 7 155H","/dev/nvme0n1p3[/tmp] ext4   rw,nosuid,nodev,noatime,errors=remount-ro","/tmp/pigment-db-durability-bench","pigment_db","buffered","key_value","vector","ordinary_write","1","32","5","5","199104","100009102","1990858.792033","508","0"
"candidate-protocol-v3-20260807-145653","6d7edc7c29a60a94c59effeeb2b78d8b95038135","default-hasher:f584ad292ec9898a","rustc 1.97.0 (2d8144b78 2026-07-07)","x86_64-unknown-linux-gnu","Linux 7.0.11-76070011-generic x86_64","Intel(R) Core(TM) Ultra 7 155H","/dev/nvme0n1p3[/tmp] ext4   rw,nosuid,nodev,noatime,errors=remount-ro","/tmp/pigment-db-durability-bench","pigment_db","buffered","key_value","vector","ordinary_write","1","32","5","6","199552","100001276","1995494.537490","499","0"
"candidate-protocol-v3-20260807-145653","6d7edc7c29a60a94c59effeeb2b78d8b95038135","default-hasher:f584ad292ec9898a","rustc 1.97.0 (2d8144b78 2026-07-07)","x86_64-unknown-linux-gnu","Linux 7.0.11-76070011-generic x86_64","Intel(R) Core(TM) Ultra 7 155H","/dev/nvme0n1p3[/tmp] ext4   rw,nosuid,nodev,noatime,errors=remount-ro","/tmp/pigment-db-durability-bench","pigment_db","buffered","key_value","vector","ordinary_write","1","32","5","7","197504","100005289","1974935.545659","516","0"
"candidate-protocol-v3-20260807-145653","6d7edc7c29a60a94c59effeeb2b78d8b95038135","default-hasher:f584ad292ec9898a","rustc 1.97.0 (2d8144b78 2026-07-07)","x86_64-unknown-linux-gnu","Linux 7.0.11-76070011-generic x86_64","Intel(R) Core(TM) Ultra 7 155H","/dev/nvme0n1p3[/tmp] ext4   rw,nosuid,nodev,noatime,errors=remount-ro","/tmp/pigment-db-durability-bench","pigment_db","buffered","key_value","vector","ordinary_write","1","32","5","8","191744","100017777","1917099.197276","574","0"
"candidate-protocol-v3-20260807-145653","6d7edc7c29a60a94c59effeeb2b78d8b95038135","default-hasher:f584ad292ec9898a","rustc 1.97.0 (2d8144b78 2026-07-07)","x86_64-unknown-linux-gnu","Linux 7.0.11-76070011-generic x86_64","Intel(R) Core(TM) Ultra 7 155H","/dev/nvme0n1p3[/tmp] ext4   rw,nosuid,nodev,noatime,errors=remount-ro","/tmp/pigment-db-durability-bench","pigment_db","buffered","key_value","vector","ordinary_write","1","32","5","9","187840","100014421","1878129.154995","551","0"
"candidate-protocol-v3-20260807-145653","6d7edc7c29a60a94c59effeeb2b78d8b95038135","default-hasher:f584ad292ec9898a","rustc 1.97.0 (2d8144b78 2026-07-07)","x86_64-unknown-linux-gnu","Linux 7.0.11-76070011-generic x86_64","Intel(R) Core(TM) Ultra 7 155H","/dev/nvme0n1p3[/tmp] ext4   rw,nosuid,nodev,noatime,errors=remount-ro","/tmp/pigment-db-durability-bench","pigment_db","buffered","key_value","vector","ordinary_write","1","32","5","10","194944","100000474","1949430.759698","522","0"
"candidate-protocol-v3-20260807-145653","6d7edc7c29a60a94c59effeeb2b78d8b95038135","default-hasher:f584ad292ec9898a","rustc 1.97.0 (2d8144b78 2026-07-07)","x86_64-unknown-linux-gnu","Linux 7.0.11-76070011-generic x86_64","Intel(R) Core(TM) Ultra 7 155H","/dev/nvme0n1p3[/tmp] ext4   rw,nosuid,nodev,noatime,errors=remount-ro","/tmp/pigment-db-durability-bench","pigment_db","buffered","key_value","vector","ordinary_write","8","32","5","0","54272","100645361","539239.955630","27763","0"
"candidate-protocol-v3-20260807-145653","6d7edc7c29a60a94c59effeeb2b78d8b95038135","default-hasher:f584ad292ec9898a","rustc 1.97.0 (2d8144b78 2026-07-07)","x86_64-unknown-linux-gnu","Linux 7.0.11-76070011-generic x86_64","Intel(R) Core(TM) Ultra 7 155H","/dev/nvme0n1p3[/tmp] ext4   rw,nosuid,nodev,noatime,errors=remount-ro","/tmp/pigment-db-durability-bench","pigment_db","buffered","key_value","vector","ordinary_write","8","32","5","1","62464","100422654","622011.045436","28016","0"
"candidate-protocol-v3-20260807-145653","6d7edc7c29a60a94c59effeeb2b78d8b95038135","default-hasher:f584ad292ec9898a","rustc 1.97.0 (2d8144b78 2026-07-07)","x86_64-unknown-linux-gnu","Linux 7.0.11-76070011-generic x86_64","Intel(R) Core(TM) Ultra 7 155H","/dev/nvme0n1p3[/tmp] ext4   rw,nosuid,nodev,noatime,errors=remount-ro","/tmp/pigment-db-durability-bench","pigment_db","buffered","key_value","vector","ordinary_write","8","32","5","2","57856","100011860","578491.390921","26643","0"
"candidate-protocol-v3-20260807-145653","6d7edc7c29a60a94c59effeeb2b78d8b95038135","default-hasher:f584ad292ec9898a","rustc 1.97.0 (2d8144b78 2026-07-07)","x86_64-unknown-linux-gnu","Linux 7.0.11-76070011-generic x86_64","Intel(R) Core(TM) Ultra 7 155H","/dev/nvme0n1p3[/tmp] ext4   rw,nosuid,nodev,noatime,errors=remount-ro","/tmp/pigment-db-durability-bench","pigment_db","buffered","key_value","vector","ordinary_write","8","32","5","3","61952","100409760","616991.814342","26962","0"
"candidate-protocol-v3-20260807-145653","6d7edc7c29a60a94c59effeeb2b78d8b95038135","default-hasher:f584ad292ec9898a","rustc 1.97.0 (2d8144b78 2026-07-07)","x86_64-unknown-linux-gnu","Linux 7.0.11-76070011-generic x86_64","Intel(R) Core(TM) Ultra 7 155H","/dev/nvme0n1p3[/tmp] ext4   rw,nosuid,nodev,noatime,errors=remount-ro","/tmp/pigment-db-durability-bench","pigment_db","buffered","key_value","vector","ordinary_write","8","32","5","4","62976","102810634","612543.640184","27481","0"
"candidate-protocol-v3-20260807-145653","6d7edc7c29a60a94c59effeeb2b78d8b95038135","default-hasher:f584ad292ec9898a","rustc 1.97.0 (2d8144b78 2026-07-07)","x86_64-unknown-linux-gnu","Linux 7.0.11-76070011-generic x86_64","Intel(R) Core(TM) Ultra 7 155H","/dev/nvme0n1p3[/tmp] ext4   rw,nosuid,nodev,noatime,errors=remount-ro","/tmp/pigment-db-durability-bench","pigment_db","buffered","key_value","vector","ordinary_write","8","32","5","5","61440","100798056","609535.564853","27294","0"
"candidate-protocol-v3-20260807-145653","6d7edc7c29a60a94c59effeeb2b78d8b95038135","default-hasher:f584ad292ec9898a","rustc 1.97.0 (2d8144b78 2026-07-07)","x86_64-unknown-linux-gnu","Linux 7.0.11-76070011-generic x86_64","Intel(R) Core(TM) Ultra 7 155H","/dev/nvme0n1p3[/tmp] ext4   rw,nosuid,nodev,noatime,errors=remount-ro","/tmp/pigment-db-durability-bench","pigment_db","buffered","key_value","vector","ordinary_write","8","32","5","6","61952","100583635","615925.244698","27344","0"
"candidate-protocol-v3-20260807-145653","6d7edc7c29a60a94c59effeeb2b78d8b95038135","default-hasher:f584ad292ec9898a","rustc 1.97.0 (2d8144b78 2026-07-07)","x86_64-unknown-linux-gnu","Linux 7.0.11-76070011-generic x86_64","Intel(R) Core(TM) Ultra 7 155H","/dev/nvme0n1p3[/tmp] ext4   rw,nosuid,nodev,noatime,errors=remount-ro","/tmp/pigment-db-durability-bench","pigment_db","buffered","key_value","vector","ordinary_write","8","32","5","7","64000","100603681","636159.625213","26167","0"
"candidate-protocol-v3-20260807-145653","6d7edc7c29a60a94c59effeeb2b78d8b95038135","default-hasher:f584ad292ec9898a","rustc 1.97.0 (2d8144b78 2026-07-07)","x86_64-unknown-linux-gnu","Linux 7.0.11-76070011-generic x86_64","Intel(R) Core(TM) Ultra 7 155H","/dev/nvme0n1p3[/tmp] ext4   rw,nosuid,nodev,noatime,errors=remount-ro","/tmp/pigment-db-durability-bench","pigment_db","buffered","key_value","vector","ordinary_write","8","32","5","8","65024","100363727","647883.472881","26134","0"
"candidate-protocol-v3-20260807-145653","6d7edc7c29a60a94c59effeeb2b78d8b95038135","default-hasher:f584ad292ec9898a","rustc 1.97.0 (2d8144b78 2026-07-07)","x86_64-unknown-linux-gnu","Linux 7.0.11-76070011-generic x86_64","Intel(R) Core(TM) Ultra 7 155H","/dev/nvme0n1p3[/tmp] ext4   rw,nosuid,nodev,noatime,errors=remount-ro","/tmp/pigment-db-durability-bench","pigment_db","buffered","key_value","vector","ordinary_write","8","32","5","9","70656","100553410","702671.346501","26208","0"
"candidate-protocol-v3-20260807-145653","6d7edc7c29a60a94c59effeeb2b78d8b95038135","default-hasher:f584ad292ec9898a","rustc 1.97.0 (2d8144b78 2026-07-07)","x86_64-unknown-linux-gnu","Linux 7.0.11-76070011-generic x86_64","Intel(R) Core(TM) Ultra 7 155H","/dev/nvme0n1p3[/tmp] ext4   rw,nosuid,nodev,noatime,errors=remount-ro","/tmp/pigment-db-durability-bench","pigment_db","buffered","key_value","vector","ordinary_write","8","32","5","10","66048","100500551","657190.426747","26495","0"
"candidate-protocol-v3-20260807-145653","6d7edc7c29a60a94c59effeeb2b78d8b95038135","default-hasher:f584ad292ec9898a","rustc 1.97.0 (2d8144b78 2026-07-07)","x86_64-unknown-linux-gnu","Linux 7.0.11-76070011-generic x86_64","Intel(R) Core(TM) Ultra 7 155H","/dev/nvme0n1p3[/tmp] ext4   rw,nosuid,nodev,noatime,errors=remount-ro","/tmp/pigment-db-durability-bench","pigment_db","buffered","key_value","vector","successful_remove","1","32","5","0","172928","100008143","1729139.196195","655","0"
"candidate-protocol-v3-20260807-145653","6d7edc7c29a60a94c59effeeb2b78d8b95038135","default-hasher:f584ad292ec9898a","rustc 1.97.0 (2d8144b78 2026-07-07)","x86_64-unknown-linux-gnu","Linux 7.0.11-76070011-generic x86_64","Intel(R) Core(TM) Ultra 7 155H","/dev/nvme0n1p3[/tmp] ext4   rw,nosuid,nodev,noatime,errors=remount-ro","/tmp/pigment-db-durability-bench","pigment_db","buffered","key_value","vector","successful_remove","1","32","5","1","139008","100031675","1389639.831583","715","0"
"candidate-protocol-v3-20260807-145653","6d7edc7c29a60a94c59effeeb2b78d8b95038135","default-hasher:f584ad292ec9898a","rustc 1.97.0 (2d8144b78 2026-07-07)","x86_64-unknown-linux-gnu","Linux 7.0.11-76070011-generic x86_64","Intel(R) Core(TM) Ultra 7 155H","/dev/nvme0n1p3[/tmp] ext4   rw,nosuid,nodev,noatime,errors=remount-ro","/tmp/pigment-db-durability-bench","pigment_db","buffered","key_value","vector","successful_remove","1","32","5","2","138944","100031945","1388996.285137","721","0"
"candidate-protocol-v3-20260807-145653","6d7edc7c29a60a94c59effeeb2b78d8b95038135","default-hasher:f584ad292ec9898a","rustc 1.97.0 (2d8144b78 2026-07-07)","x86_64-unknown-linux-gnu","Linux 7.0.11-76070011-generic x86_64","Intel(R) Core(TM) Ultra 7 155H","/dev/nvme0n1p3[/tmp] ext4   rw,nosuid,nodev,noatime,errors=remount-ro","/tmp/pigment-db-durability-bench","pigment_db","buffered","key_value","vector","successful_remove","1","32","5","3","156224","100012376","1562046.681103","696","0"
"candidate-protocol-v3-20260807-145653","6d7edc7c29a60a94c59effeeb2b78d8b95038135","default-hasher:f584ad292ec9898a","rustc 1.97.0 (2d8144b78 2026-07-07)","x86_64-unknown-linux-gnu","Linux 7.0.11-76070011-generic x86_64","Intel(R) Core(TM) Ultra 7 155H","/dev/nvme0n1p3[/tmp] ext4   rw,nosuid,nodev,noatime,errors=remount-ro","/tmp/pigment-db-durability-bench","pigment_db","buffered","key_value","vector","successful_remove","1","32","5","4","189696","100030143","1896388.371653","517","0"
"candidate-protocol-v3-20260807-145653","6d7edc7c29a60a94c59effeeb2b78d8b95038135","default-hasher:f584ad292ec9898a","rustc 1.97.0 (2d8144b78 2026-07-07)","x86_64-unknown-linux-gnu","Linux 7.0.11-76070011-generic x86_64","Intel(R) Core(TM) Ultra 7 155H","/dev/nvme0n1p3[/tmp] ext4   rw,nosuid,nodev,noatime,errors=remount-ro","/tmp/pigment-db-durability-bench","pigment_db","buffered","key_value","vector","successful_remove","1","32","5","5","188608","100034798","1885423.910188","536","0"
"candidate-protocol-v3-20260807-145653","6d7edc7c29a60a94c59effeeb2b78d8b95038135","default-hasher:f584ad292ec9898a","rustc 1.97.0 (2d8144b78 2026-07-07)","x86_64-unknown-linux-gnu","Linux 7.0.11-76070011-generic x86_64","Intel(R) Core(TM) Ultra 7 155H","/dev/nvme0n1p3[/tmp] ext4   rw,nosuid,nodev,noatime,errors=remount-ro","/tmp/pigment-db-durability-bench","pigment_db","buffered","key_value","vector","successful_remove","1","32","5","6","182528","100029858","1824735.170573","573","0"
"candidate-protocol-v3-20260807-145653","6d7edc7c29a60a94c59effeeb2b78d8b95038135","default-hasher:f584ad292ec9898a","rustc 1.97.0 (2d8144b78 2026-07-07)","x86_64-unknown-linux-gnu","Linux 7.0.11-76070011-generic x86_64","Intel(R) Core(TM) Ultra 7 155H","/dev/nvme0n1p3[/tmp] ext4   rw,nosuid,nodev,noatime,errors=remount-ro","/tmp/pigment-db-durability-bench","pigment_db","buffered","key_value","vector","successful_remove","1","32","5","7","190272","100001714","1902687.387938","509","0"
"candidate-protocol-v3-20260807-145653","6d7edc7c29a60a94c59effeeb2b78d8b95038135","default-hasher:f584ad292ec9898a","rustc 1.97.0 (2d8144b78 2026-07-07)","x86_64-unknown-linux-gnu","Linux 7.0.11-76070011-generic x86_64","Intel(R) Core(TM) Ultra 7 155H","/dev/nvme0n1p3[/tmp] ext4   rw,nosuid,nodev,noatime,errors=remount-ro","/tmp/pigment-db-durability-bench","pigment_db","buffered","key_value","vector","successful_remove","1","32","5","8","189760","100034886","1896938.234128","538","0"
"candidate-protocol-v3-20260807-145653","6d7edc7c29a60a94c59effeeb2b78d8b95038135","default-hasher:f584ad292ec9898a","rustc 1.97.0 (2d8144b78 2026-07-07)","x86_64-unknown-linux-gnu","Linux 7.0.11-76070011-generic x86_64","Intel(R) Core(TM) Ultra 7 155H","/dev/nvme0n1p3[/tmp] ext4   rw,nosuid,nodev,noatime,errors=remount-ro","/tmp/pigment-db-durability-bench","pigment_db","buffered","key_value","vector","successful_remove","1","32","5","9","185728","100029609","1856730.240743","528","0"
"candidate-protocol-v3-20260807-145653","6d7edc7c29a60a94c59effeeb2b78d8b95038135","default-hasher:f584ad292ec9898a","rustc 1.97.0 (2d8144b78 2026-07-07)","x86_64-unknown-linux-gnu","Linux 7.0.11-76070011-generic x86_64","Intel(R) Core(TM) Ultra 7 155H","/dev/nvme0n1p3[/tmp] ext4   rw,nosuid,nodev,noatime,errors=remount-ro","/tmp/pigment-db-durability-bench","pigment_db","buffered","key_value","vector","successful_remove","1","32","5","10","177152","100011232","1771321.045220","641","0"
"candidate-protocol-v3-20260807-145653","6d7edc7c29a60a94c59effeeb2b78d8b95038135","default-hasher:f584ad292ec9898a","rustc 1.97.0 (2d8144b78 2026-07-07)","x86_64-unknown-linux-gnu","Linux 7.0.11-76070011-generic x86_64","Intel(R) Core(TM) Ultra 7 155H","/dev/nvme0n1p3[/tmp] ext4   rw,nosuid,nodev,noatime,errors=remount-ro","/tmp/pigment-db-durability-bench","pigment_db","buffered","key_value","vector","successful_remove","8","32","5","0","64512","100573246","641442.953924","25507","0"
"candidate-protocol-v3-20260807-145653","6d7edc7c29a60a94c59effeeb2b78d8b95038135","default-hasher:f584ad292ec9898a","rustc 1.97.0 (2d8144b78 2026-07-07)","x86_64-unknown-linux-gnu","Linux 7.0.11-76070011-generic x86_64","Intel(R) Core(TM) Ultra 7 155H","/dev/nvme0n1p3[/tmp] ext4   rw,nosuid,nodev,noatime,errors=remount-ro","/tmp/pigment-db-durability-bench","pigment_db","buffered","key_value","vector","successful_remove","8","32","5","1","65024","100428922","647462.889226","25171","0"
"candidate-protocol-v3-20260807-145653","6d7edc7c29a60a94c59effeeb2b78d8b95038135","default-hasher:f584ad292ec9898a","rustc 1.97.0 (2d8144b78 2026-07-07)","x86_64-unknown-linux-gnu","Linux 7.0.11-76070011-generic x86_64","Intel(R) Core(TM) Ultra 7 155H","/dev/nvme0n1p3[/tmp] ext4   rw,nosuid,nodev,noatime,errors=remount-ro","/tmp/pigment-db-durability-bench","pigment_db","buffered","key_value","vector","successful_remove","8","32","5","2","61440","100554891","611009.562926","24669","0"
"candidate-protocol-v3-20260807-145653","6d7edc7c29a60a94c59effeeb2b78d8b95038135","default-hasher:f584ad292ec9898a","rustc 1.97.0 (2d8144b78 2026-07-07)","x86_64-unknown-linux-gnu","Linux 7.0.11-76070011-generic x86_64","Intel(R) Core(TM) Ultra 7 155H","/dev/nvme0n1p3[/tmp] ext4   rw,nosuid,nodev,noatime,errors=remount-ro","/tmp/pigment-db-durability-bench","pigment_db","buffered","key_value","vector","successful_remove","8","32","5","3","60928","100720477","604921.678439","24923","0"
"candidate-protocol-v3-20260807-145653","6d7edc7c29a60a94c59effeeb2b78d8b95038135","default-hasher:f584ad292ec9898a","rustc 1.97.0 (2d8144b78 2026-07-07)","x86_64-unknown-linux-gnu","Linux 7.0.11-76070011-generic x86_64","Intel(R) Core(TM) Ultra 7 155H","/dev/nvme0n1p3[/tmp] ext4   rw,nosuid,nodev,noatime,errors=remount-ro","/tmp/pigment-db-durability-bench","pigment_db","buffered","key_value","vector","successful_remove","8","32","5","4","63488","100552874","631389.213201","25305","0"
"candidate-protocol-v3-20260807-145653","6d7edc7c29a60a94c59effeeb2b78d8b95038135","default-hasher:f584ad292ec9898a","rustc 1.97.0 (2d8144b78 2026-07-07)","x86_64-unknown-linux-gnu","Linux 7.0.11-76070011-generic x86_64","Intel(R) Core(TM) Ultra 7 155H","/dev/nvme0n1p3[/tmp] ext4   rw,nosuid,nodev,noatime,errors=remount-ro","/tmp/pigment-db-durability-bench","pigment_db","buffered","key_value","vector","successful_remove","8","32","5","5","59392","100151782","593019.902532","25407","0"
"candidate-protocol-v3-20260807-145653","6d7edc7c29a60a94c59effeeb2b78d8b95038135","default-hasher:f584ad292ec9898a","rustc 1.97.0 (2d8144b78 2026-07-07)","x86_64-unknown-linux-gnu","Linux 7.0.11-76070011-generic x86_64","Intel(R) Core(TM) Ultra 7 155H","/dev/nvme0n1p3[/tmp] ext4   rw,nosuid,nodev,noatime,errors=remount-ro","/tmp/pigment-db-durability-bench","pigment_db","buffered","key_value","vector","successful_remove","8","32","5","6","58880","100240919","587384.878225","24887","0"
"candidate-protocol-v3-20260807-145653","6d7edc7c29a60a94c59effeeb2b78d8b95038135","default-hasher:f584ad292ec9898a","rustc 1.97.0 (2d8144b78 2026-07-07)","x86_64-unknown-linux-gnu","Linux 7.0.11-76070011-generic x86_64","Intel(R) Core(TM) Ultra 7 155H","/dev/nvme0n1p3[/tmp] ext4   rw,nosuid,nodev,noatime,errors=remount-ro","/tmp/pigment-db-durability-bench","pigment_db","buffered","key_value","vector","successful_remove","8","32","5","7","56320","100628290","559683.564135","25563","0"
"candidate-protocol-v3-20260807-145653","6d7edc7c29a60a94c59effeeb2b78d8b95038135","default-hasher:f584ad292ec9898a","rustc 1.97.0 (2d8144b78 2026-07-07)","x86_64-unknown-linux-gnu","Linux 7.0.11-76070011-generic x86_64","Intel(R) Core(TM) Ultra 7 155H","/dev/nvme0n1p3[/tmp] ext4   rw,nosuid,nodev,noatime,errors=remount-ro","/tmp/pigment-db-durability-bench","pigment_db","buffered","key_value","vector","successful_remove","8","32","5","8","56832","100694634","564399.489252","25862","0"
"candidate-protocol-v3-20260807-145653","6d7edc7c29a60a94c59effeeb2b78d8b95038135","default-hasher:f584ad292ec9898a","rustc 1.97.0 (2d8144b78 2026-07-07)","x86_64-unknown-linux-gnu","Linux 7.0.11-76070011-generic x86_64","Intel(R) Core(TM) Ultra 7 155H","/dev/nvme0n1p3[/tmp] ext4   rw,nosuid,nodev,noatime,errors=remount-ro","/tmp/pigment-db-durability-bench","pigment_db","buffered","key_value","vector","successful_remove","8","32","5","9","57856","100637287","574896.260866","27013","0"
"candidate-protocol-v3-20260807-145653","6d7edc7c29a60a94c59effeeb2b78d8b95038135","default-hasher:f584ad292ec9898a","rustc 1.97.0 (2d8144b78 2026-07-07)","x86_64-unknown-linux-gnu","Linux 7.0.11-76070011-generic x86_64","Intel(R) Core(TM) Ultra 7 155H","/dev/nvme0n1p3[/tmp] ext4   rw,nosuid,nodev,noatime,errors=remount-ro","/tmp/pigment-db-durability-bench","pigment_db","buffered","key_value","vector","successful_remove","8","32","5","10","65536","100506362","652058.224931","25286","0"
"candidate-protocol-v3-20260807-145653","6d7edc7c29a60a94c59effeeb2b78d8b95038135","default-hasher:f584ad292ec9898a","rustc 1.97.0 (2d8144b78 2026-07-07)","x86_64-unknown-linux-gnu","Linux 7.0.11-76070011-generic x86_64","Intel(R) Core(TM) Ultra 7 155H","/dev/nvme0n1p3[/tmp] ext4   rw,nosuid,nodev,noatime,errors=remount-ro","/tmp/pigment-db-durability-bench","pigment_db","buffered","key_value","vector","minimal_callback","1","32","5","0","185664","100014891","1856363.568901","551","0"
"candidate-protocol-v3-20260807-145653","6d7edc7c29a60a94c59effeeb2b78d8b95038135","default-hasher:f584ad292ec9898a","rustc 1.97.0 (2d8144b78 2026-07-07)","x86_64-unknown-linux-gnu","Linux 7.0.11-76070011-generic x86_64","Intel(R) Core(TM) Ultra 7 155H","/dev/nvme0n1p3[/tmp] ext4   rw,nosuid,nodev,noatime,errors=remount-ro","/tmp/pigment-db-durability-bench","pigment_db","buffered","key_value","vector","minimal_callback","1","32","5","1","185472","100010771","1854520.249624","551","0"
"candidate-protocol-v3-20260807-145653","6d7edc7c29a60a94c59effeeb2b78d8b95038135","default-hasher:f584ad292ec9898a","rustc 1.97.0 (2d8144b78 2026-07-07)","x86_64-unknown-linux-gnu","Linux 7.0.11-76070011-generic x86_64","Intel(R) Core(TM) Ultra 7 155H","/dev/nvme0n1p3[/tmp] ext4   rw,nosuid,nodev,noatime,errors=remount-ro","/tmp/pigment-db-durability-bench","pigment_db","buffered","key_value","vector","minimal_callback","1","32","5","2","185280","100008262","1852646.934310","554","0"
"candidate-protocol-v3-20260807-145653","6d7edc7c29a60a94c59effeeb2b78d8b95038135","default-hasher:f584ad292ec9898a","rustc 1.97.0 (2d8144b78 2026-07-07)","x86_64-unknown-linux-gnu","Linux 7.0.11-76070011-generic x86_64","Intel(R) Core(TM) Ultra 7 155H","/dev/nvme0n1p3[/tmp] ext4   rw,nosuid,nodev,noatime,errors=remount-ro","/tmp/pigment-db-durability-bench","pigment_db","buffered","key_value","vector","minimal_callback","1","32","5","3","183680","100001706","1836768.664727","565","0"
"candidate-protocol-v3-20260807-145653","6d7edc7c29a60a94c59effeeb2b78d8b95038135","default-hasher:f584ad292ec9898a","rustc 1.97.0 (2d8144b78 2026-07-07)","x86_64-unknown-linux-gnu","Linux 7.0.11-76070011-generic x86_64","Intel(R) Core(TM) Ultra 7 155H","/dev/nvme0n1p3[/tmp] ext4   rw,nosuid,nodev,noatime,errors=remount-ro","/tmp/pigment-db-durability-bench","pigment_db","buffered","key_value","vector","minimal_callback","1","32","5","4","181888","100010399","1818690.874336","604","0"
"candidate-protocol-v3-20260807-145653","6d7edc7c29a60a94c59effeeb2b78d8b95038135","default-hasher:f584ad292ec9898a","rustc 1.97.0 (2d8144b78 2026-07-07)","x86_64-unknown-linux-gnu","Linux 7.0.11-76070011-generic x86_64","Intel(R) Core(TM) Ultra 7 155H","/dev/nvme0n1p3[/tmp] ext4   rw,nosuid,nodev,noatime,errors=remount-ro","/tmp/pigment-db-durability-bench","pigment_db","buffered","key_value","vector","minimal_callback","1","32","5","5","185984","100007749","1859695.892165","545","0"
"candidate-protocol-v3-20260807-145653","6d7edc7c29a60a94c59effeeb2b78d8b95038135","default-hasher:f584ad292ec9898a","rustc 1.97.0 (2d8144b78 2026-07-07)","x86_64-unknown-linux-gnu","Linux 7.0.11-76070011-generic x86_64","Intel(R) Core(TM) Ultra 7 155H","/dev/nvme0n1p3[/tmp] ext4   rw,nosuid,nodev,noatime,errors=remount-ro","/tmp/pigment-db-durability-bench","pigment_db","buffered","key_value","vector","minimal_callback","1","32","5","6","184384","100007822","1843695.786116","548","0"
"candidate-protocol-v3-20260807-145653","6d7edc7c29a60a94c59effeeb2b78d8b95038135","default-hasher:f584ad292ec9898a","rustc 1.97.0 (2d8144b78 2026-07-07)","x86_64-unknown-linux-gnu","Linux 7.0.11-76070011-generic x86_64","Intel(R) Core(TM) Ultra 7 155H","/dev/nvme0n1p3[/tmp] ext4   rw,nosuid,nodev,noatime,errors=remount-ro","/tmp/pigment-db-durability-bench","pigment_db","buffered","key_value","vector","minimal_callback","1","32","5","7","181440","100016908","1814093.273109","537","0"
"candidate-protocol-v3-20260807-145653","6d7edc7c29a60a94c59effeeb2b78d8b95038135","default-hasher:f584ad292ec9898a","rustc 1.97.0 (2d8144b78 2026-07-07)","x86_64-unknown-linux-gnu","Linux 7.0.11-76070011-generic x86_64","Intel(R) Core(TM) Ultra 7 155H","/dev/nvme0n1p3[/tmp] ext4   rw,nosuid,nodev,noatime,errors=remount-ro","/tmp/pigment-db-durability-bench","pigment_db","buffered","key_value","vector","minimal_callback","1","32","5","8","181888","100025183","1818422.066771","564","0"
"candidate-protocol-v3-20260807-145653","6d7edc7c29a60a94c59effeeb2b78d8b95038135","default-hasher:f584ad292ec9898a","rustc 1.97.0 (2d8144b78 2026-07-07)","x86_64-unknown-linux-gnu","Linux 7.0.11-76070011-generic x86_64","Intel(R) Core(TM) Ultra 7 155H","/dev/nvme0n1p3[/tmp] ext4   rw,nosuid,nodev,noatime,errors=remount-ro","/tmp/pigment-db-durability-bench","pigment_db","buffered","key_value","vector","minimal_callback","1","32","5","9","181504","100010619","1814847.281367","554","0"
"candidate-protocol-v3-20260807-145653","6d7edc7c29a60a94c59effeeb2b78d8b95038135","default-hasher:f584ad292ec9898a","rustc 1.97.0 (2d8144b78 2026-07-07)","x86_64-unknown-linux-gnu","Linux 7.0.11-76070011-generic x86_64","Intel(R) Core(TM) Ultra 7 155H","/dev/nvme0n1p3[/tmp] ext4   rw,nosuid,nodev,noatime,errors=remount-ro","/tmp/pigment-db-durability-bench","pigment_db","buffered","key_value","vector","minimal_callback","1","32","5","10","186752","100004231","1867440.988572","536","0"
"candidate-protocol-v3-20260807-145653","6d7edc7c29a60a94c59effeeb2b78d8b95038135","default-hasher:f584ad292ec9898a","rustc 1.97.0 (2d8144b78 2026-07-07)","x86_64-unknown-linux-gnu","Linux 7.0.11-76070011-generic x86_64","Intel(R) Core(TM) Ultra 7 155H","/dev/nvme0n1p3[/tmp] ext4   rw,nosuid,nodev,noatime,errors=remount-ro","/tmp/pigment-db-durability-bench","pigment_db","buffered","key_value","vector","minimal_callback","8","32","5","0","68608","100659587","681584.358179","25448","0"
"candidate-protocol-v3-20260807-145653","6d7edc7c29a60a94c59effeeb2b78d8b95038135","default-hasher:f584ad292ec9898a","rustc 1.97.0 (2d8144b78 2026-07-07)","x86_64-unknown-linux-gnu","Linux 7.0.11-76070011-generic x86_64","Intel(R) Core(TM) Ultra 7 155H","/dev/nvme0n1p3[/tmp] ext4   rw,nosuid,nodev,noatime,errors=remount-ro","/tmp/pigment-db-durability-bench","pigment_db","buffered","key_value","vector","minimal_callback","8","32","5","1","67584","100688232","671220.446099","25960","0"
"candidate-protocol-v3-20260807-145653","6d7edc7c29a60a94c59effeeb2b78d8b95038135","default-hasher:f584ad292ec9898a","rustc 1.97.0 (2d8144b78 2026-07-07)","x86_64-unknown-linux-gnu","Linux 7.0.11-76070011-generic x86_64","Intel(R) Core(TM) Ultra 7 155H","/dev/nvme0n1p3[/tmp] ext4   rw,nosuid,nodev,noatime,errors=remount-ro","/tmp/pigment-db-durability-bench","pigment_db","buffered","key_value","vector","minimal_callback","8","32","5","2","66048","100314891","658406.736444","26678","0"
"candidate-protocol-v3-20260807-145653","6d7edc7c29a60a94c59effeeb2b78d8b95038135","default-hasher:f584ad292ec9898a","rustc 1.97.0 (2d8144b78 2026-07-07)","x86_64-unknown-linux-gnu","Linux 7.0.11-76070011-generic x86_64","Intel(R) Core(TM) Ultra 7 155H","/dev/nvme0n1p3[/tmp] ext4   rw,nosuid,nodev,noatime,errors=remount-ro","/tmp/pigment-db-durability-bench","pigment_db","buffered","key_value","vector","minimal_callback","8","32","5","3","71168","100133297","710732.614747","25307","0"
"candidate-protocol-v3-20260807-145653","6d7edc7c29a60a94c59effeeb2b78d8b95038135","default-hasher:f584ad292ec9898a","rustc 1.97.0 (2d8144b78 2026-07-07)","x86_64-unknown-linux-gnu","Linux 7.0.11-76070011-generic x86_64","Intel(R) Core(TM) Ultra 7 155H","/dev/nvme0n1p3[/tmp] ext4   rw,nosuid,nodev,noatime,errors=remount-ro","/tmp/pigment-db-durability-bench","pigment_db","buffered","key_value","vector","minimal_callback","8","32","5","4","69120","100656669","686690.714949","25640","0"
"candidate-protocol-v3-20260807-145653","6d7edc7c29a60a94c59effeeb2b78d8b95038135","default-hasher:f584ad292ec9898a","rustc 1.97.0 (2d8144b78 2026-07-07)","x86_64-unknown-linux-gnu","Linux 7.0.11-76070011-generic x86_64","Intel(R) Core(TM) Ultra 7 155H","/dev/nvme0n1p3[/tmp] ext4   rw,nosuid,nodev,noatime,errors=remount-ro","/tmp/pigment-db-durability-bench","pigment_db","buffered","key_value","vector","minimal_callback","8","32","5","5","68608","100394000","683387.453433","25576","0"
"candidate-protocol-v3-20260807-145653","6d7edc7c29a60a94c59effeeb2b78d8b95038135","default-hasher:f584ad292ec9898a","rustc 1.97.0 (2d8144b78 2026-07-07)","x86_64-unknown-linux-gnu","Linux 7.0.11-76070011-generic x86_64","Intel(R) Core(TM) Ultra 7 155H","/dev/nvme0n1p3[/tmp] ext4   rw,nosuid,nodev,noatime,errors=remount-ro","/tmp/pigment-db-durability-bench","pigment_db","buffered","key_value","vector","minimal_callback","8","32","5","6","70656","100468921","703262.255598","24863","0"
"candidate-protocol-v3-20260807-145653","6d7edc7c29a60a94c59effeeb2b78d8b95038135","default-hasher:f584ad292ec9898a","rustc 1.97.0 (2d8144b78 2026-07-07)","x86_64-unknown-linux-gnu","Linux 7.0.11-76070011-generic x86_64","Intel(R) Core(TM) Ultra 7 155H","/dev/nvme0n1p3[/tmp] ext4   rw,nosuid,nodev,noatime,errors=remount-ro","/tmp/pigment-db-durability-bench","pigment_db","buffered","key_value","vector","minimal_callback","8","32","5","7","65024","100092171","649641.219192","26296","0"
"candidate-protocol-v3-20260807-145653","6d7edc7c29a60a94c59effeeb2b78d8b95038135","default-hasher:f584ad292ec9898a","rustc 1.97.0 (2d8144b78 2026-07-07)","x86_64-unknown-linux-gnu","Linux 7.0.11-76070011-generic x86_64","Intel(R) Core(TM) Ultra 7 155H","/dev/nvme0n1p3[/tmp] ext4   rw,nosuid,nodev,noatime,errors=remount-ro","/tmp/pigment-db-durability-bench","pigment_db","buffered","key_value","vector","minimal_callback","8","32","5","8","61952","100460986","616677.204422","27031","0"
"candidate-protocol-v3-20260807-145653","6d7edc7c29a60a94c59effeeb2b78d8b95038135","default-hasher:f584ad292ec9898a","rustc 1.97.0 (2d8144b78 2026-07-07)","x86_64-unknown-linux-gnu","Linux 7.0.11-76070011-generic x86_64","Intel(R) Core(TM) Ultra 7 155H","/dev/nvme0n1p3[/tmp] ext4   rw,nosuid,nodev,noatime,errors=remount-ro","/tmp/pigment-db-durability-bench","pigment_db","buffered","key_value","vector","minimal_callback","8","32","5","9","54784","100195552","546770.778807","26856","0"
"candidate-protocol-v3-20260807-145653","6d7edc7c29a60a94c59effeeb2b78d8b95038135","default-hasher:f584ad292ec9898a","rustc 1.97.0 (2d8144b78 2026-07-07)","x86_64-unknown-linux-gnu","Linux 7.0.11-76070011-generic x86_64","Intel(R) Core(TM) Ultra 7 155H","/dev/nvme0n1p3[/tmp] ext4   rw,nosuid,nodev,noatime,errors=remount-ro","/tmp/pigment-db-durability-bench","pigment_db","buffered","key_value","vector","minimal_callback","8","32","5","10","54784","100459677","545333.228575","25768","0"
"candidate-protocol-v3-20260807-145653","6d7edc7c29a60a94c59effeeb2b78d8b95038135","default-hasher:f584ad292ec9898a","rustc 1.97.0 (2d8144b78 2026-07-07)","x86_64-unknown-linux-gnu","Linux 7.0.11-76070011-generic x86_64","Intel(R) Core(TM) Ultra 7 155H","/dev/nvme0n1p3[/tmp] ext4   rw,nosuid,nodev,noatime,errors=remount-ro","/tmp/pigment-db-durability-bench","pigment_db","buffered","key_value","file","ordinary_write","1","32","5","0","42816","100011910","428109.012217","2768","0"
"candidate-protocol-v3-20260807-145653","6d7edc7c29a60a94c59effeeb2b78d8b95038135","default-hasher:f584ad292ec9898a","rustc 1.97.0 (2d8144b78 2026-07-07)","x86_64-unknown-linux-gnu","Linux 7.0.11-76070011-generic x86_64","Intel(R) Core(TM) Ultra 7 155H","/dev/nvme0n1p3[/tmp] ext4   rw,nosuid,nodev,noatime,errors=remount-ro","/tmp/pigment-db-durability-bench","pigment_db","buffered","key_value","file","ordinary_write","1","32","5","1","44096","100144215","440324.985322","2723","0"
"candidate-protocol-v3-20260807-145653","6d7edc7c29a60a94c59effeeb2b78d8b95038135","default-hasher:f584ad292ec9898a","rustc 1.97.0 (2d8144b78 2026-07-07)","x86_64-unknown-linux-gnu","Linux 7.0.11-76070011-generic x86_64","Intel(R) Core(TM) Ultra 7 155H","/dev/nvme0n1p3[/tmp] ext4   rw,nosuid,nodev,noatime,errors=remount-ro","/tmp/pigment-db-durability-bench","pigment_db","buffered","key_value","file","ordinary_write","1","32","5","2","43264","100018626","432559.431480","2787","0"
"candidate-protocol-v3-20260807-145653","6d7edc7c29a60a94c59effeeb2b78d8b95038135","default-hasher:f584ad292ec9898a","rustc 1.97.0 (2d8144b78 2026-07-07)","x86_64-unknown-linux-gnu","Linux 7.0.11-76070011-generic x86_64","Intel(R) Core(TM) Ultra 7 155H","/dev/nvme0n1p3[/tmp] ext4   rw,nosuid,nodev,noatime,errors=remount-ro","/tmp/pigment-db-durability-bench","pigment_db","buffered","key_value","file","ordinary_write","1","32","5","3","45056","100042427","450368.921977","2825","0"
"candidate-protocol-v3-20260807-145653","6d7edc7c29a60a94c59effeeb2b78d8b95038135","default-hasher:f584ad292ec9898a","rustc 1.97.0 (2d8144b78 2026-07-07)","x86_64-unknown-linux-gnu","Linux 7.0.11-76070011-generic x86_64","Intel(R) Core(TM) Ultra 7 155H","/dev/nvme0n1p3[/tmp] ext4   rw,nosuid,nodev,noatime,errors=remount-ro","/tmp/pigment-db-durability-bench","pigment_db","buffered","key_value","file","ordinary_write","1","32","5","4","45056","100117302","450032.103342","2742","0"
"candidate-protocol-v3-20260807-145653","6d7edc7c29a60a94c59effeeb2b78d8b95038135","default-hasher:f584ad292ec9898a","rustc 1.97.0 (2d8144b78 2026-07-07)","x86_64-unknown-linux-gnu","Linux 7.0.11-76070011-generic x86_64","Intel(R) Core(TM) Ultra 7 155H","/dev/nvme0n1p3[/tmp] ext4   rw,nosuid,nodev,noatime,errors=remount-ro","/tmp/pigment-db-durability-bench","pigment_db","buffered","key_value","file","ordinary_write","1","32","5","5","44352","100011144","443470.579639","2620","0"
"candidate-protocol-v3-20260807-145653","6d7edc7c29a60a94c59effeeb2b78d8b95038135","default-hasher:f584ad292ec9898a","rustc 1.97.0 (2d8144b78 2026-07-07)","x86_64-unknown-linux-gnu","Linux 7.0.11-76070011-generic x86_64","Intel(R) Core(TM) Ultra 7 155H","/dev/nvme0n1p3[/tmp] ext4   rw,nosuid,nodev,noatime,errors=remount-ro","/tmp/pigment-db-durability-bench","pigment_db","buffered","key_value","file","ordinary_write","1","32","5","6","41536","100041120","415189.274170","3056","0"
"candidate-protocol-v3-20260807-145653","6d7edc7c29a60a94c59effeeb2b78d8b95038135","default-hasher:f584ad292ec9898a","rustc 1.97.0 (2d8144b78 2026-07-07)","x86_64-unknown-linux-gnu","Linux 7.0.11-76070011-generic x86_64","Intel(R) Core(TM) Ultra 7 155H","/dev/nvme0n1p3[/tmp] ext4   rw,nosuid,nodev,noatime,errors=remount-ro","/tmp/pigment-db-durability-bench","pigment_db","buffered","key_value","file","ordinary_write","1","32","5","7","45504","100128304","454456.913602","2769","0"
"candidate-protocol-v3-20260807-145653","6d7edc7c29a60a94c59effeeb2b78d8b95038135","default-hasher:f584ad292ec9898a","rustc 1.97.0 (2d8144b78 2026-07-07)","x86_64-unknown-linux-gnu","Linux 7.0.11-76070011-generic x86_64","Intel(R) Core(TM) Ultra 7 155H","/dev/nvme0n1p3[/tmp] ext4   rw,nosuid,nodev,noatime,errors=remount-ro","/tmp/pigment-db-durability-bench","pigment_db","buffered","key_value","file","ordinary_write","1","32","5","8","40192","100141529","401351.970570","3060","0"
"candidate-protocol-v3-20260807-145653","6d7edc7c29a60a94c59effeeb2b78d8b95038135","default-hasher:f584ad292ec9898a","rustc 1.97.0 (2d8144b78 2026-07-07)","x86_64-unknown-linux-gnu","Linux 7.0.11-76070011-generic x86_64","Intel(R) Core(TM) Ultra 7 155H","/dev/nvme0n1p3[/tmp] ext4   rw,nosuid,nodev,noatime,errors=remount-ro","/tmp/pigment-db-durability-bench","pigment_db","buffered","key_value","file","ordinary_write","1","32","5","9","41984","100055603","419606.686094","2743","0"
"candidate-protocol-v3-20260807-145653","6d7edc7c29a60a94c59effeeb2b78d8b95038135","default-hasher:f584ad292ec9898a","rustc 1.97.0 (2d8144b78 2026-07-07)","x86_64-unknown-linux-gnu","Linux 7.0.11-76070011-generic x86_64","Intel(R) Core(TM) Ultra 7 155H","/dev/nvme0n1p3[/tmp] ext4   rw,nosuid,nodev,noatime,errors=remount-ro","/tmp/pigment-db-durability-bench","pigment_db","buffered","key_value","file","ordinary_write","1","32","5","10","43648","100105453","436020.203615","2687","0"
"candidate-protocol-v3-20260807-145653","6d7edc7c29a60a94c59effeeb2b78d8b95038135","default-hasher:f584ad292ec9898a","rustc 1.97.0 (2d8144b78 2026-07-07)","x86_64-unknown-linux-gnu","Linux 7.0.11-76070011-generic x86_64","Intel(R) Core(TM) Ultra 7 155H","/dev/nvme0n1p3[/tmp] ext4   rw,nosuid,nodev,noatime,errors=remount-ro","/tmp/pigment-db-durability-bench","pigment_db","buffered","key_value","file","ordinary_write","8","32","5","0","19456","101395151","191882.943199","126718","0"
"candidate-protocol-v3-20260807-145653","6d7edc7c29a60a94c59effeeb2b78d8b95038135","default-hasher:f584ad292ec9898a","rustc 1.97.0 (2d8144b78 2026-07-07)","x86_64-unknown-linux-gnu","Linux 7.0.11-76070011-generic x86_64","Intel(R) Core(TM) Ultra 7 155H","/dev/nvme0n1p3[/tmp] ext4   rw,nosuid,nodev,noatime,errors=remount-ro","/tmp/pigment-db-durability-bench","pigment_db","buffered","key_value","file","ordinary_write","8","32","5","1","19456","103862707","187324.214456","141905","0"
"candidate-protocol-v3-20260807-145653","6d7edc7c29a60a94c59effeeb2b78d8b95038135","default-hasher:f584ad292ec9898a","rustc 1.97.0 (2d8144b78 2026-07-07)","x86_64-unknown-linux-gnu","Linux 7.0.11-76070011-generic x86_64","Intel(R) Core(TM) Ultra 7 155H","/dev/nvme0n1p3[/tmp] ext4   rw,nosuid,nodev,noatime,errors=remount-ro","/tmp/pigment-db-durability-bench","pigment_db","buffered","key_value","file","ordinary_write","8","32","5","2","19456","102060513","190632.002800","145010","0"
"candidate-protocol-v3-20260807-145653","6d7edc7c29a60a94c59effeeb2b78d8b95038135","default-hasher:f584ad292ec9898a","rustc 1.97.0 (2d8144b78 2026-07-07)","x86_64-unknown-linux-gnu","Linux 7.0.11-76070011-generic x86_64","Intel(R) Core(TM) Ultra 7 155H","/dev/nvme0n1p3[/tmp] ext4   rw,nosuid,nodev,noatime,errors=remount-ro","/tmp/pigment-db-durability-bench","pigment_db","buffered","key_value","file","ordinary_write","8","32","5","3","19456","102266473","190248.078664","146289","0"
"candidate-protocol-v3-20260807-145653","6d7edc7c29a60a94c59effeeb2b78d8b95038135","default-hasher:f584ad292ec9898a","rustc 1.97.0 (2d8144b78 2026-07-07)","x86_64-unknown-linux-gnu","Linux 7.0.11-76070011-generic x86_64","Intel(R) Core(TM) Ultra 7 155H","/dev/nvme0n1p3[/tmp] ext4   rw,nosuid,nodev,noatime,errors=remount-ro","/tmp/pigment-db-durability-bench","pigment_db","buffered","key_value","file","ordinary_write","8","32","5","4","17920","100013704","179175.445797","151858","0"
"candidate-protocol-v3-20260807-145653","6d7edc7c29a60a94c59effeeb2b78d8b95038135","default-hasher:f584ad292ec9898a","rustc 1.97.0 (2d8144b78 2026-07-07)","x86_64-unknown-linux-gnu","Linux 7.0.11-76070011-generic x86_64","Intel(R) Core(TM) Ultra 7 155H","/dev/nvme0n1p3[/tmp] ext4   rw,nosuid,nodev,noatime,errors=remount-ro","/tmp/pigment-db-durability-bench","pigment_db","buffered","key_value","file","ordinary_write","8","32","5","5","17920","100551782","178216.632700","150856","0"
"candidate-protocol-v3-20260807-145653","6d7edc7c29a60a94c59effeeb2b78d8b95038135","default-hasher:f584ad292ec9898a","rustc 1.97.0 (2d8144b78 2026-07-07)","x86_64-unknown-linux-gnu","Linux 7.0.11-76070011-generic x86_64","Intel(R) Core(TM) Ultra 7 155H","/dev/nvme0n1p3[/tmp] ext4   rw,nosuid,nodev,noatime,errors=remount-ro","/tmp/pigment-db-durability-bench","pigment_db","buffered","key_value","file","ordinary_write","8","32","5","6","19968","102046569","195675.368566","138437","0"
"candidate-protocol-v3-20260807-145653","6d7edc7c29a60a94c59effeeb2b78d8b95038135","default-hasher:f584ad292ec9898a","rustc 1.97.0 (2d8144b78 2026-07-07)","x86_64-unknown-linux-gnu","Linux 7.0.11-76070011-generic x86_64","Intel(R) Core(TM) Ultra 7 155H","/dev/nvme0n1p3[/tmp] ext4   rw,nosuid,nodev,noatime,errors=remount-ro","/tmp/pigment-db-durability-bench","pigment_db","buffered","key_value","file","ordinary_write","8","32","5","7","19456","101891588","190948.049607","130746","0"
"candidate-protocol-v3-20260807-145653","6d7edc7c29a60a94c59effeeb2b78d8b95038135","default-hasher:f584ad292ec9898a","rustc 1.97.0 (2d8144b78 2026-07-07)","x86_64-unknown-linux-gnu","Linux 7.0.11-76070011-generic x86_64","Intel(R) Core(TM) Ultra 7 155H","/dev/nvme0n1p3[/tmp] ext4   rw,nosuid,nodev,noatime,errors=remount-ro","/tmp/pigment-db-durability-bench","pigment_db","buffered","key_value","file","ordinary_write","8","32","5","8","19968","100388130","198907.978463","128830","0"
"candidate-protocol-v3-20260807-145653","6d7edc7c29a60a94c59effeeb2b78d8b95038135","default-hasher:f584ad292ec9898a","rustc 1.97.0 (2d8144b78 2026-07-07)","x86_64-unknown-linux-gnu","Linux 7.0.11-76070011-generic x86_64","Intel(R) Core(TM) Ultra 7 155H","/dev/nvme0n1p3[/tmp] ext4   rw,nosuid,nodev,noatime,errors=remount-ro","/tmp/pigment-db-durability-bench","pigment_db","buffered","key_value","file","ordinary_write","8","32","5","9","19968","101242735","197228.966602","125829","0"
"candidate-protocol-v3-20260807-145653","6d7edc7c29a60a94c59effeeb2b78d8b95038135","default-hasher:f584ad292ec9898a","rustc 1.97.0 (2d8144b78 2026-07-07)","x86_64-unknown-linux-gnu","Linux 7.0.11-76070011-generic x86_64","Intel(R) Core(TM) Ultra 7 155H","/dev/nvme0n1p3[/tmp] ext4   rw,nosuid,nodev,noatime,errors=remount-ro","/tmp/pigment-db-durability-bench","pigment_db","buffered","key_value","file","ordinary_write","8","32","5","10","19968","101591595","196551.693081","137358","0"
"candidate-protocol-v3-20260807-145653","6d7edc7c29a60a94c59effeeb2b78d8b95038135","default-hasher:f584ad292ec9898a","rustc 1.97.0 (2d8144b78 2026-07-07)","x86_64-unknown-linux-gnu","Linux 7.0.11-76070011-generic x86_64","Intel(R) Core(TM) Ultra 7 155H","/dev/nvme0n1p3[/tmp] ext4   rw,nosuid,nodev,noatime,errors=remount-ro","/tmp/pigment-db-durability-bench","pigment_db","buffered","key_value","file","successful_remove","1","32","5","0","52288","100049453","522621.547966","2212","0"
"candidate-protocol-v3-20260807-145653","6d7edc7c29a60a94c59effeeb2b78d8b95038135","default-hasher:f584ad292ec9898a","rustc 1.97.0 (2d8144b78 2026-07-07)","x86_64-unknown-linux-gnu","Linux 7.0.11-76070011-generic x86_64","Intel(R) Core(TM) Ultra 7 155H","/dev/nvme0n1p3[/tmp] ext4   rw,nosuid,nodev,noatime,errors=remount-ro","/tmp/pigment-db-durability-bench","pigment_db","buffered","key_value","file","successful_remove","1","32","5","1","52288","100106520","522323.620879","2140","0"
"candidate-protocol-v3-20260807-145653","6d7edc7c29a60a94c59effeeb2b78d8b95038135","default-hasher:f584ad292ec9898a","rustc 1.97.0 (2d8144b78 2026-07-07)","x86_64-unknown-linux-gnu","Linux 7.0.11-76070011-generic x86_64","Intel(R) Core(TM) Ultra 7 155H","/dev/nvme0n1p3[/tmp] ext4   rw,nosuid,nodev,noatime,errors=remount-ro","/tmp/pigment-db-durability-bench","pigment_db","buffered","key_value","file","successful_remove","1","32","5","2","51072","100065354","510386.442045","2314","0"
"candidate-protocol-v3-20260807-145653","6d7edc7c29a60a94c59effeeb2b78d8b95038135","default-hasher:f584ad292ec9898a","rustc 1.97.0 (2d8144b78 2026-07-07)","x86_64-unknown-linux-gnu","Linux 7.0.11-76070011-generic x86_64","Intel(R) Core(TM) Ultra 7 155H","/dev/nvme0n1p3[/tmp] ext4   rw,nosuid,nodev,noatime,errors=remount-ro","/tmp/pigment-db-durability-bench","pigment_db","buffered","key_value","file","successful_remove","1","32","5","3","51840","100033061","518228.668420","2451","0"
"candidate-protocol-v3-20260807-145653","6d7edc7c29a60a94c59effeeb2b78d8b95038135","default-hasher:f584ad292ec9898a","rustc 1.97.0 (2d8144b78 2026-07-07)","x86_64-unknown-linux-gnu","Linux 7.0.11-76070011-generic x86_64","Intel(R) Core(TM) Ultra 7 155H","/dev/nvme0n1p3[/tmp] ext4   rw,nosuid,nodev,noatime,errors=remount-ro","/tmp/pigment-db-durability-bench","pigment_db","buffered","key_value","file","successful_remove","1","32","5","4","49152","100005239","491494.250616","2513","0"
"candidate-protocol-v3-20260807-145653","6d7edc7c29a60a94c59effeeb2b78d8b95038135","default-hasher:f584ad292ec9898a","rustc 1.97.0 (2d8144b78 2026-07-07)","x86_64-unknown-linux-gnu","Linux 7.0.11-76070011-generic x86_64","Intel(R) Core(TM) Ultra 7 155H","/dev/nvme0n1p3[/tmp] ext4   rw,nosuid,nodev,noatime,errors=remount-ro","/tmp/pigment-db-durability-bench","pigment_db","buffered","key_value","file","successful_remove","1","32","5","5","49792","100026377","497788.698275","2499","0"
"candidate-protocol-v3-20260807-145653","6d7edc7c29a60a94c59effeeb2b78d8b95038135","default-hasher:f584ad292ec9898a","rustc 1.97.0 (2d8144b78 2026-07-07)","x86_64-unknown-linux-gnu","Linux 7.0.11-76070011-generic x86_64","Intel(R) Core(TM) Ultra 7 155H","/dev/nvme0n1p3[/tmp] ext4   rw,nosuid,nodev,noatime,errors=remount-ro","/tmp/pigment-db-durability-bench","pigment_db","buffered","key_value","file","successful_remove","1","32","5","6","52480","100018627","524702.263709","2296","0"
"candidate-protocol-v3-20260807-145653","6d7edc7c29a60a94c59effeeb2b78d8b95038135","default-hasher:f584ad292ec9898a","rustc 1.97.0 (2d8144b78 2026-07-07)","x86_64-unknown-linux-gnu","Linux 7.0.11-76070011-generic x86_64","Intel(R) Core(TM) Ultra 7 155H","/dev/nvme0n1p3[/tmp] ext4   rw,nosuid,nodev,noatime,errors=remount-ro","/tmp/pigment-db-durability-bench","pigment_db","buffered","key_value","file","successful_remove","1","32","5","7","49728","100090136","496832.175350","2443","0"
"candidate-protocol-v3-20260807-145653","6d7edc7c29a60a94c59effeeb2b78d8b95038135","default-hasher:f584ad292ec9898a","rustc 1.97.0 (2d8144b78 2026-07-07)","x86_64-unknown-linux-gnu","Linux 7.0.11-76070011-generic x86_64","Intel(R) Core(TM) Ultra 7 155H","/dev/nvme0n1p3[/tmp] ext4   rw,nosuid,nodev,noatime,errors=remount-ro","/tmp/pigment-db-durability-bench","pigment_db","buffered","key_value","file","successful_remove","1","32","5","8","50816","100072958","507789.526917","2465","0"
"candidate-protocol-v3-20260807-145653","6d7edc7c29a60a94c59effeeb2b78d8b95038135","default-hasher:f584ad292ec9898a","rustc 1.97.0 (2d8144b78 2026-07-07)","x86_64-unknown-linux-gnu","Linux 7.0.11-76070011-generic x86_64","Intel(R) Core(TM) Ultra 7 155H","/dev/nvme0n1p3[/tmp] ext4   rw,nosuid,nodev,noatime,errors=remount-ro","/tmp/pigment-db-durability-bench","pigment_db","buffered","key_value","file","successful_remove","1","32","5","9","44672","100096256","446290.418695","2907","0"
"candidate-protocol-v3-20260807-145653","6d7edc7c29a60a94c59effeeb2b78d8b95038135","default-hasher:f584ad292ec9898a","rustc 1.97.0 (2d8144b78 2026-07-07)","x86_64-unknown-linux-gnu","Linux 7.0.11-76070011-generic x86_64","Intel(R) Core(TM) Ultra 7 155H","/dev/nvme0n1p3[/tmp] ext4   rw,nosuid,nodev,noatime,errors=remount-ro","/tmp/pigment-db-durability-bench","pigment_db","buffered","key_value","file","successful_remove","1","32","5","10","51456","100145522","513812.290079","2288","0"
"candidate-protocol-v3-20260807-145653","6d7edc7c29a60a94c59effeeb2b78d8b95038135","default-hasher:f584ad292ec9898a","rustc 1.97.0 (2d8144b78 2026-07-07)","x86_64-unknown-linux-gnu","Linux 7.0.11-76070011-generic x86_64","Intel(R) Core(TM) Ultra 7 155H","/dev/nvme0n1p3[/tmp] ext4   rw,nosuid,nodev,noatime,errors=remount-ro","/tmp/pigment-db-durability-bench","pigment_db","buffered","key_value","file","successful_remove","8","32","5","0","20992","100800922","208252.063409","118499","0"
"candidate-protocol-v3-20260807-145653","6d7edc7c29a60a94c59effeeb2b78d8b95038135","default-hasher:f584ad292ec9898a","rustc 1.97.0 (2d8144b78 2026-07-07)","x86_64-unknown-linux-gnu","Linux 7.0.11-76070011-generic x86_64","Intel(R) Core(TM) Ultra 7 155H","/dev/nvme0n1p3[/tmp] ext4   rw,nosuid,nodev,noatime,errors=remount-ro","/tmp/pigment-db-durability-bench","pigment_db","buffered","key_value","file","successful_remove","8","32","5","1","20992","101015405","207809.888007","114298","0"
"candidate-protocol-v3-20260807-145653","6d7edc7c29a60a94c59effeeb2b78d8b95038135","default-hasher:f584ad292ec9898a","rustc 1.97.0 (2d8144b78 2026-07-07)","x86_64-unknown-linux-gnu","Linux 7.0.11-76070011-generic x86_64","Intel(R) Core(TM) Ultra 7 155H","/dev/nvme0n1p3[/tmp] ext4   rw,nosuid,nodev,noatime,errors=remount-ro","/tmp/pigment-db-durability-bench","pigment_db","buffered","key_value","file","successful_remove","8","32","5","2","19456","101873576","190981.810632","138986","0"
"candidate-protocol-v3-20260807-145653","6d7edc7c29a60a94c59effeeb2b78d8b95038135","default-hasher:f584ad292ec9898a","rustc 1.97.0 (2d8144b78 2026-07-07)","x86_64-unknown-linux-gnu","Linux 7.0.11-76070011-generic x86_64","Intel(R) Core(TM) Ultra 7 155H","/dev/nvme0n1p3[/tmp] ext4   rw,nosuid,nodev,noatime,errors=remount-ro","/tmp/pigment-db-durability-bench","pigment_db","buffered","key_value","file","successful_remove","8","32","5","3","17920","100907552","177588.293887","142051","0"
"candidate-protocol-v3-20260807-145653","6d7edc7c29a60a94c59effeeb2b78d8b95038135","default-hasher:f584ad292ec9898a","rustc 1.97.0 (2d8144b78 2026-07-07)","x86_64-unknown-linux-gnu","Linux 7.0.11-76070011-generic x86_64","Intel(R) Core(TM) Ultra 7 155H","/dev/nvme0n1p3[/tmp] ext4   rw,nosuid,nodev,noatime,errors=remount-ro","/tmp/pigment-db-durability-bench","pigment_db","buffered","key_value","file","successful_remove","8","32","5","4","19968","101621195","196494.441932","129721","0"
"candidate-protocol-v3-20260807-145653","6d7edc7c29a60a94c59effeeb2b78d8b95038135","default-hasher:f584ad292ec9898a","rustc 1.97.0 (2d8144b78 2026-07-07)","x86_64-unknown-linux-gnu","Linux 7.0.11-76070011-generic x86_64","Intel(R) Core(TM) Ultra 7 155H","/dev/nvme0n1p3[/tmp] ext4   rw,nosuid,nodev,noatime,errors=remount-ro","/tmp/pigment-db-durability-bench","pigment_db","buffered","key_value","file","successful_remove","8","32","5","5","17408","102823284","169300.175240","153013","0"
"candidate-protocol-v3-20260807-145653","6d7edc7c29a60a94c59effeeb2b78d8b95038135","default-hasher:f584ad292ec9898a","rustc 1.97.0 (2d8144b78 2026-07-07)","x86_64-unknown-linux-gnu","Linux 7.0.11-76070011-generic x86_64","Intel(R) Core(TM) Ultra 7 155H","/dev/nvme0n1p3[/tmp] ext4   rw,nosuid,nodev,noatime,errors=remount-ro","/tmp/pigment-db-durability-bench","pigment_db","buffered","key_value","file","successful_remove","8","32","5","6","18944","102122120","185503.395347","135711","0"
"candidate-protocol-v3-20260807-145653","6d7edc7c29a60a94c59effeeb2b78d8b95038135","default-hasher:f584ad292ec9898a","rustc 1.97.0 (2d8144b78 2026-07-07)","x86_64-unknown-linux-gnu","Linux 7.0.11-76070011-generic x86_64","Intel(R) Core(TM) Ultra 7 155H","/dev/nvme0n1p3[/tmp] ext4   rw,nosuid,nodev,noatime,errors=remount-ro","/tmp/pigment-db-durability-bench","pigment_db","buffered","key_value","file","successful_remove","8","32","5","7","20480","101269056","202233.543087","121893","0"
"candidate-protocol-v3-20260807-145653","6d7edc7c29a60a94c59effeeb2b78d8b95038135","default-hasher:f584ad292ec9898a","rustc 1.97.0 (2d8144b78 2026-07-07)","x86_64-unknown-linux-gnu","Linux 7.0.11-76070011-generic x86_64","Intel(R) Core(TM) Ultra 7 155H","/dev/nvme0n1p3[/tmp] ext4   rw,nosuid,nodev,noatime,errors=remount-ro","/tmp/pigment-db-durability-bench","pigment_db","buffered","key_value","file","successful_remove","8","32","5","8","20480","101094369","202582.994509","120542","0"
"candidate-protocol-v3-20260807-145653","6d7edc7c29a60a94c59effeeb2b78d8b95038135","default-hasher:f584ad292ec9898a","rustc 1.97.0 (2d8144b78 2026-07-07)","x86_64-unknown-linux-gnu","Linux 7.0.11-76070011-generic x86_64","Intel(R) Core(TM) Ultra 7 155H","/dev/nvme0n1p3[/tmp] ext4   rw,nosuid,nodev,noatime,errors=remount-ro","/tmp/pigment-db-durability-bench","pigment_db","buffered","key_value","file","successful_remove","8","32","5","9","19456","101026335","192583.448662","132659","0"
"candidate-protocol-v3-20260807-145653","6d7edc7c29a60a94c59effeeb2b78d8b95038135","default-hasher:f584ad292ec9898a","rustc 1.97.0 (2d8144b78 2026-07-07)","x86_64-unknown-linux-gnu","Linux 7.0.11-76070011-generic x86_64","Intel(R) Core(TM) Ultra 7 155H","/dev/nvme0n1p3[/tmp] ext4   rw,nosuid,nodev,noatime,errors=remount-ro","/tmp/pigment-db-durability-bench","pigment_db","buffered","key_value","file","successful_remove","8","32","5","10","19968","101426431","196871.760183","124895","0"
"candidate-protocol-v3-20260807-145653","6d7edc7c29a60a94c59effeeb2b78d8b95038135","default-hasher:f584ad292ec9898a","rustc 1.97.0 (2d8144b78 2026-07-07)","x86_64-unknown-linux-gnu","Linux 7.0.11-76070011-generic x86_64","Intel(R) Core(TM) Ultra 7 155H","/dev/nvme0n1p3[/tmp] ext4   rw,nosuid,nodev,noatime,errors=remount-ro","/tmp/pigment-db-durability-bench","pigment_db","buffered","key_value","file","minimal_callback","1","32","5","0","43712","100018126","437040.781988","3008","0"
"candidate-protocol-v3-20260807-145653","6d7edc7c29a60a94c59effeeb2b78d8b95038135","default-hasher:f584ad292ec9898a","rustc 1.97.0 (2d8144b78 2026-07-07)","x86_64-unknown-linux-gnu","Linux 7.0.11-76070011-generic x86_64","Intel(R) Core(TM) Ultra 7 155H","/dev/nvme0n1p3[/tmp] ext4   rw,nosuid,nodev,noatime,errors=remount-ro","/tmp/pigment-db-durability-bench","pigment_db","buffered","key_value","file","minimal_callback","1","32","5","1","44032","100038879","440148.874519","2832","0"
"candidate-protocol-v3-20260807-145653","6d7edc7c29a60a94c59effeeb2b78d8b95038135","default-hasher:f584ad292ec9898a","rustc 1.97.0 (2d8144b78 2026-07-07)","x86_64-unknown-linux-gnu","Linux 7.0.11-76070011-generic x86_64","Intel(R) Core(TM) Ultra 7 155H","/dev/nvme0n1p3[/tmp] ext4   rw,nosuid,nodev,noatime,errors=remount-ro","/tmp/pigment-db-durability-bench","pigment_db","buffered","key_value","file","minimal_callback","1","32","5","2","44608","100181648","445271.173818","2742","0"
"candidate-protocol-v3-20260807-145653","6d7edc7c29a60a94c59effeeb2b78d8b95038135","default-hasher:f584ad292ec9898a","rustc 1.97.0 (2d8144b78 2026-07-07)","x86_64-unknown-linux-gnu","Linux 7.0.11-76070011-generic x86_64","Intel(R) Core(TM) Ultra 7 155H","/dev/nvme0n1p3[/tmp] ext4   rw,nosuid,nodev,noatime,errors=remount-ro","/tmp/pigment-db-durability-bench","pigment_db","buffered","key_value","file","minimal_callback","1","32","5","3","42432","100001629","424313.087940","2892","0"
"candidate-protocol-v3-20260807-145653","6d7edc7c29a60a94c59effeeb2b78d8b95038135","default-hasher:f584ad292ec9898a","rustc 1.97.0 (2d8144b78 2026-07-07)","x86_64-unknown-linux-gnu","Linux 7.0.11-76070011-generic x86_64","Intel(R) Core(TM) Ultra 7 155H","/dev/nvme0n1p3[/tmp] ext4   rw,nosuid,nodev,noatime,errors=remount-ro","/tmp/pigment-db-durability-bench","pigment_db","buffered","key_value","file","minimal_callback","1","32","5","4","44608","100062863","445799.756899","2828","0"
"candidate-protocol-v3-20260807-145653","6d7edc7c29a60a94c59effeeb2b78d8b95038135","default-hasher:f584ad292ec9898a","rustc 1.97.0 (2d8144b78 2026-07-07)","x86_64-unknown-linux-gnu","Linux 7.0.11-76070011-generic x86_64","Intel(R) Core(TM) Ultra 7 155H","/dev/nvme0n1p3[/tmp] ext4   rw,nosuid,nodev,noatime,errors=remount-ro","/tmp/pigment-db-durability-bench","pigment_db","buffered","key_value","file","minimal_callback","1","32","5","5","44480","100131798","444214.534128","2778","0"
"candidate-protocol-v3-20260807-145653","6d7edc7c29a60a94c59effeeb2b78d8b95038135","default-hasher:f584ad292ec9898a","rustc 1.97.0 (2d8144b78 2026-07-07)","x86_64-unknown-linux-gnu","Linux 7.0.11-76070011-generic x86_64","Intel(R) Core(TM) Ultra 7 155H","/dev/nvme0n1p3[/tmp] ext4   rw,nosuid,nodev,noatime,errors=remount-ro","/tmp/pigment-db-durability-bench","pigment_db","buffered","key_value","file","minimal_callback","1","32","5","6","44416","100520027","441862.197271","2808","0"
"candidate-protocol-v3-20260807-145653","6d7edc7c29a60a94c59effeeb2b78d8b95038135","default-hasher:f584ad292ec9898a","rustc 1.97.0 (2d8144b78 2026-07-07)","x86_64-unknown-linux-gnu","Linux 7.0.11-76070011-generic x86_64","Intel(R) Core(TM) Ultra 7 155H","/dev/nvme0n1p3[/tmp] ext4   rw,nosuid,nodev,noatime,errors=remount-ro","/tmp/pigment-db-durability-bench","pigment_db","buffered","key_value","file","minimal_callback","1","32","5","7","44096","100105608","440494.802249","3364","0"
"candidate-protocol-v3-20260807-145653","6d7edc7c29a60a94c59effeeb2b78d8b95038135","default-hasher:f584ad292ec9898a","rustc 1.97.0 (2d8144b78 2026-07-07)","x86_64-unknown-linux-gnu","Linux 7.0.11-76070011-generic x86_64","Intel(R) Core(TM) Ultra 7 155H","/dev/nvme0n1p3[/tmp] ext4   rw,nosuid,nodev,noatime,errors=remount-ro","/tmp/pigment-db-durability-bench","pigment_db","buffered","key_value","file","minimal_callback","1","32","5","8","44672","100097491","446284.912376","2746","0"
"candidate-protocol-v3-20260807-145653","6d7edc7c29a60a94c59effeeb2b78d8b95038135","default-hasher:f584ad292ec9898a","rustc 1.97.0 (2d8144b78 2026-07-07)","x86_64-unknown-linux-gnu","Linux 7.0.11-76070011-generic x86_64","Intel(R) Core(TM) Ultra 7 155H","/dev/nvme0n1p3[/tmp] ext4   rw,nosuid,nodev,noatime,errors=remount-ro","/tmp/pigment-db-durability-bench","pigment_db","buffered","key_value","file","minimal_callback","1","32","5","9","43968","100015196","439613.196379","3542","0"
"candidate-protocol-v3-20260807-145653","6d7edc7c29a60a94c59effeeb2b78d8b95038135","default-hasher:f584ad292ec9898a","rustc 1.97.0 (2d8144b78 2026-07-07)","x86_64-unknown-linux-gnu","Linux 7.0.11-76070011-generic x86_64","Intel(R) Core(TM) Ultra 7 155H","/dev/nvme0n1p3[/tmp] ext4   rw,nosuid,nodev,noatime,errors=remount-ro","/tmp/pigment-db-durability-bench","pigment_db","buffered","key_value","file","minimal_callback","1","32","5","10","39808","100038920","397925.127540","3073","0"
"candidate-protocol-v3-20260807-145653","6d7edc7c29a60a94c59effeeb2b78d8b95038135","default-hasher:f584ad292ec9898a","rustc 1.97.0 (2d8144b78 2026-07-07)","x86_64-unknown-linux-gnu","Linux 7.0.11-76070011-generic x86_64","Intel(R) Core(TM) Ultra 7 155H","/dev/nvme0n1p3[/tmp] ext4   rw,nosuid,nodev,noatime,errors=remount-ro","/tmp/pigment-db-durability-bench","pigment_db","buffered","key_value","file","minimal_callback","8","32","5","0","19456","100427071","193732.624145","142165","0"
"candidate-protocol-v3-20260807-145653","6d7edc7c29a60a94c59effeeb2b78d8b95038135","default-hasher:f584ad292ec9898a","rustc 1.97.0 (2d8144b78 2026-07-07)","x86_64-unknown-linux-gnu","Linux 7.0.11-76070011-generic x86_64","Intel(R) Core(TM) Ultra 7 155H","/dev/nvme0n1p3[/tmp] ext4   rw,nosuid,nodev,noatime,errors=remount-ro","/tmp/pigment-db-durability-bench","pigment_db","buffered","key_value","file","minimal_callback","8","32","5","1","19456","101163666","192322.014111","137618","0"
"candidate-protocol-v3-20260807-145653","6d7edc7c29a60a94c59effeeb2b78d8b95038135","default-hasher:f584ad292ec9898a","rustc 1.97.0 (2d8144b78 2026-07-07)","x86_64-unknown-linux-gnu","Linux 7.0.11-76070011-generic x86_64","Intel(R) Core(TM) Ultra 7 155H","/dev/nvme0n1p3[/tmp] ext4   rw,nosuid,nodev,noatime,errors=remount-ro","/tmp/pigment-db-durability-bench","pigment_db","buffered","key_value","file","minimal_callback","8","32","5","2","19456","100381566","193820.447073","138737","0"
"candidate-protocol-v3-20260807-145653","6d7edc7c29a60a94c59effeeb2b78d8b95038135","default-hasher:f584ad292ec9898a","rustc 1.97.0 (2d8144b78 2026-07-07)","x86_64-unknown-linux-gnu","Linux 7.0.11-76070011-generic x86_64","Intel(R) Core(TM) Ultra 7 155H","/dev/nvme0n1p3[/tmp] ext4   rw,nosuid,nodev,noatime,errors=remount-ro","/tmp/pigment-db-durability-bench","pigment_db","buffered","key_value","file","minimal_callback","8","32","5","3","19456","102717051","189413.537583","141885","0"
"candidate-protocol-v3-20260807-145653","6d7edc7c29a60a94c59effeeb2b78d8b95038135","default-hasher:f584ad292ec9898a","rustc 1.97.0 (2d8144b78 2026-07-07)","x86_64-unknown-linux-gnu","Linux 7.0.11-76070011-generic x86_64","Intel(R) Core(TM) Ultra 7 155H","/dev/nvme0n1p3[/tmp] ext4   rw,nosuid,nodev,noatime,errors=remount-ro","/tmp/pigment-db-durability-bench","pigment_db","buffered","key_value","file","minimal_callback","8","32","5","4","19968","102393786","195011.834019","124471","0"
"candidate-protocol-v3-20260807-145653","6d7edc7c29a60a94c59effeeb2b78d8b95038135","default-hasher:f584ad292ec9898a","rustc 1.97.0 (2d8144b78 2026-07-07)","x86_64-unknown-linux-gnu","Linux 7.0.11-76070011-generic x86_64","Intel(R) Core(TM) Ultra 7 155H","/dev/nvme0n1p3[/tmp] ext4   rw,nosuid,nodev,noatime,errors=remount-ro","/tmp/pigment-db-durability-bench","pigment_db","buffered","key_value","file","minimal_callback","8","32","5","5","18944","102302023","185177.178754","145090","0"
"candidate-protocol-v3-20260807-145653","6d7edc7c29a60a94c59effeeb2b78d8b95038135","default-hasher:f584ad292ec9898a","rustc 1.97.0 (2d8144b78 2026-07-07)","x86_64-unknown-linux-gnu","Linux 7.0.11-76070011-generic x86_64","Intel(R) Core(TM) Ultra 7 155H","/dev/nvme0n1p3[/tmp] ext4   rw,nosuid,nodev,noatime,errors=remount-ro","/tmp/pigment-db-durability-bench","pigment_db","buffered","key_value","file","minimal_callback","8","32","5","6","18944","101976154","185768.920056","144978","0"
"candidate-protocol-v3-20260807-145653","6d7edc7c29a60a94c59effeeb2b78d8b95038135","default-hasher:f584ad292ec9898a","rustc 1.97.0 (2d8144b78 2026-07-07)","x86_64-unknown-linux-gnu","Linux 7.0.11-76070011-generic x86_64","Intel(R) Core(TM) Ultra 7 155H","/dev/nvme0n1p3[/tmp] ext4   rw,nosuid,nodev,noatime,errors=remount-ro","/tmp/pigment-db-durability-bench","pigment_db","buffered","key_value","file","minimal_callback","8","32","5","7","18944","101024500","187518.869185","139841","0"
"candidate-protocol-v3-20260807-145653","6d7edc7c29a60a94c59effeeb2b78d8b95038135","default-hasher:f584ad292ec9898a","rustc 1.97.0 (2d8144b78 2026-07-07)","x86_64-unknown-linux-gnu","Linux 7.0.11-76070011-generic x86_64","Intel(R) Core(TM) Ultra 7 155H","/dev/nvme0n1p3[/tmp] ext4   rw,nosuid,nodev,noatime,errors=remount-ro","/tmp/pigment-db-durability-bench","pigment_db","buffered","key_value","file","minimal_callback","8","32","5","8","19968","102024007","195718.641006","129447","0"
"candidate-protocol-v3-20260807-145653","6d7edc7c29a60a94c59effeeb2b78d8b95038135","default-hasher:f584ad292ec9898a","rustc 1.97.0 (2d8144b78 2026-07-07)","x86_64-unknown-linux-gnu","Linux 7.0.11-76070011-generic x86_64","Intel(R) Core(TM) Ultra 7 155H","/dev/nvme0n1p3[/tmp] ext4   rw,nosuid,nodev,noatime,errors=remount-ro","/tmp/pigment-db-durability-bench","pigment_db","buffered","key_value","file","minimal_callback","8","32","5","9","19456","101951361","190836.098794","135866","0"
"candidate-protocol-v3-20260807-145653","6d7edc7c29a60a94c59effeeb2b78d8b95038135","default-hasher:f584ad292ec9898a","rustc 1.97.0 (2d8144b78 2026-07-07)","x86_64-unknown-linux-gnu","Linux 7.0.11-76070011-generic x86_64","Intel(R) Core(TM) Ultra 7 155H","/dev/nvme0n1p3[/tmp] ext4   rw,nosuid,nodev,noatime,errors=remount-ro","/tmp/pigment-db-durability-bench","pigment_db","buffered","key_value","file","minimal_callback","8","32","5","10","18944","101290065","187027.227201","145939","0"
"candidate-protocol-v3-20260807-145653","6d7edc7c29a60a94c59effeeb2b78d8b95038135","default-hasher:f584ad292ec9898a","rustc 1.97.0 (2d8144b78 2026-07-07)","x86_64-unknown-linux-gnu","Linux 7.0.11-76070011-generic x86_64","Intel(R) Core(TM) Ultra 7 155H","/dev/nvme0n1p3[/tmp] ext4   rw,nosuid,nodev,noatime,errors=remount-ro","/tmp/pigment-db-durability-bench","pigment_db","buffered","key_set","vector","ordinary_write","1","32","5","0","139904","100005247","1398966.596223","729","0"
"candidate-protocol-v3-20260807-145653","6d7edc7c29a60a94c59effeeb2b78d8b95038135","default-hasher:f584ad292ec9898a","rustc 1.97.0 (2d8144b78 2026-07-07)","x86_64-unknown-linux-gnu","Linux 7.0.11-76070011-generic x86_64","Intel(R) Core(TM) Ultra 7 155H","/dev/nvme0n1p3[/tmp] ext4   rw,nosuid,nodev,noatime,errors=remount-ro","/tmp/pigment-db-durability-bench","pigment_db","buffered","key_set","vector","ordinary_write","1","32","5","1","114752","107739273","1065089.793208","869","0"
"candidate-protocol-v3-20260807-145653","6d7edc7c29a60a94c59effeeb2b78d8b95038135","default-hasher:f584ad292ec9898a","rustc 1.97.0 (2d8144b78 2026-07-07)","x86_64-unknown-linux-gnu","Linux 7.0.11-76070011-generic x86_64","Intel(R) Core(TM) Ultra 7 155H","/dev/nvme0n1p3[/tmp] ext4   rw,nosuid,nodev,noatime,errors=remount-ro","/tmp/pigment-db-durability-bench","pigment_db","buffered","key_set","vector","ordinary_write","1","32","5","2","121024","100027745","1209904.312049","760","0"
"candidate-protocol-v3-20260807-145653","6d7edc7c29a60a94c59effeeb2b78d8b95038135","default-hasher:f584ad292ec9898a","rustc 1.97.0 (2d8144b78 2026-07-07)","x86_64-unknown-linux-gnu","Linux 7.0.11-76070011-generic x86_64","Intel(R) Core(TM) Ultra 7 155H","/dev/nvme0n1p3[/tmp] ext4   rw,nosuid,nodev,noatime,errors=remount-ro","/tmp/pigment-db-durability-bench","pigment_db","buffered","key_set","vector","ordinary_write","1","32","5","3","133312","100000197","1333117.373759","752","0"
"candidate-protocol-v3-20260807-145653","6d7edc7c29a60a94c59effeeb2b78d8b95038135","default-hasher:f584ad292ec9898a","rustc 1.97.0 (2d8144b78 2026-07-07)","x86_64-unknown-linux-gnu","Linux 7.0.11-76070011-generic x86_64","Intel(R) Core(TM) Ultra 7 155H","/dev/nvme0n1p3[/tmp] ext4   rw,nosuid,nodev,noatime,errors=remount-ro","/tmp/pigment-db-durability-bench","pigment_db","buffered","key_set","vector","ordinary_write","1","32","5","4","130560","100014375","1305412.346975","738","0"
"candidate-protocol-v3-20260807-145653","6d7edc7c29a60a94c59effeeb2b78d8b95038135","default-hasher:f584ad292ec9898a","rustc 1.97.0 (2d8144b78 2026-07-07)","x86_64-unknown-linux-gnu","Linux 7.0.11-76070011-generic x86_64","Intel(R) Core(TM) Ultra 7 155H","/dev/nvme0n1p3[/tmp] ext4   rw,nosuid,nodev,noatime,errors=remount-ro","/tmp/pigment-db-durability-bench","pigment_db","buffered","key_set","vector","ordinary_write","1","32","5","5","114752","109136737","1051451.629894","874","0"
"candidate-protocol-v3-20260807-145653","6d7edc7c29a60a94c59effeeb2b78d8b95038135","default-hasher:f584ad292ec9898a","rustc 1.97.0 (2d8144b78 2026-07-07)","x86_64-unknown-linux-gnu","Linux 7.0.11-76070011-generic x86_64","Intel(R) Core(TM) Ultra 7 155H","/dev/nvme0n1p3[/tmp] ext4   rw,nosuid,nodev,noatime,errors=remount-ro","/tmp/pigment-db-durability-bench","pigment_db","buffered","key_set","vector","ordinary_write","1","32","5","6","125440","105860050","1184960.709918","783","0"
"candidate-protocol-v3-20260807-145653","6d7edc7c29a60a94c59effeeb2b78d8b95038135","default-hasher:f584ad292ec9898a","rustc 1.97.0 (2d8144b78 2026-07-07)","x86_64-unknown-linux-gnu","Linux 7.0.11-76070011-generic x86_64","Intel(R) Core(TM) Ultra 7 155H","/dev/nvme0n1p3[/tmp] ext4   rw,nosuid,nodev,noatime,errors=remount-ro","/tmp/pigment-db-durability-bench","pigment_db","buffered","key_set","vector","ordinary_write","1","32","5","7","114752","103582426","1107832.712858","940","0"
"candidate-protocol-v3-20260807-145653","6d7edc7c29a60a94c59effeeb2b78d8b95038135","default-hasher:f584ad292ec9898a","rustc 1.97.0 (2d8144b78 2026-07-07)","x86_64-unknown-linux-gnu","Linux 7.0.11-76070011-generic x86_64","Intel(R) Core(TM) Ultra 7 155H","/dev/nvme0n1p3[/tmp] ext4   rw,nosuid,nodev,noatime,errors=remount-ro","/tmp/pigment-db-durability-bench","pigment_db","buffered","key_set","vector","ordinary_write","1","32","5","8","125440","100591300","1247026.333291","795","0"
"candidate-protocol-v3-20260807-145653","6d7edc7c29a60a94c59effeeb2b78d8b95038135","default-hasher:f584ad292ec9898a","rustc 1.97.0 (2d8144b78 2026-07-07)","x86_64-unknown-linux-gnu","Linux 7.0.11-76070011-generic x86_64","Intel(R) Core(TM) Ultra 7 155H","/dev/nvme0n1p3[/tmp] ext4   rw,nosuid,nodev,noatime,errors=remount-ro","/tmp/pigment-db-durability-bench","pigment_db","buffered","key_set","vector","ordinary_write","1","32","5","9","114752","111889180","1025586.209498","911","0"
"candidate-protocol-v3-20260807-145653","6d7edc7c29a60a94c59effeeb2b78d8b95038135","default-hasher:f584ad292ec9898a","rustc 1.97.0 (2d8144b78 2026-07-07)","x86_64-unknown-linux-gnu","Linux 7.0.11-76070011-generic x86_64","Intel(R) Core(TM) Ultra 7 155H","/dev/nvme0n1p3[/tmp] ext4   rw,nosuid,nodev,noatime,errors=remount-ro","/tmp/pigment-db-durability-bench","pigment_db","buffered","key_set","vector","ordinary_write","1","32","5","10","125440","101895950","1231059.723178","765","0"
"candidate-protocol-v3-20260807-145653","6d7edc7c29a60a94c59effeeb2b78d8b95038135","default-hasher:f584ad292ec9898a","rustc 1.97.0 (2d8144b78 2026-07-07)","x86_64-unknown-linux-gnu","Linux 7.0.11-76070011-generic x86_64","Intel(R) Core(TM) Ultra 7 155H","/dev/nvme0n1p3[/tmp] ext4   rw,nosuid,nodev,noatime,errors=remount-ro","/tmp/pigment-db-durability-bench","pigment_db","buffered","key_set","vector","ordinary_write","8","32","5","0","67072","100346893","668401.362462","26008","0"
"candidate-protocol-v3-20260807-145653","6d7edc7c29a60a94c59effeeb2b78d8b95038135","default-hasher:f584ad292ec9898a","rustc 1.97.0 (2d8144b78 2026-07-07)","x86_64-unknown-linux-gnu","Linux 7.0.11-76070011-generic x86_64","Intel(R) Core(TM) Ultra 7 155H","/dev/nvme0n1p3[/tmp] ext4   rw,nosuid,nodev,noatime,errors=remount-ro","/tmp/pigment-db-durability-bench","pigment_db","buffered","key_set","vector","ordinary_write","8","32","5","1","68096","100398696","678255.821171","25896","0"
"candidate-protocol-v3-20260807-145653","6d7edc7c29a60a94c59effeeb2b78d8b95038135","default-hasher:f584ad292ec9898a","rustc 1.97.0 (2d8144b78 2026-07-07)","x86_64-unknown-linux-gnu","Linux 7.0.11-76070011-generic x86_64","Intel(R) Core(TM) Ultra 7 155H","/dev/nvme0n1p3[/tmp] ext4   rw,nosuid,nodev,noatime,errors=remount-ro","/tmp/pigment-db-durability-bench","pigment_db","buffered","key_set","vector","ordinary_write","8","32","5","2","64000","100111356","639288.114327","26126","0"
"candidate-protocol-v3-20260807-145653","6d7edc7c29a60a94c59effeeb2b78d8b95038135","default-hasher:f584ad292ec9898a","rustc 1.97.0 (2d8144b78 2026-07-07)","x86_64-unknown-linux-gnu","Linux 7.0.11-76070011-generic x86_64","Intel(R) Core(TM) Ultra 7 155H","/dev/nvme0n1p3[/tmp] ext4   rw,nosuid,nodev,noatime,errors=remount-ro","/tmp/pigment-db-durability-bench","pigment_db","buffered","key_set","vector","ordinary_write","8","32","5","3","68608","102174404","671479.326662","25442","0"
"candidate-protocol-v3-20260807-145653","6d7edc7c29a60a94c59effeeb2b78d8b95038135","default-hasher:f584ad292ec9898a","rustc 1.97.0 (2d8144b78 2026-07-07)","x86_64-unknown-linux-gnu","Linux 7.0.11-76070011-generic x86_64","Intel(R) Core(TM) Ultra 7 155H","/dev/nvme0n1p3[/tmp] ext4   rw,nosuid,nodev,noatime,errors=remount-ro","/tmp/pigment-db-durability-bench","pigment_db","buffered","key_set","vector","ordinary_write","8","32","5","4","64000","100515959","636714.812620","24855","0"
"candidate-protocol-v3-20260807-145653","6d7edc7c29a60a94c59effeeb2b78d8b95038135","default-hasher:f584ad292ec9898a","rustc 1.97.0 (2d8144b78 2026-07-07)","x86_64-unknown-linux-gnu","Linux 7.0.11-76070011-generic x86_64","Intel(R) Core(TM) Ultra 7 155H","/dev/nvme0n1p3[/tmp] ext4   rw,nosuid,nodev,noatime,errors=remount-ro","/tmp/pigment-db-durability-bench","pigment_db","buffered","key_set","vector","ordinary_write","8","32","5","5","66560","100277232","663759.845306","25556","0"
"candidate-protocol-v3-20260807-145653","6d7edc7c29a60a94c59effeeb2b78d8b95038135","default-hasher:f584ad292ec9898a","rustc 1.97.0 (2d8144b78 2026-07-07)","x86_64-unknown-linux-gnu","Linux 7.0.11-76070011-generic x86_64","Intel(R) Core(TM) Ultra 7 155H","/dev/nvme0n1p3[/tmp] ext4   rw,nosuid,nodev,noatime,errors=remount-ro","/tmp/pigment-db-durability-bench","pigment_db","buffered","key_set","vector","ordinary_write","8","32","5","6","66048","100023752","660323.160043","26193","0"
"candidate-protocol-v3-20260807-145653","6d7edc7c29a60a94c59effeeb2b78d8b95038135","default-hasher:f584ad292ec9898a","rustc 1.97.0 (2d8144b78 2026-07-07)","x86_64-unknown-linux-gnu","Linux 7.0.11-76070011-generic x86_64","Intel(R) Core(TM) Ultra 7 155H","/dev/nvme0n1p3[/tmp] ext4   rw,nosuid,nodev,noatime,errors=remount-ro","/tmp/pigment-db-durability-bench","pigment_db","buffered","key_set","vector","ordinary_write","8","32","5","7","68608","100058166","685681.166693","25936","0"
"candidate-protocol-v3-20260807-145653","6d7edc7c29a60a94c59effeeb2b78d8b95038135","default-hasher:f584ad292ec9898a","rustc 1.97.0 (2d8144b78 2026-07-07)","x86_64-unknown-linux-gnu","Linux 7.0.11-76070011-generic x86_64","Intel(R) Core(TM) Ultra 7 155H","/dev/nvme0n1p3[/tmp] ext4   rw,nosuid,nodev,noatime,errors=remount-ro","/tmp/pigment-db-durability-bench","pigment_db","buffered","key_set","vector","ordinary_write","8","32","5","8","69120","100215355","689714.664983","25650","0"
"candidate-protocol-v3-20260807-145653","6d7edc7c29a60a94c59effeeb2b78d8b95038135","default-hasher:f584ad292ec9898a","rustc 1.97.0 (2d8144b78 2026-07-07)","x86_64-unknown-linux-gnu","Linux 7.0.11-76070011-generic x86_64","Intel(R) Core(TM) Ultra 7 155H","/dev/nvme0n1p3[/tmp] ext4   rw,nosuid,nodev,noatime,errors=remount-ro","/tmp/pigment-db-durability-bench","pigment_db","buffered","key_set","vector","ordinary_write","8","32","5","9","70144","100285902","699440.286233","25146","0"
"candidate-protocol-v3-20260807-145653","6d7edc7c29a60a94c59effeeb2b78d8b95038135","default-hasher:f584ad292ec9898a","rustc 1.97.0 (2d8144b78 2026-07-07)","x86_64-unknown-linux-gnu","Linux 7.0.11-76070011-generic x86_64","Intel(R) Core(TM) Ultra 7 155H","/dev/nvme0n1p3[/tmp] ext4   rw,nosuid,nodev,noatime,errors=remount-ro","/tmp/pigment-db-durability-bench","pigment_db","buffered","key_set","vector","ordinary_write","8","32","5","10","72192","100089515","721274.351264","25026","0"
"candidate-protocol-v3-20260807-145653","6d7edc7c29a60a94c59effeeb2b78d8b95038135","default-hasher:f584ad292ec9898a","rustc 1.97.0 (2d8144b78 2026-07-07)","x86_64-unknown-linux-gnu","Linux 7.0.11-76070011-generic x86_64","Intel(R) Core(TM) Ultra 7 155H","/dev/nvme0n1p3[/tmp] ext4   rw,nosuid,nodev,noatime,errors=remount-ro","/tmp/pigment-db-durability-bench","pigment_db","buffered","key_set","vector","successful_remove","1","32","5","0","125952","100252841","1256343.448661","643","0"
"candidate-protocol-v3-20260807-145653","6d7edc7c29a60a94c59effeeb2b78d8b95038135","default-hasher:f584ad292ec9898a","rustc 1.97.0 (2d8144b78 2026-07-07)","x86_64-unknown-linux-gnu","Linux 7.0.11-76070011-generic x86_64","Intel(R) Core(TM) Ultra 7 155H","/dev/nvme0n1p3[/tmp] ext4   rw,nosuid,nodev,noatime,errors=remount-ro","/tmp/pigment-db-durability-bench","pigment_db","buffered","key_set","vector","successful_remove","1","32","5","1","125952","100695200","1250824.269677","647","0"
"candidate-protocol-v3-20260807-145653","6d7edc7c29a60a94c59effeeb2b78d8b95038135","default-hasher:f584ad292ec9898a","rustc 1.97.0 (2d8144b78 2026-07-07)","x86_64-unknown-linux-gnu","Linux 7.0.11-76070011-generic x86_64","Intel(R) Core(TM) Ultra 7 155H","/dev/nvme0n1p3[/tmp] ext4   rw,nosuid,nodev,noatime,errors=remount-ro","/tmp/pigment-db-durability-bench","pigment_db","buffered","key_set","vector","successful_remove","1","32","5","2","126720","100019089","1266958.150359","630","0"
"candidate-protocol-v3-20260807-145653","6d7edc7c29a60a94c59effeeb2b78d8b95038135","default-hasher:f584ad292ec9898a","rustc 1.97.0 (2d8144b78 2026-07-07)","x86_64-unknown-linux-gnu","Linux 7.0.11-76070011-generic x86_64","Intel(R) Core(TM) Ultra 7 155H","/dev/nvme0n1p3[/tmp] ext4   rw,nosuid,nodev,noatime,errors=remount-ro","/tmp/pigment-db-durability-bench","pigment_db","buffered","key_set","vector","successful_remove","1","32","5","3","126976","100028344","1269400.201207","637","0"
"candidate-protocol-v3-20260807-145653","6d7edc7c29a60a94c59effeeb2b78d8b95038135","default-hasher:f584ad292ec9898a","rustc 1.97.0 (2d8144b78 2026-07-07)","x86_64-unknown-linux-gnu","Linux 7.0.11-76070011-generic x86_64","Intel(R) Core(TM) Ultra 7 155H","/dev/nvme0n1p3[/tmp] ext4   rw,nosuid,nodev,noatime,errors=remount-ro","/tmp/pigment-db-durability-bench","pigment_db","buffered","key_set","vector","successful_remove","1","32","5","4","125952","100147934","1257659.494004","653","0"
"candidate-protocol-v3-20260807-145653","6d7edc7c29a60a94c59effeeb2b78d8b95038135","default-hasher:f584ad292ec9898a","rustc 1.97.0 (2d8144b78 2026-07-07)","x86_64-unknown-linux-gnu","Linux 7.0.11-76070011-generic x86_64","Intel(R) Core(TM) Ultra 7 155H","/dev/nvme0n1p3[/tmp] ext4   rw,nosuid,nodev,noatime,errors=remount-ro","/tmp/pigment-db-durability-bench","pigment_db","buffered","key_set","vector","successful_remove","1","32","5","5","125952","100207544","1256911.355896","667","0"
"candidate-protocol-v3-20260807-145653","6d7edc7c29a60a94c59effeeb2b78d8b95038135","default-hasher:f584ad292ec9898a","rustc 1.97.0 (2d8144b78 2026-07-07)","x86_64-unknown-linux-gnu","Linux 7.0.11-76070011-generic x86_64","Intel(R) Core(TM) Ultra 7 155H","/dev/nvme0n1p3[/tmp] ext4   rw,nosuid,nodev,noatime,errors=remount-ro","/tmp/pigment-db-durability-bench","pigment_db","buffered","key_set","vector","successful_remove","1","32","5","6","125952","101410773","1241998.224390","637","0"
"candidate-protocol-v3-20260807-145653","6d7edc7c29a60a94c59effeeb2b78d8b95038135","default-hasher:f584ad292ec9898a","rustc 1.97.0 (2d8144b78 2026-07-07)","x86_64-unknown-linux-gnu","Linux 7.0.11-76070011-generic x86_64","Intel(R) Core(TM) Ultra 7 155H","/dev/nvme0n1p3[/tmp] ext4   rw,nosuid,nodev,noatime,errors=remount-ro","/tmp/pigment-db-durability-bench","pigment_db","buffered","key_set","vector","successful_remove","1","32","5","7","125952","100914573","1248105.167130","644","0"
"candidate-protocol-v3-20260807-145653","6d7edc7c29a60a94c59effeeb2b78d8b95038135","default-hasher:f584ad292ec9898a","rustc 1.97.0 (2d8144b78 2026-07-07)","x86_64-unknown-linux-gnu","Linux 7.0.11-76070011-generic x86_64","Intel(R) Core(TM) Ultra 7 155H","/dev/nvme0n1p3[/tmp] ext4   rw,nosuid,nodev,noatime,errors=remount-ro","/tmp/pigment-db-durability-bench","pigment_db","buffered","key_set","vector","successful_remove","1","32","5","8","127872","100042143","1278181.336040","633","0"
"candidate-protocol-v3-20260807-145653","6d7edc7c29a60a94c59effeeb2b78d8b95038135","default-hasher:f584ad292ec9898a","rustc 1.97.0 (2d8144b78 2026-07-07)","x86_64-unknown-linux-gnu","Linux 7.0.11-76070011-generic x86_64","Intel(R) Core(TM) Ultra 7 155H","/dev/nvme0n1p3[/tmp] ext4   rw,nosuid,nodev,noatime,errors=remount-ro","/tmp/pigment-db-durability-bench","pigment_db","buffered","key_set","vector","successful_remove","1","32","5","9","125952","102930961","1223655.144928","662","0"
"candidate-protocol-v3-20260807-145653","6d7edc7c29a60a94c59effeeb2b78d8b95038135","default-hasher:f584ad292ec9898a","rustc 1.97.0 (2d8144b78 2026-07-07)","x86_64-unknown-linux-gnu","Linux 7.0.11-76070011-generic x86_64","Intel(R) Core(TM) Ultra 7 155H","/dev/nvme0n1p3[/tmp] ext4   rw,nosuid,nodev,noatime,errors=remount-ro","/tmp/pigment-db-durability-bench","pigment_db","buffered","key_set","vector","successful_remove","1","32","5","10","125952","105038419","1199104.110659","724","0"
"candidate-protocol-v3-20260807-145653","6d7edc7c29a60a94c59effeeb2b78d8b95038135","default-hasher:f584ad292ec9898a","rustc 1.97.0 (2d8144b78 2026-07-07)","x86_64-unknown-linux-gnu","Linux 7.0.11-76070011-generic x86_64","Intel(R) Core(TM) Ultra 7 155H","/dev/nvme0n1p3[/tmp] ext4   rw,nosuid,nodev,noatime,errors=remount-ro","/tmp/pigment-db-durability-bench","pigment_db","buffered","key_set","vector","successful_remove","8","32","5","0","61952","100115968","618802.387248","26588","0"
"candidate-protocol-v3-20260807-145653","6d7edc7c29a60a94c59effeeb2b78d8b95038135","default-hasher:f584ad292ec9898a","rustc 1.97.0 (2d8144b78 2026-07-07)","x86_64-unknown-linux-gnu","Linux 7.0.11-76070011-generic x86_64","Intel(R) Core(TM) Ultra 7 155H","/dev/nvme0n1p3[/tmp] ext4   rw,nosuid,nodev,noatime,errors=remount-ro","/tmp/pigment-db-durability-bench","pigment_db","buffered","key_set","vector","successful_remove","8","32","5","1","67072","100057428","670335.039993","24738","0"
"candidate-protocol-v3-20260807-145653","6d7edc7c29a60a94c59effeeb2b78d8b95038135","default-hasher:f584ad292ec9898a","rustc 1.97.0 (2d8144b78 2026-07-07)","x86_64-unknown-linux-gnu","Linux 7.0.11-76070011-generic x86_64","Intel(R) Core(TM) Ultra 7 155H","/dev/nvme0n1p3[/tmp] ext4   rw,nosuid,nodev,noatime,errors=remount-ro","/tmp/pigment-db-durability-bench","pigment_db","buffered","key_set","vector","successful_remove","8","32","5","2","64512","100106826","644431.579521","26599","0"
"candidate-protocol-v3-20260807-145653","6d7edc7c29a60a94c59effeeb2b78d8b95038135","default-hasher:f584ad292ec9898a","rustc 1.97.0 (2d8144b78 2026-07-07)","x86_64-unknown-linux-gnu","Linux 7.0.11-76070011-generic x86_64","Intel(R) Core(TM) Ultra 7 155H","/dev/nvme0n1p3[/tmp] ext4   rw,nosuid,nodev,noatime,errors=remount-ro","/tmp/pigment-db-durability-bench","pigment_db","buffered","key_set","vector","successful_remove","8","32","5","3","66048","100562045","656788.552779","26107","0"
"candidate-protocol-v3-20260807-145653","6d7edc7c29a60a94c59effeeb2b78d8b95038135","default-hasher:f584ad292ec9898a","rustc 1.97.0 (2d8144b78 2026-07-07)","x86_64-unknown-linux-gnu","Linux 7.0.11-76070011-generic x86_64","Intel(R) Core(TM) Ultra 7 155H","/dev/nvme0n1p3[/tmp] ext4   rw,nosuid,nodev,noatime,errors=remount-ro","/tmp/pigment-db-durability-bench","pigment_db","buffered","key_set","vector","successful_remove","8","32","5","4","64000","100121225","639225.099373","26165","0"
"candidate-protocol-v3-20260807-145653","6d7edc7c29a60a94c59effeeb2b78d8b95038135","default-hasher:f584ad292ec9898a","rustc 1.97.0 (2d8144b78 2026-07-07)","x86_64-unknown-linux-gnu","Linux 7.0.11-76070011-generic x86_64","Intel(R) Core(TM) Ultra 7 155H","/dev/nvme0n1p3[/tmp] ext4   rw,nosuid,nodev,noatime,errors=remount-ro","/tmp/pigment-db-durability-bench","pigment_db","buffered","key_set","vector","successful_remove","8","32","5","5","60416","100221557","602824.400343","25777","0"
"candidate-protocol-v3-20260807-145653","6d7edc7c29a60a94c59effeeb2b78d8b95038135","default-hasher:f584ad292ec9898a","rustc 1.97.0 (2d8144b78 2026-07-07)","x86_64-unknown-linux-gnu","Linux 7.0.11-76070011-generic x86_64","Intel(R) Core(TM) Ultra 7 155H","/dev/nvme0n1p3[/tmp] ext4   rw,nosuid,nodev,noatime,errors=remount-ro","/tmp/pigment-db-durability-bench","pigment_db","buffered","key_set","vector","successful_remove","8","32","5","6","68096","100739686","675960.018378","25413","0"
"candidate-protocol-v3-20260807-145653","6d7edc7c29a60a94c59effeeb2b78d8b95038135","default-hasher:f584ad292ec9898a","rustc 1.97.0 (2d8144b78 2026-07-07)","x86_64-unknown-linux-gnu","Linux 7.0.11-76070011-generic x86_64","Intel(R) Core(TM) Ultra 7 155H","/dev/nvme0n1p3[/tmp] ext4   rw,nosuid,nodev,noatime,errors=remount-ro","/tmp/pigment-db-durability-bench","pigment_db","buffered","key_set","vector","successful_remove","8","32","5","7","69120","100249159","689482.093311","25329","0"
"candidate-protocol-v3-20260807-145653","6d7edc7c29a60a94c59effeeb2b78d8b95038135","default-hasher:f584ad292ec9898a","rustc 1.97.0 (2d8144b78 2026-07-07)","x86_64-unknown-linux-gnu","Linux 7.0.11-76070011-generic x86_64","Intel(R) Core(TM) Ultra 7 155H","/dev/nvme0n1p3[/tmp] ext4   rw,nosuid,nodev,noatime,errors=remount-ro","/tmp/pigment-db-durability-bench","pigment_db","buffered","key_set","vector","successful_remove","8","32","5","8","69632","100263060","694493.066539","24588","0"
"candidate-protocol-v3-20260807-145653","6d7edc7c29a60a94c59effeeb2b78d8b95038135","default-hasher:f584ad292ec9898a","rustc 1.97.0 (2d8144b78 2026-07-07)","x86_64-unknown-linux-gnu","Linux 7.0.11-76070011-generic x86_64","Intel(R) Core(TM) Ultra 7 155H","/dev/nvme0n1p3[/tmp] ext4   rw,nosuid,nodev,noatime,errors=remount-ro","/tmp/pigment-db-durability-bench","pigment_db","buffered","key_set","vector","successful_remove","8","32","5","9","73216","100120472","731279.013547","24563","0"
"candidate-protocol-v3-20260807-145653","6d7edc7c29a60a94c59effeeb2b78d8b95038135","default-hasher:f584ad292ec9898a","rustc 1.97.0 (2d8144b78 2026-07-07)","x86_64-unknown-linux-gnu","Linux 7.0.11-76070011-generic x86_64","Intel(R) Core(TM) Ultra 7 155H","/dev/nvme0n1p3[/tmp] ext4   rw,nosuid,nodev,noatime,errors=remount-ro","/tmp/pigment-db-durability-bench","pigment_db","buffered","key_set","vector","successful_remove","8","32","5","10","64512","100274764","643352.299488","25172","0"
"candidate-protocol-v3-20260807-145653","6d7edc7c29a60a94c59effeeb2b78d8b95038135","default-hasher:f584ad292ec9898a","rustc 1.97.0 (2d8144b78 2026-07-07)","x86_64-unknown-linux-gnu","Linux 7.0.11-76070011-generic x86_64","Intel(R) Core(TM) Ultra 7 155H","/dev/nvme0n1p3[/tmp] ext4   rw,nosuid,nodev,noatime,errors=remount-ro","/tmp/pigment-db-durability-bench","pigment_db","buffered","key_set","vector","minimal_callback","1","32","5","0","72576","100003589","725733.953408","1798","0"
"candidate-protocol-v3-20260807-145653","6d7edc7c29a60a94c59effeeb2b78d8b95038135","default-hasher:f584ad292ec9898a","rustc 1.97.0 (2d8144b78 2026-07-07)","x86_64-unknown-linux-gnu","Linux 7.0.11-76070011-generic x86_64","Intel(R) Core(TM) Ultra 7 155H","/dev/nvme0n1p3[/tmp] ext4   rw,nosuid,nodev,noatime,errors=remount-ro","/tmp/pigment-db-durability-bench","pigment_db","buffered","key_set","vector","minimal_callback","1","32","5","1","73152","100060775","731075.688750","1754","0"
"candidate-protocol-v3-20260807-145653","6d7edc7c29a60a94c59effeeb2b78d8b95038135","default-hasher:f584ad292ec9898a","rustc 1.97.0 (2d8144b78 2026-07-07)","x86_64-unknown-linux-gnu","Linux 7.0.11-76070011-generic x86_64","Intel(R) Core(TM) Ultra 7 155H","/dev/nvme0n1p3[/tmp] ext4   rw,nosuid,nodev,noatime,errors=remount-ro","/tmp/pigment-db-durability-bench","pigment_db","buffered","key_set","vector","minimal_callback","1","32","5","2","73920","100052811","738809.827142","1672","0"
"candidate-protocol-v3-20260807-145653","6d7edc7c29a60a94c59effeeb2b78d8b95038135","default-hasher:f584ad292ec9898a","rustc 1.97.0 (2d8144b78 2026-07-07)","x86_64-unknown-linux-gnu","Linux 7.0.11-76070011-generic x86_64","Intel(R) Core(TM) Ultra 7 155H","/dev/nvme0n1p3[/tmp] ext4   rw,nosuid,nodev,noatime,errors=remount-ro","/tmp/pigment-db-durability-bench","pigment_db","buffered","key_set","vector","minimal_callback","1","32","5","3","74688","100032741","746635.544057","1611","0"
"candidate-protocol-v3-20260807-145653","6d7edc7c29a60a94c59effeeb2b78d8b95038135","default-hasher:f584ad292ec9898a","rustc 1.97.0 (2d8144b78 2026-07-07)","x86_64-unknown-linux-gnu","Linux 7.0.11-76070011-generic x86_64","Intel(R) Core(TM) Ultra 7 155H","/dev/nvme0n1p3[/tmp] ext4   rw,nosuid,nodev,noatime,errors=remount-ro","/tmp/pigment-db-durability-bench","pigment_db","buffered","key_set","vector","minimal_callback","1","32","5","4","73216","100006210","732114.535687","1714","0"
"candidate-protocol-v3-20260807-145653","6d7edc7c29a60a94c59effeeb2b78d8b95038135","default-hasher:f584ad292ec9898a","rustc 1.97.0 (2d8144b78 2026-07-07)","x86_64-unknown-linux-gnu","Linux 7.0.11-76070011-generic x86_64","Intel(R) Core(TM) Ultra 7 155H","/dev/nvme0n1p3[/tmp] ext4   rw,nosuid,nodev,noatime,errors=remount-ro","/tmp/pigment-db-durability-bench","pigment_db","buffered","key_set","vector","minimal_callback","1","32","5","5","74048","100005492","740439.335072","1633","0"
"candidate-protocol-v3-20260807-145653","6d7edc7c29a60a94c59effeeb2b78d8b95038135","default-hasher:f584ad292ec9898a","rustc 1.97.0 (2d8144b78 2026-07-07)","x86_64-unknown-linux-gnu","Linux 7.0.11-76070011-generic x86_64","Intel(R) Core(TM) Ultra 7 155H","/dev/nvme0n1p3[/tmp] ext4   rw,nosuid,nodev,noatime,errors=remount-ro","/tmp/pigment-db-durability-bench","pigment_db","buffered","key_set","vector","minimal_callback","1","32","5","6","74688","100017838","746746.795307","1597","0"
"candidate-protocol-v3-20260807-145653","6d7edc7c29a60a94c59effeeb2b78d8b95038135","default-hasher:f584ad292ec9898a","rustc 1.97.0 (2d8144b78 2026-07-07)","x86_64-unknown-linux-gnu","Linux 7.0.11-76070011-generic x86_64","Intel(R) Core(TM) Ultra 7 155H","/dev/nvme0n1p3[/tmp] ext4   rw,nosuid,nodev,noatime,errors=remount-ro","/tmp/pigment-db-durability-bench","pigment_db","buffered","key_set","vector","minimal_callback","1","32","5","7","59520","100101880","594594.227401","2196","0"
"candidate-protocol-v3-20260807-145653","6d7edc7c29a60a94c59effeeb2b78d8b95038135","default-hasher:f584ad292ec9898a","rustc 1.97.0 (2d8144b78 2026-07-07)","x86_64-unknown-linux-gnu","Linux 7.0.11-76070011-generic x86_64","Intel(R) Core(TM) Ultra 7 155H","/dev/nvme0n1p3[/tmp] ext4   rw,nosuid,nodev,noatime,errors=remount-ro","/tmp/pigment-db-durability-bench","pigment_db","buffered","key_set","vector","minimal_callback","1","32","5","8","62848","100055416","628131.914418","2175","0"
"candidate-protocol-v3-20260807-145653","6d7edc7c29a60a94c59effeeb2b78d8b95038135","default-hasher:f584ad292ec9898a","rustc 1.97.0 (2d8144b78 2026-07-07)","x86_64-unknown-linux-gnu","Linux 7.0.11-76070011-generic x86_64","Intel(R) Core(TM) Ultra 7 155H","/dev/nvme0n1p3[/tmp] ext4   rw,nosuid,nodev,noatime,errors=remount-ro","/tmp/pigment-db-durability-bench","pigment_db","buffered","key_set","vector","minimal_callback","1","32","5","9","75968","100042087","759360.407985","1638","0"
"candidate-protocol-v3-20260807-145653","6d7edc7c29a60a94c59effeeb2b78d8b95038135","default-hasher:f584ad292ec9898a","rustc 1.97.0 (2d8144b78 2026-07-07)","x86_64-unknown-linux-gnu","Linux 7.0.11-76070011-generic x86_64","Intel(R) Core(TM) Ultra 7 155H","/dev/nvme0n1p3[/tmp] ext4   rw,nosuid,nodev,noatime,errors=remount-ro","/tmp/pigment-db-durability-bench","pigment_db","buffered","key_set","vector","minimal_callback","1","32","5","10","76416","100069067","763632.581885","1577","0"
"candidate-protocol-v3-20260807-145653","6d7edc7c29a60a94c59effeeb2b78d8b95038135","default-hasher:f584ad292ec9898a","rustc 1.97.0 (2d8144b78 2026-07-07)","x86_64-unknown-linux-gnu","Linux 7.0.11-76070011-generic x86_64","Intel(R) Core(TM) Ultra 7 155H","/dev/nvme0n1p3[/tmp] ext4   rw,nosuid,nodev,noatime,errors=remount-ro","/tmp/pigment-db-durability-bench","pigment_db","buffered","key_set","vector","minimal_callback","8","32","5","0","28160","100923538","279023.115500","78225","0"
"candidate-protocol-v3-20260807-145653","6d7edc7c29a60a94c59effeeb2b78d8b95038135","default-hasher:f584ad292ec9898a","rustc 1.97.0 (2d8144b78 2026-07-07)","x86_64-unknown-linux-gnu","Linux 7.0.11-76070011-generic x86_64","Intel(R) Core(TM) Ultra 7 155H","/dev/nvme0n1p3[/tmp] ext4   rw,nosuid,nodev,noatime,errors=remount-ro","/tmp/pigment-db-durability-bench","pigment_db","buffered","key_set","vector","minimal_callback","8","32","5","1","29184","101329067","288012.125879","89480","0"
"candidate-protocol-v3-20260807-145653","6d7edc7c29a60a94c59effeeb2b78d8b95038135","default-hasher:f584ad292ec9898a","rustc 1.97.0 (2d8144b78 2026-07-07)","x86_64-unknown-linux-gnu","Linux 7.0.11-76070011-generic x86_64","Intel(R) Core(TM) Ultra 7 155H","/dev/nvme0n1p3[/tmp] ext4   rw,nosuid,nodev,noatime,errors=remount-ro","/tmp/pigment-db-durability-bench","pigment_db","buffered","key_set","vector","minimal_callback","8","32","5","2","29184","101017913","288899.256907","87736","0"
"candidate-protocol-v3-20260807-145653","6d7edc7c29a60a94c59effeeb2b78d8b95038135","default-hasher:f584ad292ec9898a","rustc 1.97.0 (2d8144b78 2026-07-07)","x86_64-unknown-linux-gnu","Linux 7.0.11-76070011-generic x86_64","Intel(R) Core(TM) Ultra 7 155H","/dev/nvme0n1p3[/tmp] ext4   rw,nosuid,nodev,noatime,errors=remount-ro","/tmp/pigment-db-durability-bench","pigment_db","buffered","key_set","vector","minimal_callback","8","32","5","3","31232","101494962","307719.707309","82680","0"
"candidate-protocol-v3-20260807-145653","6d7edc7c29a60a94c59effeeb2b78d8b95038135","default-hasher:f584ad292ec9898a","rustc 1.97.0 (2d8144b78 2026-07-07)","x86_64-unknown-linux-gnu","Linux 7.0.11-76070011-generic x86_64","Intel(R) Core(TM) Ultra 7 155H","/dev/nvme0n1p3[/tmp] ext4   rw,nosuid,nodev,noatime,errors=remount-ro","/tmp/pigment-db-durability-bench","pigment_db","buffered","key_set","vector","minimal_callback","8","32","5","4","28672","100582050","285060.803593","88409","0"
"candidate-protocol-v3-20260807-145653","6d7edc7c29a60a94c59effeeb2b78d8b95038135","default-hasher:f584ad292ec9898a","rustc 1.97.0 (2d8144b78 2026-07-07)","x86_64-unknown-linux-gnu","Linux 7.0.11-76070011-generic x86_64","Intel(R) Core(TM) Ultra 7 155H","/dev/nvme0n1p3[/tmp] ext4   rw,nosuid,nodev,noatime,errors=remount-ro","/tmp/pigment-db-durability-bench","pigment_db","buffered","key_set","vector","minimal_callback","8","32","5","5","31232","100578178","310524.614992","85428","0"
"candidate-protocol-v3-20260807-145653","6d7edc7c29a60a94c59effeeb2b78d8b95038135","default-hasher:f584ad292ec9898a","rustc 1.97.0 (2d8144b78 2026-07-07)","x86_64-unknown-linux-gnu","Linux 7.0.11-76070011-generic x86_64","Intel(R) Core(TM) Ultra 7 155H","/dev/nvme0n1p3[/tmp] ext4   rw,nosuid,nodev,noatime,errors=remount-ro","/tmp/pigment-db-durability-bench","pigment_db","buffered","key_set","vector","minimal_callback","8","32","5","6","28672","100892786","284182.855254","77319","0"
"candidate-protocol-v3-20260807-145653","6d7edc7c29a60a94c59effeeb2b78d8b95038135","default-hasher:f584ad292ec9898a","rustc 1.97.0 (2d8144b78 2026-07-07)","x86_64-unknown-linux-gnu","Linux 7.0.11-76070011-generic x86_64","Intel(R) Core(TM) Ultra 7 155H","/dev/nvme0n1p3[/tmp] ext4   rw,nosuid,nodev,noatime,errors=remount-ro","/tmp/pigment-db-durability-bench","pigment_db","buffered","key_set","vector","minimal_callback","8","32","5","7","30208","102789321","293882.668998","86570","0"
"candidate-protocol-v3-20260807-145653","6d7edc7c29a60a94c59effeeb2b78d8b95038135","default-hasher:f584ad292ec9898a","rustc 1.97.0 (2d8144b78 2026-07-07)","x86_64-unknown-linux-gnu","Linux 7.0.11-76070011-generic x86_64","Intel(R) Core(TM) Ultra 7 155H","/dev/nvme0n1p3[/tmp] ext4   rw,nosuid,nodev,noatime,errors=remount-ro","/tmp/pigment-db-durability-bench","pigment_db","buffered","key_set","vector","minimal_callback","8","32","5","8","27648","100069772","276287.228875","85081","0"
"candidate-protocol-v3-20260807-145653","6d7edc7c29a60a94c59effeeb2b78d8b95038135","default-hasher:f584ad292ec9898a","rustc 1.97.0 (2d8144b78 2026-07-07)","x86_64-unknown-linux-gnu","Linux 7.0.11-76070011-generic x86_64","Intel(R) Core(TM) Ultra 7 155H","/dev/nvme0n1p3[/tmp] ext4   rw,nosuid,nodev,noatime,errors=remount-ro","/tmp/pigment-db-durability-bench","pigment_db","buffered","key_set","vector","minimal_callback","8","32","5","9","28160","100590127","279947.951552","84381","0"
"candidate-protocol-v3-20260807-145653","6d7edc7c29a60a94c59effeeb2b78d8b95038135","default-hasher:f584ad292ec9898a","rustc 1.97.0 (2d8144b78 2026-07-07)","x86_64-unknown-linux-gnu","Linux 7.0.11-76070011-generic x86_64","Intel(R) Core(TM) Ultra 7 155H","/dev/nvme0n1p3[/tmp] ext4   rw,nosuid,nodev,noatime,errors=remount-ro","/tmp/pigment-db-durability-bench","pigment_db","buffered","key_set","vector","minimal_callback","8","32","5","10","29696","101574267","292357.512164","77065","0"
"candidate-protocol-v3-20260807-145653","6d7edc7c29a60a94c59effeeb2b78d8b95038135","default-hasher:f584ad292ec9898a","rustc 1.97.0 (2d8144b78 2026-07-07)","x86_64-unknown-linux-gnu","Linux 7.0.11-76070011-generic x86_64","Intel(R) Core(TM) Ultra 7 155H","/dev/nvme0n1p3[/tmp] ext4   rw,nosuid,nodev,noatime,errors=remount-ro","/tmp/pigment-db-durability-bench","pigment_db","buffered","key_set","file","ordinary_write","1","32","5","0","34944","100100811","349088.080815","3401","0"
"candidate-protocol-v3-20260807-145653","6d7edc7c29a60a94c59effeeb2b78d8b95038135","default-hasher:f584ad292ec9898a","rustc 1.97.0 (2d8144b78 2026-07-07)","x86_64-unknown-linux-gnu","Linux 7.0.11-76070011-generic x86_64","Intel(R) Core(TM) Ultra 7 155H","/dev/nvme0n1p3[/tmp] ext4   rw,nosuid,nodev,noatime,errors=remount-ro","/tmp/pigment-db-durability-bench","pigment_db","buffered","key_set","file","ordinary_write","1","32","5","1","37504","100095395","374682.571561","3475","0"
"candidate-protocol-v3-20260807-145653","6d7edc7c29a60a94c59effeeb2b78d8b95038135","default-hasher:f584ad292ec9898a","rustc 1.97.0 (2d8144b78 2026-07-07)","x86_64-unknown-linux-gnu","Linux 7.0.11-76070011-generic x86_64","Intel(R) Core(TM) Ultra 7 155H","/dev/nvme0n1p3[/tmp] ext4   rw,nosuid,nodev,noatime,errors=remount-ro","/tmp/pigment-db-durability-bench","pigment_db","buffered","key_set","file","ordinary_write","1","32","5","2","39040","100053035","390193.061110","3135","0"
"candidate-protocol-v3-20260807-145653","6d7edc7c29a60a94c59effeeb2b78d8b95038135","default-hasher:f584ad292ec9898a","rustc 1.97.0 (2d8144b78 2026-07-07)","x86_64-unknown-linux-gnu","Linux 7.0.11-76070011-generic x86_64","Intel(R) Core(TM) Ultra 7 155H","/dev/nvme0n1p3[/tmp] ext4   rw,nosuid,nodev,noatime,errors=remount-ro","/tmp/pigment-db-durability-bench","pigment_db","buffered","key_set","file","ordinary_write","1","32","5","3","39360","100071574","393318.486227","3131","0"
"candidate-protocol-v3-20260807-145653","6d7edc7c29a60a94c59effeeb2b78d8b95038135","default-hasher:f584ad292ec9898a","rustc 1.97.0 (2d8144b78 2026-07-07)","x86_64-unknown-linux-gnu","Linux 7.0.11-76070011-generic x86_64","Intel(R) Core(TM) Ultra 7 155H","/dev/nvme0n1p3[/tmp] ext4   rw,nosuid,nodev,noatime,errors=remount-ro","/tmp/pigment-db-durability-bench","pigment_db","buffered","key_set","file","ordinary_write","1","32","5","4","39360","100053910","393387.924570","3275","0"
"candidate-protocol-v3-20260807-145653","6d7edc7c29a60a94c59effeeb2b78d8b95038135","default-hasher:f584ad292ec9898a","rustc 1.97.0 (2d8144b78 2026-07-07)","x86_64-unknown-linux-gnu","Linux 7.0.11-76070011-generic x86_64","Intel(R) Core(TM) Ultra 7 155H","/dev/nvme0n1p3[/tmp] ext4   rw,nosuid,nodev,noatime,errors=remount-ro","/tmp/pigment-db-durability-bench","pigment_db","buffered","key_set","file","ordinary_write","1","32","5","5","37312","100002183","373111.854968","3578","0"
"candidate-protocol-v3-20260807-145653","6d7edc7c29a60a94c59effeeb2b78d8b95038135","default-hasher:f584ad292ec9898a","rustc 1.97.0 (2d8144b78 2026-07-07)","x86_64-unknown-linux-gnu","Linux 7.0.11-76070011-generic x86_64","Intel(R) Core(TM) Ultra 7 155H","/dev/nvme0n1p3[/tmp] ext4   rw,nosuid,nodev,noatime,errors=remount-ro","/tmp/pigment-db-durability-bench","pigment_db","buffered","key_set","file","ordinary_write","1","32","5","6","39424","100136154","393703.956315","3193","0"
"candidate-protocol-v3-20260807-145653","6d7edc7c29a60a94c59effeeb2b78d8b95038135","default-hasher:f584ad292ec9898a","rustc 1.97.0 (2d8144b78 2026-07-07)","x86_64-unknown-linux-gnu","Linux 7.0.11-76070011-generic x86_64","Intel(R) Core(TM) Ultra 7 155H","/dev/nvme0n1p3[/tmp] ext4   rw,nosuid,nodev,noatime,errors=remount-ro","/tmp/pigment-db-durability-bench","pigment_db","buffered","key_set","file","ordinary_write","1","32","5","7","38720","100088343","386858.237827","3248","0"
"candidate-protocol-v3-20260807-145653","6d7edc7c29a60a94c59effeeb2b78d8b95038135","default-hasher:f584ad292ec9898a","rustc 1.97.0 (2d8144b78 2026-07-07)","x86_64-unknown-linux-gnu","Linux 7.0.11-76070011-generic x86_64","Intel(R) Core(TM) Ultra 7 155H","/dev/nvme0n1p3[/tmp] ext4   rw,nosuid,nodev,noatime,errors=remount-ro","/tmp/pigment-db-durability-bench","pigment_db","buffered","key_set","file","ordinary_write","1","32","5","8","41024","100113648","409774.299704","2945","0"
"candidate-protocol-v3-20260807-145653","6d7edc7c29a60a94c59effeeb2b78d8b95038135","default-hasher:f584ad292ec9898a","rustc 1.97.0 (2d8144b78 2026-07-07)","x86_64-unknown-linux-gnu","Linux 7.0.11-76070011-generic x86_64","Intel(R) Core(TM) Ultra 7 155H","/dev/nvme0n1p3[/tmp] ext4   rw,nosuid,nodev,noatime,errors=remount-ro","/tmp/pigment-db-durability-bench","pigment_db","buffered","key_set","file","ordinary_write","1","32","5","9","40192","100018788","401844.501455","3079","0"
"candidate-protocol-v3-20260807-145653","6d7edc7c29a60a94c59effeeb2b78d8b95038135","default-hasher:f584ad292ec9898a","rustc 1.97.0 (2d8144b78 2026-07-07)","x86_64-unknown-linux-gnu","Linux 7.0.11-76070011-generic x86_64","Intel(R) Core(TM) Ultra 7 155H","/dev/nvme0n1p3[/tmp] ext4   rw,nosuid,nodev,noatime,errors=remount-ro","/tmp/pigment-db-durability-bench","pigment_db","buffered","key_set","file","ordinary_write","1","32","5","10","36032","100077661","360040.389033","3302","0"
"candidate-protocol-v3-20260807-145653","6d7edc7c29a60a94c59effeeb2b78d8b95038135","default-hasher:f584ad292ec9898a","rustc 1.97.0 (2d8144b78 2026-07-07)","x86_64-unknown-linux-gnu","Linux 7.0.11-76070011-generic x86_64","Intel(R) Core(TM) Ultra 7 155H","/dev/nvme0n1p3[/tmp] ext4   rw,nosuid,nodev,noatime,errors=remount-ro","/tmp/pigment-db-durability-bench","pigment_db","buffered","key_set","file","ordinary_write","8","32","5","0","17920","101297354","176904.916983","135503","0"
"candidate-protocol-v3-20260807-145653","6d7edc7c29a60a94c59effeeb2b78d8b95038135","default-hasher:f584ad292ec9898a","rustc 1.97.0 (2d8144b78 2026-07-07)","x86_64-unknown-linux-gnu","Linux 7.0.11-76070011-generic x86_64","Intel(R) Core(TM) Ultra 7 155H","/dev/nvme0n1p3[/tmp] ext4   rw,nosuid,nodev,noatime,errors=remount-ro","/tmp/pigment-db-durability-bench","pigment_db","buffered","key_set","file","ordinary_write","8","32","5","1","17920","102171082","175392.093822","131510","0"
"candidate-protocol-v3-20260807-145653","6d7edc7c29a60a94c59effeeb2b78d8b95038135","default-hasher:f584ad292ec9898a","rustc 1.97.0 (2d8144b78 2026-07-07)","x86_64-unknown-linux-gnu","Linux 7.0.11-76070011-generic x86_64","Intel(R) Core(TM) Ultra 7 155H","/dev/nvme0n1p3[/tmp] ext4   rw,nosuid,nodev,noatime,errors=remount-ro","/tmp/pigment-db-durability-bench","pigment_db","buffered","key_set","file","ordinary_write","8","32","5","2","16896","101658901","166202.859108","151703","0"
"candidate-protocol-v3-20260807-145653","6d7edc7c29a60a94c59effeeb2b78d8b95038135","default-hasher:f584ad292ec9898a","rustc 1.97.0 (2d8144b78 2026-07-07)","x86_64-unknown-linux-gnu","Linux 7.0.11-76070011-generic x86_64","Intel(R) Core(TM) Ultra 7 155H","/dev/nvme0n1p3[/tmp] ext4   rw,nosuid,nodev,noatime,errors=remount-ro","/tmp/pigment-db-durability-bench","pigment_db","buffered","key_set","file","ordinary_write","8","32","5","3","16896","102325307","165120.442785","139033","0"
"candidate-protocol-v3-20260807-145653","6d7edc7c29a60a94c59effeeb2b78d8b95038135","default-hasher:f584ad292ec9898a","rustc 1.97.0 (2d8144b78 2026-07-07)","x86_64-unknown-linux-gnu","Linux 7.0.11-76070011-generic x86_64","Intel(R) Core(TM) Ultra 7 155H","/dev/nvme0n1p3[/tmp] ext4   rw,nosuid,nodev,noatime,errors=remount-ro","/tmp/pigment-db-durability-bench","pigment_db","buffered","key_set","file","ordinary_write","8","32","5","4","17408","100949650","172442.400741","144554","0"
"candidate-protocol-v3-20260807-145653","6d7edc7c29a60a94c59effeeb2b78d8b95038135","default-hasher:f584ad292ec9898a","rustc 1.97.0 (2d8144b78 2026-07-07)","x86_64-unknown-linux-gnu","Linux 7.0.11-76070011-generic x86_64","Intel(R) Core(TM) Ultra 7 155H","/dev/nvme0n1p3[/tmp] ext4   rw,nosuid,nodev,noatime,errors=remount-ro","/tmp/pigment-db-durability-bench","pigment_db","buffered","key_set","file","ordinary_write","8","32","5","5","17408","100102529","173901.700326","149050","0"
"candidate-protocol-v3-20260807-145653","6d7edc7c29a60a94c59effeeb2b78d8b95038135","default-hasher:f584ad292ec9898a","rustc 1.97.0 (2d8144b78 2026-07-07)","x86_64-unknown-linux-gnu","Linux 7.0.11-76070011-generic x86_64","Intel(R) Core(TM) Ultra 7 155H","/dev/nvme0n1p3[/tmp] ext4   rw,nosuid,nodev,noatime,errors=remount-ro","/tmp/pigment-db-durability-bench","pigment_db","buffered","key_set","file","ordinary_write","8","32","5","6","17920","101497683","176555.754480","132316","0"
"candidate-protocol-v3-20260807-145653","6d7edc7c29a60a94c59effeeb2b78d8b95038135","default-hasher:f584ad292ec9898a","rustc 1.97.0 (2d8144b78 2026-07-07)","x86_64-unknown-linux-gnu","Linux 7.0.11-76070011-generic x86_64","Intel(R) Core(TM) Ultra 7 155H","/dev/nvme0n1p3[/tmp] ext4   rw,nosuid,nodev,noatime,errors=remount-ro","/tmp/pigment-db-durability-bench","pigment_db","buffered","key_set","file","ordinary_write","8","32","5","7","18432","101727053","181190.739891","138819","0"
"candidate-protocol-v3-20260807-145653","6d7edc7c29a60a94c59effeeb2b78d8b95038135","default-hasher:f584ad292ec9898a","rustc 1.97.0 (2d8144b78 2026-07-07)","x86_64-unknown-linux-gnu","Linux 7.0.11-76070011-generic x86_64","Intel(R) Core(TM) Ultra 7 155H","/dev/nvme0n1p3[/tmp] ext4   rw,nosuid,nodev,noatime,errors=remount-ro","/tmp/pigment-db-durability-bench","pigment_db","buffered","key_set","file","ordinary_write","8","32","5","8","18944","101050658","187470.328001","113553","0"
"candidate-protocol-v3-20260807-145653","6d7edc7c29a60a94c59effeeb2b78d8b95038135","default-hasher:f584ad292ec9898a","rustc 1.97.0 (2d8144b78 2026-07-07)","x86_64-unknown-linux-gnu","Linux 7.0.11-76070011-generic x86_64","Intel(R) Core(TM) Ultra 7 155H","/dev/nvme0n1p3[/tmp] ext4   rw,nosuid,nodev,noatime,errors=remount-ro","/tmp/pigment-db-durability-bench","pigment_db","buffered","key_set","file","ordinary_write","8","32","5","9","18944","102519054","184785.161986","128302","0"
"candidate-protocol-v3-20260807-145653","6d7edc7c29a60a94c59effeeb2b78d8b95038135","default-hasher:f584ad292ec9898a","rustc 1.97.0 (2d8144b78 2026-07-07)","x86_64-unknown-linux-gnu","Linux 7.0.11-76070011-generic x86_64","Intel(R) Core(TM) Ultra 7 155H","/dev/nvme0n1p3[/tmp] ext4   rw,nosuid,nodev,noatime,errors=remount-ro","/tmp/pigment-db-durability-bench","pigment_db","buffered","key_set","file","ordinary_write","8","32","5","10","18432","102959169","179022.423928","140491","0"
"candidate-protocol-v3-20260807-145653","6d7edc7c29a60a94c59effeeb2b78d8b95038135","default-hasher:f584ad292ec9898a","rustc 1.97.0 (2d8144b78 2026-07-07)","x86_64-unknown-linux-gnu","Linux 7.0.11-76070011-generic x86_64","Intel(R) Core(TM) Ultra 7 155H","/dev/nvme0n1p3[/tmp] ext4   rw,nosuid,nodev,noatime,errors=remount-ro","/tmp/pigment-db-durability-bench","pigment_db","buffered","key_set","file","successful_remove","1","32","5","0","38464","100093754","384279.722389","3480","0"
"candidate-protocol-v3-20260807-145653","6d7edc7c29a60a94c59effeeb2b78d8b95038135","default-hasher:f584ad292ec9898a","rustc 1.97.0 (2d8144b78 2026-07-07)","x86_64-unknown-linux-gnu","Linux 7.0.11-76070011-generic x86_64","Intel(R) Core(TM) Ultra 7 155H","/dev/nvme0n1p3[/tmp] ext4   rw,nosuid,nodev,noatime,errors=remount-ro","/tmp/pigment-db-durability-bench","pigment_db","buffered","key_set","file","successful_remove","1","32","5","1","41728","100038813","417118.103950","3071","0"
"candidate-protocol-v3-20260807-145653","6d7edc7c29a60a94c59effeeb2b78d8b95038135","default-hasher:f584ad292ec9898a","rustc 1.97.0 (2d8144b78 2026-07-07)","x86_64-unknown-linux-gnu","Linux 7.0.11-76070011-generic x86_64","Intel(R) Core(TM) Ultra 7 155H","/dev/nvme0n1p3[/tmp] ext4   rw,nosuid,nodev,noatime,errors=remount-ro","/tmp/pigment-db-durability-bench","pigment_db","buffered","key_set","file","successful_remove","1","32","5","2","41088","100034784","410737.129197","3155","0"
"candidate-protocol-v3-20260807-145653","6d7edc7c29a60a94c59effeeb2b78d8b95038135","default-hasher:f584ad292ec9898a","rustc 1.97.0 (2d8144b78 2026-07-07)","x86_64-unknown-linux-gnu","Linux 7.0.11-76070011-generic x86_64","Intel(R) Core(TM) Ultra 7 155H","/dev/nvme0n1p3[/tmp] ext4   rw,nosuid,nodev,noatime,errors=remount-ro","/tmp/pigment-db-durability-bench","pigment_db","buffered","key_set","file","successful_remove","1","32","5","3","38784","100063619","387593.416944","3331","0"
"candidate-protocol-v3-20260807-145653","6d7edc7c29a60a94c59effeeb2b78d8b95038135","default-hasher:f584ad292ec9898a","rustc 1.97.0 (2d8144b78 2026-07-07)","x86_64-unknown-linux-gnu","Linux 7.0.11-76070011-generic x86_64","Intel(R) Core(TM) Ultra 7 155H","/dev/nvme0n1p3[/tmp] ext4   rw,nosuid,nodev,noatime,errors=remount-ro","/tmp/pigment-db-durability-bench","pigment_db","buffered","key_set","file","successful_remove","1","32","5","4","40704","100016056","406974.656149","3014","0"
"candidate-protocol-v3-20260807-145653","6d7edc7c29a60a94c59effeeb2b78d8b95038135","default-hasher:f584ad292ec9898a","rustc 1.97.0 (2d8144b78 2026-07-07)","x86_64-unknown-linux-gnu","Linux 7.0.11-76070011-generic x86_64","Intel(R) Core(TM) Ultra 7 155H","/dev/nvme0n1p3[/tmp] ext4   rw,nosuid,nodev,noatime,errors=remount-ro","/tmp/pigment-db-durability-bench","pigment_db","buffered","key_set","file","successful_remove","1","32","5","5","40704","100103557","406618.917647","3148","0"
"candidate-protocol-v3-20260807-145653","6d7edc7c29a60a94c59effeeb2b78d8b95038135","default-hasher:f584ad292ec9898a","rustc 1.97.0 (2d8144b78 2026-07-07)","x86_64-unknown-linux-gnu","Linux 7.0.11-76070011-generic x86_64","Intel(R) Core(TM) Ultra 7 155H","/dev/nvme0n1p3[/tmp] ext4   rw,nosuid,nodev,noatime,errors=remount-ro","/tmp/pigment-db-durability-bench","pigment_db","buffered","key_set","file","successful_remove","1","32","5","6","42048","100064848","420207.503838","2962","0"
"candidate-protocol-v3-20260807-145653","6d7edc7c29a60a94c59effeeb2b78d8b95038135","default-hasher:f584ad292ec9898a","rustc 1.97.0 (2d8144b78 2026-07-07)","x86_64-unknown-linux-gnu","Linux 7.0.11-76070011-generic x86_64","Intel(R) Core(TM) Ultra 7 155H","/dev/nvme0n1p3[/tmp] ext4   rw,nosuid,nodev,noatime,errors=remount-ro","/tmp/pigment-db-durability-bench","pigment_db","buffered","key_set","file","successful_remove","1","32","5","7","42944","100112194","428958.734038","2799","0"
"candidate-protocol-v3-20260807-145653","6d7edc7c29a60a94c59effeeb2b78d8b95038135","default-hasher:f584ad292ec9898a","rustc 1.97.0 (2d8144b78 2026-07-07)","x86_64-unknown-linux-gnu","Linux 7.0.11-76070011-generic x86_64","Intel(R) Core(TM) Ultra 7 155H","/dev/nvme0n1p3[/tmp] ext4   rw,nosuid,nodev,noatime,errors=remount-ro","/tmp/pigment-db-durability-bench","pigment_db","buffered","key_set","file","successful_remove","1","32","5","8","40000","100099791","399601.233933","3242","0"
"candidate-protocol-v3-20260807-145653","6d7edc7c29a60a94c59effeeb2b78d8b95038135","default-hasher:f584ad292ec9898a","rustc 1.97.0 (2d8144b78 2026-07-07)","x86_64-unknown-linux-gnu","Linux 7.0.11-76070011-generic x86_64","Intel(R) Core(TM) Ultra 7 155H","/dev/nvme0n1p3[/tmp] ext4   rw,nosuid,nodev,noatime,errors=remount-ro","/tmp/pigment-db-durability-bench","pigment_db","buffered","key_set","file","successful_remove","1","32","5","9","39680","100087703","396452.299440","3244","0"
"candidate-protocol-v3-20260807-145653","6d7edc7c29a60a94c59effeeb2b78d8b95038135","default-hasher:f584ad292ec9898a","rustc 1.97.0 (2d8144b78 2026-07-07)","x86_64-unknown-linux-gnu","Linux 7.0.11-76070011-generic x86_64","Intel(R) Core(TM) Ultra 7 155H","/dev/nvme0n1p3[/tmp] ext4   rw,nosuid,nodev,noatime,errors=remount-ro","/tmp/pigment-db-durability-bench","pigment_db","buffered","key_set","file","successful_remove","1","32","5","10","39168","100058515","391450.942481","3451","0"
"candidate-protocol-v3-20260807-145653","6d7edc7c29a60a94c59effeeb2b78d8b95038135","default-hasher:f584ad292ec9898a","rustc 1.97.0 (2d8144b78 2026-07-07)","x86_64-unknown-linux-gnu","Linux 7.0.11-76070011-generic x86_64","Intel(R) Core(TM) Ultra 7 155H","/dev/nvme0n1p3[/tmp] ext4   rw,nosuid,nodev,noatime,errors=remount-ro","/tmp/pigment-db-durability-bench","pigment_db","buffered","key_set","file","successful_remove","8","32","5","0","18944","102661058","184529.561345","137769","0"
"candidate-protocol-v3-20260807-145653","6d7edc7c29a60a94c59effeeb2b78d8b95038135","default-hasher:f584ad292ec9898a","rustc 1.97.0 (2d8144b78 2026-07-07)","x86_64-unknown-linux-gnu","Linux 7.0.11-76070011-generic x86_64","Intel(R) Core(TM) Ultra 7 155H","/dev/nvme0n1p3[/tmp] ext4   rw,nosuid,nodev,noatime,errors=remount-ro","/tmp/pigment-db-durability-bench","pigment_db","buffered","key_set","file","successful_remove","8","32","5","1","17920","100021322","179161.799121","126269","0"
"candidate-protocol-v3-20260807-145653","6d7edc7c29a60a94c59effeeb2b78d8b95038135","default-hasher:f584ad292ec9898a","rustc 1.97.0 (2d8144b78 2026-07-07)","x86_64-unknown-linux-gnu","Linux 7.0.11-76070011-generic x86_64","Intel(R) Core(TM) Ultra 7 155H","/dev/nvme0n1p3[/tmp] ext4   rw,nosuid,nodev,noatime,errors=remount-ro","/tmp/pigment-db-durability-bench","pigment_db","buffered","key_set","file","successful_remove","8","32","5","2","18944","102576360","184681.928663","132158","0"
"candidate-protocol-v3-20260807-145653","6d7edc7c29a60a94c59effeeb2b78d8b95038135","default-hasher:f584ad292ec9898a","rustc 1.97.0 (2d8144b78 2026-07-07)","x86_64-unknown-linux-gnu","Linux 7.0.11-76070011-generic x86_64","Intel(R) Core(TM) Ultra 7 155H","/dev/nvme0n1p3[/tmp] ext4   rw,nosuid,nodev,noatime,errors=remount-ro","/tmp/pigment-db-durability-bench","pigment_db","buffered","key_set","file","successful_remove","8","32","5","3","18944","101547242","186553.564892","122706","0"
"candidate-protocol-v3-20260807-145653","6d7edc7c29a60a94c59effeeb2b78d8b95038135","default-hasher:f584ad292ec9898a","rustc 1.97.0 (2d8144b78 2026-07-07)","x86_64-unknown-linux-gnu","Linux 7.0.11-76070011-generic x86_64","Intel(R) Core(TM) Ultra 7 155H","/dev/nvme0n1p3[/tmp] ext4   rw,nosuid,nodev,noatime,errors=remount-ro","/tmp/pigment-db-durability-bench","pigment_db","buffered","key_set","file","successful_remove","8","32","5","4","18944","101698423","186276.241471","138463","0"
"candidate-protocol-v3-20260807-145653","6d7edc7c29a60a94c59effeeb2b78d8b95038135","default-hasher:f584ad292ec9898a","rustc 1.97.0 (2d8144b78 2026-07-07)","x86_64-unknown-linux-gnu","Linux 7.0.11-76070011-generic x86_64","Intel(R) Core(TM) Ultra 7 155H","/dev/nvme0n1p3[/tmp] ext4   rw,nosuid,nodev,noatime,errors=remount-ro","/tmp/pigment-db-durability-bench","pigment_db","buffered","key_set","file","successful_remove","8","32","5","5","18432","100059333","184210.702264","122204","0"
"candidate-protocol-v3-20260807-145653","6d7edc7c29a60a94c59effeeb2b78d8b95038135","default-hasher:f584ad292ec9898a","rustc 1.97.0 (2d8144b78 2026-07-07)","x86_64-unknown-linux-gnu","Linux 7.0.11-76070011-generic x86_64","Intel(R) Core(TM) Ultra 7 155H","/dev/nvme0n1p3[/tmp] ext4   rw,nosuid,nodev,noatime,errors=remount-ro","/tmp/pigment-db-durability-bench","pigment_db","buffered","key_set","file","successful_remove","8","32","5","6","18432","100189206","183971.914100","126711","0"
"candidate-protocol-v3-20260807-145653","6d7edc7c29a60a94c59effeeb2b78d8b95038135","default-hasher:f584ad292ec9898a","rustc 1.97.0 (2d8144b78 2026-07-07)","x86_64-unknown-linux-gnu","Linux 7.0.11-76070011-generic x86_64","Intel(R) Core(TM) Ultra 7 155H","/dev/nvme0n1p3[/tmp] ext4   rw,nosuid,nodev,noatime,errors=remount-ro","/tmp/pigment-db-durability-bench","pigment_db","buffered","key_set","file","successful_remove","8","32","5","7","18944","100409719","188666.995473","133026","0"
"candidate-protocol-v3-20260807-145653","6d7edc7c29a60a94c59effeeb2b78d8b95038135","default-hasher:f584ad292ec9898a","rustc 1.97.0 (2d8144b78 2026-07-07)","x86_64-unknown-linux-gnu","Linux 7.0.11-76070011-generic x86_64","Intel(R) Core(TM) Ultra 7 155H","/dev/nvme0n1p3[/tmp] ext4   rw,nosuid,nodev,noatime,errors=remount-ro","/tmp/pigment-db-durability-bench","pigment_db","buffered","key_set","file","successful_remove","8","32","5","8","18944","100160352","189136.715494","125266","0"
"candidate-protocol-v3-20260807-145653","6d7edc7c29a60a94c59effeeb2b78d8b95038135","default-hasher:f584ad292ec9898a","rustc 1.97.0 (2d8144b78 2026-07-07)","x86_64-unknown-linux-gnu","Linux 7.0.11-76070011-generic x86_64","Intel(R) Core(TM) Ultra 7 155H","/dev/nvme0n1p3[/tmp] ext4   rw,nosuid,nodev,noatime,errors=remount-ro","/tmp/pigment-db-durability-bench","pigment_db","buffered","key_set","file","successful_remove","8","32","5","9","18944","101101942","187375.233603","128583","0"
"candidate-protocol-v3-20260807-145653","6d7edc7c29a60a94c59effeeb2b78d8b95038135","default-hasher:f584ad292ec9898a","rustc 1.97.0 (2d8144b78 2026-07-07)","x86_64-unknown-linux-gnu","Linux 7.0.11-76070011-generic x86_64","Intel(R) Core(TM) Ultra 7 155H","/dev/nvme0n1p3[/tmp] ext4   rw,nosuid,nodev,noatime,errors=remount-ro","/tmp/pigment-db-durability-bench","pigment_db","buffered","key_set","file","successful_remove","8","32","5","10","18432","102061750","180596.550618","123550","0"
"candidate-protocol-v3-20260807-145653","6d7edc7c29a60a94c59effeeb2b78d8b95038135","default-hasher:f584ad292ec9898a","rustc 1.97.0 (2d8144b78 2026-07-07)","x86_64-unknown-linux-gnu","Linux 7.0.11-76070011-generic x86_64","Intel(R) Core(TM) Ultra 7 155H","/dev/nvme0n1p3[/tmp] ext4   rw,nosuid,nodev,noatime,errors=remount-ro","/tmp/pigment-db-durability-bench","pigment_db","buffered","key_set","file","minimal_callback","1","32","5","0","33920","100005399","339181.687581","3780","0"
"candidate-protocol-v3-20260807-145653","6d7edc7c29a60a94c59effeeb2b78d8b95038135","default-hasher:f584ad292ec9898a","rustc 1.97.0 (2d8144b78 2026-07-07)","x86_64-unknown-linux-gnu","Linux 7.0.11-76070011-generic x86_64","Intel(R) Core(TM) Ultra 7 155H","/dev/nvme0n1p3[/tmp] ext4   rw,nosuid,nodev,noatime,errors=remount-ro","/tmp/pigment-db-durability-bench","pigment_db","buffered","key_set","file","minimal_callback","1","32","5","1","30976","100018962","309701.274444","4167","0"
"candidate-protocol-v3-20260807-145653","6d7edc7c29a60a94c59effeeb2b78d8b95038135","default-hasher:f584ad292ec9898a","rustc 1.97.0 (2d8144b78 2026-07-07)","x86_64-unknown-linux-gnu","Linux 7.0.11-76070011-generic x86_64","Intel(R) Core(TM) Ultra 7 155H","/dev/nvme0n1p3[/tmp] ext4   rw,nosuid,nodev,noatime,errors=remount-ro","/tmp/pigment-db-durability-bench","pigment_db","buffered","key_set","file","minimal_callback","1","32","5","2","33408","100140587","333610.986323","4009","0"
"candidate-protocol-v3-20260807-145653","6d7edc7c29a60a94c59effeeb2b78d8b95038135","default-hasher:f584ad292ec9898a","rustc 1.97.0 (2d8144b78 2026-07-07)","x86_64-unknown-linux-gnu","Linux 7.0.11-76070011-generic x86_64","Intel(R) Core(TM) Ultra 7 155H","/dev/nvme0n1p3[/tmp] ext4   rw,nosuid,nodev,noatime,errors=remount-ro","/tmp/pigment-db-durability-bench","pigment_db","buffered","key_set","file","minimal_callback","1","32","5","3","35200","100104389","351632.933897","3550","0"
"candidate-protocol-v3-20260807-145653","6d7edc7c29a60a94c59effeeb2b78d8b95038135","default-hasher:f584ad292ec9898a","rustc 1.97.0 (2d8144b78 2026-07-07)","x86_64-unknown-linux-gnu","Linux 7.0.11-76070011-generic x86_64","Intel(R) Core(TM) Ultra 7 155H","/dev/nvme0n1p3[/tmp] ext4   rw,nosuid,nodev,noatime,errors=remount-ro","/tmp/pigment-db-durability-bench","pigment_db","buffered","key_set","file","minimal_callback","1","32","5","4","35840","100026828","358303.874237","3411","0"
"candidate-protocol-v3-20260807-145653","6d7edc7c29a60a94c59effeeb2b78d8b95038135","default-hasher:f584ad292ec9898a","rustc 1.97.0 (2d8144b78 2026-07-07)","x86_64-unknown-linux-gnu","Linux 7.0.11-76070011-generic x86_64","Intel(R) Core(TM) Ultra 7 155H","/dev/nvme0n1p3[/tmp] ext4   rw,nosuid,nodev,noatime,errors=remount-ro","/tmp/pigment-db-durability-bench","pigment_db","buffered","key_set","file","minimal_callback","1","32","5","5","33408","100118205","333685.566976","4162","0"
"candidate-protocol-v3-20260807-145653","6d7edc7c29a60a94c59effeeb2b78d8b95038135","default-hasher:f584ad292ec9898a","rustc 1.97.0 (2d8144b78 2026-07-07)","x86_64-unknown-linux-gnu","Linux 7.0.11-76070011-generic x86_64","Intel(R) Core(TM) Ultra 7 155H","/dev/nvme0n1p3[/tmp] ext4   rw,nosuid,nodev,noatime,errors=remount-ro","/tmp/pigment-db-durability-bench","pigment_db","buffered","key_set","file","minimal_callback","1","32","5","6","32832","100083071","328047.487672","3981","0"
"candidate-protocol-v3-20260807-145653","6d7edc7c29a60a94c59effeeb2b78d8b95038135","default-hasher:f584ad292ec9898a","rustc 1.97.0 (2d8144b78 2026-07-07)","x86_64-unknown-linux-gnu","Linux 7.0.11-76070011-generic x86_64","Intel(R) Core(TM) Ultra 7 155H","/dev/nvme0n1p3[/tmp] ext4   rw,nosuid,nodev,noatime,errors=remount-ro","/tmp/pigment-db-durability-bench","pigment_db","buffered","key_set","file","minimal_callback","1","32","5","7","33216","100154116","331648.876018","4198","0"
"candidate-protocol-v3-20260807-145653","6d7edc7c29a60a94c59effeeb2b78d8b95038135","default-hasher:f584ad292ec9898a","rustc 1.97.0 (2d8144b78 2026-07-07)","x86_64-unknown-linux-gnu","Linux 7.0.11-76070011-generic x86_64","Intel(R) Core(TM) Ultra 7 155H","/dev/nvme0n1p3[/tmp] ext4   rw,nosuid,nodev,noatime,errors=remount-ro","/tmp/pigment-db-durability-bench","pigment_db","buffered","key_set","file","minimal_callback","1","32","5","8","34368","100161341","343126.396441","4045","0"
"candidate-protocol-v3-20260807-145653","6d7edc7c29a60a94c59effeeb2b78d8b95038135","default-hasher:f584ad292ec9898a","rustc 1.97.0 (2d8144b78 2026-07-07)","x86_64-unknown-linux-gnu","Linux 7.0.11-76070011-generic x86_64","Intel(R) Core(TM) Ultra 7 155H","/dev/nvme0n1p3[/tmp] ext4   rw,nosuid,nodev,noatime,errors=remount-ro","/tmp/pigment-db-durability-bench","pigment_db","buffered","key_set","file","minimal_callback","1","32","5","9","33664","100164169","336088.247285","4362","0"
"candidate-protocol-v3-20260807-145653","6d7edc7c29a60a94c59effeeb2b78d8b95038135","default-hasher:f584ad292ec9898a","rustc 1.97.0 (2d8144b78 2026-07-07)","x86_64-unknown-linux-gnu","Linux 7.0.11-76070011-generic x86_64","Intel(R) Core(TM) Ultra 7 155H","/dev/nvme0n1p3[/tmp] ext4   rw,nosuid,nodev,noatime,errors=remount-ro","/tmp/pigment-db-durability-bench","pigment_db","buffered","key_set","file","minimal_callback","1","32","5","10","33088","100117312","330492.292881","4087","0"
"candidate-protocol-v3-20260807-145653","6d7edc7c29a60a94c59effeeb2b78d8b95038135","default-hasher:f584ad292ec9898a","rustc 1.97.0 (2d8144b78 2026-07-07)","x86_64-unknown-linux-gnu","Linux 7.0.11-76070011-generic x86_64","Intel(R) Core(TM) Ultra 7 155H","/dev/nvme0n1p3[/tmp] ext4   rw,nosuid,nodev,noatime,errors=remount-ro","/tmp/pigment-db-durability-bench","pigment_db","buffered","key_set","file","minimal_callback","8","32","5","0","15360","103207735","148826.054559","130265","0"
"candidate-protocol-v3-20260807-145653","6d7edc7c29a60a94c59effeeb2b78d8b95038135","default-hasher:f584ad292ec9898a","rustc 1.97.0 (2d8144b78 2026-07-07)","x86_64-unknown-linux-gnu","Linux 7.0.11-76070011-generic x86_64","Intel(R) Core(TM) Ultra 7 155H","/dev/nvme0n1p3[/tmp] ext4   rw,nosuid,nodev,noatime,errors=remount-ro","/tmp/pigment-db-durability-bench","pigment_db","buffered","key_set","file","minimal_callback","8","32","5","1","14848","102923446","144262.561905","142042","0"
"candidate-protocol-v3-20260807-145653","6d7edc7c29a60a94c59effeeb2b78d8b95038135","default-hasher:f584ad292ec9898a","rustc 1.97.0 (2d8144b78 2026-07-07)","x86_64-unknown-linux-gnu","Linux 7.0.11-76070011-generic x86_64","Intel(R) Core(TM) Ultra 7 155H","/dev/nvme0n1p3[/tmp] ext4   rw,nosuid,nodev,noatime,errors=remount-ro","/tmp/pigment-db-durability-bench","pigment_db","buffered","key_set","file","minimal_callback","8","32","5","2","14848","101660587","146054.635707","133051","0"
"candidate-protocol-v3-20260807-145653","6d7edc7c29a60a94c59effeeb2b78d8b95038135","default-hasher:f584ad292ec9898a","rustc 1.97.0 (2d8144b78 2026-07-07)","x86_64-unknown-linux-gnu","Linux 7.0.11-76070011-generic x86_64","Intel(R) Core(TM) Ultra 7 155H","/dev/nvme0n1p3[/tmp] ext4   rw,nosuid,nodev,noatime,errors=remount-ro","/tmp/pigment-db-durability-bench","pigment_db","buffered","key_set","file","minimal_callback","8","32","5","3","14336","101197982","141662.903910","157647","0"
"candidate-protocol-v3-20260807-145653","6d7edc7c29a60a94c59effeeb2b78d8b95038135","default-hasher:f584ad292ec9898a","rustc 1.97.0 (2d8144b78 2026-07-07)","x86_64-unknown-linux-gnu","Linux 7.0.11-76070011-generic x86_64","Intel(R) Core(TM) Ultra 7 155H","/dev/nvme0n1p3[/tmp] ext4   rw,nosuid,nodev,noatime,errors=remount-ro","/tmp/pigment-db-durability-bench","pigment_db","buffered","key_set","file","minimal_callback","8","32","5","4","15360","103721822","148088.412870","145515","0"
"candidate-protocol-v3-20260807-145653","6d7edc7c29a60a94c59effeeb2b78d8b95038135","default-hasher:f584ad292ec9898a","rustc 1.97.0 (2d8144b78 2026-07-07)","x86_64-unknown-linux-gnu","Linux 7.0.11-76070011-generic x86_64","Intel(R) Core(TM) Ultra 7 155H","/dev/nvme0n1p3[/tmp] ext4   rw,nosuid,nodev,noatime,errors=remount-ro","/tmp/pigment-db-durability-bench","pigment_db","buffered","key_set","file","minimal_callback","8","32","5","5","14848","102434927","144950.559686","147253","0"
"candidate-protocol-v3-20260807-145653","6d7edc7c29a60a94c59effeeb2b78d8b95038135","default-hasher:f584ad292ec9898a","rustc 1.97.0 (2d8144b78 2026-07-07)","x86_64-unknown-linux-gnu","Linux 7.0.11-76070011-generic x86_64","Intel(R) Core(TM) Ultra 7 155H","/dev/nvme0n1p3[/tmp] ext4   rw,nosuid,nodev,noatime,errors=remount-ro","/tmp/pigment-db-durability-bench","pigment_db","buffered","key_set","file","minimal_callback","8","32","5","6","14848","101016358","146986.095064","141101","0"
"candidate-protocol-v3-20260807-145653","6d7edc7c29a60a94c59effeeb2b78d8b95038135","default-hasher:f584ad292ec9898a","rustc 1.97.0 (2d8144b78 2026-07-07)","x86_64-unknown-linux-gnu","Linux 7.0.11-76070011-generic x86_64","Intel(R) Core(TM) Ultra 7 155H","/dev/nvme0n1p3[/tmp] ext4   rw,nosuid,nodev,noatime,errors=remount-ro","/tmp/pigment-db-durability-bench","pigment_db","buffered","key_set","file","minimal_callback","8","32","5","7","13312","101773524","130800.226589","165642","0"
"candidate-protocol-v3-20260807-145653","6d7edc7c29a60a94c59effeeb2b78d8b95038135","default-hasher:f584ad292ec9898a","rustc 1.97.0 (2d8144b78 2026-07-07)","x86_64-unknown-linux-gnu","Linux 7.0.11-76070011-generic x86_64","Intel(R) Core(TM) Ultra 7 155H","/dev/nvme0n1p3[/tmp] ext4   rw,nosuid,nodev,noatime,errors=remount-ro","/tmp/pigment-db-durability-bench","pigment_db","buffered","key_set","file","minimal_callback","8","32","5","8","14848","101434261","146380.521272","150322","0"
"candidate-protocol-v3-20260807-145653","6d7edc7c29a60a94c59effeeb2b78d8b95038135","default-hasher:f584ad292ec9898a","rustc 1.97.0 (2d8144b78 2026-07-07)","x86_64-unknown-linux-gnu","Linux 7.0.11-76070011-generic x86_64","Intel(R) Core(TM) Ultra 7 155H","/dev/nvme0n1p3[/tmp] ext4   rw,nosuid,nodev,noatime,errors=remount-ro","/tmp/pigment-db-durability-bench","pigment_db","buffered","key_set","file","minimal_callback","8","32","5","9","14848","101534464","146236.060300","149232","0"
"candidate-protocol-v3-20260807-145653","6d7edc7c29a60a94c59effeeb2b78d8b95038135","default-hasher:f584ad292ec9898a","rustc 1.97.0 (2d8144b78 2026-07-07)","x86_64-unknown-linux-gnu","Linux 7.0.11-76070011-generic x86_64","Intel(R) Core(TM) Ultra 7 155H","/dev/nvme0n1p3[/tmp] ext4   rw,nosuid,nodev,noatime,errors=remount-ro","/tmp/pigment-db-durability-bench","pigment_db","buffered","key_set","file","minimal_callback","8","32","5","10","14848","102441100","144941.825107","134062","0"
"candidate-protocol-v3-20260807-145653","6d7edc7c29a60a94c59effeeb2b78d8b95038135","default-hasher:f584ad292ec9898a","rustc 1.97.0 (2d8144b78 2026-07-07)","x86_64-unknown-linux-gnu","Linux 7.0.11-76070011-generic x86_64","Intel(R) Core(TM) Ultra 7 155H","/dev/nvme0n1p3[/tmp] ext4   rw,nosuid,nodev,noatime,errors=remount-ro","/tmp/pigment-db-durability-bench","pigment_db","buffered","key_map","vector","ordinary_write","1","32","5","0","164672","100009115","1646569.915152","638","0"
"candidate-protocol-v3-20260807-145653","6d7edc7c29a60a94c59effeeb2b78d8b95038135","default-hasher:f584ad292ec9898a","rustc 1.97.0 (2d8144b78 2026-07-07)","x86_64-unknown-linux-gnu","Linux 7.0.11-76070011-generic x86_64","Intel(R) Core(TM) Ultra 7 155H","/dev/nvme0n1p3[/tmp] ext4   rw,nosuid,nodev,noatime,errors=remount-ro","/tmp/pigment-db-durability-bench","pigment_db","buffered","key_map","vector","ordinary_write","1","32","5","1","149632","100012779","1496128.809699","665","0"
"candidate-protocol-v3-20260807-145653","6d7edc7c29a60a94c59effeeb2b78d8b95038135","default-hasher:f584ad292ec9898a","rustc 1.97.0 (2d8144b78 2026-07-07)","x86_64-unknown-linux-gnu","Linux 7.0.11-76070011-generic x86_64","Intel(R) Core(TM) Ultra 7 155H","/dev/nvme0n1p3[/tmp] ext4   rw,nosuid,nodev,noatime,errors=remount-ro","/tmp/pigment-db-durability-bench","pigment_db","buffered","key_map","vector","ordinary_write","1","32","5","2","165696","100033648","1656402.653635","627","0"
"candidate-protocol-v3-20260807-145653","6d7edc7c29a60a94c59effeeb2b78d8b95038135","default-hasher:f584ad292ec9898a","rustc 1.97.0 (2d8144b78 2026-07-07)","x86_64-unknown-linux-gnu","Linux 7.0.11-76070011-generic x86_64","Intel(R) Core(TM) Ultra 7 155H","/dev/nvme0n1p3[/tmp] ext4   rw,nosuid,nodev,noatime,errors=remount-ro","/tmp/pigment-db-durability-bench","pigment_db","buffered","key_map","vector","ordinary_write","1","32","5","3","165888","100018996","1658564.939004","630","0"
"candidate-protocol-v3-20260807-145653","6d7edc7c29a60a94c59effeeb2b78d8b95038135","default-hasher:f584ad292ec9898a","rustc 1.97.0 (2d8144b78 2026-07-07)","x86_64-unknown-linux-gnu","Linux 7.0.11-76070011-generic x86_64","Intel(R) Core(TM) Ultra 7 155H","/dev/nvme0n1p3[/tmp] ext4   rw,nosuid,nodev,noatime,errors=remount-ro","/tmp/pigment-db-durability-bench","pigment_db","buffered","key_map","vector","ordinary_write","1","32","5","4","166464","100032398","1664100.864602","620","0"
"candidate-protocol-v3-20260807-145653","6d7edc7c29a60a94c59effeeb2b78d8b95038135","default-hasher:f584ad292ec9898a","rustc 1.97.0 (2d8144b78 2026-07-07)","x86_64-unknown-linux-gnu","Linux 7.0.11-76070011-generic x86_64","Intel(R) Core(TM) Ultra 7 155H","/dev/nvme0n1p3[/tmp] ext4   rw,nosuid,nodev,noatime,errors=remount-ro","/tmp/pigment-db-durability-bench","pigment_db","buffered","key_map","vector","ordinary_write","1","32","5","5","156352","100012438","1563325.553568","661","0"
"candidate-protocol-v3-20260807-145653","6d7edc7c29a60a94c59effeeb2b78d8b95038135","default-hasher:f584ad292ec9898a","rustc 1.97.0 (2d8144b78 2026-07-07)","x86_64-unknown-linux-gnu","Linux 7.0.11-76070011-generic x86_64","Intel(R) Core(TM) Ultra 7 155H","/dev/nvme0n1p3[/tmp] ext4   rw,nosuid,nodev,noatime,errors=remount-ro","/tmp/pigment-db-durability-bench","pigment_db","buffered","key_map","vector","ordinary_write","1","32","5","6","156288","100007516","1562762.542767","709","0"
"candidate-protocol-v3-20260807-145653","6d7edc7c29a60a94c59effeeb2b78d8b95038135","default-hasher:f584ad292ec9898a","rustc 1.97.0 (2d8144b78 2026-07-07)","x86_64-unknown-linux-gnu","Linux 7.0.11-76070011-generic x86_64","Intel(R) Core(TM) Ultra 7 155H","/dev/nvme0n1p3[/tmp] ext4   rw,nosuid,nodev,noatime,errors=remount-ro","/tmp/pigment-db-durability-bench","pigment_db","buffered","key_map","vector","ordinary_write","1","32","5","7","150912","100012150","1508936.664195","816","0"
"candidate-protocol-v3-20260807-145653","6d7edc7c29a60a94c59effeeb2b78d8b95038135","default-hasher:f584ad292ec9898a","rustc 1.97.0 (2d8144b78 2026-07-07)","x86_64-unknown-linux-gnu","Linux 7.0.11-76070011-generic x86_64","Intel(R) Core(TM) Ultra 7 155H","/dev/nvme0n1p3[/tmp] ext4   rw,nosuid,nodev,noatime,errors=remount-ro","/tmp/pigment-db-durability-bench","pigment_db","buffered","key_map","vector","ordinary_write","1","32","5","8","152576","100028518","1525325.007814","818","0"
"candidate-protocol-v3-20260807-145653","6d7edc7c29a60a94c59effeeb2b78d8b95038135","default-hasher:f584ad292ec9898a","rustc 1.97.0 (2d8144b78 2026-07-07)","x86_64-unknown-linux-gnu","Linux 7.0.11-76070011-generic x86_64","Intel(R) Core(TM) Ultra 7 155H","/dev/nvme0n1p3[/tmp] ext4   rw,nosuid,nodev,noatime,errors=remount-ro","/tmp/pigment-db-durability-bench","pigment_db","buffered","key_map","vector","ordinary_write","1","32","5","9","154688","100014295","1546658.905110","701","0"
"candidate-protocol-v3-20260807-145653","6d7edc7c29a60a94c59effeeb2b78d8b95038135","default-hasher:f584ad292ec9898a","rustc 1.97.0 (2d8144b78 2026-07-07)","x86_64-unknown-linux-gnu","Linux 7.0.11-76070011-generic x86_64","Intel(R) Core(TM) Ultra 7 155H","/dev/nvme0n1p3[/tmp] ext4   rw,nosuid,nodev,noatime,errors=remount-ro","/tmp/pigment-db-durability-bench","pigment_db","buffered","key_map","vector","ordinary_write","1","32","5","10","146304","100003670","1462986.308402","895","0"
"candidate-protocol-v3-20260807-145653","6d7edc7c29a60a94c59effeeb2b78d8b95038135","default-hasher:f584ad292ec9898a","rustc 1.97.0 (2d8144b78 2026-07-07)","x86_64-unknown-linux-gnu","Linux 7.0.11-76070011-generic x86_64","Intel(R) Core(TM) Ultra 7 155H","/dev/nvme0n1p3[/tmp] ext4   rw,nosuid,nodev,noatime,errors=remount-ro","/tmp/pigment-db-durability-bench","pigment_db","buffered","key_map","vector","ordinary_write","8","32","5","0","78848","100206122","786858.112322","21163","0"
"candidate-protocol-v3-20260807-145653","6d7edc7c29a60a94c59effeeb2b78d8b95038135","default-hasher:f584ad292ec9898a","rustc 1.97.0 (2d8144b78 2026-07-07)","x86_64-unknown-linux-gnu","Linux 7.0.11-76070011-generic x86_64","Intel(R) Core(TM) Ultra 7 155H","/dev/nvme0n1p3[/tmp] ext4   rw,nosuid,nodev,noatime,errors=remount-ro","/tmp/pigment-db-durability-bench","pigment_db","buffered","key_map","vector","ordinary_write","8","32","5","1","74752","100652590","742673.387739","21345","0"
"candidate-protocol-v3-20260807-145653","6d7edc7c29a60a94c59effeeb2b78d8b95038135","default-hasher:f584ad292ec9898a","rustc 1.97.0 (2d8144b78 2026-07-07)","x86_64-unknown-linux-gnu","Linux 7.0.11-76070011-generic x86_64","Intel(R) Core(TM) Ultra 7 155H","/dev/nvme0n1p3[/tmp] ext4   rw,nosuid,nodev,noatime,errors=remount-ro","/tmp/pigment-db-durability-bench","pigment_db","buffered","key_map","vector","ordinary_write","8","32","5","2","82432","100390503","821113.527043","20494","0"
"candidate-protocol-v3-20260807-145653","6d7edc7c29a60a94c59effeeb2b78d8b95038135","default-hasher:f584ad292ec9898a","rustc 1.97.0 (2d8144b78 2026-07-07)","x86_64-unknown-linux-gnu","Linux 7.0.11-76070011-generic x86_64","Intel(R) Core(TM) Ultra 7 155H","/dev/nvme0n1p3[/tmp] ext4   rw,nosuid,nodev,noatime,errors=remount-ro","/tmp/pigment-db-durability-bench","pigment_db","buffered","key_map","vector","ordinary_write","8","32","5","3","77824","100387199","775238.285112","21735","0"
"candidate-protocol-v3-20260807-145653","6d7edc7c29a60a94c59effeeb2b78d8b95038135","default-hasher:f584ad292ec9898a","rustc 1.97.0 (2d8144b78 2026-07-07)","x86_64-unknown-linux-gnu","Linux 7.0.11-76070011-generic x86_64","Intel(R) Core(TM) Ultra 7 155H","/dev/nvme0n1p3[/tmp] ext4   rw,nosuid,nodev,noatime,errors=remount-ro","/tmp/pigment-db-durability-bench","pigment_db","buffered","key_map","vector","ordinary_write","8","32","5","4","74240","100397839","739458.147102","21342","0"
"candidate-protocol-v3-20260807-145653","6d7edc7c29a60a94c59effeeb2b78d8b95038135","default-hasher:f584ad292ec9898a","rustc 1.97.0 (2d8144b78 2026-07-07)","x86_64-unknown-linux-gnu","Linux 7.0.11-76070011-generic x86_64","Intel(R) Core(TM) Ultra 7 155H","/dev/nvme0n1p3[/tmp] ext4   rw,nosuid,nodev,noatime,errors=remount-ro","/tmp/pigment-db-durability-bench","pigment_db","buffered","key_map","vector","ordinary_write","8","32","5","5","76288","100295176","760634.788656","21260","0"
"candidate-protocol-v3-20260807-145653","6d7edc7c29a60a94c59effeeb2b78d8b95038135","default-hasher:f584ad292ec9898a","rustc 1.97.0 (2d8144b78 2026-07-07)","x86_64-unknown-linux-gnu","Linux 7.0.11-76070011-generic x86_64","Intel(R) Core(TM) Ultra 7 155H","/dev/nvme0n1p3[/tmp] ext4   rw,nosuid,nodev,noatime,errors=remount-ro","/tmp/pigment-db-durability-bench","pigment_db","buffered","key_map","vector","ordinary_write","8","32","5","6","86528","100711641","859165.823740","20476","0"
"candidate-protocol-v3-20260807-145653","6d7edc7c29a60a94c59effeeb2b78d8b95038135","default-hasher:f584ad292ec9898a","rustc 1.97.0 (2d8144b78 2026-07-07)","x86_64-unknown-linux-gnu","Linux 7.0.11-76070011-generic x86_64","Intel(R) Core(TM) Ultra 7 155H","/dev/nvme0n1p3[/tmp] ext4   rw,nosuid,nodev,noatime,errors=remount-ro","/tmp/pigment-db-durability-bench","pigment_db","buffered","key_map","vector","ordinary_write","8","32","5","7","71168","100577375","707594.526105","22166","0"
"candidate-protocol-v3-20260807-145653","6d7edc7c29a60a94c59effeeb2b78d8b95038135","default-hasher:f584ad292ec9898a","rustc 1.97.0 (2d8144b78 2026-07-07)","x86_64-unknown-linux-gnu","Linux 7.0.11-76070011-generic x86_64","Intel(R) Core(TM) Ultra 7 155H","/dev/nvme0n1p3[/tmp] ext4   rw,nosuid,nodev,noatime,errors=remount-ro","/tmp/pigment-db-durability-bench","pigment_db","buffered","key_map","vector","ordinary_write","8","32","5","8","74240","100564515","738232.566428","21274","0"
"candidate-protocol-v3-20260807-145653","6d7edc7c29a60a94c59effeeb2b78d8b95038135","default-hasher:f584ad292ec9898a","rustc 1.97.0 (2d8144b78 2026-07-07)","x86_64-unknown-linux-gnu","Linux 7.0.11-76070011-generic x86_64","Intel(R) Core(TM) Ultra 7 155H","/dev/nvme0n1p3[/tmp] ext4   rw,nosuid,nodev,noatime,errors=remount-ro","/tmp/pigment-db-durability-bench","pigment_db","buffered","key_map","vector","ordinary_write","8","32","5","9","76800","100197921","766482.969242","20951","0"
"candidate-protocol-v3-20260807-145653","6d7edc7c29a60a94c59effeeb2b78d8b95038135","default-hasher:f584ad292ec9898a","rustc 1.97.0 (2d8144b78 2026-07-07)","x86_64-unknown-linux-gnu","Linux 7.0.11-76070011-generic x86_64","Intel(R) Core(TM) Ultra 7 155H","/dev/nvme0n1p3[/tmp] ext4   rw,nosuid,nodev,noatime,errors=remount-ro","/tmp/pigment-db-durability-bench","pigment_db","buffered","key_map","vector","ordinary_write","8","32","5","10","75264","100053518","752237.417579","21611","0"
"candidate-protocol-v3-20260807-145653","6d7edc7c29a60a94c59effeeb2b78d8b95038135","default-hasher:f584ad292ec9898a","rustc 1.97.0 (2d8144b78 2026-07-07)","x86_64-unknown-linux-gnu","Linux 7.0.11-76070011-generic x86_64","Intel(R) Core(TM) Ultra 7 155H","/dev/nvme0n1p3[/tmp] ext4   rw,nosuid,nodev,noatime,errors=remount-ro","/tmp/pigment-db-durability-bench","pigment_db","buffered","key_map","vector","successful_remove","1","32","5","0","100096","100037552","1000584.260598","1219","0"
"candidate-protocol-v3-20260807-145653","6d7edc7c29a60a94c59effeeb2b78d8b95038135","default-hasher:f584ad292ec9898a","rustc 1.97.0 (2d8144b78 2026-07-07)","x86_64-unknown-linux-gnu","Linux 7.0.11-76070011-generic x86_64","Intel(R) Core(TM) Ultra 7 155H","/dev/nvme0n1p3[/tmp] ext4   rw,nosuid,nodev,noatime,errors=remount-ro","/tmp/pigment-db-durability-bench","pigment_db","buffered","key_map","vector","successful_remove","1","32","5","1","97728","100064160","976653.379192","1162","0"
"candidate-protocol-v3-20260807-145653","6d7edc7c29a60a94c59effeeb2b78d8b95038135","default-hasher:f584ad292ec9898a","rustc 1.97.0 (2d8144b78 2026-07-07)","x86_64-unknown-linux-gnu","Linux 7.0.11-76070011-generic x86_64","Intel(R) Core(TM) Ultra 7 155H","/dev/nvme0n1p3[/tmp] ext4   rw,nosuid,nodev,noatime,errors=remount-ro","/tmp/pigment-db-durability-bench","pigment_db","buffered","key_map","vector","successful_remove","1","32","5","2","101504","100006300","1014976.056508","1173","0"
"candidate-protocol-v3-20260807-145653","6d7edc7c29a60a94c59effeeb2b78d8b95038135","default-hasher:f584ad292ec9898a","rustc 1.97.0 (2d8144b78 2026-07-07)","x86_64-unknown-linux-gnu","Linux 7.0.11-76070011-generic x86_64","Intel(R) Core(TM) Ultra 7 155H","/dev/nvme0n1p3[/tmp] ext4   rw,nosuid,nodev,noatime,errors=remount-ro","/tmp/pigment-db-durability-bench","pigment_db","buffered","key_map","vector","successful_remove","1","32","5","3","92928","100050668","928809.390858","1318","0"
"candidate-protocol-v3-20260807-145653","6d7edc7c29a60a94c59effeeb2b78d8b95038135","default-hasher:f584ad292ec9898a","rustc 1.97.0 (2d8144b78 2026-07-07)","x86_64-unknown-linux-gnu","Linux 7.0.11-76070011-generic x86_64","Intel(R) Core(TM) Ultra 7 155H","/dev/nvme0n1p3[/tmp] ext4   rw,nosuid,nodev,noatime,errors=remount-ro","/tmp/pigment-db-durability-bench","pigment_db","buffered","key_map","vector","successful_remove","1","32","5","4","103104","100002602","1031013.173037","1091","0"
"candidate-protocol-v3-20260807-145653","6d7edc7c29a60a94c59effeeb2b78d8b95038135","default-hasher:f584ad292ec9898a","rustc 1.97.0 (2d8144b78 2026-07-07)","x86_64-unknown-linux-gnu","Linux 7.0.11-76070011-generic x86_64","Intel(R) Core(TM) Ultra 7 155H","/dev/nvme0n1p3[/tmp] ext4   rw,nosuid,nodev,noatime,errors=remount-ro","/tmp/pigment-db-durability-bench","pigment_db","buffered","key_map","vector","successful_remove","1","32","5","5","101184","100015262","1011685.596544","1232","0"
"candidate-protocol-v3-20260807-145653","6d7edc7c29a60a94c59effeeb2b78d8b95038135","default-hasher:f584ad292ec9898a","rustc 1.97.0 (2d8144b78 2026-07-07)","x86_64-unknown-linux-gnu","Linux 7.0.11-76070011-generic x86_64","Intel(R) Core(TM) Ultra 7 155H","/dev/nvme0n1p3[/tmp] ext4   rw,nosuid,nodev,noatime,errors=remount-ro","/tmp/pigment-db-durability-bench","pigment_db","buffered","key_map","vector","successful_remove","1","32","5","6","104832","100038973","1047911.597413","1054","0"
"candidate-protocol-v3-20260807-145653","6d7edc7c29a60a94c59effeeb2b78d8b95038135","default-hasher:f584ad292ec9898a","rustc 1.97.0 (2d8144b78 2026-07-07)","x86_64-unknown-linux-gnu","Linux 7.0.11-76070011-generic x86_64","Intel(R) Core(TM) Ultra 7 155H","/dev/nvme0n1p3[/tmp] ext4   rw,nosuid,nodev,noatime,errors=remount-ro","/tmp/pigment-db-durability-bench","pigment_db","buffered","key_map","vector","successful_remove","1","32","5","7","100224","100007039","1002169.457292","1228","0"
"candidate-protocol-v3-20260807-145653","6d7edc7c29a60a94c59effeeb2b78d8b95038135","default-hasher:f584ad292ec9898a","rustc 1.97.0 (2d8144b78 2026-07-07)","x86_64-unknown-linux-gnu","Linux 7.0.11-76070011-generic x86_64","Intel(R) Core(TM) Ultra 7 155H","/dev/nvme0n1p3[/tmp] ext4   rw,nosuid,nodev,noatime,errors=remount-ro","/tmp/pigment-db-durability-bench","pigment_db","buffered","key_map","vector","successful_remove","1","32","5","8","103616","100046319","1035680.283250","1095","0"
"candidate-protocol-v3-20260807-145653","6d7edc7c29a60a94c59effeeb2b78d8b95038135","default-hasher:f584ad292ec9898a","rustc 1.97.0 (2d8144b78 2026-07-07)","x86_64-unknown-linux-gnu","Linux 7.0.11-76070011-generic x86_64","Intel(R) Core(TM) Ultra 7 155H","/dev/nvme0n1p3[/tmp] ext4   rw,nosuid,nodev,noatime,errors=remount-ro","/tmp/pigment-db-durability-bench","pigment_db","buffered","key_map","vector","successful_remove","1","32","5","9","96896","100039489","968577.518424","1210","0"
"candidate-protocol-v3-20260807-145653","6d7edc7c29a60a94c59effeeb2b78d8b95038135","default-hasher:f584ad292ec9898a","rustc 1.97.0 (2d8144b78 2026-07-07)","x86_64-unknown-linux-gnu","Linux 7.0.11-76070011-generic x86_64","Intel(R) Core(TM) Ultra 7 155H","/dev/nvme0n1p3[/tmp] ext4   rw,nosuid,nodev,noatime,errors=remount-ro","/tmp/pigment-db-durability-bench","pigment_db","buffered","key_map","vector","successful_remove","1","32","5","10","100352","100051808","1003000.365571","1138","0"
"candidate-protocol-v3-20260807-145653","6d7edc7c29a60a94c59effeeb2b78d8b95038135","default-hasher:f584ad292ec9898a","rustc 1.97.0 (2d8144b78 2026-07-07)","x86_64-unknown-linux-gnu","Linux 7.0.11-76070011-generic x86_64","Intel(R) Core(TM) Ultra 7 155H","/dev/nvme0n1p3[/tmp] ext4   rw,nosuid,nodev,noatime,errors=remount-ro","/tmp/pigment-db-durability-bench","pigment_db","buffered","key_map","vector","successful_remove","8","32","5","0","60928","100280018","607578.670359","30456","0"
"candidate-protocol-v3-20260807-145653","6d7edc7c29a60a94c59effeeb2b78d8b95038135","default-hasher:f584ad292ec9898a","rustc 1.97.0 (2d8144b78 2026-07-07)","x86_64-unknown-linux-gnu","Linux 7.0.11-76070011-generic x86_64","Intel(R) Core(TM) Ultra 7 155H","/dev/nvme0n1p3[/tmp] ext4   rw,nosuid,nodev,noatime,errors=remount-ro","/tmp/pigment-db-durability-bench","pigment_db","buffered","key_map","vector","successful_remove","8","32","5","1","63488","100614121","631004.866603","30558","0"
"candidate-protocol-v3-20260807-145653","6d7edc7c29a60a94c59effeeb2b78d8b95038135","default-hasher:f584ad292ec9898a","rustc 1.97.0 (2d8144b78 2026-07-07)","x86_64-unknown-linux-gnu","Linux 7.0.11-76070011-generic x86_64","Intel(R) Core(TM) Ultra 7 155H","/dev/nvme0n1p3[/tmp] ext4   rw,nosuid,nodev,noatime,errors=remount-ro","/tmp/pigment-db-durability-bench","pigment_db","buffered","key_map","vector","successful_remove","8","32","5","2","58368","101424720","575481.006997","30642","0"
"candidate-protocol-v3-20260807-145653","6d7edc7c29a60a94c59effeeb2b78d8b95038135","default-hasher:f584ad292ec9898a","rustc 1.97.0 (2d8144b78 2026-07-07)","x86_64-unknown-linux-gnu","Linux 7.0.11-76070011-generic x86_64","Intel(R) Core(TM) Ultra 7 155H","/dev/nvme0n1p3[/tmp] ext4   rw,nosuid,nodev,noatime,errors=remount-ro","/tmp/pigment-db-durability-bench","pigment_db","buffered","key_map","vector","successful_remove","8","32","5","3","57856","100714196","574457.249304","30944","0"
"candidate-protocol-v3-20260807-145653","6d7edc7c29a60a94c59effeeb2b78d8b95038135","default-hasher:f584ad292ec9898a","rustc 1.97.0 (2d8144b78 2026-07-07)","x86_64-unknown-linux-gnu","Linux 7.0.11-76070011-generic x86_64","Intel(R) Core(TM) Ultra 7 155H","/dev/nvme0n1p3[/tmp] ext4   rw,nosuid,nodev,noatime,errors=remount-ro","/tmp/pigment-db-durability-bench","pigment_db","buffered","key_map","vector","successful_remove","8","32","5","4","56320","100081277","562742.619681","31340","0"
"candidate-protocol-v3-20260807-145653","6d7edc7c29a60a94c59effeeb2b78d8b95038135","default-hasher:f584ad292ec9898a","rustc 1.97.0 (2d8144b78 2026-07-07)","x86_64-unknown-linux-gnu","Linux 7.0.11-76070011-generic x86_64","Intel(R) Core(TM) Ultra 7 155H","/dev/nvme0n1p3[/tmp] ext4   rw,nosuid,nodev,noatime,errors=remount-ro","/tmp/pigment-db-durability-bench","pigment_db","buffered","key_map","vector","successful_remove","8","32","5","5","57856","100714937","574453.022792","30698","0"
"candidate-protocol-v3-20260807-145653","6d7edc7c29a60a94c59effeeb2b78d8b95038135","default-hasher:f584ad292ec9898a","rustc 1.97.0 (2d8144b78 2026-07-07)","x86_64-unknown-linux-gnu","Linux 7.0.11-76070011-generic x86_64","Intel(R) Core(TM) Ultra 7 155H","/dev/nvme0n1p3[/tmp] ext4   rw,nosuid,nodev,noatime,errors=remount-ro","/tmp/pigment-db-durability-bench","pigment_db","buffered","key_map","vector","successful_remove","8","32","5","6","55808","100606961","554713.107774","31553","0"
"candidate-protocol-v3-20260807-145653","6d7edc7c29a60a94c59effeeb2b78d8b95038135","default-hasher:f584ad292ec9898a","rustc 1.97.0 (2d8144b78 2026-07-07)","x86_64-unknown-linux-gnu","Linux 7.0.11-76070011-generic x86_64","Intel(R) Core(TM) Ultra 7 155H","/dev/nvme0n1p3[/tmp] ext4   rw,nosuid,nodev,noatime,errors=remount-ro","/tmp/pigment-db-durability-bench","pigment_db","buffered","key_map","vector","successful_remove","8","32","5","7","52224","100821606","517984.210646","31618","0"
"candidate-protocol-v3-20260807-145653","6d7edc7c29a60a94c59effeeb2b78d8b95038135","default-hasher:f584ad292ec9898a","rustc 1.97.0 (2d8144b78 2026-07-07)","x86_64-unknown-linux-gnu","Linux 7.0.11-76070011-generic x86_64","Intel(R) Core(TM) Ultra 7 155H","/dev/nvme0n1p3[/tmp] ext4   rw,nosuid,nodev,noatime,errors=remount-ro","/tmp/pigment-db-durability-bench","pigment_db","buffered","key_map","vector","successful_remove","8","32","5","8","46080","100627572","457926.183492","36259","0"
"candidate-protocol-v3-20260807-145653","6d7edc7c29a60a94c59effeeb2b78d8b95038135","default-hasher:f584ad292ec9898a","rustc 1.97.0 (2d8144b78 2026-07-07)","x86_64-unknown-linux-gnu","Linux 7.0.11-76070011-generic x86_64","Intel(R) Core(TM) Ultra 7 155H","/dev/nvme0n1p3[/tmp] ext4   rw,nosuid,nodev,noatime,errors=remount-ro","/tmp/pigment-db-durability-bench","pigment_db","buffered","key_map","vector","successful_remove","8","32","5","9","51712","100003897","517099.848619","32314","0"
"candidate-protocol-v3-20260807-145653","6d7edc7c29a60a94c59effeeb2b78d8b95038135","default-hasher:f584ad292ec9898a","rustc 1.97.0 (2d8144b78 2026-07-07)","x86_64-unknown-linux-gnu","Linux 7.0.11-76070011-generic x86_64","Intel(R) Core(TM) Ultra 7 155H","/dev/nvme0n1p3[/tmp] ext4   rw,nosuid,nodev,noatime,errors=remount-ro","/tmp/pigment-db-durability-bench","pigment_db","buffered","key_map","vector","successful_remove","8","32","5","10","54784","103461665","529510.133053","32136","0"
"candidate-protocol-v3-20260807-145653","6d7edc7c29a60a94c59effeeb2b78d8b95038135","default-hasher:f584ad292ec9898a","rustc 1.97.0 (2d8144b78 2026-07-07)","x86_64-unknown-linux-gnu","Linux 7.0.11-76070011-generic x86_64","Intel(R) Core(TM) Ultra 7 155H","/dev/nvme0n1p3[/tmp] ext4   rw,nosuid,nodev,noatime,errors=remount-ro","/tmp/pigment-db-durability-bench","pigment_db","buffered","key_map","vector","minimal_callback","1","32","5","0","54912","100095997","548593.366826","2454","0"
"candidate-protocol-v3-20260807-145653","6d7edc7c29a60a94c59effeeb2b78d8b95038135","default-hasher:f584ad292ec9898a","rustc 1.97.0 (2d8144b78 2026-07-07)","x86_64-unknown-linux-gnu","Linux 7.0.11-76070011-generic x86_64","Intel(R) Core(TM) Ultra 7 155H","/dev/nvme0n1p3[/tmp] ext4   rw,nosuid,nodev,noatime,errors=remount-ro","/tmp/pigment-db-durability-bench","pigment_db","buffered","key_map","vector","minimal_callback","1","32","5","1","53888","100026799","538735.624240","2560","0"
"candidate-protocol-v3-20260807-145653","6d7edc7c29a60a94c59effeeb2b78d8b95038135","default-hasher:f584ad292ec9898a","rustc 1.97.0 (2d8144b78 2026-07-07)","x86_64-unknown-linux-gnu","Linux 7.0.11-76070011-generic x86_64","Intel(R) Core(TM) Ultra 7 155H","/dev/nvme0n1p3[/tmp] ext4   rw,nosuid,nodev,noatime,errors=remount-ro","/tmp/pigment-db-durability-bench","pigment_db","buffered","key_map","vector","minimal_callback","1","32","5","2","57152","100048341","571243.855008","1918","0"
"candidate-protocol-v3-20260807-145653","6d7edc7c29a60a94c59effeeb2b78d8b95038135","default-hasher:f584ad292ec9898a","rustc 1.97.0 (2d8144b78 2026-07-07)","x86_64-unknown-linux-gnu","Linux 7.0.11-76070011-generic x86_64","Intel(R) Core(TM) Ultra 7 155H","/dev/nvme0n1p3[/tmp] ext4   rw,nosuid,nodev,noatime,errors=remount-ro","/tmp/pigment-db-durability-bench","pigment_db","buffered","key_map","vector","minimal_callback","1","32","5","3","57344","100084468","572956.035496","1852","0"
"candidate-protocol-v3-20260807-145653","6d7edc7c29a60a94c59effeeb2b78d8b95038135","default-hasher:f584ad292ec9898a","rustc 1.97.0 (2d8144b78 2026-07-07)","x86_64-unknown-linux-gnu","Linux 7.0.11-76070011-generic x86_64","Intel(R) Core(TM) Ultra 7 155H","/dev/nvme0n1p3[/tmp] ext4   rw,nosuid,nodev,noatime,errors=remount-ro","/tmp/pigment-db-durability-bench","pigment_db","buffered","key_map","vector","minimal_callback","1","32","5","4","56960","100049081","569320.571770","1960","0"
"candidate-protocol-v3-20260807-145653","6d7edc7c29a60a94c59effeeb2b78d8b95038135","default-hasher:f584ad292ec9898a","rustc 1.97.0 (2d8144b78 2026-07-07)","x86_64-unknown-linux-gnu","Linux 7.0.11-76070011-generic x86_64","Intel(R) Core(TM) Ultra 7 155H","/dev/nvme0n1p3[/tmp] ext4   rw,nosuid,nodev,noatime,errors=remount-ro","/tmp/pigment-db-durability-bench","pigment_db","buffered","key_map","vector","minimal_callback","1","32","5","5","56320","100107882","562593.063351","1945","0"
"candidate-protocol-v3-20260807-145653","6d7edc7c29a60a94c59effeeb2b78d8b95038135","default-hasher:f584ad292ec9898a","rustc 1.97.0 (2d8144b78 2026-07-07)","x86_64-unknown-linux-gnu","Linux 7.0.11-76070011-generic x86_64","Intel(R) Core(TM) Ultra 7 155H","/dev/nvme0n1p3[/tmp] ext4   rw,nosuid,nodev,noatime,errors=remount-ro","/tmp/pigment-db-durability-bench","pigment_db","buffered","key_map","vector","minimal_callback","1","32","5","6","53248","100042653","532252.978137","1939","0"
"candidate-protocol-v3-20260807-145653","6d7edc7c29a60a94c59effeeb2b78d8b95038135","default-hasher:f584ad292ec9898a","rustc 1.97.0 (2d8144b78 2026-07-07)","x86_64-unknown-linux-gnu","Linux 7.0.11-76070011-generic x86_64","Intel(R) Core(TM) Ultra 7 155H","/dev/nvme0n1p3[/tmp] ext4   rw,nosuid,nodev,noatime,errors=remount-ro","/tmp/pigment-db-durability-bench","pigment_db","buffered","key_map","vector","minimal_callback","1","32","5","7","53568","100099407","535148.025402","2008","0"
"candidate-protocol-v3-20260807-145653","6d7edc7c29a60a94c59effeeb2b78d8b95038135","default-hasher:f584ad292ec9898a","rustc 1.97.0 (2d8144b78 2026-07-07)","x86_64-unknown-linux-gnu","Linux 7.0.11-76070011-generic x86_64","Intel(R) Core(TM) Ultra 7 155H","/dev/nvme0n1p3[/tmp] ext4   rw,nosuid,nodev,noatime,errors=remount-ro","/tmp/pigment-db-durability-bench","pigment_db","buffered","key_map","vector","minimal_callback","1","32","5","8","53824","100030472","538076.037470","2151","0"
"candidate-protocol-v3-20260807-145653","6d7edc7c29a60a94c59effeeb2b78d8b95038135","default-hasher:f584ad292ec9898a","rustc 1.97.0 (2d8144b78 2026-07-07)","x86_64-unknown-linux-gnu","Linux 7.0.11-76070011-generic x86_64","Intel(R) Core(TM) Ultra 7 155H","/dev/nvme0n1p3[/tmp] ext4   rw,nosuid,nodev,noatime,errors=remount-ro","/tmp/pigment-db-durability-bench","pigment_db","buffered","key_map","vector","minimal_callback","1","32","5","9","52352","100104095","522975.608540","2018","0"
"candidate-protocol-v3-20260807-145653","6d7edc7c29a60a94c59effeeb2b78d8b95038135","default-hasher:f584ad292ec9898a","rustc 1.97.0 (2d8144b78 2026-07-07)","x86_64-unknown-linux-gnu","Linux 7.0.11-76070011-generic x86_64","Intel(R) Core(TM) Ultra 7 155H","/dev/nvme0n1p3[/tmp] ext4   rw,nosuid,nodev,noatime,errors=remount-ro","/tmp/pigment-db-durability-bench","pigment_db","buffered","key_map","vector","minimal_callback","1","32","5","10","51712","100055432","516833.508849","2031","0"
"candidate-protocol-v3-20260807-145653","6d7edc7c29a60a94c59effeeb2b78d8b95038135","default-hasher:f584ad292ec9898a","rustc 1.97.0 (2d8144b78 2026-07-07)","x86_64-unknown-linux-gnu","Linux 7.0.11-76070011-generic x86_64","Intel(R) Core(TM) Ultra 7 155H","/dev/nvme0n1p3[/tmp] ext4   rw,nosuid,nodev,noatime,errors=remount-ro","/tmp/pigment-db-durability-bench","pigment_db","buffered","key_map","vector","minimal_callback","8","32","5","0","29184","101162383","288486.679876","97020","0"
"candidate-protocol-v3-20260807-145653","6d7edc7c29a60a94c59effeeb2b78d8b95038135","default-hasher:f584ad292ec9898a","rustc 1.97.0 (2d8144b78 2026-07-07)","x86_64-unknown-linux-gnu","Linux 7.0.11-76070011-generic x86_64","Intel(R) Core(TM) Ultra 7 155H","/dev/nvme0n1p3[/tmp] ext4   rw,nosuid,nodev,noatime,errors=remount-ro","/tmp/pigment-db-durability-bench","pigment_db","buffered","key_map","vector","minimal_callback","8","32","5","1","27648","101170338","273281.680644","89333","0"
"candidate-protocol-v3-20260807-145653","6d7edc7c29a60a94c59effeeb2b78d8b95038135","default-hasher:f584ad292ec9898a","rustc 1.97.0 (2d8144b78 2026-07-07)","x86_64-unknown-linux-gnu","Linux 7.0.11-76070011-generic x86_64","Intel(R) Core(TM) Ultra 7 155H","/dev/nvme0n1p3[/tmp] ext4   rw,nosuid,nodev,noatime,errors=remount-ro","/tmp/pigment-db-durability-bench","pigment_db","buffered","key_map","vector","minimal_callback","8","32","5","2","26624","101020907","263549.405669","96702","0"
"candidate-protocol-v3-20260807-145653","6d7edc7c29a60a94c59effeeb2b78d8b95038135","default-hasher:f584ad292ec9898a","rustc 1.97.0 (2d8144b78 2026-07-07)","x86_64-unknown-linux-gnu","Linux 7.0.11-76070011-generic x86_64","Intel(R) Core(TM) Ultra 7 155H","/dev/nvme0n1p3[/tmp] ext4   rw,nosuid,nodev,noatime,errors=remount-ro","/tmp/pigment-db-durability-bench","pigment_db","buffered","key_map","vector","minimal_callback","8","32","5","3","27136","101190537","268167.368259","86387","0"
"candidate-protocol-v3-20260807-145653","6d7edc7c29a60a94c59effeeb2b78d8b95038135","default-hasher:f584ad292ec9898a","rustc 1.97.0 (2d8144b78 2026-07-07)","x86_64-unknown-linux-gnu","Linux 7.0.11-76070011-generic x86_64","Intel(R) Core(TM) Ultra 7 155H","/dev/nvme0n1p3[/tmp] ext4   rw,nosuid,nodev,noatime,errors=remount-ro","/tmp/pigment-db-durability-bench","pigment_db","buffered","key_map","vector","minimal_callback","8","32","5","4","27136","101850074","266430.832441","99563","0"
"candidate-protocol-v3-20260807-145653","6d7edc7c29a60a94c59effeeb2b78d8b95038135","default-hasher:f584ad292ec9898a","rustc 1.97.0 (2d8144b78 2026-07-07)","x86_64-unknown-linux-gnu","Linux 7.0.11-76070011-generic x86_64","Intel(R) Core(TM) Ultra 7 155H","/dev/nvme0n1p3[/tmp] ext4   rw,nosuid,nodev,noatime,errors=remount-ro","/tmp/pigment-db-durability-bench","pigment_db","buffered","key_map","vector","minimal_callback","8","32","5","5","28672","100903832","284151.745595","97414","0"
"candidate-protocol-v3-20260807-145653","6d7edc7c29a60a94c59effeeb2b78d8b95038135","default-hasher:f584ad292ec9898a","rustc 1.97.0 (2d8144b78 2026-07-07)","x86_64-unknown-linux-gnu","Linux 7.0.11-76070011-generic x86_64","Intel(R) Core(TM) Ultra 7 155H","/dev/nvme0n1p3[/tmp] ext4   rw,nosuid,nodev,noatime,errors=remount-ro","/tmp/pigment-db-durability-bench","pigment_db","buffered","key_map","vector","minimal_callback","8","32","5","6","26112","100236547","260503.786109","103160","0"
"candidate-protocol-v3-20260807-145653","6d7edc7c29a60a94c59effeeb2b78d8b95038135","default-hasher:f584ad292ec9898a","rustc 1.97.0 (2d8144b78 2026-07-07)","x86_64-unknown-linux-gnu","Linux 7.0.11-76070011-generic x86_64","Intel(R) Core(TM) Ultra 7 155H","/dev/nvme0n1p3[/tmp] ext4   rw,nosuid,nodev,noatime,errors=remount-ro","/tmp/pigment-db-durability-bench","pigment_db","buffered","key_map","vector","minimal_callback","8","32","5","7","27648","101180953","273253.010376","100583","0"
"candidate-protocol-v3-20260807-145653","6d7edc7c29a60a94c59effeeb2b78d8b95038135","default-hasher:f584ad292ec9898a","rustc 1.97.0 (2d8144b78 2026-07-07)","x86_64-unknown-linux-gnu","Linux 7.0.11-76070011-generic x86_64","Intel(R) Core(TM) Ultra 7 155H","/dev/nvme0n1p3[/tmp] ext4   rw,nosuid,nodev,noatime,errors=remount-ro","/tmp/pigment-db-durability-bench","pigment_db","buffered","key_map","vector","minimal_callback","8","32","5","8","27648","101585530","272164.746298","97890","0"
"candidate-protocol-v3-20260807-145653","6d7edc7c29a60a94c59effeeb2b78d8b95038135","default-hasher:f584ad292ec9898a","rustc 1.97.0 (2d8144b78 2026-07-07)","x86_64-unknown-linux-gnu","Linux 7.0.11-76070011-generic x86_64","Intel(R) Core(TM) Ultra 7 155H","/dev/nvme0n1p3[/tmp] ext4   rw,nosuid,nodev,noatime,errors=remount-ro","/tmp/pigment-db-durability-bench","pigment_db","buffered","key_map","vector","minimal_callback","8","32","5","9","25600","101334940","252627.573471","98918","0"
"candidate-protocol-v3-20260807-145653","6d7edc7c29a60a94c59effeeb2b78d8b95038135","default-hasher:f584ad292ec9898a","rustc 1.97.0 (2d8144b78 2026-07-07)","x86_64-unknown-linux-gnu","Linux 7.0.11-76070011-generic x86_64","Intel(R) Core(TM) Ultra 7 155H","/dev/nvme0n1p3[/tmp] ext4   rw,nosuid,nodev,noatime,errors=remount-ro","/tmp/pigment-db-durability-bench","pigment_db","buffered","key_map","vector","minimal_callback","8","32","5","10","26624","100943372","263751.839001","101391","0"
"candidate-protocol-v3-20260807-145653","6d7edc7c29a60a94c59effeeb2b78d8b95038135","default-hasher:f584ad292ec9898a","rustc 1.97.0 (2d8144b78 2026-07-07)","x86_64-unknown-linux-gnu","Linux 7.0.11-76070011-generic x86_64","Intel(R) Core(TM) Ultra 7 155H","/dev/nvme0n1p3[/tmp] ext4   rw,nosuid,nodev,noatime,errors=remount-ro","/tmp/pigment-db-durability-bench","pigment_db","buffered","key_map","file","ordinary_write","1","32","5","0","43520","100135026","434613.159236","3884","0"
"candidate-protocol-v3-20260807-145653","6d7edc7c29a60a94c59effeeb2b78d8b95038135","default-hasher:f584ad292ec9898a","rustc 1.97.0 (2d8144b78 2026-07-07)","x86_64-unknown-linux-gnu","Linux 7.0.11-76070011-generic x86_64","Intel(R) Core(TM) Ultra 7 155H","/dev/nvme0n1p3[/tmp] ext4   rw,nosuid,nodev,noatime,errors=remount-ro","/tmp/pigment-db-durability-bench","pigment_db","buffered","key_map","file","ordinary_write","1","32","5","1","42944","100119460","428927.603085","3996","0"
"candidate-protocol-v3-20260807-145653","6d7edc7c29a60a94c59effeeb2b78d8b95038135","default-hasher:f584ad292ec9898a","rustc 1.97.0 (2d8144b78 2026-07-07)","x86_64-unknown-linux-gnu","Linux 7.0.11-76070011-generic x86_64","Intel(R) Core(TM) Ultra 7 155H","/dev/nvme0n1p3[/tmp] ext4   rw,nosuid,nodev,noatime,errors=remount-ro","/tmp/pigment-db-durability-bench","pigment_db","buffered","key_map","file","ordinary_write","1","32","5","2","43968","100140084","439064.940269","3912","0"
"candidate-protocol-v3-20260807-145653","6d7edc7c29a60a94c59effeeb2b78d8b95038135","default-hasher:f584ad292ec9898a","rustc 1.97.0 (2d8144b78 2026-07-07)","x86_64-unknown-linux-gnu","Linux 7.0.11-76070011-generic x86_64","Intel(R) Core(TM) Ultra 7 155H","/dev/nvme0n1p3[/tmp] ext4   rw,nosuid,nodev,noatime,errors=remount-ro","/tmp/pigment-db-durability-bench","pigment_db","buffered","key_map","file","ordinary_write","1","32","5","3","43136","100026906","431243.969498","4038","0"
"candidate-protocol-v3-20260807-145653","6d7edc7c29a60a94c59effeeb2b78d8b95038135","default-hasher:f584ad292ec9898a","rustc 1.97.0 (2d8144b78 2026-07-07)","x86_64-unknown-linux-gnu","Linux 7.0.11-76070011-generic x86_64","Intel(R) Core(TM) Ultra 7 155H","/dev/nvme0n1p3[/tmp] ext4   rw,nosuid,nodev,noatime,errors=remount-ro","/tmp/pigment-db-durability-bench","pigment_db","buffered","key_map","file","ordinary_write","1","32","5","4","38912","100086207","388784.840253","3987","0"
"candidate-protocol-v3-20260807-145653","6d7edc7c29a60a94c59effeeb2b78d8b95038135","default-hasher:f584ad292ec9898a","rustc 1.97.0 (2d8144b78 2026-07-07)","x86_64-unknown-linux-gnu","Linux 7.0.11-76070011-generic x86_64","Intel(R) Core(TM) Ultra 7 155H","/dev/nvme0n1p3[/tmp] ext4   rw,nosuid,nodev,noatime,errors=remount-ro","/tmp/pigment-db-durability-bench","pigment_db","buffered","key_map","file","ordinary_write","1","32","5","5","43840","100218708","437443.276559","3769","0"
"candidate-protocol-v3-20260807-145653","6d7edc7c29a60a94c59effeeb2b78d8b95038135","default-hasher:f584ad292ec9898a","rustc 1.97.0 (2d8144b78 2026-07-07)","x86_64-unknown-linux-gnu","Linux 7.0.11-76070011-generic x86_64","Intel(R) Core(TM) Ultra 7 155H","/dev/nvme0n1p3[/tmp] ext4   rw,nosuid,nodev,noatime,errors=remount-ro","/tmp/pigment-db-durability-bench","pigment_db","buffered","key_map","file","ordinary_write","1","32","5","6","42688","100050401","426664.956595","4094","0"
"candidate-protocol-v3-20260807-145653","6d7edc7c29a60a94c59effeeb2b78d8b95038135","default-hasher:f584ad292ec9898a","rustc 1.97.0 (2d8144b78 2026-07-07)","x86_64-unknown-linux-gnu","Linux 7.0.11-76070011-generic x86_64","Intel(R) Core(TM) Ultra 7 155H","/dev/nvme0n1p3[/tmp] ext4   rw,nosuid,nodev,noatime,errors=remount-ro","/tmp/pigment-db-durability-bench","pigment_db","buffered","key_map","file","ordinary_write","1","32","5","7","44288","100099821","442438.353611","3976","0"
"candidate-protocol-v3-20260807-145653","6d7edc7c29a60a94c59effeeb2b78d8b95038135","default-hasher:f584ad292ec9898a","rustc 1.97.0 (2d8144b78 2026-07-07)","x86_64-unknown-linux-gnu","Linux 7.0.11-76070011-generic x86_64","Intel(R) Core(TM) Ultra 7 155H","/dev/nvme0n1p3[/tmp] ext4   rw,nosuid,nodev,noatime,errors=remount-ro","/tmp/pigment-db-durability-bench","pigment_db","buffered","key_map","file","ordinary_write","1","32","5","8","43904","100040115","438863.949727","3891","0"
"candidate-protocol-v3-20260807-145653","6d7edc7c29a60a94c59effeeb2b78d8b95038135","default-hasher:f584ad292ec9898a","rustc 1.97.0 (2d8144b78 2026-07-07)","x86_64-unknown-linux-gnu","Linux 7.0.11-76070011-generic x86_64","Intel(R) Core(TM) Ultra 7 155H","/dev/nvme0n1p3[/tmp] ext4   rw,nosuid,nodev,noatime,errors=remount-ro","/tmp/pigment-db-durability-bench","pigment_db","buffered","key_map","file","ordinary_write","1","32","5","9","42112","100133896","420556.891145","3932","0"
"candidate-protocol-v3-20260807-145653","6d7edc7c29a60a94c59effeeb2b78d8b95038135","default-hasher:f584ad292ec9898a","rustc 1.97.0 (2d8144b78 2026-07-07)","x86_64-unknown-linux-gnu","Linux 7.0.11-76070011-generic x86_64","Intel(R) Core(TM) Ultra 7 155H","/dev/nvme0n1p3[/tmp] ext4   rw,nosuid,nodev,noatime,errors=remount-ro","/tmp/pigment-db-durability-bench","pigment_db","buffered","key_map","file","ordinary_write","1","32","5","10","44096","100011857","440907.721571","3881","0"
"candidate-protocol-v3-20260807-145653","6d7edc7c29a60a94c59effeeb2b78d8b95038135","default-hasher:f584ad292ec9898a","rustc 1.97.0 (2d8144b78 2026-07-07)","x86_64-unknown-linux-gnu","Linux 7.0.11-76070011-generic x86_64","Intel(R) Core(TM) Ultra 7 155H","/dev/nvme0n1p3[/tmp] ext4   rw,nosuid,nodev,noatime,errors=remount-ro","/tmp/pigment-db-durability-bench","pigment_db","buffered","key_map","file","ordinary_write","8","32","5","0","17920","102870672","174199.309206","145670","0"
"candidate-protocol-v3-20260807-145653","6d7edc7c29a60a94c59effeeb2b78d8b95038135","default-hasher:f584ad292ec9898a","rustc 1.97.0 (2d8144b78 2026-07-07)","x86_64-unknown-linux-gnu","Linux 7.0.11-76070011-generic x86_64","Intel(R) Core(TM) Ultra 7 155H","/dev/nvme0n1p3[/tmp] ext4   rw,nosuid,nodev,noatime,errors=remount-ro","/tmp/pigment-db-durability-bench","pigment_db","buffered","key_map","file","ordinary_write","8","32","5","1","16896","100400828","168285.464737","148831","0"
"candidate-protocol-v3-20260807-145653","6d7edc7c29a60a94c59effeeb2b78d8b95038135","default-hasher:f584ad292ec9898a","rustc 1.97.0 (2d8144b78 2026-07-07)","x86_64-unknown-linux-gnu","Linux 7.0.11-76070011-generic x86_64","Intel(R) Core(TM) Ultra 7 155H","/dev/nvme0n1p3[/tmp] ext4   rw,nosuid,nodev,noatime,errors=remount-ro","/tmp/pigment-db-durability-bench","pigment_db","buffered","key_map","file","ordinary_write","8","32","5","2","16384","100232934","163459.247836","157959","0"
"candidate-protocol-v3-20260807-145653","6d7edc7c29a60a94c59effeeb2b78d8b95038135","default-hasher:f584ad292ec9898a","rustc 1.97.0 (2d8144b78 2026-07-07)","x86_64-unknown-linux-gnu","Linux 7.0.11-76070011-generic x86_64","Intel(R) Core(TM) Ultra 7 155H","/dev/nvme0n1p3[/tmp] ext4   rw,nosuid,nodev,noatime,errors=remount-ro","/tmp/pigment-db-durability-bench","pigment_db","buffered","key_map","file","ordinary_write","8","32","5","3","18944","101520695","186602.347433","125473","0"
"candidate-protocol-v3-20260807-145653","6d7edc7c29a60a94c59effeeb2b78d8b95038135","default-hasher:f584ad292ec9898a","rustc 1.97.0 (2d8144b78 2026-07-07)","x86_64-unknown-linux-gnu","Linux 7.0.11-76070011-generic x86_64","Intel(R) Core(TM) Ultra 7 155H","/dev/nvme0n1p3[/tmp] ext4   rw,nosuid,nodev,noatime,errors=remount-ro","/tmp/pigment-db-durability-bench","pigment_db","buffered","key_map","file","ordinary_write","8","32","5","4","17408","101139278","172119.085129","134427","0"
"candidate-protocol-v3-20260807-145653","6d7edc7c29a60a94c59effeeb2b78d8b95038135","default-hasher:f584ad292ec9898a","rustc 1.97.0 (2d8144b78 2026-07-07)","x86_64-unknown-linux-gnu","Linux 7.0.11-76070011-generic x86_64","Intel(R) Core(TM) Ultra 7 155H","/dev/nvme0n1p3[/tmp] ext4   rw,nosuid,nodev,noatime,errors=remount-ro","/tmp/pigment-db-durability-bench","pigment_db","buffered","key_map","file","ordinary_write","8","32","5","5","17920","100589085","178150.541880","135775","0"
"candidate-protocol-v3-20260807-145653","6d7edc7c29a60a94c59effeeb2b78d8b95038135","default-hasher:f584ad292ec9898a","rustc 1.97.0 (2d8144b78 2026-07-07)","x86_64-unknown-linux-gnu","Linux 7.0.11-76070011-generic x86_64","Intel(R) Core(TM) Ultra 7 155H","/dev/nvme0n1p3[/tmp] ext4   rw,nosuid,nodev,noatime,errors=remount-ro","/tmp/pigment-db-durability-bench","pigment_db","buffered","key_map","file","ordinary_write","8","32","5","6","15872","100638174","157713.513363","169928","0"
"candidate-protocol-v3-20260807-145653","6d7edc7c29a60a94c59effeeb2b78d8b95038135","default-hasher:f584ad292ec9898a","rustc 1.97.0 (2d8144b78 2026-07-07)","x86_64-unknown-linux-gnu","Linux 7.0.11-76070011-generic x86_64","Intel(R) Core(TM) Ultra 7 155H","/dev/nvme0n1p3[/tmp] ext4   rw,nosuid,nodev,noatime,errors=remount-ro","/tmp/pigment-db-durability-bench","pigment_db","buffered","key_map","file","ordinary_write","8","32","5","7","16896","100168845","168675.200358","153788","0"
"candidate-protocol-v3-20260807-145653","6d7edc7c29a60a94c59effeeb2b78d8b95038135","default-hasher:f584ad292ec9898a","rustc 1.97.0 (2d8144b78 2026-07-07)","x86_64-unknown-linux-gnu","Linux 7.0.11-76070011-generic x86_64","Intel(R) Core(TM) Ultra 7 155H","/dev/nvme0n1p3[/tmp] ext4   rw,nosuid,nodev,noatime,errors=remount-ro","/tmp/pigment-db-durability-bench","pigment_db","buffered","key_map","file","ordinary_write","8","32","5","8","17920","101590122","176395.102666","134708","0"
"candidate-protocol-v3-20260807-145653","6d7edc7c29a60a94c59effeeb2b78d8b95038135","default-hasher:f584ad292ec9898a","rustc 1.97.0 (2d8144b78 2026-07-07)","x86_64-unknown-linux-gnu","Linux 7.0.11-76070011-generic x86_64","Intel(R) Core(TM) Ultra 7 155H","/dev/nvme0n1p3[/tmp] ext4   rw,nosuid,nodev,noatime,errors=remount-ro","/tmp/pigment-db-durability-bench","pigment_db","buffered","key_map","file","ordinary_write","8","32","5","9","17920","100450514","178396.299694","129508","0"
"candidate-protocol-v3-20260807-145653","6d7edc7c29a60a94c59effeeb2b78d8b95038135","default-hasher:f584ad292ec9898a","rustc 1.97.0 (2d8144b78 2026-07-07)","x86_64-unknown-linux-gnu","Linux 7.0.11-76070011-generic x86_64","Intel(R) Core(TM) Ultra 7 155H","/dev/nvme0n1p3[/tmp] ext4   rw,nosuid,nodev,noatime,errors=remount-ro","/tmp/pigment-db-durability-bench","pigment_db","buffered","key_map","file","ordinary_write","8","32","5","10","18432","101541069","181522.611309","123401","0"
"candidate-protocol-v3-20260807-145653","6d7edc7c29a60a94c59effeeb2b78d8b95038135","default-hasher:f584ad292ec9898a","rustc 1.97.0 (2d8144b78 2026-07-07)","x86_64-unknown-linux-gnu","Linux 7.0.11-76070011-generic x86_64","Intel(R) Core(TM) Ultra 7 155H","/dev/nvme0n1p3[/tmp] ext4   rw,nosuid,nodev,noatime,errors=remount-ro","/tmp/pigment-db-durability-bench","pigment_db","buffered","key_map","file","successful_remove","1","32","5","0","39360","100022774","393510.381946","3300","0"
"candidate-protocol-v3-20260807-145653","6d7edc7c29a60a94c59effeeb2b78d8b95038135","default-hasher:f584ad292ec9898a","rustc 1.97.0 (2d8144b78 2026-07-07)","x86_64-unknown-linux-gnu","Linux 7.0.11-76070011-generic x86_64","Intel(R) Core(TM) Ultra 7 155H","/dev/nvme0n1p3[/tmp] ext4   rw,nosuid,nodev,noatime,errors=remount-ro","/tmp/pigment-db-durability-bench","pigment_db","buffered","key_map","file","successful_remove","1","32","5","1","37568","100044198","375514.030309","3825","0"
"candidate-protocol-v3-20260807-145653","6d7edc7c29a60a94c59effeeb2b78d8b95038135","default-hasher:f584ad292ec9898a","rustc 1.97.0 (2d8144b78 2026-07-07)","x86_64-unknown-linux-gnu","Linux 7.0.11-76070011-generic x86_64","Intel(R) Core(TM) Ultra 7 155H","/dev/nvme0n1p3[/tmp] ext4   rw,nosuid,nodev,noatime,errors=remount-ro","/tmp/pigment-db-durability-bench","pigment_db","buffered","key_map","file","successful_remove","1","32","5","2","37888","100117222","378436.389296","3809","0"
"candidate-protocol-v3-20260807-145653","6d7edc7c29a60a94c59effeeb2b78d8b95038135","default-hasher:f584ad292ec9898a","rustc 1.97.0 (2d8144b78 2026-07-07)","x86_64-unknown-linux-gnu","Linux 7.0.11-76070011-generic x86_64","Intel(R) Core(TM) Ultra 7 155H","/dev/nvme0n1p3[/tmp] ext4   rw,nosuid,nodev,noatime,errors=remount-ro","/tmp/pigment-db-durability-bench","pigment_db","buffered","key_map","file","successful_remove","1","32","5","3","33920","100143544","338713.796668","4390","0"
"candidate-protocol-v3-20260807-145653","6d7edc7c29a60a94c59effeeb2b78d8b95038135","default-hasher:f584ad292ec9898a","rustc 1.97.0 (2d8144b78 2026-07-07)","x86_64-unknown-linux-gnu","Linux 7.0.11-76070011-generic x86_64","Intel(R) Core(TM) Ultra 7 155H","/dev/nvme0n1p3[/tmp] ext4   rw,nosuid,nodev,noatime,errors=remount-ro","/tmp/pigment-db-durability-bench","pigment_db","buffered","key_map","file","successful_remove","1","32","5","4","39104","100037649","390892.832757","3372","0"
"candidate-protocol-v3-20260807-145653","6d7edc7c29a60a94c59effeeb2b78d8b95038135","default-hasher:f584ad292ec9898a","rustc 1.97.0 (2d8144b78 2026-07-07)","x86_64-unknown-linux-gnu","Linux 7.0.11-76070011-generic x86_64","Intel(R) Core(TM) Ultra 7 155H","/dev/nvme0n1p3[/tmp] ext4   rw,nosuid,nodev,noatime,errors=remount-ro","/tmp/pigment-db-durability-bench","pigment_db","buffered","key_map","file","successful_remove","1","32","5","5","38784","100027336","387734.009031","3561","0"
"candidate-protocol-v3-20260807-145653","6d7edc7c29a60a94c59effeeb2b78d8b95038135","default-hasher:f584ad292ec9898a","rustc 1.97.0 (2d8144b78 2026-07-07)","x86_64-unknown-linux-gnu","Linux 7.0.11-76070011-generic x86_64","Intel(R) Core(TM) Ultra 7 155H","/dev/nvme0n1p3[/tmp] ext4   rw,nosuid,nodev,noatime,errors=remount-ro","/tmp/pigment-db-durability-bench","pigment_db","buffered","key_map","file","successful_remove","1","32","5","6","38848","100122953","388002.938747","3661","0"
"candidate-protocol-v3-20260807-145653","6d7edc7c29a60a94c59effeeb2b78d8b95038135","default-hasher:f584ad292ec9898a","rustc 1.97.0 (2d8144b78 2026-07-07)","x86_64-unknown-linux-gnu","Linux 7.0.11-76070011-generic x86_64","Intel(R) Core(TM) Ultra 7 155H","/dev/nvme0n1p3[/tmp] ext4   rw,nosuid,nodev,noatime,errors=remount-ro","/tmp/pigment-db-durability-bench","pigment_db","buffered","key_map","file","successful_remove","1","32","5","7","33792","100127289","337490.411830","4276","0"
"candidate-protocol-v3-20260807-145653","6d7edc7c29a60a94c59effeeb2b78d8b95038135","default-hasher:f584ad292ec9898a","rustc 1.97.0 (2d8144b78 2026-07-07)","x86_64-unknown-linux-gnu","Linux 7.0.11-76070011-generic x86_64","Intel(R) Core(TM) Ultra 7 155H","/dev/nvme0n1p3[/tmp] ext4   rw,nosuid,nodev,noatime,errors=remount-ro","/tmp/pigment-db-durability-bench","pigment_db","buffered","key_map","file","successful_remove","1","32","5","8","34816","100024386","348075.118402","3861","0"
"candidate-protocol-v3-20260807-145653","6d7edc7c29a60a94c59effeeb2b78d8b95038135","default-hasher:f584ad292ec9898a","rustc 1.97.0 (2d8144b78 2026-07-07)","x86_64-unknown-linux-gnu","Linux 7.0.11-76070011-generic x86_64","Intel(R) Core(TM) Ultra 7 155H","/dev/nvme0n1p3[/tmp] ext4   rw,nosuid,nodev,noatime,errors=remount-ro","/tmp/pigment-db-durability-bench","pigment_db","buffered","key_map","file","successful_remove","1","32","5","9","35328","100067205","353042.737628","3883","0"
"candidate-protocol-v3-20260807-145653","6d7edc7c29a60a94c59effeeb2b78d8b95038135","default-hasher:f584ad292ec9898a","rustc 1.97.0 (2d8144b78 2026-07-07)","x86_64-unknown-linux-gnu","Linux 7.0.11-76070011-generic x86_64","Intel(R) Core(TM) Ultra 7 155H","/dev/nvme0n1p3[/tmp] ext4   rw,nosuid,nodev,noatime,errors=remount-ro","/tmp/pigment-db-durability-bench","pigment_db","buffered","key_map","file","successful_remove","1","32","5","10","37184","100050175","371653.522845","4055","0"
"candidate-protocol-v3-20260807-145653","6d7edc7c29a60a94c59effeeb2b78d8b95038135","default-hasher:f584ad292ec9898a","rustc 1.97.0 (2d8144b78 2026-07-07)","x86_64-unknown-linux-gnu","Linux 7.0.11-76070011-generic x86_64","Intel(R) Core(TM) Ultra 7 155H","/dev/nvme0n1p3[/tmp] ext4   rw,nosuid,nodev,noatime,errors=remount-ro","/tmp/pigment-db-durability-bench","pigment_db","buffered","key_map","file","successful_remove","8","32","5","0","15872","102405375","154991.864441","148023","0"
"candidate-protocol-v3-20260807-145653","6d7edc7c29a60a94c59effeeb2b78d8b95038135","default-hasher:f584ad292ec9898a","rustc 1.97.0 (2d8144b78 2026-07-07)","x86_64-unknown-linux-gnu","Linux 7.0.11-76070011-generic x86_64","Intel(R) Core(TM) Ultra 7 155H","/dev/nvme0n1p3[/tmp] ext4   rw,nosuid,nodev,noatime,errors=remount-ro","/tmp/pigment-db-durability-bench","pigment_db","buffered","key_map","file","successful_remove","8","32","5","1","16384","101988622","160645.370814","139223","0"
"candidate-protocol-v3-20260807-145653","6d7edc7c29a60a94c59effeeb2b78d8b95038135","default-hasher:f584ad292ec9898a","rustc 1.97.0 (2d8144b78 2026-07-07)","x86_64-unknown-linux-gnu","Linux 7.0.11-76070011-generic x86_64","Intel(R) Core(TM) Ultra 7 155H","/dev/nvme0n1p3[/tmp] ext4   rw,nosuid,nodev,noatime,errors=remount-ro","/tmp/pigment-db-durability-bench","pigment_db","buffered","key_map","file","successful_remove","8","32","5","2","15872","100784660","157484.283819","143911","0"
"candidate-protocol-v3-20260807-145653","6d7edc7c29a60a94c59effeeb2b78d8b95038135","default-hasher:f584ad292ec9898a","rustc 1.97.0 (2d8144b78 2026-07-07)","x86_64-unknown-linux-gnu","Linux 7.0.11-76070011-generic x86_64","Intel(R) Core(TM) Ultra 7 155H","/dev/nvme0n1p3[/tmp] ext4   rw,nosuid,nodev,noatime,errors=remount-ro","/tmp/pigment-db-durability-bench","pigment_db","buffered","key_map","file","successful_remove","8","32","5","3","15872","100387010","158108.105820","133927","0"
"candidate-protocol-v3-20260807-145653","6d7edc7c29a60a94c59effeeb2b78d8b95038135","default-hasher:f584ad292ec9898a","rustc 1.97.0 (2d8144b78 2026-07-07)","x86_64-unknown-linux-gnu","Linux 7.0.11-76070011-generic x86_64","Intel(R) Core(TM) Ultra 7 155H","/dev/nvme0n1p3[/tmp] ext4   rw,nosuid,nodev,noatime,errors=remount-ro","/tmp/pigment-db-durability-bench","pigment_db","buffered","key_map","file","successful_remove","8","32","5","4","15872","101195588","156844.782601","130078","0"
"candidate-protocol-v3-20260807-145653","6d7edc7c29a60a94c59effeeb2b78d8b95038135","default-hasher:f584ad292ec9898a","rustc 1.97.0 (2d8144b78 2026-07-07)","x86_64-unknown-linux-gnu","Linux 7.0.11-76070011-generic x86_64","Intel(R) Core(TM) Ultra 7 155H","/dev/nvme0n1p3[/tmp] ext4   rw,nosuid,nodev,noatime,errors=remount-ro","/tmp/pigment-db-durability-bench","pigment_db","buffered","key_map","file","successful_remove","8","32","5","5","15872","101545094","156304.941724","139728","0"
"candidate-protocol-v3-20260807-145653","6d7edc7c29a60a94c59effeeb2b78d8b95038135","default-hasher:f584ad292ec9898a","rustc 1.97.0 (2d8144b78 2026-07-07)","x86_64-unknown-linux-gnu","Linux 7.0.11-76070011-generic x86_64","Intel(R) Core(TM) Ultra 7 155H","/dev/nvme0n1p3[/tmp] ext4   rw,nosuid,nodev,noatime,errors=remount-ro","/tmp/pigment-db-durability-bench","pigment_db","buffered","key_map","file","successful_remove","8","32","5","6","14848","100207800","148172.098380","146060","0"
"candidate-protocol-v3-20260807-145653","6d7edc7c29a60a94c59effeeb2b78d8b95038135","default-hasher:f584ad292ec9898a","rustc 1.97.0 (2d8144b78 2026-07-07)","x86_64-unknown-linux-gnu","Linux 7.0.11-76070011-generic x86_64","Intel(R) Core(TM) Ultra 7 155H","/dev/nvme0n1p3[/tmp] ext4   rw,nosuid,nodev,noatime,errors=remount-ro","/tmp/pigment-db-durability-bench","pigment_db","buffered","key_map","file","successful_remove","8","32","5","7","15872","101240227","156775.626353","133584","0"
"candidate-protocol-v3-20260807-145653","6d7edc7c29a60a94c59effeeb2b78d8b95038135","default-hasher:f584ad292ec9898a","rustc 1.97.0 (2d8144b78 2026-07-07)","x86_64-unknown-linux-gnu","Linux 7.0.11-76070011-generic x86_64","Intel(R) Core(TM) Ultra 7 155H","/dev/nvme0n1p3[/tmp] ext4   rw,nosuid,nodev,noatime,errors=remount-ro","/tmp/pigment-db-durability-bench","pigment_db","buffered","key_map","file","successful_remove","8","32","5","8","15872","100212369","158383.642243","135111","0"
"candidate-protocol-v3-20260807-145653","6d7edc7c29a60a94c59effeeb2b78d8b95038135","default-hasher:f584ad292ec9898a","rustc 1.97.0 (2d8144b78 2026-07-07)","x86_64-unknown-linux-gnu","Linux 7.0.11-76070011-generic x86_64","Intel(R) Core(TM) Ultra 7 155H","/dev/nvme0n1p3[/tmp] ext4   rw,nosuid,nodev,noatime,errors=remount-ro","/tmp/pigment-db-durability-bench","pigment_db","buffered","key_map","file","successful_remove","8","32","5","9","14848","100754506","147368.098852","145513","0"
"candidate-protocol-v3-20260807-145653","6d7edc7c29a60a94c59effeeb2b78d8b95038135","default-hasher:f584ad292ec9898a","rustc 1.97.0 (2d8144b78 2026-07-07)","x86_64-unknown-linux-gnu","Linux 7.0.11-76070011-generic x86_64","Intel(R) Core(TM) Ultra 7 155H","/dev/nvme0n1p3[/tmp] ext4   rw,nosuid,nodev,noatime,errors=remount-ro","/tmp/pigment-db-durability-bench","pigment_db","buffered","key_map","file","successful_remove","8","32","5","10","15872","102870212","154291.506661","145168","0"
"candidate-protocol-v3-20260807-145653","6d7edc7c29a60a94c59effeeb2b78d8b95038135","default-hasher:f584ad292ec9898a","rustc 1.97.0 (2d8144b78 2026-07-07)","x86_64-unknown-linux-gnu","Linux 7.0.11-76070011-generic x86_64","Intel(R) Core(TM) Ultra 7 155H","/dev/nvme0n1p3[/tmp] ext4   rw,nosuid,nodev,noatime,errors=remount-ro","/tmp/pigment-db-durability-bench","pigment_db","buffered","key_map","file","minimal_callback","1","32","5","0","29376","100070535","293552.942432","5072","0"
"candidate-protocol-v3-20260807-145653","6d7edc7c29a60a94c59effeeb2b78d8b95038135","default-hasher:f584ad292ec9898a","rustc 1.97.0 (2d8144b78 2026-07-07)","x86_64-unknown-linux-gnu","Linux 7.0.11-76070011-generic x86_64","Intel(R) Core(TM) Ultra 7 155H","/dev/nvme0n1p3[/tmp] ext4   rw,nosuid,nodev,noatime,errors=remount-ro","/tmp/pigment-db-durability-bench","pigment_db","buffered","key_map","file","minimal_callback","1","32","5","1","30912","100204726","308488.443948","4964","0"
"candidate-protocol-v3-20260807-145653","6d7edc7c29a60a94c59effeeb2b78d8b95038135","default-hasher:f584ad292ec9898a","rustc 1.97.0 (2d8144b78 2026-07-07)","x86_64-unknown-linux-gnu","Linux 7.0.11-76070011-generic x86_64","Intel(R) Core(TM) Ultra 7 155H","/dev/nvme0n1p3[/tmp] ext4   rw,nosuid,nodev,noatime,errors=remount-ro","/tmp/pigment-db-durability-bench","pigment_db","buffered","key_map","file","minimal_callback","1","32","5","2","30784","100109795","307502.377764","5039","0"
"candidate-protocol-v3-20260807-145653","6d7edc7c29a60a94c59effeeb2b78d8b95038135","default-hasher:f584ad292ec9898a","rustc 1.97.0 (2d8144b78 2026-07-07)","x86_64-unknown-linux-gnu","Linux 7.0.11-76070011-generic x86_64","Intel(R) Core(TM) Ultra 7 155H","/dev/nvme0n1p3[/tmp] ext4   rw,nosuid,nodev,noatime,errors=remount-ro","/tmp/pigment-db-durability-bench","pigment_db","buffered","key_map","file","minimal_callback","1","32","5","3","32320","100019491","323137.017364","4941","0"
"candidate-protocol-v3-20260807-145653","6d7edc7c29a60a94c59effeeb2b78d8b95038135","default-hasher:f584ad292ec9898a","rustc 1.97.0 (2d8144b78 2026-07-07)","x86_64-unknown-linux-gnu","Linux 7.0.11-76070011-generic x86_64","Intel(R) Core(TM) Ultra 7 155H","/dev/nvme0n1p3[/tmp] ext4   rw,nosuid,nodev,noatime,errors=remount-ro","/tmp/pigment-db-durability-bench","pigment_db","buffered","key_map","file","minimal_callback","1","32","5","4","30976","100080803","309509.906710","4964","0"
"candidate-protocol-v3-20260807-145653","6d7edc7c29a60a94c59effeeb2b78d8b95038135","default-hasher:f584ad292ec9898a","rustc 1.97.0 (2d8144b78 2026-07-07)","x86_64-unknown-linux-gnu","Linux 7.0.11-76070011-generic x86_64","Intel(R) Core(TM) Ultra 7 155H","/dev/nvme0n1p3[/tmp] ext4   rw,nosuid,nodev,noatime,errors=remount-ro","/tmp/pigment-db-durability-bench","pigment_db","buffered","key_map","file","minimal_callback","1","32","5","5","28352","100063242","283340.809605","5036","0"
"candidate-protocol-v3-20260807-145653","6d7edc7c29a60a94c59effeeb2b78d8b95038135","default-hasher:f584ad292ec9898a","rustc 1.97.0 (2d8144b78 2026-07-07)","x86_64-unknown-linux-gnu","Linux 7.0.11-76070011-generic x86_64","Intel(R) Core(TM) Ultra 7 155H","/dev/nvme0n1p3[/tmp] ext4   rw,nosuid,nodev,noatime,errors=remount-ro","/tmp/pigment-db-durability-bench","pigment_db","buffered","key_map","file","minimal_callback","1","32","5","6","29632","100015274","296274.746995","5184","0"
"candidate-protocol-v3-20260807-145653","6d7edc7c29a60a94c59effeeb2b78d8b95038135","default-hasher:f584ad292ec9898a","rustc 1.97.0 (2d8144b78 2026-07-07)","x86_64-unknown-linux-gnu","Linux 7.0.11-76070011-generic x86_64","Intel(R) Core(TM) Ultra 7 155H","/dev/nvme0n1p3[/tmp] ext4   rw,nosuid,nodev,noatime,errors=remount-ro","/tmp/pigment-db-durability-bench","pigment_db","buffered","key_map","file","minimal_callback","1","32","5","7","32000","100047602","319847.746076","4884","0"
"candidate-protocol-v3-20260807-145653","6d7edc7c29a60a94c59effeeb2b78d8b95038135","default-hasher:f584ad292ec9898a","rustc 1.97.0 (2d8144b78 2026-07-07)","x86_64-unknown-linux-gnu","Linux 7.0.11-76070011-generic x86_64","Intel(R) Core(TM) Ultra 7 155H","/dev/nvme0n1p3[/tmp] ext4   rw,nosuid,nodev,noatime,errors=remount-ro","/tmp/pigment-db-durability-bench","pigment_db","buffered","key_map","file","minimal_callback","1","32","5","8","31360","100172090","313061.252890","4968","0"
"candidate-protocol-v3-20260807-145653","6d7edc7c29a60a94c59effeeb2b78d8b95038135","default-hasher:f584ad292ec9898a","rustc 1.97.0 (2d8144b78 2026-07-07)","x86_64-unknown-linux-gnu","Linux 7.0.11-76070011-generic x86_64","Intel(R) Core(TM) Ultra 7 155H","/dev/nvme0n1p3[/tmp] ext4   rw,nosuid,nodev,noatime,errors=remount-ro","/tmp/pigment-db-durability-bench","pigment_db","buffered","key_map","file","minimal_callback","1","32","5","9","28096","100191006","280424.372623","5278","0"
"candidate-protocol-v3-20260807-145653","6d7edc7c29a60a94c59effeeb2b78d8b95038135","default-hasher:f584ad292ec9898a","rustc 1.97.0 (2d8144b78 2026-07-07)","x86_64-unknown-linux-gnu","Linux 7.0.11-76070011-generic x86_64","Intel(R) Core(TM) Ultra 7 155H","/dev/nvme0n1p3[/tmp] ext4   rw,nosuid,nodev,noatime,errors=remount-ro","/tmp/pigment-db-durability-bench","pigment_db","buffered","key_map","file","minimal_callback","1","32","5","10","26880","100000960","268797.419545","5199","0"
"candidate-protocol-v3-20260807-145653","6d7edc7c29a60a94c59effeeb2b78d8b95038135","default-hasher:f584ad292ec9898a","rustc 1.97.0 (2d8144b78 2026-07-07)","x86_64-unknown-linux-gnu","Linux 7.0.11-76070011-generic x86_64","Intel(R) Core(TM) Ultra 7 155H","/dev/nvme0n1p3[/tmp] ext4   rw,nosuid,nodev,noatime,errors=remount-ro","/tmp/pigment-db-durability-bench","pigment_db","buffered","key_map","file","minimal_callback","8","32","5","0","13312","102650851","129682.315055","169947","0"
"candidate-protocol-v3-20260807-145653","6d7edc7c29a60a94c59effeeb2b78d8b95038135","default-hasher:f584ad292ec9898a","rustc 1.97.0 (2d8144b78 2026-07-07)","x86_64-unknown-linux-gnu","Linux 7.0.11-76070011-generic x86_64","Intel(R) Core(TM) Ultra 7 155H","/dev/nvme0n1p3[/tmp] ext4   rw,nosuid,nodev,noatime,errors=remount-ro","/tmp/pigment-db-durability-bench","pigment_db","buffered","key_map","file","minimal_callback","8","32","5","1","13312","103615252","128475.294351","168317","0"
"candidate-protocol-v3-20260807-145653","6d7edc7c29a60a94c59effeeb2b78d8b95038135","default-hasher:f584ad292ec9898a","rustc 1.97.0 (2d8144b78 2026-07-07)","x86_64-unknown-linux-gnu","Linux 7.0.11-76070011-generic x86_64","Intel(R) Core(TM) Ultra 7 155H","/dev/nvme0n1p3[/tmp] ext4   rw,nosuid,nodev,noatime,errors=remount-ro","/tmp/pigment-db-durability-bench","pigment_db","buffered","key_map","file","minimal_callback","8","32","5","2","13824","104054799","132853.074850","160764","0"
"candidate-protocol-v3-20260807-145653","6d7edc7c29a60a94c59effeeb2b78d8b95038135","default-hasher:f584ad292ec9898a","rustc 1.97.0 (2d8144b78 2026-07-07)","x86_64-unknown-linux-gnu","Linux 7.0.11-76070011-generic x86_64","Intel(R) Core(TM) Ultra 7 155H","/dev/nvme0n1p3[/tmp] ext4   rw,nosuid,nodev,noatime,errors=remount-ro","/tmp/pigment-db-durability-bench","pigment_db","buffered","key_map","file","minimal_callback","8","32","5","3","12288","102085976","120369.128861","180961","0"
"candidate-protocol-v3-20260807-145653","6d7edc7c29a60a94c59effeeb2b78d8b95038135","default-hasher:f584ad292ec9898a","rustc 1.97.0 (2d8144b78 2026-07-07)","x86_64-unknown-linux-gnu","Linux 7.0.11-76070011-generic x86_64","Intel(R) Core(TM) Ultra 7 155H","/dev/nvme0n1p3[/tmp] ext4   rw,nosuid,nodev,noatime,errors=remount-ro","/tmp/pigment-db-durability-bench","pigment_db","buffered","key_map","file","minimal_callback","8","32","5","4","11264","100106062","112520.658339","171338","0"
"candidate-protocol-v3-20260807-145653","6d7edc7c29a60a94c59effeeb2b78d8b95038135","default-hasher:f584ad292ec9898a","rustc 1.97.0 (2d8144b78 2026-07-07)","x86_64-unknown-linux-gnu","Linux 7.0.11-76070011-generic x86_64","Intel(R) Core(TM) Ultra 7 155H","/dev/nvme0n1p3[/tmp] ext4   rw,nosuid,nodev,noatime,errors=remount-ro","/tmp/pigment-db-durability-bench","pigment_db","buffered","key_map","file","minimal_callback","8","32","5","5","12288","100797658","121907.594321","180722","0"
"candidate-protocol-v3-20260807-145653","6d7edc7c29a60a94c59effeeb2b78d8b95038135","default-hasher:f584ad292ec9898a","rustc 1.97.0 (2d8144b78 2026-07-07)","x86_64-unknown-linux-gnu","Linux 7.0.11-76070011-generic x86_64","Intel(R) Core(TM) Ultra 7 155H","/dev/nvme0n1p3[/tmp] ext4   rw,nosuid,nodev,noatime,errors=remount-ro","/tmp/pigment-db-durability-bench","pigment_db","buffered","key_map","file","minimal_callback","8","32","5","6","11776","103543675","113729.786006","157790","0"
"candidate-protocol-v3-20260807-145653","6d7edc7c29a60a94c59effeeb2b78d8b95038135","default-hasher:f584ad292ec9898a","rustc 1.97.0 (2d8144b78 2026-07-07)","x86_64-unknown-linux-gnu","Linux 7.0.11-76070011-generic x86_64","Intel(R) Core(TM) Ultra 7 155H","/dev/nvme0n1p3[/tmp] ext4   rw,nosuid,nodev,noatime,errors=remount-ro","/tmp/pigment-db-durability-bench","pigment_db","buffered","key_map","file","minimal_callback","8","32","5","7","12288","102759564","119580.110324","190702","0"
"candidate-protocol-v3-20260807-145653","6d7edc7c29a60a94c59effeeb2b78d8b95038135","default-hasher:f584ad292ec9898a","rustc 1.97.0 (2d8144b78 2026-07-07)","x86_64-unknown-linux-gnu","Linux 7.0.11-76070011-generic x86_64","Intel(R) Core(TM) Ultra 7 155H","/dev/nvme0n1p3[/tmp] ext4   rw,nosuid,nodev,noatime,errors=remount-ro","/tmp/pigment-db-durability-bench","pigment_db","buffered","key_map","file","minimal_callback","8","32","5","8","12288","100980315","121687.083270","182964","0"
"candidate-protocol-v3-20260807-145653","6d7edc7c29a60a94c59effeeb2b78d8b95038135","default-hasher:f584ad292ec9898a","rustc 1.97.0 (2d8144b78 2026-07-07)","x86_64-unknown-linux-gnu","Linux 7.0.11-76070011-generic x86_64","Intel(R) Core(TM) Ultra 7 155H","/dev/nvme0n1p3[/tmp] ext4   rw,nosuid,nodev,noatime,errors=remount-ro","/tmp/pigment-db-durability-bench","pigment_db","buffered","key_map","file","minimal_callback","8","32","5","9","11776","101528389","115987.263424","185016","0"
"candidate-protocol-v3-20260807-145653","6d7edc7c29a60a94c59effeeb2b78d8b95038135","default-hasher:f584ad292ec9898a","rustc 1.97.0 (2d8144b78 2026-07-07)","x86_64-unknown-linux-gnu","Linux 7.0.11-76070011-generic x86_64","Intel(R) Core(TM) Ultra 7 155H","/dev/nvme0n1p3[/tmp] ext4   rw,nosuid,nodev,noatime,errors=remount-ro","/tmp/pigment-db-durability-bench","pigment_db","buffered","key_map","file","minimal_callback","8","32","5","10","12288","100525580","122237.543917","173142","0"
"candidate-protocol-v3-20260807-145653","6d7edc7c29a60a94c59effeeb2b78d8b95038135","default-hasher:f584ad292ec9898a","rustc 1.97.0 (2d8144b78 2026-07-07)","x86_64-unknown-linux-gnu","Linux 7.0.11-76070011-generic x86_64","Intel(R) Core(TM) Ultra 7 155H","/dev/nvme0n1p3[/tmp] ext4   rw,nosuid,nodev,noatime,errors=remount-ro","/tmp/pigment-db-durability-bench","pigment_db","physical","key_value","file","ordinary_write","1","32","5","0","1024","1048723200","976.425429","1071631","0"
"candidate-protocol-v3-20260807-145653","6d7edc7c29a60a94c59effeeb2b78d8b95038135","default-hasher:f584ad292ec9898a","rustc 1.97.0 (2d8144b78 2026-07-07)","x86_64-unknown-linux-gnu","Linux 7.0.11-76070011-generic x86_64","Intel(R) Core(TM) Ultra 7 155H","/dev/nvme0n1p3[/tmp] ext4   rw,nosuid,nodev,noatime,errors=remount-ro","/tmp/pigment-db-durability-bench","pigment_db","physical","key_value","file","ordinary_write","1","32","5","1","1024","1063473743","962.882259","1075716","0"
"candidate-protocol-v3-20260807-145653","6d7edc7c29a60a94c59effeeb2b78d8b95038135","default-hasher:f584ad292ec9898a","rustc 1.97.0 (2d8144b78 2026-07-07)","x86_64-unknown-linux-gnu","Linux 7.0.11-76070011-generic x86_64","Intel(R) Core(TM) Ultra 7 155H","/dev/nvme0n1p3[/tmp] ext4   rw,nosuid,nodev,noatime,errors=remount-ro","/tmp/pigment-db-durability-bench","pigment_db","physical","key_value","file","ordinary_write","1","32","5","2","1024","1078356091","949.593561","1096914","0"
"candidate-protocol-v3-20260807-145653","6d7edc7c29a60a94c59effeeb2b78d8b95038135","default-hasher:f584ad292ec9898a","rustc 1.97.0 (2d8144b78 2026-07-07)","x86_64-unknown-linux-gnu","Linux 7.0.11-76070011-generic x86_64","Intel(R) Core(TM) Ultra 7 155H","/dev/nvme0n1p3[/tmp] ext4   rw,nosuid,nodev,noatime,errors=remount-ro","/tmp/pigment-db-durability-bench","pigment_db","physical","key_value","file","ordinary_write","1","32","5","3","1024","1061421417","964.744053","1054664","0"
"candidate-protocol-v3-20260807-145653","6d7edc7c29a60a94c59effeeb2b78d8b95038135","default-hasher:f584ad292ec9898a","rustc 1.97.0 (2d8144b78 2026-07-07)","x86_64-unknown-linux-gnu","Linux 7.0.11-76070011-generic x86_64","Intel(R) Core(TM) Ultra 7 155H","/dev/nvme0n1p3[/tmp] ext4   rw,nosuid,nodev,noatime,errors=remount-ro","/tmp/pigment-db-durability-bench","pigment_db","physical","key_value","file","ordinary_write","1","32","5","4","1024","1077018201","950.773162","1033180","0"
"candidate-protocol-v3-20260807-145653","6d7edc7c29a60a94c59effeeb2b78d8b95038135","default-hasher:f584ad292ec9898a","rustc 1.97.0 (2d8144b78 2026-07-07)","x86_64-unknown-linux-gnu","Linux 7.0.11-76070011-generic x86_64","Intel(R) Core(TM) Ultra 7 155H","/dev/nvme0n1p3[/tmp] ext4   rw,nosuid,nodev,noatime,errors=remount-ro","/tmp/pigment-db-durability-bench","pigment_db","physical","key_value","file","ordinary_write","1","32","5","5","1024","1045179747","979.735785","1019423","0"
"candidate-protocol-v3-20260807-145653","6d7edc7c29a60a94c59effeeb2b78d8b95038135","default-hasher:f584ad292ec9898a","rustc 1.97.0 (2d8144b78 2026-07-07)","x86_64-unknown-linux-gnu","Linux 7.0.11-76070011-generic x86_64","Intel(R) Core(TM) Ultra 7 155H","/dev/nvme0n1p3[/tmp] ext4   rw,nosuid,nodev,noatime,errors=remount-ro","/tmp/pigment-db-durability-bench","pigment_db","physical","key_value","file","ordinary_write","1","32","5","6","1024","1051816154","973.554167","1047416","0"
"candidate-protocol-v3-20260807-145653","6d7edc7c29a60a94c59effeeb2b78d8b95038135","default-hasher:f584ad292ec9898a","rustc 1.97.0 (2d8144b78 2026-07-07)","x86_64-unknown-linux-gnu","Linux 7.0.11-76070011-generic x86_64","Intel(R) Core(TM) Ultra 7 155H","/dev/nvme0n1p3[/tmp] ext4   rw,nosuid,nodev,noatime,errors=remount-ro","/tmp/pigment-db-durability-bench","pigment_db","physical","key_value","file","ordinary_write","1","32","5","7","1024","1055440299","970.211201","1054369","0"
"candidate-protocol-v3-20260807-145653","6d7edc7c29a60a94c59effeeb2b78d8b95038135","default-hasher:f584ad292ec9898a","rustc 1.97.0 (2d8144b78 2026-07-07)","x86_64-unknown-linux-gnu","Linux 7.0.11-76070011-generic x86_64","Intel(R) Core(TM) Ultra 7 155H","/dev/nvme0n1p3[/tmp] ext4   rw,nosuid,nodev,noatime,errors=remount-ro","/tmp/pigment-db-durability-bench","pigment_db","physical","key_value","file","ordinary_write","1","32","5","8","1024","1094061400","935.962095","1186952","0"
"candidate-protocol-v3-20260807-145653","6d7edc7c29a60a94c59effeeb2b78d8b95038135","default-hasher:f584ad292ec9898a","rustc 1.97.0 (2d8144b78 2026-07-07)","x86_64-unknown-linux-gnu","Linux 7.0.11-76070011-generic x86_64","Intel(R) Core(TM) Ultra 7 155H","/dev/nvme0n1p3[/tmp] ext4   rw,nosuid,nodev,noatime,errors=remount-ro","/tmp/pigment-db-durability-bench","pigment_db","physical","key_value","file","ordinary_write","1","32","5","9","1024","1070686074","956.396114","1158198","0"
"candidate-protocol-v3-20260807-145653","6d7edc7c29a60a94c59effeeb2b78d8b95038135","default-hasher:f584ad292ec9898a","rustc 1.97.0 (2d8144b78 2026-07-07)","x86_64-unknown-linux-gnu","Linux 7.0.11-76070011-generic x86_64","Intel(R) Core(TM) Ultra 7 155H","/dev/nvme0n1p3[/tmp] ext4   rw,nosuid,nodev,noatime,errors=remount-ro","/tmp/pigment-db-durability-bench","pigment_db","physical","key_value","file","ordinary_write","1","32","5","10","1024","1050507601","974.766864","1047834","0"
"candidate-protocol-v3-20260807-145653","6d7edc7c29a60a94c59effeeb2b78d8b95038135","default-hasher:f584ad292ec9898a","rustc 1.97.0 (2d8144b78 2026-07-07)","x86_64-unknown-linux-gnu","Linux 7.0.11-76070011-generic x86_64","Intel(R) Core(TM) Ultra 7 155H","/dev/nvme0n1p3[/tmp] ext4   rw,nosuid,nodev,noatime,errors=remount-ro","/tmp/pigment-db-durability-bench","pigment_db","physical","key_value","file","ordinary_write","8","32","5","0","1024","1088655591","940.609692","12427351","0"
"candidate-protocol-v3-20260807-145653","6d7edc7c29a60a94c59effeeb2b78d8b95038135","default-hasher:f584ad292ec9898a","rustc 1.97.0 (2d8144b78 2026-07-07)","x86_64-unknown-linux-gnu","Linux 7.0.11-76070011-generic x86_64","Intel(R) Core(TM) Ultra 7 155H","/dev/nvme0n1p3[/tmp] ext4   rw,nosuid,nodev,noatime,errors=remount-ro","/tmp/pigment-db-durability-bench","pigment_db","physical","key_value","file","ordinary_write","8","32","5","1","1024","1109519512","922.922030","13072173","0"
"candidate-protocol-v3-20260807-145653","6d7edc7c29a60a94c59effeeb2b78d8b95038135","default-hasher:f584ad292ec9898a","rustc 1.97.0 (2d8144b78 2026-07-07)","x86_64-unknown-linux-gnu","Linux 7.0.11-76070011-generic x86_64","Intel(R) Core(TM) Ultra 7 155H","/dev/nvme0n1p3[/tmp] ext4   rw,nosuid,nodev,noatime,errors=remount-ro","/tmp/pigment-db-durability-bench","pigment_db","physical","key_value","file","ordinary_write","8","32","5","2","1024","1156103373","885.733944","13291350","0"
"candidate-protocol-v3-20260807-145653","6d7edc7c29a60a94c59effeeb2b78d8b95038135","default-hasher:f584ad292ec9898a","rustc 1.97.0 (2d8144b78 2026-07-07)","x86_64-unknown-linux-gnu","Linux 7.0.11-76070011-generic x86_64","Intel(R) Core(TM) Ultra 7 155H","/dev/nvme0n1p3[/tmp] ext4   rw,nosuid,nodev,noatime,errors=remount-ro","/tmp/pigment-db-durability-bench","pigment_db","physical","key_value","file","ordinary_write","8","32","5","3","1024","1135071697","902.145655","13479383","0"
"candidate-protocol-v3-20260807-145653","6d7edc7c29a60a94c59effeeb2b78d8b95038135","default-hasher:f584ad292ec9898a","rustc 1.97.0 (2d8144b78 2026-07-07)","x86_64-unknown-linux-gnu","Linux 7.0.11-76070011-generic x86_64","Intel(R) Core(TM) Ultra 7 155H","/dev/nvme0n1p3[/tmp] ext4   rw,nosuid,nodev,noatime,errors=remount-ro","/tmp/pigment-db-durability-bench","pigment_db","physical","key_value","file","ordinary_write","8","32","5","4","1024","1083460068","945.120204","12974496","0"
"candidate-protocol-v3-20260807-145653","6d7edc7c29a60a94c59effeeb2b78d8b95038135","default-hasher:f584ad292ec9898a","rustc 1.97.0 (2d8144b78 2026-07-07)","x86_64-unknown-linux-gnu","Linux 7.0.11-76070011-generic x86_64","Intel(R) Core(TM) Ultra 7 155H","/dev/nvme0n1p3[/tmp] ext4   rw,nosuid,nodev,noatime,errors=remount-ro","/tmp/pigment-db-durability-bench","pigment_db","physical","key_value","file","ordinary_write","8","32","5","5","1024","1117502318","916.329195","13043627","0"
"candidate-protocol-v3-20260807-145653","6d7edc7c29a60a94c59effeeb2b78d8b95038135","default-hasher:f584ad292ec9898a","rustc 1.97.0 (2d8144b78 2026-07-07)","x86_64-unknown-linux-gnu","Linux 7.0.11-76070011-generic x86_64","Intel(R) Core(TM) Ultra 7 155H","/dev/nvme0n1p3[/tmp] ext4   rw,nosuid,nodev,noatime,errors=remount-ro","/tmp/pigment-db-durability-bench","pigment_db","physical","key_value","file","ordinary_write","8","32","5","6","1024","1083588571","945.008122","10967487","0"
"candidate-protocol-v3-20260807-145653","6d7edc7c29a60a94c59effeeb2b78d8b95038135","default-hasher:f584ad292ec9898a","rustc 1.97.0 (2d8144b78 2026-07-07)","x86_64-unknown-linux-gnu","Linux 7.0.11-76070011-generic x86_64","Intel(R) Core(TM) Ultra 7 155H","/dev/nvme0n1p3[/tmp] ext4   rw,nosuid,nodev,noatime,errors=remount-ro","/tmp/pigment-db-durability-bench","pigment_db","physical","key_value","file","ordinary_write","8","32","5","7","1024","1088822611","940.465407","11088405","0"
"candidate-protocol-v3-20260807-145653","6d7edc7c29a60a94c59effeeb2b78d8b95038135","default-hasher:f584ad292ec9898a","rustc 1.97.0 (2d8144b78 2026-07-07)","x86_64-unknown-linux-gnu","Linux 7.0.11-76070011-generic x86_64","Intel(R) Core(TM) Ultra 7 155H","/dev/nvme0n1p3[/tmp] ext4   rw,nosuid,nodev,noatime,errors=remount-ro","/tmp/pigment-db-durability-bench","pigment_db","physical","key_value","file","ordinary_write","8","32","5","8","1024","1128270572","907.583717","12950842","0"
"candidate-protocol-v3-20260807-145653","6d7edc7c29a60a94c59effeeb2b78d8b95038135","default-hasher:f584ad292ec9898a","rustc 1.97.0 (2d8144b78 2026-07-07)","x86_64-unknown-linux-gnu","Linux 7.0.11-76070011-generic x86_64","Intel(R) Core(TM) Ultra 7 155H","/dev/nvme0n1p3[/tmp] ext4   rw,nosuid,nodev,noatime,errors=remount-ro","/tmp/pigment-db-durability-bench","pigment_db","physical","key_value","file","ordinary_write","8","32","5","9","1024","1114513993","918.786131","11846884","0"
"candidate-protocol-v3-20260807-145653","6d7edc7c29a60a94c59effeeb2b78d8b95038135","default-hasher:f584ad292ec9898a","rustc 1.97.0 (2d8144b78 2026-07-07)","x86_64-unknown-linux-gnu","Linux 7.0.11-76070011-generic x86_64","Intel(R) Core(TM) Ultra 7 155H","/dev/nvme0n1p3[/tmp] ext4   rw,nosuid,nodev,noatime,errors=remount-ro","/tmp/pigment-db-durability-bench","pigment_db","physical","key_value","file","ordinary_write","8","32","5","10","1024","1106733183","925.245593","12003393","0"
"candidate-protocol-v3-20260807-145653","6d7edc7c29a60a94c59effeeb2b78d8b95038135","default-hasher:f584ad292ec9898a","rustc 1.97.0 (2d8144b78 2026-07-07)","x86_64-unknown-linux-gnu","Linux 7.0.11-76070011-generic x86_64","Intel(R) Core(TM) Ultra 7 155H","/dev/nvme0n1p3[/tmp] ext4   rw,nosuid,nodev,noatime,errors=remount-ro","/tmp/pigment-db-durability-bench","pigment_db","physical","key_value","file","successful_remove","1","32","5","0","1024","1067417494","959.324731","1112844","0"
"candidate-protocol-v3-20260807-145653","6d7edc7c29a60a94c59effeeb2b78d8b95038135","default-hasher:f584ad292ec9898a","rustc 1.97.0 (2d8144b78 2026-07-07)","x86_64-unknown-linux-gnu","Linux 7.0.11-76070011-generic x86_64","Intel(R) Core(TM) Ultra 7 155H","/dev/nvme0n1p3[/tmp] ext4   rw,nosuid,nodev,noatime,errors=remount-ro","/tmp/pigment-db-durability-bench","pigment_db","physical","key_value","file","successful_remove","1","32","5","1","1024","1088779207","940.502898","1106541","0"
"candidate-protocol-v3-20260807-145653","6d7edc7c29a60a94c59effeeb2b78d8b95038135","default-hasher:f584ad292ec9898a","rustc 1.97.0 (2d8144b78 2026-07-07)","x86_64-unknown-linux-gnu","Linux 7.0.11-76070011-generic x86_64","Intel(R) Core(TM) Ultra 7 155H","/dev/nvme0n1p3[/tmp] ext4   rw,nosuid,nodev,noatime,errors=remount-ro","/tmp/pigment-db-durability-bench","pigment_db","physical","key_value","file","successful_remove","1","32","5","2","1024","1080315356","947.871373","1100276","0"
"candidate-protocol-v3-20260807-145653","6d7edc7c29a60a94c59effeeb2b78d8b95038135","default-hasher:f584ad292ec9898a","rustc 1.97.0 (2d8144b78 2026-07-07)","x86_64-unknown-linux-gnu","Linux 7.0.11-76070011-generic x86_64","Intel(R) Core(TM) Ultra 7 155H","/dev/nvme0n1p3[/tmp] ext4   rw,nosuid,nodev,noatime,errors=remount-ro","/tmp/pigment-db-durability-bench","pigment_db","physical","key_value","file","successful_remove","1","32","5","3","1024","1076656516","951.092558","1112280","0"
"candidate-protocol-v3-20260807-145653","6d7edc7c29a60a94c59effeeb2b78d8b95038135","default-hasher:f584ad292ec9898a","rustc 1.97.0 (2d8144b78 2026-07-07)","x86_64-unknown-linux-gnu","Linux 7.0.11-76070011-generic x86_64","Intel(R) Core(TM) Ultra 7 155H","/dev/nvme0n1p3[/tmp] ext4   rw,nosuid,nodev,noatime,errors=remount-ro","/tmp/pigment-db-durability-bench","pigment_db","physical","key_value","file","successful_remove","1","32","5","4","1024","1089934125","939.506321","1163597","0"
"candidate-protocol-v3-20260807-145653","6d7edc7c29a60a94c59effeeb2b78d8b95038135","default-hasher:f584ad292ec9898a","rustc 1.97.0 (2d8144b78 2026-07-07)","x86_64-unknown-linux-gnu","Linux 7.0.11-76070011-generic x86_64","Intel(R) Core(TM) Ultra 7 155H","/dev/nvme0n1p3[/tmp] ext4   rw,nosuid,nodev,noatime,errors=remount-ro","/tmp/pigment-db-durability-bench","pigment_db","physical","key_value","file","successful_remove","1","32","5","5","1024","1073743391","953.672925","1060031","0"
"candidate-protocol-v3-20260807-145653","6d7edc7c29a60a94c59effeeb2b78d8b95038135","default-hasher:f584ad292ec9898a","rustc 1.97.0 (2d8144b78 2026-07-07)","x86_64-unknown-linux-gnu","Linux 7.0.11-76070011-generic x86_64","Intel(R) Core(TM) Ultra 7 155H","/dev/nvme0n1p3[/tmp] ext4   rw,nosuid,nodev,noatime,errors=remount-ro","/tmp/pigment-db-durability-bench","pigment_db","physical","key_value","file","successful_remove","1","32","5","6","1024","1083968349","944.677029","1075764","0"
"candidate-protocol-v3-20260807-145653","6d7edc7c29a60a94c59effeeb2b78d8b95038135","default-hasher:f584ad292ec9898a","rustc 1.97.0 (2d8144b78 2026-07-07)","x86_64-unknown-linux-gnu","Linux 7.0.11-76070011-generic x86_64","Intel(R) Core(TM) Ultra 7 155H","/dev/nvme0n1p3[/tmp] ext4   rw,nosuid,nodev,noatime,errors=remount-ro","/tmp/pigment-db-durability-bench","pigment_db","physical","key_value","file","successful_remove","1","32","5","7","1024","1074511511","952.991187","1054393","0"
"candidate-protocol-v3-20260807-145653","6d7edc7c29a60a94c59effeeb2b78d8b95038135","default-hasher:f584ad292ec9898a","rustc 1.97.0 (2d8144b78 2026-07-07)","x86_64-unknown-linux-gnu","Linux 7.0.11-76070011-generic x86_64","Intel(R) Core(TM) Ultra 7 155H","/dev/nvme0n1p3[/tmp] ext4   rw,nosuid,nodev,noatime,errors=remount-ro","/tmp/pigment-db-durability-bench","pigment_db","physical","key_value","file","successful_remove","1","32","5","8","1024","1082806463","945.690698","1070450","0"
"candidate-protocol-v3-20260807-145653","6d7edc7c29a60a94c59effeeb2b78d8b95038135","default-hasher:f584ad292ec9898a","rustc 1.97.0 (2d8144b78 2026-07-07)","x86_64-unknown-linux-gnu","Linux 7.0.11-76070011-generic x86_64","Intel(R) Core(TM) Ultra 7 155H","/dev/nvme0n1p3[/tmp] ext4   rw,nosuid,nodev,noatime,errors=remount-ro","/tmp/pigment-db-durability-bench","pigment_db","physical","key_value","file","successful_remove","1","32","5","9","1024","1070443312","956.613011","1066489","0"
"candidate-protocol-v3-20260807-145653","6d7edc7c29a60a94c59effeeb2b78d8b95038135","default-hasher:f584ad292ec9898a","rustc 1.97.0 (2d8144b78 2026-07-07)","x86_64-unknown-linux-gnu","Linux 7.0.11-76070011-generic x86_64","Intel(R) Core(TM) Ultra 7 155H","/dev/nvme0n1p3[/tmp] ext4   rw,nosuid,nodev,noatime,errors=remount-ro","/tmp/pigment-db-durability-bench","pigment_db","physical","key_value","file","successful_remove","1","32","5","10","1024","1052415429","972.999798","1028280","0"
"candidate-protocol-v3-20260807-145653","6d7edc7c29a60a94c59effeeb2b78d8b95038135","default-hasher:f584ad292ec9898a","rustc 1.97.0 (2d8144b78 2026-07-07)","x86_64-unknown-linux-gnu","Linux 7.0.11-76070011-generic x86_64","Intel(R) Core(TM) Ultra 7 155H","/dev/nvme0n1p3[/tmp] ext4   rw,nosuid,nodev,noatime,errors=remount-ro","/tmp/pigment-db-durability-bench","pigment_db","physical","key_value","file","successful_remove","8","32","5","0","1024","1094991419","935.167146","11215752","0"
"candidate-protocol-v3-20260807-145653","6d7edc7c29a60a94c59effeeb2b78d8b95038135","default-hasher:f584ad292ec9898a","rustc 1.97.0 (2d8144b78 2026-07-07)","x86_64-unknown-linux-gnu","Linux 7.0.11-76070011-generic x86_64","Intel(R) Core(TM) Ultra 7 155H","/dev/nvme0n1p3[/tmp] ext4   rw,nosuid,nodev,noatime,errors=remount-ro","/tmp/pigment-db-durability-bench","pigment_db","physical","key_value","file","successful_remove","8","32","5","1","1024","1108547099","923.731613","13876792","0"
"candidate-protocol-v3-20260807-145653","6d7edc7c29a60a94c59effeeb2b78d8b95038135","default-hasher:f584ad292ec9898a","rustc 1.97.0 (2d8144b78 2026-07-07)","x86_64-unknown-linux-gnu","Linux 7.0.11-76070011-generic x86_64","Intel(R) Core(TM) Ultra 7 155H","/dev/nvme0n1p3[/tmp] ext4   rw,nosuid,nodev,noatime,errors=remount-ro","/tmp/pigment-db-durability-bench","pigment_db","physical","key_value","file","successful_remove","8","32","5","2","1024","1110690978","921.948607","13777524","0"
"candidate-protocol-v3-20260807-145653","6d7edc7c29a60a94c59effeeb2b78d8b95038135","default-hasher:f584ad292ec9898a","rustc 1.97.0 (2d8144b78 2026-07-07)","x86_64-unknown-linux-gnu","Linux 7.0.11-76070011-generic x86_64","Intel(R) Core(TM) Ultra 7 155H","/dev/nvme0n1p3[/tmp] ext4   rw,nosuid,nodev,noatime,errors=remount-ro","/tmp/pigment-db-durability-bench","pigment_db","physical","key_value","file","successful_remove","8","32","5","3","1024","1096585662","933.807577","10939693","0"
"candidate-protocol-v3-20260807-145653","6d7edc7c29a60a94c59effeeb2b78d8b95038135","default-hasher:f584ad292ec9898a","rustc 1.97.0 (2d8144b78 2026-07-07)","x86_64-unknown-linux-gnu","Linux 7.0.11-76070011-generic x86_64","Intel(R) Core(TM) Ultra 7 155H","/dev/nvme0n1p3[/tmp] ext4   rw,nosuid,nodev,noatime,errors=remount-ro","/tmp/pigment-db-durability-bench","pigment_db","physical","key_value","file","successful_remove","8","32","5","4","1024","1092540600","937.264940","12882769","0"
"candidate-protocol-v3-20260807-145653","6d7edc7c29a60a94c59effeeb2b78d8b95038135","default-hasher:f584ad292ec9898a","rustc 1.97.0 (2d8144b78 2026-07-07)","x86_64-unknown-linux-gnu","Linux 7.0.11-76070011-generic x86_64","Intel(R) Core(TM) Ultra 7 155H","/dev/nvme0n1p3[/tmp] ext4   rw,nosuid,nodev,noatime,errors=remount-ro","/tmp/pigment-db-durability-bench","pigment_db","physical","key_value","file","successful_remove","8","32","5","5","1024","1131359610","905.105672","14195547","0"
"candidate-protocol-v3-20260807-145653","6d7edc7c29a60a94c59effeeb2b78d8b95038135","default-hasher:f584ad292ec9898a","rustc 1.97.0 (2d8144b78 2026-07-07)","x86_64-unknown-linux-gnu","Linux 7.0.11-76070011-generic x86_64","Intel(R) Core(TM) Ultra 7 155H","/dev/nvme0n1p3[/tmp] ext4   rw,nosuid,nodev,noatime,errors=remount-ro","/tmp/pigment-db-durability-bench","pigment_db","physical","key_value","file","successful_remove","8","32","5","6","1024","1161894879","881.318972","13856133","0"
"candidate-protocol-v3-20260807-145653","6d7edc7c29a60a94c59effeeb2b78d8b95038135","default-hasher:f584ad292ec9898a","rustc 1.97.0 (2d8144b78 2026-07-07)","x86_64-unknown-linux-gnu","Linux 7.0.11-76070011-generic x86_64","Intel(R) Core(TM) Ultra 7 155H","/dev/nvme0n1p3[/tmp] ext4   rw,nosuid,nodev,noatime,errors=remount-ro","/tmp/pigment-db-durability-bench","pigment_db","physical","key_value","file","successful_remove","8","32","5","7","1024","1147503579","892.371944","13883045","0"
"candidate-protocol-v3-20260807-145653","6d7edc7c29a60a94c59effeeb2b78d8b95038135","default-hasher:f584ad292ec9898a","rustc 1.97.0 (2d8144b78 2026-07-07)","x86_64-unknown-linux-gnu","Linux 7.0.11-76070011-generic x86_64","Intel(R) Core(TM) Ultra 7 155H","/dev/nvme0n1p3[/tmp] ext4   rw,nosuid,nodev,noatime,errors=remount-ro","/tmp/pigment-db-durability-bench","pigment_db","physical","key_value","file","successful_remove","8","32","5","8","1024","1114238201","919.013546","13850323","0"
"candidate-protocol-v3-20260807-145653","6d7edc7c29a60a94c59effeeb2b78d8b95038135","default-hasher:f584ad292ec9898a","rustc 1.97.0 (2d8144b78 2026-07-07)","x86_64-unknown-linux-gnu","Linux 7.0.11-76070011-generic x86_64","Intel(R) Core(TM) Ultra 7 155H","/dev/nvme0n1p3[/tmp] ext4   rw,nosuid,nodev,noatime,errors=remount-ro","/tmp/pigment-db-durability-bench","pigment_db","physical","key_value","file","successful_remove","8","32","5","9","1024","1096942132","933.504120","8631079","0"
"candidate-protocol-v3-20260807-145653","6d7edc7c29a60a94c59effeeb2b78d8b95038135","default-hasher:f584ad292ec9898a","rustc 1.97.0 (2d8144b78 2026-07-07)","x86_64-unknown-linux-gnu","Linux 7.0.11-76070011-generic x86_64","Intel(R) Core(TM) Ultra 7 155H","/dev/nvme0n1p3[/tmp] ext4   rw,nosuid,nodev,noatime,errors=remount-ro","/tmp/pigment-db-durability-bench","pigment_db","physical","key_value","file","successful_remove","8","32","5","10","1024","1138376655","899.526528","13805794","0"
"candidate-protocol-v3-20260807-145653","6d7edc7c29a60a94c59effeeb2b78d8b95038135","default-hasher:f584ad292ec9898a","rustc 1.97.0 (2d8144b78 2026-07-07)","x86_64-unknown-linux-gnu","Linux 7.0.11-76070011-generic x86_64","Intel(R) Core(TM) Ultra 7 155H","/dev/nvme0n1p3[/tmp] ext4   rw,nosuid,nodev,noatime,errors=remount-ro","/tmp/pigment-db-durability-bench","pigment_db","physical","key_value","file","minimal_callback","1","32","5","0","1024","1046975835","978.055047","1073990","0"
"candidate-protocol-v3-20260807-145653","6d7edc7c29a60a94c59effeeb2b78d8b95038135","default-hasher:f584ad292ec9898a","rustc 1.97.0 (2d8144b78 2026-07-07)","x86_64-unknown-linux-gnu","Linux 7.0.11-76070011-generic x86_64","Intel(R) Core(TM) Ultra 7 155H","/dev/nvme0n1p3[/tmp] ext4   rw,nosuid,nodev,noatime,errors=remount-ro","/tmp/pigment-db-durability-bench","pigment_db","physical","key_value","file","minimal_callback","1","32","5","1","1024","1075276014","952.313626","1039526","0"
"candidate-protocol-v3-20260807-145653","6d7edc7c29a60a94c59effeeb2b78d8b95038135","default-hasher:f584ad292ec9898a","rustc 1.97.0 (2d8144b78 2026-07-07)","x86_64-unknown-linux-gnu","Linux 7.0.11-76070011-generic x86_64","Intel(R) Core(TM) Ultra 7 155H","/dev/nvme0n1p3[/tmp] ext4   rw,nosuid,nodev,noatime,errors=remount-ro","/tmp/pigment-db-durability-bench","pigment_db","physical","key_value","file","minimal_callback","1","32","5","2","1024","1067053272","959.652181","1049551","0"
"candidate-protocol-v3-20260807-145653","6d7edc7c29a60a94c59effeeb2b78d8b95038135","default-hasher:f584ad292ec9898a","rustc 1.97.0 (2d8144b78 2026-07-07)","x86_64-unknown-linux-gnu","Linux 7.0.11-76070011-generic x86_64","Intel(R) Core(TM) Ultra 7 155H","/dev/nvme0n1p3[/tmp] ext4   rw,nosuid,nodev,noatime,errors=remount-ro","/tmp/pigment-db-durability-bench","pigment_db","physical","key_value","file","minimal_callback","1","32","5","3","1024","1035002631","989.369466","1090427","0"
"candidate-protocol-v3-20260807-145653","6d7edc7c29a60a94c59effeeb2b78d8b95038135","default-hasher:f584ad292ec9898a","rustc 1.97.0 (2d8144b78 2026-07-07)","x86_64-unknown-linux-gnu","Linux 7.0.11-76070011-generic x86_64","Intel(R) Core(TM) Ultra 7 155H","/dev/nvme0n1p3[/tmp] ext4   rw,nosuid,nodev,noatime,errors=remount-ro","/tmp/pigment-db-durability-bench","pigment_db","physical","key_value","file","minimal_callback","1","32","5","4","1024","1081571280","946.770702","1060161","0"
"candidate-protocol-v3-20260807-145653","6d7edc7c29a60a94c59effeeb2b78d8b95038135","default-hasher:f584ad292ec9898a","rustc 1.97.0 (2d8144b78 2026-07-07)","x86_64-unknown-linux-gnu","Linux 7.0.11-76070011-generic x86_64","Intel(R) Core(TM) Ultra 7 155H","/dev/nvme0n1p3[/tmp] ext4   rw,nosuid,nodev,noatime,errors=remount-ro","/tmp/pigment-db-durability-bench","pigment_db","physical","key_value","file","minimal_callback","1","32","5","5","1024","1060927166","965.193496","1044251","0"
"candidate-protocol-v3-20260807-145653","6d7edc7c29a60a94c59effeeb2b78d8b95038135","default-hasher:f584ad292ec9898a","rustc 1.97.0 (2d8144b78 2026-07-07)","x86_64-unknown-linux-gnu","Linux 7.0.11-76070011-generic x86_64","Intel(R) Core(TM) Ultra 7 155H","/dev/nvme0n1p3[/tmp] ext4   rw,nosuid,nodev,noatime,errors=remount-ro","/tmp/pigment-db-durability-bench","pigment_db","physical","key_value","file","minimal_callback","1","32","5","6","1024","1088642497","940.621005","1079403","0"
"candidate-protocol-v3-20260807-145653","6d7edc7c29a60a94c59effeeb2b78d8b95038135","default-hasher:f584ad292ec9898a","rustc 1.97.0 (2d8144b78 2026-07-07)","x86_64-unknown-linux-gnu","Linux 7.0.11-76070011-generic x86_64","Intel(R) Core(TM) Ultra 7 155H","/dev/nvme0n1p3[/tmp] ext4   rw,nosuid,nodev,noatime,errors=remount-ro","/tmp/pigment-db-durability-bench","pigment_db","physical","key_value","file","minimal_callback","1","32","5","7","1024","1077806995","950.077337","1092323","0"
"candidate-protocol-v3-20260807-145653","6d7edc7c29a60a94c59effeeb2b78d8b95038135","default-hasher:f584ad292ec9898a","rustc 1.97.0 (2d8144b78 2026-07-07)","x86_64-unknown-linux-gnu","Linux 7.0.11-76070011-generic x86_64","Intel(R) Core(TM) Ultra 7 155H","/dev/nvme0n1p3[/tmp] ext4   rw,nosuid,nodev,noatime,errors=remount-ro","/tmp/pigment-db-durability-bench","pigment_db","physical","key_value","file","minimal_callback","1","32","5","8","1024","1034812097","989.551633","1055870","0"
"candidate-protocol-v3-20260807-145653","6d7edc7c29a60a94c59effeeb2b78d8b95038135","default-hasher:f584ad292ec9898a","rustc 1.97.0 (2d8144b78 2026-07-07)","x86_64-unknown-linux-gnu","Linux 7.0.11-76070011-generic x86_64","Intel(R) Core(TM) Ultra 7 155H","/dev/nvme0n1p3[/tmp] ext4   rw,nosuid,nodev,noatime,errors=remount-ro","/tmp/pigment-db-durability-bench","pigment_db","physical","key_value","file","minimal_callback","1","32","5","9","1024","1104707285","926.942380","1161930","0"
"candidate-protocol-v3-20260807-145653","6d7edc7c29a60a94c59effeeb2b78d8b95038135","default-hasher:f584ad292ec9898a","rustc 1.97.0 (2d8144b78 2026-07-07)","x86_64-unknown-linux-gnu","Linux 7.0.11-76070011-generic x86_64","Intel(R) Core(TM) Ultra 7 155H","/dev/nvme0n1p3[/tmp] ext4   rw,nosuid,nodev,noatime,errors=remount-ro","/tmp/pigment-db-durability-bench","pigment_db","physical","key_value","file","minimal_callback","1","32","5","10","1024","1074397661","953.092172","1107590","0"
"candidate-protocol-v3-20260807-145653","6d7edc7c29a60a94c59effeeb2b78d8b95038135","default-hasher:f584ad292ec9898a","rustc 1.97.0 (2d8144b78 2026-07-07)","x86_64-unknown-linux-gnu","Linux 7.0.11-76070011-generic x86_64","Intel(R) Core(TM) Ultra 7 155H","/dev/nvme0n1p3[/tmp] ext4   rw,nosuid,nodev,noatime,errors=remount-ro","/tmp/pigment-db-durability-bench","pigment_db","physical","key_value","file","minimal_callback","8","32","5","0","1024","1199081563","853.986944","13989298","0"
"candidate-protocol-v3-20260807-145653","6d7edc7c29a60a94c59effeeb2b78d8b95038135","default-hasher:f584ad292ec9898a","rustc 1.97.0 (2d8144b78 2026-07-07)","x86_64-unknown-linux-gnu","Linux 7.0.11-76070011-generic x86_64","Intel(R) Core(TM) Ultra 7 155H","/dev/nvme0n1p3[/tmp] ext4   rw,nosuid,nodev,noatime,errors=remount-ro","/tmp/pigment-db-durability-bench","pigment_db","physical","key_value","file","minimal_callback","8","32","5","1","1024","1100269875","930.680757","12748049","0"
"candidate-protocol-v3-20260807-145653","6d7edc7c29a60a94c59effeeb2b78d8b95038135","default-hasher:f584ad292ec9898a","rustc 1.97.0 (2d8144b78 2026-07-07)","x86_64-unknown-linux-gnu","Linux 7.0.11-76070011-generic x86_64","Intel(R) Core(TM) Ultra 7 155H","/dev/nvme0n1p3[/tmp] ext4   rw,nosuid,nodev,noatime,errors=remount-ro","/tmp/pigment-db-durability-bench","pigment_db","physical","key_value","file","minimal_callback","8","32","5","2","1024","1119342731","914.822575","12755820","0"
"candidate-protocol-v3-20260807-145653","6d7edc7c29a60a94c59effeeb2b78d8b95038135","default-hasher:f584ad292ec9898a","rustc 1.97.0 (2d8144b78 2026-07-07)","x86_64-unknown-linux-gnu","Linux 7.0.11-76070011-generic x86_64","Intel(R) Core(TM) Ultra 7 155H","/dev/nvme0n1p3[/tmp] ext4   rw,nosuid,nodev,noatime,errors=remount-ro","/tmp/pigment-db-durability-bench","pigment_db","physical","key_value","file","minimal_callback","8","32","5","3","1024","1123284505","911.612326","8910795","0"
"candidate-protocol-v3-20260807-145653","6d7edc7c29a60a94c59effeeb2b78d8b95038135","default-hasher:f584ad292ec9898a","rustc 1.97.0 (2d8144b78 2026-07-07)","x86_64-unknown-linux-gnu","Linux 7.0.11-76070011-generic x86_64","Intel(R) Core(TM) Ultra 7 155H","/dev/nvme0n1p3[/tmp] ext4   rw,nosuid,nodev,noatime,errors=remount-ro","/tmp/pigment-db-durability-bench","pigment_db","physical","key_value","file","minimal_callback","8","32","5","4","1024","1095900433","934.391455","12748174","0"
"candidate-protocol-v3-20260807-145653","6d7edc7c29a60a94c59effeeb2b78d8b95038135","default-hasher:f584ad292ec9898a","rustc 1.97.0 (2d8144b78 2026-07-07)","x86_64-unknown-linux-gnu","Linux 7.0.11-76070011-generic x86_64","Intel(R) Core(TM) Ultra 7 155H","/dev/nvme0n1p3[/tmp] ext4   rw,nosuid,nodev,noatime,errors=remount-ro","/tmp/pigment-db-durability-bench","pigment_db","physical","key_value","file","minimal_callback","8","32","5","5","1024","1114342697","918.927367","13769594","0"
"candidate-protocol-v3-20260807-145653","6d7edc7c29a60a94c59effeeb2b78d8b95038135","default-hasher:f584ad292ec9898a","rustc 1.97.0 (2d8144b78 2026-07-07)","x86_64-unknown-linux-gnu","Linux 7.0.11-76070011-generic x86_64","Intel(R) Core(TM) Ultra 7 155H","/dev/nvme0n1p3[/tmp] ext4   rw,nosuid,nodev,noatime,errors=remount-ro","/tmp/pigment-db-durability-bench","pigment_db","physical","key_value","file","minimal_callback","8","32","5","6","1024","1129560484","906.547294","13988840","0"
"candidate-protocol-v3-20260807-145653","6d7edc7c29a60a94c59effeeb2b78d8b95038135","default-hasher:f584ad292ec9898a","rustc 1.97.0 (2d8144b78 2026-07-07)","x86_64-unknown-linux-gnu","Linux 7.0.11-76070011-generic x86_64","Intel(R) Core(TM) Ultra 7 155H","/dev/nvme0n1p3[/tmp] ext4   rw,nosuid,nodev,noatime,errors=remount-ro","/tmp/pigment-db-durability-bench","pigment_db","physical","key_value","file","minimal_callback","8","32","5","7","1024","1079743306","948.373557","8713856","0"
"candidate-protocol-v3-20260807-145653","6d7edc7c29a60a94c59effeeb2b78d8b95038135","default-hasher:f584ad292ec9898a","rustc 1.97.0 (2d8144b78 2026-07-07)","x86_64-unknown-linux-gnu","Linux 7.0.11-76070011-generic x86_64","Intel(R) Core(TM) Ultra 7 155H","/dev/nvme0n1p3[/tmp] ext4   rw,nosuid,nodev,noatime,errors=remount-ro","/tmp/pigment-db-durability-bench","pigment_db","physical","key_value","file","minimal_callback","8","32","5","8","1024","1113057377","919.988512","11239363","0"
"candidate-protocol-v3-20260807-145653","6d7edc7c29a60a94c59effeeb2b78d8b95038135","default-hasher:f584ad292ec9898a","rustc 1.97.0 (2d8144b78 2026-07-07)","x86_64-unknown-linux-gnu","Linux 7.0.11-76070011-generic x86_64","Intel(R) Core(TM) Ultra 7 155H","/dev/nvme0n1p3[/tmp] ext4   rw,nosuid,nodev,noatime,errors=remount-ro","/tmp/pigment-db-durability-bench","pigment_db","physical","key_value","file","minimal_callback","8","32","5","9","1024","1137996212","899.827248","12156624","0"
"candidate-protocol-v3-20260807-145653","6d7edc7c29a60a94c59effeeb2b78d8b95038135","default-hasher:f584ad292ec9898a","rustc 1.97.0 (2d8144b78 2026-07-07)","x86_64-unknown-linux-gnu","Linux 7.0.11-76070011-generic x86_64","Intel(R) Core(TM) Ultra 7 155H","/dev/nvme0n1p3[/tmp] ext4   rw,nosuid,nodev,noatime,errors=remount-ro","/tmp/pigment-db-durability-bench","pigment_db","physical","key_value","file","minimal_callback","8","32","5","10","1024","1114669867","918.657650","13885483","0"
"candidate-protocol-v3-20260807-145653","6d7edc7c29a60a94c59effeeb2b78d8b95038135","default-hasher:f584ad292ec9898a","rustc 1.97.0 (2d8144b78 2026-07-07)","x86_64-unknown-linux-gnu","Linux 7.0.11-76070011-generic x86_64","Intel(R) Core(TM) Ultra 7 155H","/dev/nvme0n1p3[/tmp] ext4   rw,nosuid,nodev,noatime,errors=remount-ro","/tmp/pigment-db-durability-bench","pigment_db","physical","key_set","file","ordinary_write","1","32","5","0","1024","1092505679","937.294899","1140950","0"
"candidate-protocol-v3-20260807-145653","6d7edc7c29a60a94c59effeeb2b78d8b95038135","default-hasher:f584ad292ec9898a","rustc 1.97.0 (2d8144b78 2026-07-07)","x86_64-unknown-linux-gnu","Linux 7.0.11-76070011-generic x86_64","Intel(R) Core(TM) Ultra 7 155H","/dev/nvme0n1p3[/tmp] ext4   rw,nosuid,nodev,noatime,errors=remount-ro","/tmp/pigment-db-durability-bench","pigment_db","physical","key_set","file","ordinary_write","1","32","5","1","1024","1071699638","955.491598","1053196","0"
"candidate-protocol-v3-20260807-145653","6d7edc7c29a60a94c59effeeb2b78d8b95038135","default-hasher:f584ad292ec9898a","rustc 1.97.0 (2d8144b78 2026-07-07)","x86_64-unknown-linux-gnu","Linux 7.0.11-76070011-generic x86_64","Intel(R) Core(TM) Ultra 7 155H","/dev/nvme0n1p3[/tmp] ext4   rw,nosuid,nodev,noatime,errors=remount-ro","/tmp/pigment-db-durability-bench","pigment_db","physical","key_set","file","ordinary_write","1","32","5","2","1024","1057902868","967.952759","1085839","0"
"candidate-protocol-v3-20260807-145653","6d7edc7c29a60a94c59effeeb2b78d8b95038135","default-hasher:f584ad292ec9898a","rustc 1.97.0 (2d8144b78 2026-07-07)","x86_64-unknown-linux-gnu","Linux 7.0.11-76070011-generic x86_64","Intel(R) Core(TM) Ultra 7 155H","/dev/nvme0n1p3[/tmp] ext4   rw,nosuid,nodev,noatime,errors=remount-ro","/tmp/pigment-db-durability-bench","pigment_db","physical","key_set","file","ordinary_write","1","32","5","3","1024","1086620168","942.371613","1060199","0"
"candidate-protocol-v3-20260807-145653","6d7edc7c29a60a94c59effeeb2b78d8b95038135","default-hasher:f584ad292ec9898a","rustc 1.97.0 (2d8144b78 2026-07-07)","x86_64-unknown-linux-gnu","Linux 7.0.11-76070011-generic x86_64","Intel(R) Core(TM) Ultra 7 155H","/dev/nvme0n1p3[/tmp] ext4   rw,nosuid,nodev,noatime,errors=remount-ro","/tmp/pigment-db-durability-bench","pigment_db","physical","key_set","file","ordinary_write","1","32","5","4","1024","1065438020","961.107057","1043038","0"
"candidate-protocol-v3-20260807-145653","6d7edc7c29a60a94c59effeeb2b78d8b95038135","default-hasher:f584ad292ec9898a","rustc 1.97.0 (2d8144b78 2026-07-07)","x86_64-unknown-linux-gnu","Linux 7.0.11-76070011-generic x86_64","Intel(R) Core(TM) Ultra 7 155H","/dev/nvme0n1p3[/tmp] ext4   rw,nosuid,nodev,noatime,errors=remount-ro","/tmp/pigment-db-durability-bench","pigment_db","physical","key_set","file","ordinary_write","1","32","5","5","1024","1097474220","933.051530","1093630","0"
"candidate-protocol-v3-20260807-145653","6d7edc7c29a60a94c59effeeb2b78d8b95038135","default-hasher:f584ad292ec9898a","rustc 1.97.0 (2d8144b78 2026-07-07)","x86_64-unknown-linux-gnu","Linux 7.0.11-76070011-generic x86_64","Intel(R) Core(TM) Ultra 7 155H","/dev/nvme0n1p3[/tmp] ext4   rw,nosuid,nodev,noatime,errors=remount-ro","/tmp/pigment-db-durability-bench","pigment_db","physical","key_set","file","ordinary_write","1","32","5","6","1024","1086150653","942.778976","1155814","0"
"candidate-protocol-v3-20260807-145653","6d7edc7c29a60a94c59effeeb2b78d8b95038135","default-hasher:f584ad292ec9898a","rustc 1.97.0 (2d8144b78 2026-07-07)","x86_64-unknown-linux-gnu","Linux 7.0.11-76070011-generic x86_64","Intel(R) Core(TM) Ultra 7 155H","/dev/nvme0n1p3[/tmp] ext4   rw,nosuid,nodev,noatime,errors=remount-ro","/tmp/pigment-db-durability-bench","pigment_db","physical","key_set","file","ordinary_write","1","32","5","7","1024","1087391834","941.702860","1117175","0"
"candidate-protocol-v3-20260807-145653","6d7edc7c29a60a94c59effeeb2b78d8b95038135","default-hasher:f584ad292ec9898a","rustc 1.97.0 (2d8144b78 2026-07-07)","x86_64-unknown-linux-gnu","Linux 7.0.11-76070011-generic x86_64","Intel(R) Core(TM) Ultra 7 155H","/dev/nvme0n1p3[/tmp] ext4   rw,nosuid,nodev,noatime,errors=remount-ro","/tmp/pigment-db-durability-bench","pigment_db","physical","key_set","file","ordinary_write","1","32","5","8","1024","1059647262","966.359313","1056378","0"
"candidate-protocol-v3-20260807-145653","6d7edc7c29a60a94c59effeeb2b78d8b95038135","default-hasher:f584ad292ec9898a","rustc 1.97.0 (2d8144b78 2026-07-07)","x86_64-unknown-linux-gnu","Linux 7.0.11-76070011-generic x86_64","Intel(R) Core(TM) Ultra 7 155H","/dev/nvme0n1p3[/tmp] ext4   rw,nosuid,nodev,noatime,errors=remount-ro","/tmp/pigment-db-durability-bench","pigment_db","physical","key_set","file","ordinary_write","1","32","5","9","1024","1070472301","956.587106","1070180","0"
"candidate-protocol-v3-20260807-145653","6d7edc7c29a60a94c59effeeb2b78d8b95038135","default-hasher:f584ad292ec9898a","rustc 1.97.0 (2d8144b78 2026-07-07)","x86_64-unknown-linux-gnu","Linux 7.0.11-76070011-generic x86_64","Intel(R) Core(TM) Ultra 7 155H","/dev/nvme0n1p3[/tmp] ext4   rw,nosuid,nodev,noatime,errors=remount-ro","/tmp/pigment-db-durability-bench","pigment_db","physical","key_set","file","ordinary_write","1","32","5","10","1024","1076844894","950.926179","1066347","0"
"candidate-protocol-v3-20260807-145653","6d7edc7c29a60a94c59effeeb2b78d8b95038135","default-hasher:f584ad292ec9898a","rustc 1.97.0 (2d8144b78 2026-07-07)","x86_64-unknown-linux-gnu","Linux 7.0.11-76070011-generic x86_64","Intel(R) Core(TM) Ultra 7 155H","/dev/nvme0n1p3[/tmp] ext4   rw,nosuid,nodev,noatime,errors=remount-ro","/tmp/pigment-db-durability-bench","pigment_db","physical","key_set","file","ordinary_write","8","32","5","0","1024","1132167476","904.459827","12887509","0"
"candidate-protocol-v3-20260807-145653","6d7edc7c29a60a94c59effeeb2b78d8b95038135","default-hasher:f584ad292ec9898a","rustc 1.97.0 (2d8144b78 2026-07-07)","x86_64-unknown-linux-gnu","Linux 7.0.11-76070011-generic x86_64","Intel(R) Core(TM) Ultra 7 155H","/dev/nvme0n1p3[/tmp] ext4   rw,nosuid,nodev,noatime,errors=remount-ro","/tmp/pigment-db-durability-bench","pigment_db","physical","key_set","file","ordinary_write","8","32","5","1","1024","1147063470","892.714333","13113391","0"
"candidate-protocol-v3-20260807-145653","6d7edc7c29a60a94c59effeeb2b78d8b95038135","default-hasher:f584ad292ec9898a","rustc 1.97.0 (2d8144b78 2026-07-07)","x86_64-unknown-linux-gnu","Linux 7.0.11-76070011-generic x86_64","Intel(R) Core(TM) Ultra 7 155H","/dev/nvme0n1p3[/tmp] ext4   rw,nosuid,nodev,noatime,errors=remount-ro","/tmp/pigment-db-durability-bench","pigment_db","physical","key_set","file","ordinary_write","8","32","5","2","1024","1121045123","913.433348","13758074","0"
"candidate-protocol-v3-20260807-145653","6d7edc7c29a60a94c59effeeb2b78d8b95038135","default-hasher:f584ad292ec9898a","rustc 1.97.0 (2d8144b78 2026-07-07)","x86_64-unknown-linux-gnu","Linux 7.0.11-76070011-generic x86_64","Intel(R) Core(TM) Ultra 7 155H","/dev/nvme0n1p3[/tmp] ext4   rw,nosuid,nodev,noatime,errors=remount-ro","/tmp/pigment-db-durability-bench","pigment_db","physical","key_set","file","ordinary_write","8","32","5","3","1024","1086944689","942.090256","8530364","0"
"candidate-protocol-v3-20260807-145653","6d7edc7c29a60a94c59effeeb2b78d8b95038135","default-hasher:f584ad292ec9898a","rustc 1.97.0 (2d8144b78 2026-07-07)","x86_64-unknown-linux-gnu","Linux 7.0.11-76070011-generic x86_64","Intel(R) Core(TM) Ultra 7 155H","/dev/nvme0n1p3[/tmp] ext4   rw,nosuid,nodev,noatime,errors=remount-ro","/tmp/pigment-db-durability-bench","pigment_db","physical","key_set","file","ordinary_write","8","32","5","4","1024","1088723090","940.551376","13074837","0"
"candidate-protocol-v3-20260807-145653","6d7edc7c29a60a94c59effeeb2b78d8b95038135","default-hasher:f584ad292ec9898a","rustc 1.97.0 (2d8144b78 2026-07-07)","x86_64-unknown-linux-gnu","Linux 7.0.11-76070011-generic x86_64","Intel(R) Core(TM) Ultra 7 155H","/dev/nvme0n1p3[/tmp] ext4   rw,nosuid,nodev,noatime,errors=remount-ro","/tmp/pigment-db-durability-bench","pigment_db","physical","key_set","file","ordinary_write","8","32","5","5","1024","1105627599","926.170802","13860525","0"
"candidate-protocol-v3-20260807-145653","6d7edc7c29a60a94c59effeeb2b78d8b95038135","default-hasher:f584ad292ec9898a","rustc 1.97.0 (2d8144b78 2026-07-07)","x86_64-unknown-linux-gnu","Linux 7.0.11-76070011-generic x86_64","Intel(R) Core(TM) Ultra 7 155H","/dev/nvme0n1p3[/tmp] ext4   rw,nosuid,nodev,noatime,errors=remount-ro","/tmp/pigment-db-durability-bench","pigment_db","physical","key_set","file","ordinary_write","8","32","5","6","1024","1097840858","932.739925","13043069","0"
"candidate-protocol-v3-20260807-145653","6d7edc7c29a60a94c59effeeb2b78d8b95038135","default-hasher:f584ad292ec9898a","rustc 1.97.0 (2d8144b78 2026-07-07)","x86_64-unknown-linux-gnu","Linux 7.0.11-76070011-generic x86_64","Intel(R) Core(TM) Ultra 7 155H","/dev/nvme0n1p3[/tmp] ext4   rw,nosuid,nodev,noatime,errors=remount-ro","/tmp/pigment-db-durability-bench","pigment_db","physical","key_set","file","ordinary_write","8","32","5","7","1024","1118246313","915.719541","8575280","0"
"candidate-protocol-v3-20260807-145653","6d7edc7c29a60a94c59effeeb2b78d8b95038135","default-hasher:f584ad292ec9898a","rustc 1.97.0 (2d8144b78 2026-07-07)","x86_64-unknown-linux-gnu","Linux 7.0.11-76070011-generic x86_64","Intel(R) Core(TM) Ultra 7 155H","/dev/nvme0n1p3[/tmp] ext4   rw,nosuid,nodev,noatime,errors=remount-ro","/tmp/pigment-db-durability-bench","pigment_db","physical","key_set","file","ordinary_write","8","32","5","8","1024","1097484817","933.042521","13046586","0"
"candidate-protocol-v3-20260807-145653","6d7edc7c29a60a94c59effeeb2b78d8b95038135","default-hasher:f584ad292ec9898a","rustc 1.97.0 (2d8144b78 2026-07-07)","x86_64-unknown-linux-gnu","Linux 7.0.11-76070011-generic x86_64","Intel(R) Core(TM) Ultra 7 155H","/dev/nvme0n1p3[/tmp] ext4   rw,nosuid,nodev,noatime,errors=remount-ro","/tmp/pigment-db-durability-bench","pigment_db","physical","key_set","file","ordinary_write","8","32","5","9","1024","1142860205","895.997599","12030682","0"
"candidate-protocol-v3-20260807-145653","6d7edc7c29a60a94c59effeeb2b78d8b95038135","default-hasher:f584ad292ec9898a","rustc 1.97.0 (2d8144b78 2026-07-07)","x86_64-unknown-linux-gnu","Linux 7.0.11-76070011-generic x86_64","Intel(R) Core(TM) Ultra 7 155H","/dev/nvme0n1p3[/tmp] ext4   rw,nosuid,nodev,noatime,errors=remount-ro","/tmp/pigment-db-durability-bench","pigment_db","physical","key_set","file","ordinary_write","8","32","5","10","1024","1114547866","918.758208","13770189","0"
"candidate-protocol-v3-20260807-145653","6d7edc7c29a60a94c59effeeb2b78d8b95038135","default-hasher:f584ad292ec9898a","rustc 1.97.0 (2d8144b78 2026-07-07)","x86_64-unknown-linux-gnu","Linux 7.0.11-76070011-generic x86_64","Intel(R) Core(TM) Ultra 7 155H","/dev/nvme0n1p3[/tmp] ext4   rw,nosuid,nodev,noatime,errors=remount-ro","/tmp/pigment-db-durability-bench","pigment_db","physical","key_set","file","successful_remove","1","32","5","0","1024","1082238673","946.186849","1060145","0"
"candidate-protocol-v3-20260807-145653","6d7edc7c29a60a94c59effeeb2b78d8b95038135","default-hasher:f584ad292ec9898a","rustc 1.97.0 (2d8144b78 2026-07-07)","x86_64-unknown-linux-gnu","Linux 7.0.11-76070011-generic x86_64","Intel(R) Core(TM) Ultra 7 155H","/dev/nvme0n1p3[/tmp] ext4   rw,nosuid,nodev,noatime,errors=remount-ro","/tmp/pigment-db-durability-bench","pigment_db","physical","key_set","file","successful_remove","1","32","5","1","1024","1060048939","965.993137","1055380","0"
"candidate-protocol-v3-20260807-145653","6d7edc7c29a60a94c59effeeb2b78d8b95038135","default-hasher:f584ad292ec9898a","rustc 1.97.0 (2d8144b78 2026-07-07)","x86_64-unknown-linux-gnu","Linux 7.0.11-76070011-generic x86_64","Intel(R) Core(TM) Ultra 7 155H","/dev/nvme0n1p3[/tmp] ext4   rw,nosuid,nodev,noatime,errors=remount-ro","/tmp/pigment-db-durability-bench","pigment_db","physical","key_set","file","successful_remove","1","32","5","2","1024","1067975973","958.823069","1031859","0"
"candidate-protocol-v3-20260807-145653","6d7edc7c29a60a94c59effeeb2b78d8b95038135","default-hasher:f584ad292ec9898a","rustc 1.97.0 (2d8144b78 2026-07-07)","x86_64-unknown-linux-gnu","Linux 7.0.11-76070011-generic x86_64","Intel(R) Core(TM) Ultra 7 155H","/dev/nvme0n1p3[/tmp] ext4   rw,nosuid,nodev,noatime,errors=remount-ro","/tmp/pigment-db-durability-bench","pigment_db","physical","key_set","file","successful_remove","1","32","5","3","1024","1061288707","964.864691","1061887","0"
"candidate-protocol-v3-20260807-145653","6d7edc7c29a60a94c59effeeb2b78d8b95038135","default-hasher:f584ad292ec9898a","rustc 1.97.0 (2d8144b78 2026-07-07)","x86_64-unknown-linux-gnu","Linux 7.0.11-76070011-generic x86_64","Intel(R) Core(TM) Ultra 7 155H","/dev/nvme0n1p3[/tmp] ext4   rw,nosuid,nodev,noatime,errors=remount-ro","/tmp/pigment-db-durability-bench","pigment_db","physical","key_set","file","successful_remove","1","32","5","4","1024","1077738306","950.137890","1063333","0"
"candidate-protocol-v3-20260807-145653","6d7edc7c29a60a94c59effeeb2b78d8b95038135","default-hasher:f584ad292ec9898a","rustc 1.97.0 (2d8144b78 2026-07-07)","x86_64-unknown-linux-gnu","Linux 7.0.11-76070011-generic x86_64","Intel(R) Core(TM) Ultra 7 155H","/dev/nvme0n1p3[/tmp] ext4   rw,nosuid,nodev,noatime,errors=remount-ro","/tmp/pigment-db-durability-bench","pigment_db","physical","key_set","file","successful_remove","1","32","5","5","1024","1090147478","939.322450","1158822","0"
"candidate-protocol-v3-20260807-145653","6d7edc7c29a60a94c59effeeb2b78d8b95038135","default-hasher:f584ad292ec9898a","rustc 1.97.0 (2d8144b78 2026-07-07)","x86_64-unknown-linux-gnu","Linux 7.0.11-76070011-generic x86_64","Intel(R) Core(TM) Ultra 7 155H","/dev/nvme0n1p3[/tmp] ext4   rw,nosuid,nodev,noatime,errors=remount-ro","/tmp/pigment-db-durability-bench","pigment_db","physical","key_set","file","successful_remove","1","32","5","6","1024","1090854025","938.714050","1112258","0"
"candidate-protocol-v3-20260807-145653","6d7edc7c29a60a94c59effeeb2b78d8b95038135","default-hasher:f584ad292ec9898a","rustc 1.97.0 (2d8144b78 2026-07-07)","x86_64-unknown-linux-gnu","Linux 7.0.11-76070011-generic x86_64","Intel(R) Core(TM) Ultra 7 155H","/dev/nvme0n1p3[/tmp] ext4   rw,nosuid,nodev,noatime,errors=remount-ro","/tmp/pigment-db-durability-bench","pigment_db","physical","key_set","file","successful_remove","1","32","5","7","1024","1082057783","946.345025","1135655","0"
"candidate-protocol-v3-20260807-145653","6d7edc7c29a60a94c59effeeb2b78d8b95038135","default-hasher:f584ad292ec9898a","rustc 1.97.0 (2d8144b78 2026-07-07)","x86_64-unknown-linux-gnu","Linux 7.0.11-76070011-generic x86_64","Intel(R) Core(TM) Ultra 7 155H","/dev/nvme0n1p3[/tmp] ext4   rw,nosuid,nodev,noatime,errors=remount-ro","/tmp/pigment-db-durability-bench","pigment_db","physical","key_set","file","successful_remove","1","32","5","8","1024","1077567993","950.288062","1106205","0"
"candidate-protocol-v3-20260807-145653","6d7edc7c29a60a94c59effeeb2b78d8b95038135","default-hasher:f584ad292ec9898a","rustc 1.97.0 (2d8144b78 2026-07-07)","x86_64-unknown-linux-gnu","Linux 7.0.11-76070011-generic x86_64","Intel(R) Core(TM) Ultra 7 155H","/dev/nvme0n1p3[/tmp] ext4   rw,nosuid,nodev,noatime,errors=remount-ro","/tmp/pigment-db-durability-bench","pigment_db","physical","key_set","file","successful_remove","1","32","5","9","1024","1097753147","932.814452","1125226","0"
"candidate-protocol-v3-20260807-145653","6d7edc7c29a60a94c59effeeb2b78d8b95038135","default-hasher:f584ad292ec9898a","rustc 1.97.0 (2d8144b78 2026-07-07)","x86_64-unknown-linux-gnu","Linux 7.0.11-76070011-generic x86_64","Intel(R) Core(TM) Ultra 7 155H","/dev/nvme0n1p3[/tmp] ext4   rw,nosuid,nodev,noatime,errors=remount-ro","/tmp/pigment-db-durability-bench","pigment_db","physical","key_set","file","successful_remove","1","32","5","10","1024","1042249781","982.490012","1035269","0"
"candidate-protocol-v3-20260807-145653","6d7edc7c29a60a94c59effeeb2b78d8b95038135","default-hasher:f584ad292ec9898a","rustc 1.97.0 (2d8144b78 2026-07-07)","x86_64-unknown-linux-gnu","Linux 7.0.11-76070011-generic x86_64","Intel(R) Core(TM) Ultra 7 155H","/dev/nvme0n1p3[/tmp] ext4   rw,nosuid,nodev,noatime,errors=remount-ro","/tmp/pigment-db-durability-bench","pigment_db","physical","key_set","file","successful_remove","8","32","5","0","1024","1109466274","922.966316","8951216","0"
"candidate-protocol-v3-20260807-145653","6d7edc7c29a60a94c59effeeb2b78d8b95038135","default-hasher:f584ad292ec9898a","rustc 1.97.0 (2d8144b78 2026-07-07)","x86_64-unknown-linux-gnu","Linux 7.0.11-76070011-generic x86_64","Intel(R) Core(TM) Ultra 7 155H","/dev/nvme0n1p3[/tmp] ext4   rw,nosuid,nodev,noatime,errors=remount-ro","/tmp/pigment-db-durability-bench","pigment_db","physical","key_set","file","successful_remove","8","32","5","1","1024","1131962976","904.623227","13801118","0"
"candidate-protocol-v3-20260807-145653","6d7edc7c29a60a94c59effeeb2b78d8b95038135","default-hasher:f584ad292ec9898a","rustc 1.97.0 (2d8144b78 2026-07-07)","x86_64-unknown-linux-gnu","Linux 7.0.11-76070011-generic x86_64","Intel(R) Core(TM) Ultra 7 155H","/dev/nvme0n1p3[/tmp] ext4   rw,nosuid,nodev,noatime,errors=remount-ro","/tmp/pigment-db-durability-bench","pigment_db","physical","key_set","file","successful_remove","8","32","5","2","1024","1167356642","877.195506","12849982","0"
"candidate-protocol-v3-20260807-145653","6d7edc7c29a60a94c59effeeb2b78d8b95038135","default-hasher:f584ad292ec9898a","rustc 1.97.0 (2d8144b78 2026-07-07)","x86_64-unknown-linux-gnu","Linux 7.0.11-76070011-generic x86_64","Intel(R) Core(TM) Ultra 7 155H","/dev/nvme0n1p3[/tmp] ext4   rw,nosuid,nodev,noatime,errors=remount-ro","/tmp/pigment-db-durability-bench","pigment_db","physical","key_set","file","successful_remove","8","32","5","3","1024","1103943032","927.584097","13719217","0"
"candidate-protocol-v3-20260807-145653","6d7edc7c29a60a94c59effeeb2b78d8b95038135","default-hasher:f584ad292ec9898a","rustc 1.97.0 (2d8144b78 2026-07-07)","x86_64-unknown-linux-gnu","Linux 7.0.11-76070011-generic x86_64","Intel(R) Core(TM) Ultra 7 155H","/dev/nvme0n1p3[/tmp] ext4   rw,nosuid,nodev,noatime,errors=remount-ro","/tmp/pigment-db-durability-bench","pigment_db","physical","key_set","file","successful_remove","8","32","5","4","1024","1140815746","897.603319","13395099","0"
"candidate-protocol-v3-20260807-145653","6d7edc7c29a60a94c59effeeb2b78d8b95038135","default-hasher:f584ad292ec9898a","rustc 1.97.0 (2d8144b78 2026-07-07)","x86_64-unknown-linux-gnu","Linux 7.0.11-76070011-generic x86_64","Intel(R) Core(TM) Ultra 7 155H","/dev/nvme0n1p3[/tmp] ext4   rw,nosuid,nodev,noatime,errors=remount-ro","/tmp/pigment-db-durability-bench","pigment_db","physical","key_set","file","successful_remove","8","32","5","5","1024","1127096775","908.528906","13787621","0"
"candidate-protocol-v3-20260807-145653","6d7edc7c29a60a94c59effeeb2b78d8b95038135","default-hasher:f584ad292ec9898a","rustc 1.97.0 (2d8144b78 2026-07-07)","x86_64-unknown-linux-gnu","Linux 7.0.11-76070011-generic x86_64","Intel(R) Core(TM) Ultra 7 155H","/dev/nvme0n1p3[/tmp] ext4   rw,nosuid,nodev,noatime,errors=remount-ro","/tmp/pigment-db-durability-bench","pigment_db","physical","key_set","file","successful_remove","8","32","5","6","1024","1130780567","905.569153","13325759","0"
"candidate-protocol-v3-20260807-145653","6d7edc7c29a60a94c59effeeb2b78d8b95038135","default-hasher:f584ad292ec9898a","rustc 1.97.0 (2d8144b78 2026-07-07)","x86_64-unknown-linux-gnu","Linux 7.0.11-76070011-generic x86_64","Intel(R) Core(TM) Ultra 7 155H","/dev/nvme0n1p3[/tmp] ext4   rw,nosuid,nodev,noatime,errors=remount-ro","/tmp/pigment-db-durability-bench","pigment_db","physical","key_set","file","successful_remove","8","32","5","7","1024","1105281264","926.461013","10865514","0"
"candidate-protocol-v3-20260807-145653","6d7edc7c29a60a94c59effeeb2b78d8b95038135","default-hasher:f584ad292ec9898a","rustc 1.97.0 (2d8144b78 2026-07-07)","x86_64-unknown-linux-gnu","Linux 7.0.11-76070011-generic x86_64","Intel(R) Core(TM) Ultra 7 155H","/dev/nvme0n1p3[/tmp] ext4   rw,nosuid,nodev,noatime,errors=remount-ro","/tmp/pigment-db-durability-bench","pigment_db","physical","key_set","file","successful_remove","8","32","5","8","1024","1108112194","924.094154","13865600","0"
"candidate-protocol-v3-20260807-145653","6d7edc7c29a60a94c59effeeb2b78d8b95038135","default-hasher:f584ad292ec9898a","rustc 1.97.0 (2d8144b78 2026-07-07)","x86_64-unknown-linux-gnu","Linux 7.0.11-76070011-generic x86_64","Intel(R) Core(TM) Ultra 7 155H","/dev/nvme0n1p3[/tmp] ext4   rw,nosuid,nodev,noatime,errors=remount-ro","/tmp/pigment-db-durability-bench","pigment_db","physical","key_set","file","successful_remove","8","32","5","9","1024","1141634978","896.959203","13994312","0"
"candidate-protocol-v3-20260807-145653","6d7edc7c29a60a94c59effeeb2b78d8b95038135","default-hasher:f584ad292ec9898a","rustc 1.97.0 (2d8144b78 2026-07-07)","x86_64-unknown-linux-gnu","Linux 7.0.11-76070011-generic x86_64","Intel(R) Core(TM) Ultra 7 155H","/dev/nvme0n1p3[/tmp] ext4   rw,nosuid,nodev,noatime,errors=remount-ro","/tmp/pigment-db-durability-bench","pigment_db","physical","key_set","file","successful_remove","8","32","5","10","1024","1137690833","900.068780","12428602","0"
"candidate-protocol-v3-20260807-145653","6d7edc7c29a60a94c59effeeb2b78d8b95038135","default-hasher:f584ad292ec9898a","rustc 1.97.0 (2d8144b78 2026-07-07)","x86_64-unknown-linux-gnu","Linux 7.0.11-76070011-generic x86_64","Intel(R) Core(TM) Ultra 7 155H","/dev/nvme0n1p3[/tmp] ext4   rw,nosuid,nodev,noatime,errors=remount-ro","/tmp/pigment-db-durability-bench","pigment_db","physical","key_set","file","minimal_callback","1","32","5","0","1024","1072753198","954.553202","1047946","0"
"candidate-protocol-v3-20260807-145653","6d7edc7c29a60a94c59effeeb2b78d8b95038135","default-hasher:f584ad292ec9898a","rustc 1.97.0 (2d8144b78 2026-07-07)","x86_64-unknown-linux-gnu","Linux 7.0.11-76070011-generic x86_64","Intel(R) Core(TM) Ultra 7 155H","/dev/nvme0n1p3[/tmp] ext4   rw,nosuid,nodev,noatime,errors=remount-ro","/tmp/pigment-db-durability-bench","pigment_db","physical","key_set","file","minimal_callback","1","32","5","1","1024","1938018713","528.374671","3819109","0"
"candidate-protocol-v3-20260807-145653","6d7edc7c29a60a94c59effeeb2b78d8b95038135","default-hasher:f584ad292ec9898a","rustc 1.97.0 (2d8144b78 2026-07-07)","x86_64-unknown-linux-gnu","Linux 7.0.11-76070011-generic x86_64","Intel(R) Core(TM) Ultra 7 155H","/dev/nvme0n1p3[/tmp] ext4   rw,nosuid,nodev,noatime,errors=remount-ro","/tmp/pigment-db-durability-bench","pigment_db","physical","key_set","file","minimal_callback","1","32","5","2","1024","1059843079","966.180768","1061471","0"
"candidate-protocol-v3-20260807-145653","6d7edc7c29a60a94c59effeeb2b78d8b95038135","default-hasher:f584ad292ec9898a","rustc 1.97.0 (2d8144b78 2026-07-07)","x86_64-unknown-linux-gnu","Linux 7.0.11-76070011-generic x86_64","Intel(R) Core(TM) Ultra 7 155H","/dev/nvme0n1p3[/tmp] ext4   rw,nosuid,nodev,noatime,errors=remount-ro","/tmp/pigment-db-durability-bench","pigment_db","physical","key_set","file","minimal_callback","1","32","5","3","1024","1066547540","960.107226","1071407","0"
"candidate-protocol-v3-20260807-145653","6d7edc7c29a60a94c59effeeb2b78d8b95038135","default-hasher:f584ad292ec9898a","rustc 1.97.0 (2d8144b78 2026-07-07)","x86_64-unknown-linux-gnu","Linux 7.0.11-76070011-generic x86_64","Intel(R) Core(TM) Ultra 7 155H","/dev/nvme0n1p3[/tmp] ext4   rw,nosuid,nodev,noatime,errors=remount-ro","/tmp/pigment-db-durability-bench","pigment_db","physical","key_set","file","minimal_callback","1","32","5","4","1024","1077476604","950.368663","1090278","0"
"candidate-protocol-v3-20260807-145653","6d7edc7c29a60a94c59effeeb2b78d8b95038135","default-hasher:f584ad292ec9898a","rustc 1.97.0 (2d8144b78 2026-07-07)","x86_64-unknown-linux-gnu","Linux 7.0.11-76070011-generic x86_64","Intel(R) Core(TM) Ultra 7 155H","/dev/nvme0n1p3[/tmp] ext4   rw,nosuid,nodev,noatime,errors=remount-ro","/tmp/pigment-db-durability-bench","pigment_db","physical","key_set","file","minimal_callback","1","32","5","5","1024","1028589035","995.538515","1028753","0"
"candidate-protocol-v3-20260807-145653","6d7edc7c29a60a94c59effeeb2b78d8b95038135","default-hasher:f584ad292ec9898a","rustc 1.97.0 (2d8144b78 2026-07-07)","x86_64-unknown-linux-gnu","Linux 7.0.11-76070011-generic x86_64","Intel(R) Core(TM) Ultra 7 155H","/dev/nvme0n1p3[/tmp] ext4   rw,nosuid,nodev,noatime,errors=remount-ro","/tmp/pigment-db-durability-bench","pigment_db","physical","key_set","file","minimal_callback","1","32","5","6","1024","1059380880","966.602305","1050620","0"
"candidate-protocol-v3-20260807-145653","6d7edc7c29a60a94c59effeeb2b78d8b95038135","default-hasher:f584ad292ec9898a","rustc 1.97.0 (2d8144b78 2026-07-07)","x86_64-unknown-linux-gnu","Linux 7.0.11-76070011-generic x86_64","Intel(R) Core(TM) Ultra 7 155H","/dev/nvme0n1p3[/tmp] ext4   rw,nosuid,nodev,noatime,errors=remount-ro","/tmp/pigment-db-durability-bench","pigment_db","physical","key_set","file","minimal_callback","1","32","5","7","1024","1095661644","934.595097","1264670","0"
"candidate-protocol-v3-20260807-145653","6d7edc7c29a60a94c59effeeb2b78d8b95038135","default-hasher:f584ad292ec9898a","rustc 1.97.0 (2d8144b78 2026-07-07)","x86_64-unknown-linux-gnu","Linux 7.0.11-76070011-generic x86_64","Intel(R) Core(TM) Ultra 7 155H","/dev/nvme0n1p3[/tmp] ext4   rw,nosuid,nodev,noatime,errors=remount-ro","/tmp/pigment-db-durability-bench","pigment_db","physical","key_set","file","minimal_callback","1","32","5","8","1024","1074344391","953.139430","1069792","0"
"candidate-protocol-v3-20260807-145653","6d7edc7c29a60a94c59effeeb2b78d8b95038135","default-hasher:f584ad292ec9898a","rustc 1.97.0 (2d8144b78 2026-07-07)","x86_64-unknown-linux-gnu","Linux 7.0.11-76070011-generic x86_64","Intel(R) Core(TM) Ultra 7 155H","/dev/nvme0n1p3[/tmp] ext4   rw,nosuid,nodev,noatime,errors=remount-ro","/tmp/pigment-db-durability-bench","pigment_db","physical","key_set","file","minimal_callback","1","32","5","9","1024","1110737792","921.909750","1127653","0"
"candidate-protocol-v3-20260807-145653","6d7edc7c29a60a94c59effeeb2b78d8b95038135","default-hasher:f584ad292ec9898a","rustc 1.97.0 (2d8144b78 2026-07-07)","x86_64-unknown-linux-gnu","Linux 7.0.11-76070011-generic x86_64","Intel(R) Core(TM) Ultra 7 155H","/dev/nvme0n1p3[/tmp] ext4   rw,nosuid,nodev,noatime,errors=remount-ro","/tmp/pigment-db-durability-bench","pigment_db","physical","key_set","file","minimal_callback","1","32","5","10","1024","1085258107","943.554343","1104303","0"
"candidate-protocol-v3-20260807-145653","6d7edc7c29a60a94c59effeeb2b78d8b95038135","default-hasher:f584ad292ec9898a","rustc 1.97.0 (2d8144b78 2026-07-07)","x86_64-unknown-linux-gnu","Linux 7.0.11-76070011-generic x86_64","Intel(R) Core(TM) Ultra 7 155H","/dev/nvme0n1p3[/tmp] ext4   rw,nosuid,nodev,noatime,errors=remount-ro","/tmp/pigment-db-durability-bench","pigment_db","physical","key_set","file","minimal_callback","8","32","5","0","1024","1107384258","924.701604","13242775","0"
"candidate-protocol-v3-20260807-145653","6d7edc7c29a60a94c59effeeb2b78d8b95038135","default-hasher:f584ad292ec9898a","rustc 1.97.0 (2d8144b78 2026-07-07)","x86_64-unknown-linux-gnu","Linux 7.0.11-76070011-generic x86_64","Intel(R) Core(TM) Ultra 7 155H","/dev/nvme0n1p3[/tmp] ext4   rw,nosuid,nodev,noatime,errors=remount-ro","/tmp/pigment-db-durability-bench","pigment_db","physical","key_set","file","minimal_callback","8","32","5","1","1024","1080261615","947.918528","13025376","0"
"candidate-protocol-v3-20260807-145653","6d7edc7c29a60a94c59effeeb2b78d8b95038135","default-hasher:f584ad292ec9898a","rustc 1.97.0 (2d8144b78 2026-07-07)","x86_64-unknown-linux-gnu","Linux 7.0.11-76070011-generic x86_64","Intel(R) Core(TM) Ultra 7 155H","/dev/nvme0n1p3[/tmp] ext4   rw,nosuid,nodev,noatime,errors=remount-ro","/tmp/pigment-db-durability-bench","pigment_db","physical","key_set","file","minimal_callback","8","32","5","2","1024","1116749670","916.946767","14125488","0"
"candidate-protocol-v3-20260807-145653","6d7edc7c29a60a94c59effeeb2b78d8b95038135","default-hasher:f584ad292ec9898a","rustc 1.97.0 (2d8144b78 2026-07-07)","x86_64-unknown-linux-gnu","Linux 7.0.11-76070011-generic x86_64","Intel(R) Core(TM) Ultra 7 155H","/dev/nvme0n1p3[/tmp] ext4   rw,nosuid,nodev,noatime,errors=remount-ro","/tmp/pigment-db-durability-bench","pigment_db","physical","key_set","file","minimal_callback","8","32","5","3","1024","1134599659","902.520983","13592678","0"
"candidate-protocol-v3-20260807-145653","6d7edc7c29a60a94c59effeeb2b78d8b95038135","default-hasher:f584ad292ec9898a","rustc 1.97.0 (2d8144b78 2026-07-07)","x86_64-unknown-linux-gnu","Linux 7.0.11-76070011-generic x86_64","Intel(R) Core(TM) Ultra 7 155H","/dev/nvme0n1p3[/tmp] ext4   rw,nosuid,nodev,noatime,errors=remount-ro","/tmp/pigment-db-durability-bench","pigment_db","physical","key_set","file","minimal_callback","8","32","5","4","1024","1121105328","913.384295","13869711","0"
"candidate-protocol-v3-20260807-145653","6d7edc7c29a60a94c59effeeb2b78d8b95038135","default-hasher:f584ad292ec9898a","rustc 1.97.0 (2d8144b78 2026-07-07)","x86_64-unknown-linux-gnu","Linux 7.0.11-76070011-generic x86_64","Intel(R) Core(TM) Ultra 7 155H","/dev/nvme0n1p3[/tmp] ext4   rw,nosuid,nodev,noatime,errors=remount-ro","/tmp/pigment-db-durability-bench","pigment_db","physical","key_set","file","minimal_callback","8","32","5","5","1024","1113118348","919.938120","13861099","0"
"candidate-protocol-v3-20260807-145653","6d7edc7c29a60a94c59effeeb2b78d8b95038135","default-hasher:f584ad292ec9898a","rustc 1.97.0 (2d8144b78 2026-07-07)","x86_64-unknown-linux-gnu","Linux 7.0.11-76070011-generic x86_64","Intel(R) Core(TM) Ultra 7 155H","/dev/nvme0n1p3[/tmp] ext4   rw,nosuid,nodev,noatime,errors=remount-ro","/tmp/pigment-db-durability-bench","pigment_db","physical","key_set","file","minimal_callback","8","32","5","6","1024","1096591936","933.802234","13676256","0"
"candidate-protocol-v3-20260807-145653","6d7edc7c29a60a94c59effeeb2b78d8b95038135","default-hasher:f584ad292ec9898a","rustc 1.97.0 (2d8144b78 2026-07-07)","x86_64-unknown-linux-gnu","Linux 7.0.11-76070011-generic x86_64","Intel(R) Core(TM) Ultra 7 155H","/dev/nvme0n1p3[/tmp] ext4   rw,nosuid,nodev,noatime,errors=remount-ro","/tmp/pigment-db-durability-bench","pigment_db","physical","key_set","file","minimal_callback","8","32","5","7","1024","1095128745","935.049879","13056527","0"
"candidate-protocol-v3-20260807-145653","6d7edc7c29a60a94c59effeeb2b78d8b95038135","default-hasher:f584ad292ec9898a","rustc 1.97.0 (2d8144b78 2026-07-07)","x86_64-unknown-linux-gnu","Linux 7.0.11-76070011-generic x86_64","Intel(R) Core(TM) Ultra 7 155H","/dev/nvme0n1p3[/tmp] ext4   rw,nosuid,nodev,noatime,errors=remount-ro","/tmp/pigment-db-durability-bench","pigment_db","physical","key_set","file","minimal_callback","8","32","5","8","1024","1106332972","925.580296","12888185","0"
"candidate-protocol-v3-20260807-145653","6d7edc7c29a60a94c59effeeb2b78d8b95038135","default-hasher:f584ad292ec9898a","rustc 1.97.0 (2d8144b78 2026-07-07)","x86_64-unknown-linux-gnu","Linux 7.0.11-76070011-generic x86_64","Intel(R) Core(TM) Ultra 7 155H","/dev/nvme0n1p3[/tmp] ext4   rw,nosuid,nodev,noatime,errors=remount-ro","/tmp/pigment-db-durability-bench","pigment_db","physical","key_set","file","minimal_callback","8","32","5","9","1024","1107634608","924.492601","13790833","0"
"candidate-protocol-v3-20260807-145653","6d7edc7c29a60a94c59effeeb2b78d8b95038135","default-hasher:f584ad292ec9898a","rustc 1.97.0 (2d8144b78 2026-07-07)","x86_64-unknown-linux-gnu","Linux 7.0.11-76070011-generic x86_64","Intel(R) Core(TM) Ultra 7 155H","/dev/nvme0n1p3[/tmp] ext4   rw,nosuid,nodev,noatime,errors=remount-ro","/tmp/pigment-db-durability-bench","pigment_db","physical","key_set","file","minimal_callback","8","32","5","10","1024","1330336000","769.730354","16523154","0"
"candidate-protocol-v3-20260807-145653","6d7edc7c29a60a94c59effeeb2b78d8b95038135","default-hasher:f584ad292ec9898a","rustc 1.97.0 (2d8144b78 2026-07-07)","x86_64-unknown-linux-gnu","Linux 7.0.11-76070011-generic x86_64","Intel(R) Core(TM) Ultra 7 155H","/dev/nvme0n1p3[/tmp] ext4   rw,nosuid,nodev,noatime,errors=remount-ro","/tmp/pigment-db-durability-bench","pigment_db","physical","key_map","file","ordinary_write","1","32","5","0","1024","1090530037","938.992935","1096272","0"
"candidate-protocol-v3-20260807-145653","6d7edc7c29a60a94c59effeeb2b78d8b95038135","default-hasher:f584ad292ec9898a","rustc 1.97.0 (2d8144b78 2026-07-07)","x86_64-unknown-linux-gnu","Linux 7.0.11-76070011-generic x86_64","Intel(R) Core(TM) Ultra 7 155H","/dev/nvme0n1p3[/tmp] ext4   rw,nosuid,nodev,noatime,errors=remount-ro","/tmp/pigment-db-durability-bench","pigment_db","physical","key_map","file","ordinary_write","1","32","5","1","1024","1046104744","978.869474","1059136","0"
"candidate-protocol-v3-20260807-145653","6d7edc7c29a60a94c59effeeb2b78d8b95038135","default-hasher:f584ad292ec9898a","rustc 1.97.0 (2d8144b78 2026-07-07)","x86_64-unknown-linux-gnu","Linux 7.0.11-76070011-generic x86_64","Intel(R) Core(TM) Ultra 7 155H","/dev/nvme0n1p3[/tmp] ext4   rw,nosuid,nodev,noatime,errors=remount-ro","/tmp/pigment-db-durability-bench","pigment_db","physical","key_map","file","ordinary_write","1","32","5","2","1024","1068911521","957.983874","1108712","0"
"candidate-protocol-v3-20260807-145653","6d7edc7c29a60a94c59effeeb2b78d8b95038135","default-hasher:f584ad292ec9898a","rustc 1.97.0 (2d8144b78 2026-07-07)","x86_64-unknown-linux-gnu","Linux 7.0.11-76070011-generic x86_64","Intel(R) Core(TM) Ultra 7 155H","/dev/nvme0n1p3[/tmp] ext4   rw,nosuid,nodev,noatime,errors=remount-ro","/tmp/pigment-db-durability-bench","pigment_db","physical","key_map","file","ordinary_write","1","32","5","3","1024","1069311755","957.625309","1034339","0"
"candidate-protocol-v3-20260807-145653","6d7edc7c29a60a94c59effeeb2b78d8b95038135","default-hasher:f584ad292ec9898a","rustc 1.97.0 (2d8144b78 2026-07-07)","x86_64-unknown-linux-gnu","Linux 7.0.11-76070011-generic x86_64","Intel(R) Core(TM) Ultra 7 155H","/dev/nvme0n1p3[/tmp] ext4   rw,nosuid,nodev,noatime,errors=remount-ro","/tmp/pigment-db-durability-bench","pigment_db","physical","key_map","file","ordinary_write","1","32","5","4","1024","1074668109","952.852319","1063076","0"
"candidate-protocol-v3-20260807-145653","6d7edc7c29a60a94c59effeeb2b78d8b95038135","default-hasher:f584ad292ec9898a","rustc 1.97.0 (2d8144b78 2026-07-07)","x86_64-unknown-linux-gnu","Linux 7.0.11-76070011-generic x86_64","Intel(R) Core(TM) Ultra 7 155H","/dev/nvme0n1p3[/tmp] ext4   rw,nosuid,nodev,noatime,errors=remount-ro","/tmp/pigment-db-durability-bench","pigment_db","physical","key_map","file","ordinary_write","1","32","5","5","1024","1098489148","932.189455","1195697","0"
"candidate-protocol-v3-20260807-145653","6d7edc7c29a60a94c59effeeb2b78d8b95038135","default-hasher:f584ad292ec9898a","rustc 1.97.0 (2d8144b78 2026-07-07)","x86_64-unknown-linux-gnu","Linux 7.0.11-76070011-generic x86_64","Intel(R) Core(TM) Ultra 7 155H","/dev/nvme0n1p3[/tmp] ext4   rw,nosuid,nodev,noatime,errors=remount-ro","/tmp/pigment-db-durability-bench","pigment_db","physical","key_map","file","ordinary_write","1","32","5","6","1024","1062927198","963.377362","1075408","0"
"candidate-protocol-v3-20260807-145653","6d7edc7c29a60a94c59effeeb2b78d8b95038135","default-hasher:f584ad292ec9898a","rustc 1.97.0 (2d8144b78 2026-07-07)","x86_64-unknown-linux-gnu","Linux 7.0.11-76070011-generic x86_64","Intel(R) Core(TM) Ultra 7 155H","/dev/nvme0n1p3[/tmp] ext4   rw,nosuid,nodev,noatime,errors=remount-ro","/tmp/pigment-db-durability-bench","pigment_db","physical","key_map","file","ordinary_write","1","32","5","7","1024","1067224183","959.498497","1046317","0"
"candidate-protocol-v3-20260807-145653","6d7edc7c29a60a94c59effeeb2b78d8b95038135","default-hasher:f584ad292ec9898a","rustc 1.97.0 (2d8144b78 2026-07-07)","x86_64-unknown-linux-gnu","Linux 7.0.11-76070011-generic x86_64","Intel(R) Core(TM) Ultra 7 155H","/dev/nvme0n1p3[/tmp] ext4   rw,nosuid,nodev,noatime,errors=remount-ro","/tmp/pigment-db-durability-bench","pigment_db","physical","key_map","file","ordinary_write","1","32","5","8","1024","1090744612","938.808213","1120246","0"
"candidate-protocol-v3-20260807-145653","6d7edc7c29a60a94c59effeeb2b78d8b95038135","default-hasher:f584ad292ec9898a","rustc 1.97.0 (2d8144b78 2026-07-07)","x86_64-unknown-linux-gnu","Linux 7.0.11-76070011-generic x86_64","Intel(R) Core(TM) Ultra 7 155H","/dev/nvme0n1p3[/tmp] ext4   rw,nosuid,nodev,noatime,errors=remount-ro","/tmp/pigment-db-durability-bench","pigment_db","physical","key_map","file","ordinary_write","1","32","5","9","1024","1079730895","948.384458","1078053","0"
"candidate-protocol-v3-20260807-145653","6d7edc7c29a60a94c59effeeb2b78d8b95038135","default-hasher:f584ad292ec9898a","rustc 1.97.0 (2d8144b78 2026-07-07)","x86_64-unknown-linux-gnu","Linux 7.0.11-76070011-generic x86_64","Intel(R) Core(TM) Ultra 7 155H","/dev/nvme0n1p3[/tmp] ext4   rw,nosuid,nodev,noatime,errors=remount-ro","/tmp/pigment-db-durability-bench","pigment_db","physical","key_map","file","ordinary_write","1","32","5","10","1024","1096661611","933.742906","1129396","0"
"candidate-protocol-v3-20260807-145653","6d7edc7c29a60a94c59effeeb2b78d8b95038135","default-hasher:f584ad292ec9898a","rustc 1.97.0 (2d8144b78 2026-07-07)","x86_64-unknown-linux-gnu","Linux 7.0.11-76070011-generic x86_64","Intel(R) Core(TM) Ultra 7 155H","/dev/nvme0n1p3[/tmp] ext4   rw,nosuid,nodev,noatime,errors=remount-ro","/tmp/pigment-db-durability-bench","pigment_db","physical","key_map","file","ordinary_write","8","32","5","0","1024","1063004794","963.307038","7936850","0"
"candidate-protocol-v3-20260807-145653","6d7edc7c29a60a94c59effeeb2b78d8b95038135","default-hasher:f584ad292ec9898a","rustc 1.97.0 (2d8144b78 2026-07-07)","x86_64-unknown-linux-gnu","Linux 7.0.11-76070011-generic x86_64","Intel(R) Core(TM) Ultra 7 155H","/dev/nvme0n1p3[/tmp] ext4   rw,nosuid,nodev,noatime,errors=remount-ro","/tmp/pigment-db-durability-bench","pigment_db","physical","key_map","file","ordinary_write","8","32","5","1","1024","1101778747","929.406201","12883628","0"
"candidate-protocol-v3-20260807-145653","6d7edc7c29a60a94c59effeeb2b78d8b95038135","default-hasher:f584ad292ec9898a","rustc 1.97.0 (2d8144b78 2026-07-07)","x86_64-unknown-linux-gnu","Linux 7.0.11-76070011-generic x86_64","Intel(R) Core(TM) Ultra 7 155H","/dev/nvme0n1p3[/tmp] ext4   rw,nosuid,nodev,noatime,errors=remount-ro","/tmp/pigment-db-durability-bench","pigment_db","physical","key_map","file","ordinary_write","8","32","5","2","1024","1135064181","902.151629","13938863","0"
"candidate-protocol-v3-20260807-145653","6d7edc7c29a60a94c59effeeb2b78d8b95038135","default-hasher:f584ad292ec9898a","rustc 1.97.0 (2d8144b78 2026-07-07)","x86_64-unknown-linux-gnu","Linux 7.0.11-76070011-generic x86_64","Intel(R) Core(TM) Ultra 7 155H","/dev/nvme0n1p3[/tmp] ext4   rw,nosuid,nodev,noatime,errors=remount-ro","/tmp/pigment-db-durability-bench","pigment_db","physical","key_map","file","ordinary_write","8","32","5","3","1024","1100282959","930.669690","10145579","0"
"candidate-protocol-v3-20260807-145653","6d7edc7c29a60a94c59effeeb2b78d8b95038135","default-hasher:f584ad292ec9898a","rustc 1.97.0 (2d8144b78 2026-07-07)","x86_64-unknown-linux-gnu","Linux 7.0.11-76070011-generic x86_64","Intel(R) Core(TM) Ultra 7 155H","/dev/nvme0n1p3[/tmp] ext4   rw,nosuid,nodev,noatime,errors=remount-ro","/tmp/pigment-db-durability-bench","pigment_db","physical","key_map","file","ordinary_write","8","32","5","4","1024","1305908102","784.128683","16592531","0"
"candidate-protocol-v3-20260807-145653","6d7edc7c29a60a94c59effeeb2b78d8b95038135","default-hasher:f584ad292ec9898a","rustc 1.97.0 (2d8144b78 2026-07-07)","x86_64-unknown-linux-gnu","Linux 7.0.11-76070011-generic x86_64","Intel(R) Core(TM) Ultra 7 155H","/dev/nvme0n1p3[/tmp] ext4   rw,nosuid,nodev,noatime,errors=remount-ro","/tmp/pigment-db-durability-bench","pigment_db","physical","key_map","file","ordinary_write","8","32","5","5","1024","1122020975","912.638910","12130143","0"
"candidate-protocol-v3-20260807-145653","6d7edc7c29a60a94c59effeeb2b78d8b95038135","default-hasher:f584ad292ec9898a","rustc 1.97.0 (2d8144b78 2026-07-07)","x86_64-unknown-linux-gnu","Linux 7.0.11-76070011-generic x86_64","Intel(R) Core(TM) Ultra 7 155H","/dev/nvme0n1p3[/tmp] ext4   rw,nosuid,nodev,noatime,errors=remount-ro","/tmp/pigment-db-durability-bench","pigment_db","physical","key_map","file","ordinary_write","8","32","5","6","1024","1124599542","910.546343","13089281","0"
"candidate-protocol-v3-20260807-145653","6d7edc7c29a60a94c59effeeb2b78d8b95038135","default-hasher:f584ad292ec9898a","rustc 1.97.0 (2d8144b78 2026-07-07)","x86_64-unknown-linux-gnu","Linux 7.0.11-76070011-generic x86_64","Intel(R) Core(TM) Ultra 7 155H","/dev/nvme0n1p3[/tmp] ext4   rw,nosuid,nodev,noatime,errors=remount-ro","/tmp/pigment-db-durability-bench","pigment_db","physical","key_map","file","ordinary_write","8","32","5","7","1024","1101965969","929.248297","12761953","0"
"candidate-protocol-v3-20260807-145653","6d7edc7c29a60a94c59effeeb2b78d8b95038135","default-hasher:f584ad292ec9898a","rustc 1.97.0 (2d8144b78 2026-07-07)","x86_64-unknown-linux-gnu","Linux 7.0.11-76070011-generic x86_64","Intel(R) Core(TM) Ultra 7 155H","/dev/nvme0n1p3[/tmp] ext4   rw,nosuid,nodev,noatime,errors=remount-ro","/tmp/pigment-db-durability-bench","pigment_db","physical","key_map","file","ordinary_write","8","32","5","8","1024","1113474982","919.643473","11102687","0"
"candidate-protocol-v3-20260807-145653","6d7edc7c29a60a94c59effeeb2b78d8b95038135","default-hasher:f584ad292ec9898a","rustc 1.97.0 (2d8144b78 2026-07-07)","x86_64-unknown-linux-gnu","Linux 7.0.11-76070011-generic x86_64","Intel(R) Core(TM) Ultra 7 155H","/dev/nvme0n1p3[/tmp] ext4   rw,nosuid,nodev,noatime,errors=remount-ro","/tmp/pigment-db-durability-bench","pigment_db","physical","key_map","file","ordinary_write","8","32","5","9","1024","1152807526","888.266234","13648913","0"
"candidate-protocol-v3-20260807-145653","6d7edc7c29a60a94c59effeeb2b78d8b95038135","default-hasher:f584ad292ec9898a","rustc 1.97.0 (2d8144b78 2026-07-07)","x86_64-unknown-linux-gnu","Linux 7.0.11-76070011-generic x86_64","Intel(R) Core(TM) Ultra 7 155H","/dev/nvme0n1p3[/tmp] ext4   rw,nosuid,nodev,noatime,errors=remount-ro","/tmp/pigment-db-durability-bench","pigment_db","physical","key_map","file","ordinary_write","8","32","5","10","1024","1132874506","903.895352","13096010","0"
"candidate-protocol-v3-20260807-145653","6d7edc7c29a60a94c59effeeb2b78d8b95038135","default-hasher:f584ad292ec9898a","rustc 1.97.0 (2d8144b78 2026-07-07)","x86_64-unknown-linux-gnu","Linux 7.0.11-76070011-generic x86_64","Intel(R) Core(TM) Ultra 7 155H","/dev/nvme0n1p3[/tmp] ext4   rw,nosuid,nodev,noatime,errors=remount-ro","/tmp/pigment-db-durability-bench","pigment_db","physical","key_map","file","successful_remove","1","32","5","0","1024","1067359729","959.376649","1103826","0"
"candidate-protocol-v3-20260807-145653","6d7edc7c29a60a94c59effeeb2b78d8b95038135","default-hasher:f584ad292ec9898a","rustc 1.97.0 (2d8144b78 2026-07-07)","x86_64-unknown-linux-gnu","Linux 7.0.11-76070011-generic x86_64","Intel(R) Core(TM) Ultra 7 155H","/dev/nvme0n1p3[/tmp] ext4   rw,nosuid,nodev,noatime,errors=remount-ro","/tmp/pigment-db-durability-bench","pigment_db","physical","key_map","file","successful_remove","1","32","5","1","1024","1053300593","972.182117","1060504","0"
"candidate-protocol-v3-20260807-145653","6d7edc7c29a60a94c59effeeb2b78d8b95038135","default-hasher:f584ad292ec9898a","rustc 1.97.0 (2d8144b78 2026-07-07)","x86_64-unknown-linux-gnu","Linux 7.0.11-76070011-generic x86_64","Intel(R) Core(TM) Ultra 7 155H","/dev/nvme0n1p3[/tmp] ext4   rw,nosuid,nodev,noatime,errors=remount-ro","/tmp/pigment-db-durability-bench","pigment_db","physical","key_map","file","successful_remove","1","32","5","2","1024","1058673632","967.248044","1129945","0"
"candidate-protocol-v3-20260807-145653","6d7edc7c29a60a94c59effeeb2b78d8b95038135","default-hasher:f584ad292ec9898a","rustc 1.97.0 (2d8144b78 2026-07-07)","x86_64-unknown-linux-gnu","Linux 7.0.11-76070011-generic x86_64","Intel(R) Core(TM) Ultra 7 155H","/dev/nvme0n1p3[/tmp] ext4   rw,nosuid,nodev,noatime,errors=remount-ro","/tmp/pigment-db-durability-bench","pigment_db","physical","key_map","file","successful_remove","1","32","5","3","1024","1067507036","959.244263","1084102","0"
"candidate-protocol-v3-20260807-145653","6d7edc7c29a60a94c59effeeb2b78d8b95038135","default-hasher:f584ad292ec9898a","rustc 1.97.0 (2d8144b78 2026-07-07)","x86_64-unknown-linux-gnu","Linux 7.0.11-76070011-generic x86_64","Intel(R) Core(TM) Ultra 7 155H","/dev/nvme0n1p3[/tmp] ext4   rw,nosuid,nodev,noatime,errors=remount-ro","/tmp/pigment-db-durability-bench","pigment_db","physical","key_map","file","successful_remove","1","32","5","4","1024","1144060306","895.057712","2523240","0"
"candidate-protocol-v3-20260807-145653","6d7edc7c29a60a94c59effeeb2b78d8b95038135","default-hasher:f584ad292ec9898a","rustc 1.97.0 (2d8144b78 2026-07-07)","x86_64-unknown-linux-gnu","Linux 7.0.11-76070011-generic x86_64","Intel(R) Core(TM) Ultra 7 155H","/dev/nvme0n1p3[/tmp] ext4   rw,nosuid,nodev,noatime,errors=remount-ro","/tmp/pigment-db-durability-bench","pigment_db","physical","key_map","file","successful_remove","1","32","5","5","1024","1087015141","942.029197","1112993","0"
"candidate-protocol-v3-20260807-145653","6d7edc7c29a60a94c59effeeb2b78d8b95038135","default-hasher:f584ad292ec9898a","rustc 1.97.0 (2d8144b78 2026-07-07)","x86_64-unknown-linux-gnu","Linux 7.0.11-76070011-generic x86_64","Intel(R) Core(TM) Ultra 7 155H","/dev/nvme0n1p3[/tmp] ext4   rw,nosuid,nodev,noatime,errors=remount-ro","/tmp/pigment-db-durability-bench","pigment_db","physical","key_map","file","successful_remove","1","32","5","6","1024","1072240515","955.009614","1068478","0"
"candidate-protocol-v3-20260807-145653","6d7edc7c29a60a94c59effeeb2b78d8b95038135","default-hasher:f584ad292ec9898a","rustc 1.97.0 (2d8144b78 2026-07-07)","x86_64-unknown-linux-gnu","Linux 7.0.11-76070011-generic x86_64","Intel(R) Core(TM) Ultra 7 155H","/dev/nvme0n1p3[/tmp] ext4   rw,nosuid,nodev,noatime,errors=remount-ro","/tmp/pigment-db-durability-bench","pigment_db","physical","key_map","file","successful_remove","1","32","5","7","1024","1048266384","976.850938","1066992","0"
"candidate-protocol-v3-20260807-145653","6d7edc7c29a60a94c59effeeb2b78d8b95038135","default-hasher:f584ad292ec9898a","rustc 1.97.0 (2d8144b78 2026-07-07)","x86_64-unknown-linux-gnu","Linux 7.0.11-76070011-generic x86_64","Intel(R) Core(TM) Ultra 7 155H","/dev/nvme0n1p3[/tmp] ext4   rw,nosuid,nodev,noatime,errors=remount-ro","/tmp/pigment-db-durability-bench","pigment_db","physical","key_map","file","successful_remove","1","32","5","8","1024","1081992854","946.401814","1149846","0"
"candidate-protocol-v3-20260807-145653","6d7edc7c29a60a94c59effeeb2b78d8b95038135","default-hasher:f584ad292ec9898a","rustc 1.97.0 (2d8144b78 2026-07-07)","x86_64-unknown-linux-gnu","Linux 7.0.11-76070011-generic x86_64","Intel(R) Core(TM) Ultra 7 155H","/dev/nvme0n1p3[/tmp] ext4   rw,nosuid,nodev,noatime,errors=remount-ro","/tmp/pigment-db-durability-bench","pigment_db","physical","key_map","file","successful_remove","1","32","5","9","1024","1071407697","955.751954","1101755","0"
"candidate-protocol-v3-20260807-145653","6d7edc7c29a60a94c59effeeb2b78d8b95038135","default-hasher:f584ad292ec9898a","rustc 1.97.0 (2d8144b78 2026-07-07)","x86_64-unknown-linux-gnu","Linux 7.0.11-76070011-generic x86_64","Intel(R) Core(TM) Ultra 7 155H","/dev/nvme0n1p3[/tmp] ext4   rw,nosuid,nodev,noatime,errors=remount-ro","/tmp/pigment-db-durability-bench","pigment_db","physical","key_map","file","successful_remove","1","32","5","10","1024","1072367661","954.896382","1105563","0"
"candidate-protocol-v3-20260807-145653","6d7edc7c29a60a94c59effeeb2b78d8b95038135","default-hasher:f584ad292ec9898a","rustc 1.97.0 (2d8144b78 2026-07-07)","x86_64-unknown-linux-gnu","Linux 7.0.11-76070011-generic x86_64","Intel(R) Core(TM) Ultra 7 155H","/dev/nvme0n1p3[/tmp] ext4   rw,nosuid,nodev,noatime,errors=remount-ro","/tmp/pigment-db-durability-bench","pigment_db","physical","key_map","file","successful_remove","8","32","5","0","1024","1219666613","839.573691","15231150","0"
"candidate-protocol-v3-20260807-145653","6d7edc7c29a60a94c59effeeb2b78d8b95038135","default-hasher:f584ad292ec9898a","rustc 1.97.0 (2d8144b78 2026-07-07)","x86_64-unknown-linux-gnu","Linux 7.0.11-76070011-generic x86_64","Intel(R) Core(TM) Ultra 7 155H","/dev/nvme0n1p3[/tmp] ext4   rw,nosuid,nodev,noatime,errors=remount-ro","/tmp/pigment-db-durability-bench","pigment_db","physical","key_map","file","successful_remove","8","32","5","1","1024","1109356427","923.057707","7930411","0"
"candidate-protocol-v3-20260807-145653","6d7edc7c29a60a94c59effeeb2b78d8b95038135","default-hasher:f584ad292ec9898a","rustc 1.97.0 (2d8144b78 2026-07-07)","x86_64-unknown-linux-gnu","Linux 7.0.11-76070011-generic x86_64","Intel(R) Core(TM) Ultra 7 155H","/dev/nvme0n1p3[/tmp] ext4   rw,nosuid,nodev,noatime,errors=remount-ro","/tmp/pigment-db-durability-bench","pigment_db","physical","key_map","file","successful_remove","8","32","5","2","1024","1172612052","873.264093","11865675","0"
"candidate-protocol-v3-20260807-145653","6d7edc7c29a60a94c59effeeb2b78d8b95038135","default-hasher:f584ad292ec9898a","rustc 1.97.0 (2d8144b78 2026-07-07)","x86_64-unknown-linux-gnu","Linux 7.0.11-76070011-generic x86_64","Intel(R) Core(TM) Ultra 7 155H","/dev/nvme0n1p3[/tmp] ext4   rw,nosuid,nodev,noatime,errors=remount-ro","/tmp/pigment-db-durability-bench","pigment_db","physical","key_map","file","successful_remove","8","32","5","3","1024","1104430876","927.174368","13105167","0"
"candidate-protocol-v3-20260807-145653","6d7edc7c29a60a94c59effeeb2b78d8b95038135","default-hasher:f584ad292ec9898a","rustc 1.97.0 (2d8144b78 2026-07-07)","x86_64-unknown-linux-gnu","Linux 7.0.11-76070011-generic x86_64","Intel(R) Core(TM) Ultra 7 155H","/dev/nvme0n1p3[/tmp] ext4   rw,nosuid,nodev,noatime,errors=remount-ro","/tmp/pigment-db-durability-bench","pigment_db","physical","key_map","file","successful_remove","8","32","5","4","1024","1094267116","935.786139","13654749","0"
"candidate-protocol-v3-20260807-145653","6d7edc7c29a60a94c59effeeb2b78d8b95038135","default-hasher:f584ad292ec9898a","rustc 1.97.0 (2d8144b78 2026-07-07)","x86_64-unknown-linux-gnu","Linux 7.0.11-76070011-generic x86_64","Intel(R) Core(TM) Ultra 7 155H","/dev/nvme0n1p3[/tmp] ext4   rw,nosuid,nodev,noatime,errors=remount-ro","/tmp/pigment-db-durability-bench","pigment_db","physical","key_map","file","successful_remove","8","32","5","5","1024","1094419987","935.655427","13825392","0"
"candidate-protocol-v3-20260807-145653","6d7edc7c29a60a94c59effeeb2b78d8b95038135","default-hasher:f584ad292ec9898a","rustc 1.97.0 (2d8144b78 2026-07-07)","x86_64-unknown-linux-gnu","Linux 7.0.11-76070011-generic x86_64","Intel(R) Core(TM) Ultra 7 155H","/dev/nvme0n1p3[/tmp] ext4   rw,nosuid,nodev,noatime,errors=remount-ro","/tmp/pigment-db-durability-bench","pigment_db","physical","key_map","file","successful_remove","8","32","5","6","1024","1104116579","927.438297","13832171","0"
"candidate-protocol-v3-20260807-145653","6d7edc7c29a60a94c59effeeb2b78d8b95038135","default-hasher:f584ad292ec9898a","rustc 1.97.0 (2d8144b78 2026-07-07)","x86_64-unknown-linux-gnu","Linux 7.0.11-76070011-generic x86_64","Intel(R) Core(TM) Ultra 7 155H","/dev/nvme0n1p3[/tmp] ext4   rw,nosuid,nodev,noatime,errors=remount-ro","/tmp/pigment-db-durability-bench","pigment_db","physical","key_map","file","successful_remove","8","32","5","7","1024","1197597526","855.045187","13280208","0"
"candidate-protocol-v3-20260807-145653","6d7edc7c29a60a94c59effeeb2b78d8b95038135","default-hasher:f584ad292ec9898a","rustc 1.97.0 (2d8144b78 2026-07-07)","x86_64-unknown-linux-gnu","Linux 7.0.11-76070011-generic x86_64","Intel(R) Core(TM) Ultra 7 155H","/dev/nvme0n1p3[/tmp] ext4   rw,nosuid,nodev,noatime,errors=remount-ro","/tmp/pigment-db-durability-bench","pigment_db","physical","key_map","file","successful_remove","8","32","5","8","1024","1102835441","928.515681","13056886","0"
"candidate-protocol-v3-20260807-145653","6d7edc7c29a60a94c59effeeb2b78d8b95038135","default-hasher:f584ad292ec9898a","rustc 1.97.0 (2d8144b78 2026-07-07)","x86_64-unknown-linux-gnu","Linux 7.0.11-76070011-generic x86_64","Intel(R) Core(TM) Ultra 7 155H","/dev/nvme0n1p3[/tmp] ext4   rw,nosuid,nodev,noatime,errors=remount-ro","/tmp/pigment-db-durability-bench","pigment_db","physical","key_map","file","successful_remove","8","32","5","9","1024","1087231618","941.841631","13883251","0"
"candidate-protocol-v3-20260807-145653","6d7edc7c29a60a94c59effeeb2b78d8b95038135","default-hasher:f584ad292ec9898a","rustc 1.97.0 (2d8144b78 2026-07-07)","x86_64-unknown-linux-gnu","Linux 7.0.11-76070011-generic x86_64","Intel(R) Core(TM) Ultra 7 155H","/dev/nvme0n1p3[/tmp] ext4   rw,nosuid,nodev,noatime,errors=remount-ro","/tmp/pigment-db-durability-bench","pigment_db","physical","key_map","file","successful_remove","8","32","5","10","1024","1140980487","897.473718","14150691","0"
"candidate-protocol-v3-20260807-145653","6d7edc7c29a60a94c59effeeb2b78d8b95038135","default-hasher:f584ad292ec9898a","rustc 1.97.0 (2d8144b78 2026-07-07)","x86_64-unknown-linux-gnu","Linux 7.0.11-76070011-generic x86_64","Intel(R) Core(TM) Ultra 7 155H","/dev/nvme0n1p3[/tmp] ext4   rw,nosuid,nodev,noatime,errors=remount-ro","/tmp/pigment-db-durability-bench","pigment_db","physical","key_map","file","minimal_callback","1","32","5","0","1024","1076724574","951.032441","1146100","0"
"candidate-protocol-v3-20260807-145653","6d7edc7c29a60a94c59effeeb2b78d8b95038135","default-hasher:f584ad292ec9898a","rustc 1.97.0 (2d8144b78 2026-07-07)","x86_64-unknown-linux-gnu","Linux 7.0.11-76070011-generic x86_64","Intel(R) Core(TM) Ultra 7 155H","/dev/nvme0n1p3[/tmp] ext4   rw,nosuid,nodev,noatime,errors=remount-ro","/tmp/pigment-db-durability-bench","pigment_db","physical","key_map","file","minimal_callback","1","32","5","1","1024","1055595372","970.068671","1078421","0"
"candidate-protocol-v3-20260807-145653","6d7edc7c29a60a94c59effeeb2b78d8b95038135","default-hasher:f584ad292ec9898a","rustc 1.97.0 (2d8144b78 2026-07-07)","x86_64-unknown-linux-gnu","Linux 7.0.11-76070011-generic x86_64","Intel(R) Core(TM) Ultra 7 155H","/dev/nvme0n1p3[/tmp] ext4   rw,nosuid,nodev,noatime,errors=remount-ro","/tmp/pigment-db-durability-bench","pigment_db","physical","key_map","file","minimal_callback","1","32","5","2","1024","1069329101","957.609775","1092083","0"
"candidate-protocol-v3-20260807-145653","6d7edc7c29a60a94c59effeeb2b78d8b95038135","default-hasher:f584ad292ec9898a","rustc 1.97.0 (2d8144b78 2026-07-07)","x86_64-unknown-linux-gnu","Linux 7.0.11-76070011-generic x86_64","Intel(R) Core(TM) Ultra 7 155H","/dev/nvme0n1p3[/tmp] ext4   rw,nosuid,nodev,noatime,errors=remount-ro","/tmp/pigment-db-durability-bench","pigment_db","physical","key_map","file","minimal_callback","1","32","5","3","1024","1074970178","952.584566","1084418","0"
"candidate-protocol-v3-20260807-145653","6d7edc7c29a60a94c59effeeb2b78d8b95038135","default-hasher:f584ad292ec9898a","rustc 1.97.0 (2d8144b78 2026-07-07)","x86_64-unknown-linux-gnu","Linux 7.0.11-76070011-generic x86_64","Intel(R) Core(TM) Ultra 7 155H","/dev/nvme0n1p3[/tmp] ext4   rw,nosuid,nodev,noatime,errors=remount-ro","/tmp/pigment-db-durability-bench","pigment_db","physical","key_map","file","minimal_callback","1","32","5","4","1024","1101230623","929.868802","1106684","0"
"candidate-protocol-v3-20260807-145653","6d7edc7c29a60a94c59effeeb2b78d8b95038135","default-hasher:f584ad292ec9898a","rustc 1.97.0 (2d8144b78 2026-07-07)","x86_64-unknown-linux-gnu","Linux 7.0.11-76070011-generic x86_64","Intel(R) Core(TM) Ultra 7 155H","/dev/nvme0n1p3[/tmp] ext4   rw,nosuid,nodev,noatime,errors=remount-ro","/tmp/pigment-db-durability-bench","pigment_db","physical","key_map","file","minimal_callback","1","32","5","5","1024","1044969464","979.932941","1065649","0"
"candidate-protocol-v3-20260807-145653","6d7edc7c29a60a94c59effeeb2b78d8b95038135","default-hasher:f584ad292ec9898a","rustc 1.97.0 (2d8144b78 2026-07-07)","x86_64-unknown-linux-gnu","Linux 7.0.11-76070011-generic x86_64","Intel(R) Core(TM) Ultra 7 155H","/dev/nvme0n1p3[/tmp] ext4   rw,nosuid,nodev,noatime,errors=remount-ro","/tmp/pigment-db-durability-bench","pigment_db","physical","key_map","file","minimal_callback","1","32","5","6","1024","1090448253","939.063360","1097270","0"
"candidate-protocol-v3-20260807-145653","6d7edc7c29a60a94c59effeeb2b78d8b95038135","default-hasher:f584ad292ec9898a","rustc 1.97.0 (2d8144b78 2026-07-07)","x86_64-unknown-linux-gnu","Linux 7.0.11-76070011-generic x86_64","Intel(R) Core(TM) Ultra 7 155H","/dev/nvme0n1p3[/tmp] ext4   rw,nosuid,nodev,noatime,errors=remount-ro","/tmp/pigment-db-durability-bench","pigment_db","physical","key_map","file","minimal_callback","1","32","5","7","1024","1084476473","944.234408","1126106","0"
"candidate-protocol-v3-20260807-145653","6d7edc7c29a60a94c59effeeb2b78d8b95038135","default-hasher:f584ad292ec9898a","rustc 1.97.0 (2d8144b78 2026-07-07)","x86_64-unknown-linux-gnu","Linux 7.0.11-76070011-generic x86_64","Intel(R) Core(TM) Ultra 7 155H","/dev/nvme0n1p3[/tmp] ext4   rw,nosuid,nodev,noatime,errors=remount-ro","/tmp/pigment-db-durability-bench","pigment_db","physical","key_map","file","minimal_callback","1","32","5","8","1024","1096878486","933.558287","1150786","0"
"candidate-protocol-v3-20260807-145653","6d7edc7c29a60a94c59effeeb2b78d8b95038135","default-hasher:f584ad292ec9898a","rustc 1.97.0 (2d8144b78 2026-07-07)","x86_64-unknown-linux-gnu","Linux 7.0.11-76070011-generic x86_64","Intel(R) Core(TM) Ultra 7 155H","/dev/nvme0n1p3[/tmp] ext4   rw,nosuid,nodev,noatime,errors=remount-ro","/tmp/pigment-db-durability-bench","pigment_db","physical","key_map","file","minimal_callback","1","32","5","9","1024","1078500603","949.466321","1071563","0"
"candidate-protocol-v3-20260807-145653","6d7edc7c29a60a94c59effeeb2b78d8b95038135","default-hasher:f584ad292ec9898a","rustc 1.97.0 (2d8144b78 2026-07-07)","x86_64-unknown-linux-gnu","Linux 7.0.11-76070011-generic x86_64","Intel(R) Core(TM) Ultra 7 155H","/dev/nvme0n1p3[/tmp] ext4   rw,nosuid,nodev,noatime,errors=remount-ro","/tmp/pigment-db-durability-bench","pigment_db","physical","key_map","file","minimal_callback","1","32","5","10","1024","1051641704","973.715664","1077679","0"
"candidate-protocol-v3-20260807-145653","6d7edc7c29a60a94c59effeeb2b78d8b95038135","default-hasher:f584ad292ec9898a","rustc 1.97.0 (2d8144b78 2026-07-07)","x86_64-unknown-linux-gnu","Linux 7.0.11-76070011-generic x86_64","Intel(R) Core(TM) Ultra 7 155H","/dev/nvme0n1p3[/tmp] ext4   rw,nosuid,nodev,noatime,errors=remount-ro","/tmp/pigment-db-durability-bench","pigment_db","physical","key_map","file","minimal_callback","8","32","5","0","1024","1097315071","933.186855","11902398","0"
"candidate-protocol-v3-20260807-145653","6d7edc7c29a60a94c59effeeb2b78d8b95038135","default-hasher:f584ad292ec9898a","rustc 1.97.0 (2d8144b78 2026-07-07)","x86_64-unknown-linux-gnu","Linux 7.0.11-76070011-generic x86_64","Intel(R) Core(TM) Ultra 7 155H","/dev/nvme0n1p3[/tmp] ext4   rw,nosuid,nodev,noatime,errors=remount-ro","/tmp/pigment-db-durability-bench","pigment_db","physical","key_map","file","minimal_callback","8","32","5","1","1024","1113830501","919.349936","13644474","0"
"candidate-protocol-v3-20260807-145653","6d7edc7c29a60a94c59effeeb2b78d8b95038135","default-hasher:f584ad292ec9898a","rustc 1.97.0 (2d8144b78 2026-07-07)","x86_64-unknown-linux-gnu","Linux 7.0.11-76070011-generic x86_64","Intel(R) Core(TM) Ultra 7 155H","/dev/nvme0n1p3[/tmp] ext4   rw,nosuid,nodev,noatime,errors=remount-ro","/tmp/pigment-db-durability-bench","pigment_db","physical","key_map","file","minimal_callback","8","32","5","2","1024","1100860727","930.181244","13372739","0"
"candidate-protocol-v3-20260807-145653","6d7edc7c29a60a94c59effeeb2b78d8b95038135","default-hasher:f584ad292ec9898a","rustc 1.97.0 (2d8144b78 2026-07-07)","x86_64-unknown-linux-gnu","Linux 7.0.11-76070011-generic x86_64","Intel(R) Core(TM) Ultra 7 155H","/dev/nvme0n1p3[/tmp] ext4   rw,nosuid,nodev,noatime,errors=remount-ro","/tmp/pigment-db-durability-bench","pigment_db","physical","key_map","file","minimal_callback","8","32","5","3","1024","1122499286","912.250023","12080751","0"
"candidate-protocol-v3-20260807-145653","6d7edc7c29a60a94c59effeeb2b78d8b95038135","default-hasher:f584ad292ec9898a","rustc 1.97.0 (2d8144b78 2026-07-07)","x86_64-unknown-linux-gnu","Linux 7.0.11-76070011-generic x86_64","Intel(R) Core(TM) Ultra 7 155H","/dev/nvme0n1p3[/tmp] ext4   rw,nosuid,nodev,noatime,errors=remount-ro","/tmp/pigment-db-durability-bench","pigment_db","physical","key_map","file","minimal_callback","8","32","5","4","1024","1097400720","933.114022","12115754","0"
"candidate-protocol-v3-20260807-145653","6d7edc7c29a60a94c59effeeb2b78d8b95038135","default-hasher:f584ad292ec9898a","rustc 1.97.0 (2d8144b78 2026-07-07)","x86_64-unknown-linux-gnu","Linux 7.0.11-76070011-generic x86_64","Intel(R) Core(TM) Ultra 7 155H","/dev/nvme0n1p3[/tmp] ext4   rw,nosuid,nodev,noatime,errors=remount-ro","/tmp/pigment-db-durability-bench","pigment_db","physical","key_map","file","minimal_callback","8","32","5","5","1024","1094951464","935.201270","7938701","0"
"candidate-protocol-v3-20260807-145653","6d7edc7c29a60a94c59effeeb2b78d8b95038135","default-hasher:f584ad292ec9898a","rustc 1.97.0 (2d8144b78 2026-07-07)","x86_64-unknown-linux-gnu","Linux 7.0.11-76070011-generic x86_64","Intel(R) Core(TM) Ultra 7 155H","/dev/nvme0n1p3[/tmp] ext4   rw,nosuid,nodev,noatime,errors=remount-ro","/tmp/pigment-db-durability-bench","pigment_db","physical","key_map","file","minimal_callback","8","32","5","6","1024","1093549954","936.399838","12790804","0"
"candidate-protocol-v3-20260807-145653","6d7edc7c29a60a94c59effeeb2b78d8b95038135","default-hasher:f584ad292ec9898a","rustc 1.97.0 (2d8144b78 2026-07-07)","x86_64-unknown-linux-gnu","Linux 7.0.11-76070011-generic x86_64","Intel(R) Core(TM) Ultra 7 155H","/dev/nvme0n1p3[/tmp] ext4   rw,nosuid,nodev,noatime,errors=remount-ro","/tmp/pigment-db-durability-bench","pigment_db","physical","key_map","file","minimal_callback","8","32","5","7","1024","1118685641","915.359921","12834568","0"
"candidate-protocol-v3-20260807-145653","6d7edc7c29a60a94c59effeeb2b78d8b95038135","default-hasher:f584ad292ec9898a","rustc 1.97.0 (2d8144b78 2026-07-07)","x86_64-unknown-linux-gnu","Linux 7.0.11-76070011-generic x86_64","Intel(R) Core(TM) Ultra 7 155H","/dev/nvme0n1p3[/tmp] ext4   rw,nosuid,nodev,noatime,errors=remount-ro","/tmp/pigment-db-durability-bench","pigment_db","physical","key_map","file","minimal_callback","8","32","5","8","1024","1106823043","925.170475","13366967","0"
"candidate-protocol-v3-20260807-145653","6d7edc7c29a60a94c59effeeb2b78d8b95038135","default-hasher:f584ad292ec9898a","rustc 1.97.0 (2d8144b78 2026-07-07)","x86_64-unknown-linux-gnu","Linux 7.0.11-76070011-generic x86_64","Intel(R) Core(TM) Ultra 7 155H","/dev/nvme0n1p3[/tmp] ext4   rw,nosuid,nodev,noatime,errors=remount-ro","/tmp/pigment-db-durability-bench","pigment_db","physical","key_map","file","minimal_callback","8","32","5","9","1024","1341285600","763.446651","16244774","0"
"candidate-protocol-v3-20260807-145653","6d7edc7c29a60a94c59effeeb2b78d8b95038135","default-hasher:f584ad292ec9898a","rustc 1.97.0 (2d8144b78 2026-07-07)","x86_64-unknown-linux-gnu","Linux 7.0.11-76070011-generic x86_64","Intel(R) Core(TM) Ultra 7 155H","/dev/nvme0n1p3[/tmp] ext4   rw,nosuid,nodev,noatime,errors=remount-ro","/tmp/pigment-db-durability-bench","pigment_db","physical","key_map","file","minimal_callback","8","32","5","10","1024","1130929588","905.449827","12951516","0"
