capture_id,baseline_commit,baseline_dirty_hash,candidate_commit,candidate_dirty_hash,toolchain,target,os,cpu,filesystem,benchmark_root,affinity,variant,implementation,policy,comparator,pair_index,position,store_family,storage_mode,workload,workers,payload_bytes,warmup_pair_count,sample_index,operations,elapsed_ns,ops_per_second,p95_latency_ns,failed_operations
"protocol-v5-20260807-220443","6d7edc7c29a60a94c59effeeb2b78d8b95038135","default-hasher:e33e9641d6e15aea","6d7edc7c29a60a94c59effeeb2b78d8b95038135","default-hasher:f20647ba796d9a0c","rustc 1.97.0 (2d8144b78 2026-07-07)","x86_64-unknown-linux-gnu","Linux 7.0.11-76070011-generic x86_64","Intel(R) Core(TM) Ultra 7 155H","/dev/nvme0n1p3[/tmp] ext4   rw,nosuid,nodev,noatime,errors=remount-ro","/tmp/pigment-db-durability-bench","12-19","comparator","pre_feature_pigment_db","buffered","pre_feature_pigment_db","0","0","key_value","vector","ordinary_write","1","32","5","0","187456","100002735","1874508.732186","478","0"
"protocol-v5-20260807-220443","6d7edc7c29a60a94c59effeeb2b78d8b95038135","default-hasher:e33e9641d6e15aea","6d7edc7c29a60a94c59effeeb2b78d8b95038135","default-hasher:f20647ba796d9a0c","rustc 1.97.0 (2d8144b78 2026-07-07)","x86_64-unknown-linux-gnu","Linux 7.0.11-76070011-generic x86_64","Intel(R) Core(TM) Ultra 7 155H","/dev/nvme0n1p3[/tmp] ext4   rw,nosuid,nodev,noatime,errors=remount-ro","/tmp/pigment-db-durability-bench","12-19","candidate","candidate_pigment_db","buffered","pre_feature_pigment_db","0","1","key_value","vector","ordinary_write","1","32","5","0","187776","100007324","1877622.482929","471","0"
"protocol-v5-20260807-220443","6d7edc7c29a60a94c59effeeb2b78d8b95038135","default-hasher:e33e9641d6e15aea","6d7edc7c29a60a94c59effeeb2b78d8b95038135","default-hasher:f20647ba796d9a0c","rustc 1.97.0 (2d8144b78 2026-07-07)","x86_64-unknown-linux-gnu","Linux 7.0.11-76070011-generic x86_64","Intel(R) Core(TM) Ultra 7 155H","/dev/nvme0n1p3[/tmp] ext4   rw,nosuid,nodev,noatime,errors=remount-ro","/tmp/pigment-db-durability-bench","12-19","candidate","candidate_pigment_db","buffered","pre_feature_pigment_db","1","0","key_value","vector","ordinary_write","1","32","5","1","186432","100012630","1864084.566119","472","0"
"protocol-v5-20260807-220443","6d7edc7c29a60a94c59effeeb2b78d8b95038135","default-hasher:e33e9641d6e15aea","6d7edc7c29a60a94c59effeeb2b78d8b95038135","default-hasher:f20647ba796d9a0c","rustc 1.97.0 (2d8144b78 2026-07-07)","x86_64-unknown-linux-gnu","Linux 7.0.11-76070011-generic x86_64","Intel(R) Core(TM) Ultra 7 155H","/dev/nvme0n1p3[/tmp] ext4   rw,nosuid,nodev,noatime,errors=remount-ro","/tmp/pigment-db-durability-bench","12-19","comparator","pre_feature_pigment_db","buffered","pre_feature_pigment_db","1","1","key_value","vector","ordinary_write","1","32","5","1","186688","100021298","1866482.476562","471","0"
"protocol-v5-20260807-220443","6d7edc7c29a60a94c59effeeb2b78d8b95038135","default-hasher:e33e9641d6e15aea","6d7edc7c29a60a94c59effeeb2b78d8b95038135","default-hasher:f20647ba796d9a0c","rustc 1.97.0 (2d8144b78 2026-07-07)","x86_64-unknown-linux-gnu","Linux 7.0.11-76070011-generic x86_64","Intel(R) Core(TM) Ultra 7 155H","/dev/nvme0n1p3[/tmp] ext4   rw,nosuid,nodev,noatime,errors=remount-ro","/tmp/pigment-db-durability-bench","12-19","comparator","pre_feature_pigment_db","buffered","pre_feature_pigment_db","2","0","key_value","vector","ordinary_write","1","32","5","2","186752","100006067","1867406.704435","473","0"
"protocol-v5-20260807-220443","6d7edc7c29a60a94c59effeeb2b78d8b95038135","default-hasher:e33e9641d6e15aea","6d7edc7c29a60a94c59effeeb2b78d8b95038135","default-hasher:f20647ba796d9a0c","rustc 1.97.0 (2d8144b78 2026-07-07)","x86_64-unknown-linux-gnu","Linux 7.0.11-76070011-generic x86_64","Intel(R) Core(TM) Ultra 7 155H","/dev/nvme0n1p3[/tmp] ext4   rw,nosuid,nodev,noatime,errors=remount-ro","/tmp/pigment-db-durability-bench","12-19","candidate","candidate_pigment_db","buffered","pre_feature_pigment_db","2","1","key_value","vector","ordinary_write","1","32","5","2","186560","100015522","1865310.466509","469","0"
"protocol-v5-20260807-220443","6d7edc7c29a60a94c59effeeb2b78d8b95038135","default-hasher:e33e9641d6e15aea","6d7edc7c29a60a94c59effeeb2b78d8b95038135","default-hasher:f20647ba796d9a0c","rustc 1.97.0 (2d8144b78 2026-07-07)","x86_64-unknown-linux-gnu","Linux 7.0.11-76070011-generic x86_64","Intel(R) Core(TM) Ultra 7 155H","/dev/nvme0n1p3[/tmp] ext4   rw,nosuid,nodev,noatime,errors=remount-ro","/tmp/pigment-db-durability-bench","12-19","candidate","candidate_pigment_db","buffered","pre_feature_pigment_db","3","0","key_value","vector","ordinary_write","1","32","5","3","187584","100021836","1875430.481000","471","0"
"protocol-v5-20260807-220443","6d7edc7c29a60a94c59effeeb2b78d8b95038135","default-hasher:e33e9641d6e15aea","6d7edc7c29a60a94c59effeeb2b78d8b95038135","default-hasher:f20647ba796d9a0c","rustc 1.97.0 (2d8144b78 2026-07-07)","x86_64-unknown-linux-gnu","Linux 7.0.11-76070011-generic x86_64","Intel(R) Core(TM) Ultra 7 155H","/dev/nvme0n1p3[/tmp] ext4   rw,nosuid,nodev,noatime,errors=remount-ro","/tmp/pigment-db-durability-bench","12-19","comparator","pre_feature_pigment_db","buffered","pre_feature_pigment_db","3","1","key_value","vector","ordinary_write","1","32","5","3","184704","100033021","1846430.290254","477","0"
"protocol-v5-20260807-220443","6d7edc7c29a60a94c59effeeb2b78d8b95038135","default-hasher:e33e9641d6e15aea","6d7edc7c29a60a94c59effeeb2b78d8b95038135","default-hasher:f20647ba796d9a0c","rustc 1.97.0 (2d8144b78 2026-07-07)","x86_64-unknown-linux-gnu","Linux 7.0.11-76070011-generic x86_64","Intel(R) Core(TM) Ultra 7 155H","/dev/nvme0n1p3[/tmp] ext4   rw,nosuid,nodev,noatime,errors=remount-ro","/tmp/pigment-db-durability-bench","12-19","comparator","pre_feature_pigment_db","buffered","pre_feature_pigment_db","4","0","key_value","vector","ordinary_write","1","32","5","4","186752","100003930","1867446.609348","473","0"
"protocol-v5-20260807-220443","6d7edc7c29a60a94c59effeeb2b78d8b95038135","default-hasher:e33e9641d6e15aea","6d7edc7c29a60a94c59effeeb2b78d8b95038135","default-hasher:f20647ba796d9a0c","rustc 1.97.0 (2d8144b78 2026-07-07)","x86_64-unknown-linux-gnu","Linux 7.0.11-76070011-generic x86_64","Intel(R) Core(TM) Ultra 7 155H","/dev/nvme0n1p3[/tmp] ext4   rw,nosuid,nodev,noatime,errors=remount-ro","/tmp/pigment-db-durability-bench","12-19","candidate","candidate_pigment_db","buffered","pre_feature_pigment_db","4","1","key_value","vector","ordinary_write","1","32","5","4","187328","100013731","1873022.815237","470","0"
"protocol-v5-20260807-220443","6d7edc7c29a60a94c59effeeb2b78d8b95038135","default-hasher:e33e9641d6e15aea","6d7edc7c29a60a94c59effeeb2b78d8b95038135","default-hasher:f20647ba796d9a0c","rustc 1.97.0 (2d8144b78 2026-07-07)","x86_64-unknown-linux-gnu","Linux 7.0.11-76070011-generic x86_64","Intel(R) Core(TM) Ultra 7 155H","/dev/nvme0n1p3[/tmp] ext4   rw,nosuid,nodev,noatime,errors=remount-ro","/tmp/pigment-db-durability-bench","12-19","candidate","candidate_pigment_db","buffered","pre_feature_pigment_db","5","0","key_value","vector","ordinary_write","1","32","5","5","187584","100031668","1875246.147050","471","0"
"protocol-v5-20260807-220443","6d7edc7c29a60a94c59effeeb2b78d8b95038135","default-hasher:e33e9641d6e15aea","6d7edc7c29a60a94c59effeeb2b78d8b95038135","default-hasher:f20647ba796d9a0c","rustc 1.97.0 (2d8144b78 2026-07-07)","x86_64-unknown-linux-gnu","Linux 7.0.11-76070011-generic x86_64","Intel(R) Core(TM) Ultra 7 155H","/dev/nvme0n1p3[/tmp] ext4   rw,nosuid,nodev,noatime,errors=remount-ro","/tmp/pigment-db-durability-bench","12-19","comparator","pre_feature_pigment_db","buffered","pre_feature_pigment_db","5","1","key_value","vector","ordinary_write","1","32","5","5","185792","100005452","1857818.711724","473","0"
"protocol-v5-20260807-220443","6d7edc7c29a60a94c59effeeb2b78d8b95038135","default-hasher:e33e9641d6e15aea","6d7edc7c29a60a94c59effeeb2b78d8b95038135","default-hasher:f20647ba796d9a0c","rustc 1.97.0 (2d8144b78 2026-07-07)","x86_64-unknown-linux-gnu","Linux 7.0.11-76070011-generic x86_64","Intel(R) Core(TM) Ultra 7 155H","/dev/nvme0n1p3[/tmp] ext4   rw,nosuid,nodev,noatime,errors=remount-ro","/tmp/pigment-db-durability-bench","12-19","comparator","pre_feature_pigment_db","buffered","pre_feature_pigment_db","6","0","key_value","vector","ordinary_write","1","32","5","6","187200","100009704","1871818.358746","472","0"
"protocol-v5-20260807-220443","6d7edc7c29a60a94c59effeeb2b78d8b95038135","default-hasher:e33e9641d6e15aea","6d7edc7c29a60a94c59effeeb2b78d8b95038135","default-hasher:f20647ba796d9a0c","rustc 1.97.0 (2d8144b78 2026-07-07)","x86_64-unknown-linux-gnu","Linux 7.0.11-76070011-generic x86_64","Intel(R) Core(TM) Ultra 7 155H","/dev/nvme0n1p3[/tmp] ext4   rw,nosuid,nodev,noatime,errors=remount-ro","/tmp/pigment-db-durability-bench","12-19","candidate","candidate_pigment_db","buffered","pre_feature_pigment_db","6","1","key_value","vector","ordinary_write","1","32","5","6","186816","100007060","1868028.117215","472","0"
"protocol-v5-20260807-220443","6d7edc7c29a60a94c59effeeb2b78d8b95038135","default-hasher:e33e9641d6e15aea","6d7edc7c29a60a94c59effeeb2b78d8b95038135","default-hasher:f20647ba796d9a0c","rustc 1.97.0 (2d8144b78 2026-07-07)","x86_64-unknown-linux-gnu","Linux 7.0.11-76070011-generic x86_64","Intel(R) Core(TM) Ultra 7 155H","/dev/nvme0n1p3[/tmp] ext4   rw,nosuid,nodev,noatime,errors=remount-ro","/tmp/pigment-db-durability-bench","12-19","candidate","candidate_pigment_db","buffered","pre_feature_pigment_db","7","0","key_value","vector","ordinary_write","1","32","5","7","187328","100024362","1872823.742680","474","0"
"protocol-v5-20260807-220443","6d7edc7c29a60a94c59effeeb2b78d8b95038135","default-hasher:e33e9641d6e15aea","6d7edc7c29a60a94c59effeeb2b78d8b95038135","default-hasher:f20647ba796d9a0c","rustc 1.97.0 (2d8144b78 2026-07-07)","x86_64-unknown-linux-gnu","Linux 7.0.11-76070011-generic x86_64","Intel(R) Core(TM) Ultra 7 155H","/dev/nvme0n1p3[/tmp] ext4   rw,nosuid,nodev,noatime,errors=remount-ro","/tmp/pigment-db-durability-bench","12-19","comparator","pre_feature_pigment_db","buffered","pre_feature_pigment_db","7","1","key_value","vector","ordinary_write","1","32","5","7","184256","100018954","1842210.827360","483","0"
"protocol-v5-20260807-220443","6d7edc7c29a60a94c59effeeb2b78d8b95038135","default-hasher:e33e9641d6e15aea","6d7edc7c29a60a94c59effeeb2b78d8b95038135","default-hasher:f20647ba796d9a0c","rustc 1.97.0 (2d8144b78 2026-07-07)","x86_64-unknown-linux-gnu","Linux 7.0.11-76070011-generic x86_64","Intel(R) Core(TM) Ultra 7 155H","/dev/nvme0n1p3[/tmp] ext4   rw,nosuid,nodev,noatime,errors=remount-ro","/tmp/pigment-db-durability-bench","12-19","comparator","pre_feature_pigment_db","buffered","pre_feature_pigment_db","8","0","key_value","vector","ordinary_write","1","32","5","8","186112","100005235","1861022.575468","477","0"
"protocol-v5-20260807-220443","6d7edc7c29a60a94c59effeeb2b78d8b95038135","default-hasher:e33e9641d6e15aea","6d7edc7c29a60a94c59effeeb2b78d8b95038135","default-hasher:f20647ba796d9a0c","rustc 1.97.0 (2d8144b78 2026-07-07)","x86_64-unknown-linux-gnu","Linux 7.0.11-76070011-generic x86_64","Intel(R) Core(TM) Ultra 7 155H","/dev/nvme0n1p3[/tmp] ext4   rw,nosuid,nodev,noatime,errors=remount-ro","/tmp/pigment-db-durability-bench","12-19","candidate","candidate_pigment_db","buffered","pre_feature_pigment_db","8","1","key_value","vector","ordinary_write","1","32","5","8","186304","100025389","1862567.112836","478","0"
"protocol-v5-20260807-220443","6d7edc7c29a60a94c59effeeb2b78d8b95038135","default-hasher:e33e9641d6e15aea","6d7edc7c29a60a94c59effeeb2b78d8b95038135","default-hasher:f20647ba796d9a0c","rustc 1.97.0 (2d8144b78 2026-07-07)","x86_64-unknown-linux-gnu","Linux 7.0.11-76070011-generic x86_64","Intel(R) Core(TM) Ultra 7 155H","/dev/nvme0n1p3[/tmp] ext4   rw,nosuid,nodev,noatime,errors=remount-ro","/tmp/pigment-db-durability-bench","12-19","candidate","candidate_pigment_db","buffered","pre_feature_pigment_db","9","0","key_value","vector","ordinary_write","1","32","5","9","188032","100029188","1879771.332344","474","0"
"protocol-v5-20260807-220443","6d7edc7c29a60a94c59effeeb2b78d8b95038135","default-hasher:e33e9641d6e15aea","6d7edc7c29a60a94c59effeeb2b78d8b95038135","default-hasher:f20647ba796d9a0c","rustc 1.97.0 (2d8144b78 2026-07-07)","x86_64-unknown-linux-gnu","Linux 7.0.11-76070011-generic x86_64","Intel(R) Core(TM) Ultra 7 155H","/dev/nvme0n1p3[/tmp] ext4   rw,nosuid,nodev,noatime,errors=remount-ro","/tmp/pigment-db-durability-bench","12-19","comparator","pre_feature_pigment_db","buffered","pre_feature_pigment_db","9","1","key_value","vector","ordinary_write","1","32","5","9","186496","100021703","1864555.335556","473","0"
"protocol-v5-20260807-220443","6d7edc7c29a60a94c59effeeb2b78d8b95038135","default-hasher:e33e9641d6e15aea","6d7edc7c29a60a94c59effeeb2b78d8b95038135","default-hasher:f20647ba796d9a0c","rustc 1.97.0 (2d8144b78 2026-07-07)","x86_64-unknown-linux-gnu","Linux 7.0.11-76070011-generic x86_64","Intel(R) Core(TM) Ultra 7 155H","/dev/nvme0n1p3[/tmp] ext4   rw,nosuid,nodev,noatime,errors=remount-ro","/tmp/pigment-db-durability-bench","12-19","comparator","pre_feature_pigment_db","buffered","pre_feature_pigment_db","10","0","key_value","vector","ordinary_write","1","32","5","10","188480","100028497","1884263.041561","471","0"
"protocol-v5-20260807-220443","6d7edc7c29a60a94c59effeeb2b78d8b95038135","default-hasher:e33e9641d6e15aea","6d7edc7c29a60a94c59effeeb2b78d8b95038135","default-hasher:f20647ba796d9a0c","rustc 1.97.0 (2d8144b78 2026-07-07)","x86_64-unknown-linux-gnu","Linux 7.0.11-76070011-generic x86_64","Intel(R) Core(TM) Ultra 7 155H","/dev/nvme0n1p3[/tmp] ext4   rw,nosuid,nodev,noatime,errors=remount-ro","/tmp/pigment-db-durability-bench","12-19","candidate","candidate_pigment_db","buffered","pre_feature_pigment_db","10","1","key_value","vector","ordinary_write","1","32","5","10","187136","100026150","1870870.767294","470","0"
"protocol-v5-20260807-220443","6d7edc7c29a60a94c59effeeb2b78d8b95038135","default-hasher:e33e9641d6e15aea","6d7edc7c29a60a94c59effeeb2b78d8b95038135","default-hasher:f20647ba796d9a0c","rustc 1.97.0 (2d8144b78 2026-07-07)","x86_64-unknown-linux-gnu","Linux 7.0.11-76070011-generic x86_64","Intel(R) Core(TM) Ultra 7 155H","/dev/nvme0n1p3[/tmp] ext4   rw,nosuid,nodev,noatime,errors=remount-ro","/tmp/pigment-db-durability-bench","12-19","comparator","pre_feature_pigment_db","buffered","pre_feature_pigment_db","0","0","key_value","vector","ordinary_write","8","32","5","0","84992","100020382","849746.804606","18353","0"
"protocol-v5-20260807-220443","6d7edc7c29a60a94c59effeeb2b78d8b95038135","default-hasher:e33e9641d6e15aea","6d7edc7c29a60a94c59effeeb2b78d8b95038135","default-hasher:f20647ba796d9a0c","rustc 1.97.0 (2d8144b78 2026-07-07)","x86_64-unknown-linux-gnu","Linux 7.0.11-76070011-generic x86_64","Intel(R) Core(TM) Ultra 7 155H","/dev/nvme0n1p3[/tmp] ext4   rw,nosuid,nodev,noatime,errors=remount-ro","/tmp/pigment-db-durability-bench","12-19","candidate","candidate_pigment_db","buffered","pre_feature_pigment_db","0","1","key_value","vector","ordinary_write","8","32","5","0","43008","100364147","428519.558882","16589","0"
"protocol-v5-20260807-220443","6d7edc7c29a60a94c59effeeb2b78d8b95038135","default-hasher:e33e9641d6e15aea","6d7edc7c29a60a94c59effeeb2b78d8b95038135","default-hasher:f20647ba796d9a0c","rustc 1.97.0 (2d8144b78 2026-07-07)","x86_64-unknown-linux-gnu","Linux 7.0.11-76070011-generic x86_64","Intel(R) Core(TM) Ultra 7 155H","/dev/nvme0n1p3[/tmp] ext4   rw,nosuid,nodev,noatime,errors=remount-ro","/tmp/pigment-db-durability-bench","12-19","candidate","candidate_pigment_db","buffered","pre_feature_pigment_db","1","0","key_value","vector","ordinary_write","8","32","5","1","76800","100134958","766964.919484","19894","0"
"protocol-v5-20260807-220443","6d7edc7c29a60a94c59effeeb2b78d8b95038135","default-hasher:e33e9641d6e15aea","6d7edc7c29a60a94c59effeeb2b78d8b95038135","default-hasher:f20647ba796d9a0c","rustc 1.97.0 (2d8144b78 2026-07-07)","x86_64-unknown-linux-gnu","Linux 7.0.11-76070011-generic x86_64","Intel(R) Core(TM) Ultra 7 155H","/dev/nvme0n1p3[/tmp] ext4   rw,nosuid,nodev,noatime,errors=remount-ro","/tmp/pigment-db-durability-bench","12-19","comparator","pre_feature_pigment_db","buffered","pre_feature_pigment_db","1","1","key_value","vector","ordinary_write","8","32","5","1","86016","100200644","858437.596469","21532","0"
"protocol-v5-20260807-220443","6d7edc7c29a60a94c59effeeb2b78d8b95038135","default-hasher:e33e9641d6e15aea","6d7edc7c29a60a94c59effeeb2b78d8b95038135","default-hasher:f20647ba796d9a0c","rustc 1.97.0 (2d8144b78 2026-07-07)","x86_64-unknown-linux-gnu","Linux 7.0.11-76070011-generic x86_64","Intel(R) Core(TM) Ultra 7 155H","/dev/nvme0n1p3[/tmp] ext4   rw,nosuid,nodev,noatime,errors=remount-ro","/tmp/pigment-db-durability-bench","12-19","comparator","pre_feature_pigment_db","buffered","pre_feature_pigment_db","2","0","key_value","vector","ordinary_write","8","32","5","2","71168","100248467","709916.092782","20459","0"
"protocol-v5-20260807-220443","6d7edc7c29a60a94c59effeeb2b78d8b95038135","default-hasher:e33e9641d6e15aea","6d7edc7c29a60a94c59effeeb2b78d8b95038135","default-hasher:f20647ba796d9a0c","rustc 1.97.0 (2d8144b78 2026-07-07)","x86_64-unknown-linux-gnu","Linux 7.0.11-76070011-generic x86_64","Intel(R) Core(TM) Ultra 7 155H","/dev/nvme0n1p3[/tmp] ext4   rw,nosuid,nodev,noatime,errors=remount-ro","/tmp/pigment-db-durability-bench","12-19","candidate","candidate_pigment_db","buffered","pre_feature_pigment_db","2","1","key_value","vector","ordinary_write","8","32","5","2","79872","100456423","795091.021706","21875","0"
"protocol-v5-20260807-220443","6d7edc7c29a60a94c59effeeb2b78d8b95038135","default-hasher:e33e9641d6e15aea","6d7edc7c29a60a94c59effeeb2b78d8b95038135","default-hasher:f20647ba796d9a0c","rustc 1.97.0 (2d8144b78 2026-07-07)","x86_64-unknown-linux-gnu","Linux 7.0.11-76070011-generic x86_64","Intel(R) Core(TM) Ultra 7 155H","/dev/nvme0n1p3[/tmp] ext4   rw,nosuid,nodev,noatime,errors=remount-ro","/tmp/pigment-db-durability-bench","12-19","candidate","candidate_pigment_db","buffered","pre_feature_pigment_db","3","0","key_value","vector","ordinary_write","8","32","5","3","79360","100400190","790436.751166","22914","0"
"protocol-v5-20260807-220443","6d7edc7c29a60a94c59effeeb2b78d8b95038135","default-hasher:e33e9641d6e15aea","6d7edc7c29a60a94c59effeeb2b78d8b95038135","default-hasher:f20647ba796d9a0c","rustc 1.97.0 (2d8144b78 2026-07-07)","x86_64-unknown-linux-gnu","Linux 7.0.11-76070011-generic x86_64","Intel(R) Core(TM) Ultra 7 155H","/dev/nvme0n1p3[/tmp] ext4   rw,nosuid,nodev,noatime,errors=remount-ro","/tmp/pigment-db-durability-bench","12-19","comparator","pre_feature_pigment_db","buffered","pre_feature_pigment_db","3","1","key_value","vector","ordinary_write","8","32","5","3","82432","100289942","821936.859830","22409","0"
"protocol-v5-20260807-220443","6d7edc7c29a60a94c59effeeb2b78d8b95038135","default-hasher:e33e9641d6e15aea","6d7edc7c29a60a94c59effeeb2b78d8b95038135","default-hasher:f20647ba796d9a0c","rustc 1.97.0 (2d8144b78 2026-07-07)","x86_64-unknown-linux-gnu","Linux 7.0.11-76070011-generic x86_64","Intel(R) Core(TM) Ultra 7 155H","/dev/nvme0n1p3[/tmp] ext4   rw,nosuid,nodev,noatime,errors=remount-ro","/tmp/pigment-db-durability-bench","12-19","comparator","pre_feature_pigment_db","buffered","pre_feature_pigment_db","4","0","key_value","vector","ordinary_write","8","32","5","4","83456","100405125","831192.630854","22171","0"
"protocol-v5-20260807-220443","6d7edc7c29a60a94c59effeeb2b78d8b95038135","default-hasher:e33e9641d6e15aea","6d7edc7c29a60a94c59effeeb2b78d8b95038135","default-hasher:f20647ba796d9a0c","rustc 1.97.0 (2d8144b78 2026-07-07)","x86_64-unknown-linux-gnu","Linux 7.0.11-76070011-generic x86_64","Intel(R) Core(TM) Ultra 7 155H","/dev/nvme0n1p3[/tmp] ext4   rw,nosuid,nodev,noatime,errors=remount-ro","/tmp/pigment-db-durability-bench","12-19","candidate","candidate_pigment_db","buffered","pre_feature_pigment_db","4","1","key_value","vector","ordinary_write","8","32","5","4","81408","100542546","809687.075161","21914","0"
"protocol-v5-20260807-220443","6d7edc7c29a60a94c59effeeb2b78d8b95038135","default-hasher:e33e9641d6e15aea","6d7edc7c29a60a94c59effeeb2b78d8b95038135","default-hasher:f20647ba796d9a0c","rustc 1.97.0 (2d8144b78 2026-07-07)","x86_64-unknown-linux-gnu","Linux 7.0.11-76070011-generic x86_64","Intel(R) Core(TM) Ultra 7 155H","/dev/nvme0n1p3[/tmp] ext4   rw,nosuid,nodev,noatime,errors=remount-ro","/tmp/pigment-db-durability-bench","12-19","candidate","candidate_pigment_db","buffered","pre_feature_pigment_db","5","0","key_value","vector","ordinary_write","8","32","5","5","80896","100596840","804160.448778","23016","0"
"protocol-v5-20260807-220443","6d7edc7c29a60a94c59effeeb2b78d8b95038135","default-hasher:e33e9641d6e15aea","6d7edc7c29a60a94c59effeeb2b78d8b95038135","default-hasher:f20647ba796d9a0c","rustc 1.97.0 (2d8144b78 2026-07-07)","x86_64-unknown-linux-gnu","Linux 7.0.11-76070011-generic x86_64","Intel(R) Core(TM) Ultra 7 155H","/dev/nvme0n1p3[/tmp] ext4   rw,nosuid,nodev,noatime,errors=remount-ro","/tmp/pigment-db-durability-bench","12-19","comparator","pre_feature_pigment_db","buffered","pre_feature_pigment_db","5","1","key_value","vector","ordinary_write","8","32","5","5","80384","100213543","802127.113698","22862","0"
"protocol-v5-20260807-220443","6d7edc7c29a60a94c59effeeb2b78d8b95038135","default-hasher:e33e9641d6e15aea","6d7edc7c29a60a94c59effeeb2b78d8b95038135","default-hasher:f20647ba796d9a0c","rustc 1.97.0 (2d8144b78 2026-07-07)","x86_64-unknown-linux-gnu","Linux 7.0.11-76070011-generic x86_64","Intel(R) Core(TM) Ultra 7 155H","/dev/nvme0n1p3[/tmp] ext4   rw,nosuid,nodev,noatime,errors=remount-ro","/tmp/pigment-db-durability-bench","12-19","comparator","pre_feature_pigment_db","buffered","pre_feature_pigment_db","6","0","key_value","vector","ordinary_write","8","32","5","6","84992","100191479","848295.691892","20968","0"
"protocol-v5-20260807-220443","6d7edc7c29a60a94c59effeeb2b78d8b95038135","default-hasher:e33e9641d6e15aea","6d7edc7c29a60a94c59effeeb2b78d8b95038135","default-hasher:f20647ba796d9a0c","rustc 1.97.0 (2d8144b78 2026-07-07)","x86_64-unknown-linux-gnu","Linux 7.0.11-76070011-generic x86_64","Intel(R) Core(TM) Ultra 7 155H","/dev/nvme0n1p3[/tmp] ext4   rw,nosuid,nodev,noatime,errors=remount-ro","/tmp/pigment-db-durability-bench","12-19","candidate","candidate_pigment_db","buffered","pre_feature_pigment_db","6","1","key_value","vector","ordinary_write","8","32","5","6","86016","100385410","856857.585181","21751","0"
"protocol-v5-20260807-220443","6d7edc7c29a60a94c59effeeb2b78d8b95038135","default-hasher:e33e9641d6e15aea","6d7edc7c29a60a94c59effeeb2b78d8b95038135","default-hasher:f20647ba796d9a0c","rustc 1.97.0 (2d8144b78 2026-07-07)","x86_64-unknown-linux-gnu","Linux 7.0.11-76070011-generic x86_64","Intel(R) Core(TM) Ultra 7 155H","/dev/nvme0n1p3[/tmp] ext4   rw,nosuid,nodev,noatime,errors=remount-ro","/tmp/pigment-db-durability-bench","12-19","candidate","candidate_pigment_db","buffered","pre_feature_pigment_db","7","0","key_value","vector","ordinary_write","8","32","5","7","83968","100075011","839050.619740","22405","0"
"protocol-v5-20260807-220443","6d7edc7c29a60a94c59effeeb2b78d8b95038135","default-hasher:e33e9641d6e15aea","6d7edc7c29a60a94c59effeeb2b78d8b95038135","default-hasher:f20647ba796d9a0c","rustc 1.97.0 (2d8144b78 2026-07-07)","x86_64-unknown-linux-gnu","Linux 7.0.11-76070011-generic x86_64","Intel(R) Core(TM) Ultra 7 155H","/dev/nvme0n1p3[/tmp] ext4   rw,nosuid,nodev,noatime,errors=remount-ro","/tmp/pigment-db-durability-bench","12-19","comparator","pre_feature_pigment_db","buffered","pre_feature_pigment_db","7","1","key_value","vector","ordinary_write","8","32","5","7","77824","100134961","777191.095126","22641","0"
"protocol-v5-20260807-220443","6d7edc7c29a60a94c59effeeb2b78d8b95038135","default-hasher:e33e9641d6e15aea","6d7edc7c29a60a94c59effeeb2b78d8b95038135","default-hasher:f20647ba796d9a0c","rustc 1.97.0 (2d8144b78 2026-07-07)","x86_64-unknown-linux-gnu","Linux 7.0.11-76070011-generic x86_64","Intel(R) Core(TM) Ultra 7 155H","/dev/nvme0n1p3[/tmp] ext4   rw,nosuid,nodev,noatime,errors=remount-ro","/tmp/pigment-db-durability-bench","12-19","comparator","pre_feature_pigment_db","buffered","pre_feature_pigment_db","8","0","key_value","vector","ordinary_write","8","32","5","8","83456","100059396","834064.598991","22011","0"
"protocol-v5-20260807-220443","6d7edc7c29a60a94c59effeeb2b78d8b95038135","default-hasher:e33e9641d6e15aea","6d7edc7c29a60a94c59effeeb2b78d8b95038135","default-hasher:f20647ba796d9a0c","rustc 1.97.0 (2d8144b78 2026-07-07)","x86_64-unknown-linux-gnu","Linux 7.0.11-76070011-generic x86_64","Intel(R) Core(TM) Ultra 7 155H","/dev/nvme0n1p3[/tmp] ext4   rw,nosuid,nodev,noatime,errors=remount-ro","/tmp/pigment-db-durability-bench","12-19","candidate","candidate_pigment_db","buffered","pre_feature_pigment_db","8","1","key_value","vector","ordinary_write","8","32","5","8","76288","100134811","761852.938435","21750","0"
"protocol-v5-20260807-220443","6d7edc7c29a60a94c59effeeb2b78d8b95038135","default-hasher:e33e9641d6e15aea","6d7edc7c29a60a94c59effeeb2b78d8b95038135","default-hasher:f20647ba796d9a0c","rustc 1.97.0 (2d8144b78 2026-07-07)","x86_64-unknown-linux-gnu","Linux 7.0.11-76070011-generic x86_64","Intel(R) Core(TM) Ultra 7 155H","/dev/nvme0n1p3[/tmp] ext4   rw,nosuid,nodev,noatime,errors=remount-ro","/tmp/pigment-db-durability-bench","12-19","candidate","candidate_pigment_db","buffered","pre_feature_pigment_db","9","0","key_value","vector","ordinary_write","8","32","5","9","75776","100936740","750727.633962","23186","0"
"protocol-v5-20260807-220443","6d7edc7c29a60a94c59effeeb2b78d8b95038135","default-hasher:e33e9641d6e15aea","6d7edc7c29a60a94c59effeeb2b78d8b95038135","default-hasher:f20647ba796d9a0c","rustc 1.97.0 (2d8144b78 2026-07-07)","x86_64-unknown-linux-gnu","Linux 7.0.11-76070011-generic x86_64","Intel(R) Core(TM) Ultra 7 155H","/dev/nvme0n1p3[/tmp] ext4   rw,nosuid,nodev,noatime,errors=remount-ro","/tmp/pigment-db-durability-bench","12-19","comparator","pre_feature_pigment_db","buffered","pre_feature_pigment_db","9","1","key_value","vector","ordinary_write","8","32","5","9","80896","100250264","806940.518381","22905","0"
"protocol-v5-20260807-220443","6d7edc7c29a60a94c59effeeb2b78d8b95038135","default-hasher:e33e9641d6e15aea","6d7edc7c29a60a94c59effeeb2b78d8b95038135","default-hasher:f20647ba796d9a0c","rustc 1.97.0 (2d8144b78 2026-07-07)","x86_64-unknown-linux-gnu","Linux 7.0.11-76070011-generic x86_64","Intel(R) Core(TM) Ultra 7 155H","/dev/nvme0n1p3[/tmp] ext4   rw,nosuid,nodev,noatime,errors=remount-ro","/tmp/pigment-db-durability-bench","12-19","comparator","pre_feature_pigment_db","buffered","pre_feature_pigment_db","10","0","key_value","vector","ordinary_write","8","32","5","10","79872","100429498","795304.184434","22955","0"
"protocol-v5-20260807-220443","6d7edc7c29a60a94c59effeeb2b78d8b95038135","default-hasher:e33e9641d6e15aea","6d7edc7c29a60a94c59effeeb2b78d8b95038135","default-hasher:f20647ba796d9a0c","rustc 1.97.0 (2d8144b78 2026-07-07)","x86_64-unknown-linux-gnu","Linux 7.0.11-76070011-generic x86_64","Intel(R) Core(TM) Ultra 7 155H","/dev/nvme0n1p3[/tmp] ext4   rw,nosuid,nodev,noatime,errors=remount-ro","/tmp/pigment-db-durability-bench","12-19","candidate","candidate_pigment_db","buffered","pre_feature_pigment_db","10","1","key_value","vector","ordinary_write","8","32","5","10","84992","100475171","845900.526012","22079","0"
"protocol-v5-20260807-220443","6d7edc7c29a60a94c59effeeb2b78d8b95038135","default-hasher:e33e9641d6e15aea","6d7edc7c29a60a94c59effeeb2b78d8b95038135","default-hasher:f20647ba796d9a0c","rustc 1.97.0 (2d8144b78 2026-07-07)","x86_64-unknown-linux-gnu","Linux 7.0.11-76070011-generic x86_64","Intel(R) Core(TM) Ultra 7 155H","/dev/nvme0n1p3[/tmp] ext4   rw,nosuid,nodev,noatime,errors=remount-ro","/tmp/pigment-db-durability-bench","12-19","comparator","pre_feature_pigment_db","buffered","pre_feature_pigment_db","0","0","key_value","vector","successful_remove","1","32","5","0","166400","100000792","1663986.821224","564","0"
"protocol-v5-20260807-220443","6d7edc7c29a60a94c59effeeb2b78d8b95038135","default-hasher:e33e9641d6e15aea","6d7edc7c29a60a94c59effeeb2b78d8b95038135","default-hasher:f20647ba796d9a0c","rustc 1.97.0 (2d8144b78 2026-07-07)","x86_64-unknown-linux-gnu","Linux 7.0.11-76070011-generic x86_64","Intel(R) Core(TM) Ultra 7 155H","/dev/nvme0n1p3[/tmp] ext4   rw,nosuid,nodev,noatime,errors=remount-ro","/tmp/pigment-db-durability-bench","12-19","candidate","candidate_pigment_db","buffered","pre_feature_pigment_db","0","1","key_value","vector","successful_remove","1","32","5","0","166656","100004099","1666491.690506","559","0"
"protocol-v5-20260807-220443","6d7edc7c29a60a94c59effeeb2b78d8b95038135","default-hasher:e33e9641d6e15aea","6d7edc7c29a60a94c59effeeb2b78d8b95038135","default-hasher:f20647ba796d9a0c","rustc 1.97.0 (2d8144b78 2026-07-07)","x86_64-unknown-linux-gnu","Linux 7.0.11-76070011-generic x86_64","Intel(R) Core(TM) Ultra 7 155H","/dev/nvme0n1p3[/tmp] ext4   rw,nosuid,nodev,noatime,errors=remount-ro","/tmp/pigment-db-durability-bench","12-19","candidate","candidate_pigment_db","buffered","pre_feature_pigment_db","1","0","key_value","vector","successful_remove","1","32","5","1","167296","100022403","1672585.290717","561","0"
"protocol-v5-20260807-220443","6d7edc7c29a60a94c59effeeb2b78d8b95038135","default-hasher:e33e9641d6e15aea","6d7edc7c29a60a94c59effeeb2b78d8b95038135","default-hasher:f20647ba796d9a0c","rustc 1.97.0 (2d8144b78 2026-07-07)","x86_64-unknown-linux-gnu","Linux 7.0.11-76070011-generic x86_64","Intel(R) Core(TM) Ultra 7 155H","/dev/nvme0n1p3[/tmp] ext4   rw,nosuid,nodev,noatime,errors=remount-ro","/tmp/pigment-db-durability-bench","12-19","comparator","pre_feature_pigment_db","buffered","pre_feature_pigment_db","1","1","key_value","vector","successful_remove","1","32","5","1","166400","100031639","1663473.693558","562","0"
"protocol-v5-20260807-220443","6d7edc7c29a60a94c59effeeb2b78d8b95038135","default-hasher:e33e9641d6e15aea","6d7edc7c29a60a94c59effeeb2b78d8b95038135","default-hasher:f20647ba796d9a0c","rustc 1.97.0 (2d8144b78 2026-07-07)","x86_64-unknown-linux-gnu","Linux 7.0.11-76070011-generic x86_64","Intel(R) Core(TM) Ultra 7 155H","/dev/nvme0n1p3[/tmp] ext4   rw,nosuid,nodev,noatime,errors=remount-ro","/tmp/pigment-db-durability-bench","12-19","comparator","pre_feature_pigment_db","buffered","pre_feature_pigment_db","2","0","key_value","vector","successful_remove","1","32","5","2","166784","100022749","1667460.669372","559","0"
"protocol-v5-20260807-220443","6d7edc7c29a60a94c59effeeb2b78d8b95038135","default-hasher:e33e9641d6e15aea","6d7edc7c29a60a94c59effeeb2b78d8b95038135","default-hasher:f20647ba796d9a0c","rustc 1.97.0 (2d8144b78 2026-07-07)","x86_64-unknown-linux-gnu","Linux 7.0.11-76070011-generic x86_64","Intel(R) Core(TM) Ultra 7 155H","/dev/nvme0n1p3[/tmp] ext4   rw,nosuid,nodev,noatime,errors=remount-ro","/tmp/pigment-db-durability-bench","12-19","candidate","candidate_pigment_db","buffered","pre_feature_pigment_db","2","1","key_value","vector","successful_remove","1","32","5","2","166592","100035493","1665328.924805","562","0"
"protocol-v5-20260807-220443","6d7edc7c29a60a94c59effeeb2b78d8b95038135","default-hasher:e33e9641d6e15aea","6d7edc7c29a60a94c59effeeb2b78d8b95038135","default-hasher:f20647ba796d9a0c","rustc 1.97.0 (2d8144b78 2026-07-07)","x86_64-unknown-linux-gnu","Linux 7.0.11-76070011-generic x86_64","Intel(R) Core(TM) Ultra 7 155H","/dev/nvme0n1p3[/tmp] ext4   rw,nosuid,nodev,noatime,errors=remount-ro","/tmp/pigment-db-durability-bench","12-19","candidate","candidate_pigment_db","buffered","pre_feature_pigment_db","3","0","key_value","vector","successful_remove","1","32","5","3","165440","100021395","1654046.116833","565","0"
"protocol-v5-20260807-220443","6d7edc7c29a60a94c59effeeb2b78d8b95038135","default-hasher:e33e9641d6e15aea","6d7edc7c29a60a94c59effeeb2b78d8b95038135","default-hasher:f20647ba796d9a0c","rustc 1.97.0 (2d8144b78 2026-07-07)","x86_64-unknown-linux-gnu","Linux 7.0.11-76070011-generic x86_64","Intel(R) Core(TM) Ultra 7 155H","/dev/nvme0n1p3[/tmp] ext4   rw,nosuid,nodev,noatime,errors=remount-ro","/tmp/pigment-db-durability-bench","12-19","comparator","pre_feature_pigment_db","buffered","pre_feature_pigment_db","3","1","key_value","vector","successful_remove","1","32","5","3","162496","100017417","1624677.030002","558","0"
"protocol-v5-20260807-220443","6d7edc7c29a60a94c59effeeb2b78d8b95038135","default-hasher:e33e9641d6e15aea","6d7edc7c29a60a94c59effeeb2b78d8b95038135","default-hasher:f20647ba796d9a0c","rustc 1.97.0 (2d8144b78 2026-07-07)","x86_64-unknown-linux-gnu","Linux 7.0.11-76070011-generic x86_64","Intel(R) Core(TM) Ultra 7 155H","/dev/nvme0n1p3[/tmp] ext4   rw,nosuid,nodev,noatime,errors=remount-ro","/tmp/pigment-db-durability-bench","12-19","comparator","pre_feature_pigment_db","buffered","pre_feature_pigment_db","4","0","key_value","vector","successful_remove","1","32","5","4","166400","100017614","1663706.954657","559","0"
"protocol-v5-20260807-220443","6d7edc7c29a60a94c59effeeb2b78d8b95038135","default-hasher:e33e9641d6e15aea","6d7edc7c29a60a94c59effeeb2b78d8b95038135","default-hasher:f20647ba796d9a0c","rustc 1.97.0 (2d8144b78 2026-07-07)","x86_64-unknown-linux-gnu","Linux 7.0.11-76070011-generic x86_64","Intel(R) Core(TM) Ultra 7 155H","/dev/nvme0n1p3[/tmp] ext4   rw,nosuid,nodev,noatime,errors=remount-ro","/tmp/pigment-db-durability-bench","12-19","candidate","candidate_pigment_db","buffered","pre_feature_pigment_db","4","1","key_value","vector","successful_remove","1","32","5","4","165888","100036283","1658278.326875","561","0"
"protocol-v5-20260807-220443","6d7edc7c29a60a94c59effeeb2b78d8b95038135","default-hasher:e33e9641d6e15aea","6d7edc7c29a60a94c59effeeb2b78d8b95038135","default-hasher:f20647ba796d9a0c","rustc 1.97.0 (2d8144b78 2026-07-07)","x86_64-unknown-linux-gnu","Linux 7.0.11-76070011-generic x86_64","Intel(R) Core(TM) Ultra 7 155H","/dev/nvme0n1p3[/tmp] ext4   rw,nosuid,nodev,noatime,errors=remount-ro","/tmp/pigment-db-durability-bench","12-19","candidate","candidate_pigment_db","buffered","pre_feature_pigment_db","5","0","key_value","vector","successful_remove","1","32","5","5","166848","100000167","1668477.213643","558","0"
"protocol-v5-20260807-220443","6d7edc7c29a60a94c59effeeb2b78d8b95038135","default-hasher:e33e9641d6e15aea","6d7edc7c29a60a94c59effeeb2b78d8b95038135","default-hasher:f20647ba796d9a0c","rustc 1.97.0 (2d8144b78 2026-07-07)","x86_64-unknown-linux-gnu","Linux 7.0.11-76070011-generic x86_64","Intel(R) Core(TM) Ultra 7 155H","/dev/nvme0n1p3[/tmp] ext4   rw,nosuid,nodev,noatime,errors=remount-ro","/tmp/pigment-db-durability-bench","12-19","comparator","pre_feature_pigment_db","buffered","pre_feature_pigment_db","5","1","key_value","vector","successful_remove","1","32","5","5","166720","100013968","1666967.158027","560","0"
"protocol-v5-20260807-220443","6d7edc7c29a60a94c59effeeb2b78d8b95038135","default-hasher:e33e9641d6e15aea","6d7edc7c29a60a94c59effeeb2b78d8b95038135","default-hasher:f20647ba796d9a0c","rustc 1.97.0 (2d8144b78 2026-07-07)","x86_64-unknown-linux-gnu","Linux 7.0.11-76070011-generic x86_64","Intel(R) Core(TM) Ultra 7 155H","/dev/nvme0n1p3[/tmp] ext4   rw,nosuid,nodev,noatime,errors=remount-ro","/tmp/pigment-db-durability-bench","12-19","comparator","pre_feature_pigment_db","buffered","pre_feature_pigment_db","6","0","key_value","vector","successful_remove","1","32","5","6","167040","100014534","1670157.259344","558","0"
"protocol-v5-20260807-220443","6d7edc7c29a60a94c59effeeb2b78d8b95038135","default-hasher:e33e9641d6e15aea","6d7edc7c29a60a94c59effeeb2b78d8b95038135","default-hasher:f20647ba796d9a0c","rustc 1.97.0 (2d8144b78 2026-07-07)","x86_64-unknown-linux-gnu","Linux 7.0.11-76070011-generic x86_64","Intel(R) Core(TM) Ultra 7 155H","/dev/nvme0n1p3[/tmp] ext4   rw,nosuid,nodev,noatime,errors=remount-ro","/tmp/pigment-db-durability-bench","12-19","candidate","candidate_pigment_db","buffered","pre_feature_pigment_db","6","1","key_value","vector","successful_remove","1","32","5","6","163776","100020996","1637416.208093","557","0"
"protocol-v5-20260807-220443","6d7edc7c29a60a94c59effeeb2b78d8b95038135","default-hasher:e33e9641d6e15aea","6d7edc7c29a60a94c59effeeb2b78d8b95038135","default-hasher:f20647ba796d9a0c","rustc 1.97.0 (2d8144b78 2026-07-07)","x86_64-unknown-linux-gnu","Linux 7.0.11-76070011-generic x86_64","Intel(R) Core(TM) Ultra 7 155H","/dev/nvme0n1p3[/tmp] ext4   rw,nosuid,nodev,noatime,errors=remount-ro","/tmp/pigment-db-durability-bench","12-19","candidate","candidate_pigment_db","buffered","pre_feature_pigment_db","7","0","key_value","vector","successful_remove","1","32","5","7","163520","100002301","1635162.374914","563","0"
"protocol-v5-20260807-220443","6d7edc7c29a60a94c59effeeb2b78d8b95038135","default-hasher:e33e9641d6e15aea","6d7edc7c29a60a94c59effeeb2b78d8b95038135","default-hasher:f20647ba796d9a0c","rustc 1.97.0 (2d8144b78 2026-07-07)","x86_64-unknown-linux-gnu","Linux 7.0.11-76070011-generic x86_64","Intel(R) Core(TM) Ultra 7 155H","/dev/nvme0n1p3[/tmp] ext4   rw,nosuid,nodev,noatime,errors=remount-ro","/tmp/pigment-db-durability-bench","12-19","comparator","pre_feature_pigment_db","buffered","pre_feature_pigment_db","7","1","key_value","vector","successful_remove","1","32","5","7","163264","100023909","1632249.745408","556","0"
"protocol-v5-20260807-220443","6d7edc7c29a60a94c59effeeb2b78d8b95038135","default-hasher:e33e9641d6e15aea","6d7edc7c29a60a94c59effeeb2b78d8b95038135","default-hasher:f20647ba796d9a0c","rustc 1.97.0 (2d8144b78 2026-07-07)","x86_64-unknown-linux-gnu","Linux 7.0.11-76070011-generic x86_64","Intel(R) Core(TM) Ultra 7 155H","/dev/nvme0n1p3[/tmp] ext4   rw,nosuid,nodev,noatime,errors=remount-ro","/tmp/pigment-db-durability-bench","12-19","comparator","pre_feature_pigment_db","buffered","pre_feature_pigment_db","8","0","key_value","vector","successful_remove","1","32","5","8","163136","100038152","1630737.840899","559","0"
"protocol-v5-20260807-220443","6d7edc7c29a60a94c59effeeb2b78d8b95038135","default-hasher:e33e9641d6e15aea","6d7edc7c29a60a94c59effeeb2b78d8b95038135","default-hasher:f20647ba796d9a0c","rustc 1.97.0 (2d8144b78 2026-07-07)","x86_64-unknown-linux-gnu","Linux 7.0.11-76070011-generic x86_64","Intel(R) Core(TM) Ultra 7 155H","/dev/nvme0n1p3[/tmp] ext4   rw,nosuid,nodev,noatime,errors=remount-ro","/tmp/pigment-db-durability-bench","12-19","candidate","candidate_pigment_db","buffered","pre_feature_pigment_db","8","1","key_value","vector","successful_remove","1","32","5","8","164224","100027418","1641789.854058","555","0"
"protocol-v5-20260807-220443","6d7edc7c29a60a94c59effeeb2b78d8b95038135","default-hasher:e33e9641d6e15aea","6d7edc7c29a60a94c59effeeb2b78d8b95038135","default-hasher:f20647ba796d9a0c","rustc 1.97.0 (2d8144b78 2026-07-07)","x86_64-unknown-linux-gnu","Linux 7.0.11-76070011-generic x86_64","Intel(R) Core(TM) Ultra 7 155H","/dev/nvme0n1p3[/tmp] ext4   rw,nosuid,nodev,noatime,errors=remount-ro","/tmp/pigment-db-durability-bench","12-19","candidate","candidate_pigment_db","buffered","pre_feature_pigment_db","9","0","key_value","vector","successful_remove","1","32","5","9","161472","100000659","1614709.359065","559","0"
"protocol-v5-20260807-220443","6d7edc7c29a60a94c59effeeb2b78d8b95038135","default-hasher:e33e9641d6e15aea","6d7edc7c29a60a94c59effeeb2b78d8b95038135","default-hasher:f20647ba796d9a0c","rustc 1.97.0 (2d8144b78 2026-07-07)","x86_64-unknown-linux-gnu","Linux 7.0.11-76070011-generic x86_64","Intel(R) Core(TM) Ultra 7 155H","/dev/nvme0n1p3[/tmp] ext4   rw,nosuid,nodev,noatime,errors=remount-ro","/tmp/pigment-db-durability-bench","12-19","comparator","pre_feature_pigment_db","buffered","pre_feature_pigment_db","9","1","key_value","vector","successful_remove","1","32","5","9","162368","100032339","1623155.087876","564","0"
"protocol-v5-20260807-220443","6d7edc7c29a60a94c59effeeb2b78d8b95038135","default-hasher:e33e9641d6e15aea","6d7edc7c29a60a94c59effeeb2b78d8b95038135","default-hasher:f20647ba796d9a0c","rustc 1.97.0 (2d8144b78 2026-07-07)","x86_64-unknown-linux-gnu","Linux 7.0.11-76070011-generic x86_64","Intel(R) Core(TM) Ultra 7 155H","/dev/nvme0n1p3[/tmp] ext4   rw,nosuid,nodev,noatime,errors=remount-ro","/tmp/pigment-db-durability-bench","12-19","comparator","pre_feature_pigment_db","buffered","pre_feature_pigment_db","10","0","key_value","vector","successful_remove","1","32","5","10","162560","100013890","1625374.235519","561","0"
"protocol-v5-20260807-220443","6d7edc7c29a60a94c59effeeb2b78d8b95038135","default-hasher:e33e9641d6e15aea","6d7edc7c29a60a94c59effeeb2b78d8b95038135","default-hasher:f20647ba796d9a0c","rustc 1.97.0 (2d8144b78 2026-07-07)","x86_64-unknown-linux-gnu","Linux 7.0.11-76070011-generic x86_64","Intel(R) Core(TM) Ultra 7 155H","/dev/nvme0n1p3[/tmp] ext4   rw,nosuid,nodev,noatime,errors=remount-ro","/tmp/pigment-db-durability-bench","12-19","candidate","candidate_pigment_db","buffered","pre_feature_pigment_db","10","1","key_value","vector","successful_remove","1","32","5","10","163264","100005644","1632547.858999","559","0"
"protocol-v5-20260807-220443","6d7edc7c29a60a94c59effeeb2b78d8b95038135","default-hasher:e33e9641d6e15aea","6d7edc7c29a60a94c59effeeb2b78d8b95038135","default-hasher:f20647ba796d9a0c","rustc 1.97.0 (2d8144b78 2026-07-07)","x86_64-unknown-linux-gnu","Linux 7.0.11-76070011-generic x86_64","Intel(R) Core(TM) Ultra 7 155H","/dev/nvme0n1p3[/tmp] ext4   rw,nosuid,nodev,noatime,errors=remount-ro","/tmp/pigment-db-durability-bench","12-19","comparator","pre_feature_pigment_db","buffered","pre_feature_pigment_db","0","0","key_value","vector","successful_remove","8","32","5","0","37888","100321456","377665.970079","21065","0"
"protocol-v5-20260807-220443","6d7edc7c29a60a94c59effeeb2b78d8b95038135","default-hasher:e33e9641d6e15aea","6d7edc7c29a60a94c59effeeb2b78d8b95038135","default-hasher:f20647ba796d9a0c","rustc 1.97.0 (2d8144b78 2026-07-07)","x86_64-unknown-linux-gnu","Linux 7.0.11-76070011-generic x86_64","Intel(R) Core(TM) Ultra 7 155H","/dev/nvme0n1p3[/tmp] ext4   rw,nosuid,nodev,noatime,errors=remount-ro","/tmp/pigment-db-durability-bench","12-19","candidate","candidate_pigment_db","buffered","pre_feature_pigment_db","0","1","key_value","vector","successful_remove","8","32","5","0","16384","101822471","160907.507342","18368","0"
"protocol-v5-20260807-220443","6d7edc7c29a60a94c59effeeb2b78d8b95038135","default-hasher:e33e9641d6e15aea","6d7edc7c29a60a94c59effeeb2b78d8b95038135","default-hasher:f20647ba796d9a0c","rustc 1.97.0 (2d8144b78 2026-07-07)","x86_64-unknown-linux-gnu","Linux 7.0.11-76070011-generic x86_64","Intel(R) Core(TM) Ultra 7 155H","/dev/nvme0n1p3[/tmp] ext4   rw,nosuid,nodev,noatime,errors=remount-ro","/tmp/pigment-db-durability-bench","12-19","candidate","candidate_pigment_db","buffered","pre_feature_pigment_db","1","0","key_value","vector","successful_remove","8","32","5","1","37888","100630973","376504.359150","20240","0"
"protocol-v5-20260807-220443","6d7edc7c29a60a94c59effeeb2b78d8b95038135","default-hasher:e33e9641d6e15aea","6d7edc7c29a60a94c59effeeb2b78d8b95038135","default-hasher:f20647ba796d9a0c","rustc 1.97.0 (2d8144b78 2026-07-07)","x86_64-unknown-linux-gnu","Linux 7.0.11-76070011-generic x86_64","Intel(R) Core(TM) Ultra 7 155H","/dev/nvme0n1p3[/tmp] ext4   rw,nosuid,nodev,noatime,errors=remount-ro","/tmp/pigment-db-durability-bench","12-19","comparator","pre_feature_pigment_db","buffered","pre_feature_pigment_db","1","1","key_value","vector","successful_remove","8","32","5","1","33280","101196176","328866.181663","20443","0"
"protocol-v5-20260807-220443","6d7edc7c29a60a94c59effeeb2b78d8b95038135","default-hasher:e33e9641d6e15aea","6d7edc7c29a60a94c59effeeb2b78d8b95038135","default-hasher:f20647ba796d9a0c","rustc 1.97.0 (2d8144b78 2026-07-07)","x86_64-unknown-linux-gnu","Linux 7.0.11-76070011-generic x86_64","Intel(R) Core(TM) Ultra 7 155H","/dev/nvme0n1p3[/tmp] ext4   rw,nosuid,nodev,noatime,errors=remount-ro","/tmp/pigment-db-durability-bench","12-19","comparator","pre_feature_pigment_db","buffered","pre_feature_pigment_db","2","0","key_value","vector","successful_remove","8","32","5","2","48640","100024287","486281.896716","21134","0"
"protocol-v5-20260807-220443","6d7edc7c29a60a94c59effeeb2b78d8b95038135","default-hasher:e33e9641d6e15aea","6d7edc7c29a60a94c59effeeb2b78d8b95038135","default-hasher:f20647ba796d9a0c","rustc 1.97.0 (2d8144b78 2026-07-07)","x86_64-unknown-linux-gnu","Linux 7.0.11-76070011-generic x86_64","Intel(R) Core(TM) Ultra 7 155H","/dev/nvme0n1p3[/tmp] ext4   rw,nosuid,nodev,noatime,errors=remount-ro","/tmp/pigment-db-durability-bench","12-19","candidate","candidate_pigment_db","buffered","pre_feature_pigment_db","2","1","key_value","vector","successful_remove","8","32","5","2","57344","102183790","561184.900266","21124","0"
"protocol-v5-20260807-220443","6d7edc7c29a60a94c59effeeb2b78d8b95038135","default-hasher:e33e9641d6e15aea","6d7edc7c29a60a94c59effeeb2b78d8b95038135","default-hasher:f20647ba796d9a0c","rustc 1.97.0 (2d8144b78 2026-07-07)","x86_64-unknown-linux-gnu","Linux 7.0.11-76070011-generic x86_64","Intel(R) Core(TM) Ultra 7 155H","/dev/nvme0n1p3[/tmp] ext4   rw,nosuid,nodev,noatime,errors=remount-ro","/tmp/pigment-db-durability-bench","12-19","candidate","candidate_pigment_db","buffered","pre_feature_pigment_db","3","0","key_value","vector","successful_remove","8","32","5","3","46080","104921893","439183.841260","20873","0"
"protocol-v5-20260807-220443","6d7edc7c29a60a94c59effeeb2b78d8b95038135","default-hasher:e33e9641d6e15aea","6d7edc7c29a60a94c59effeeb2b78d8b95038135","default-hasher:f20647ba796d9a0c","rustc 1.97.0 (2d8144b78 2026-07-07)","x86_64-unknown-linux-gnu","Linux 7.0.11-76070011-generic x86_64","Intel(R) Core(TM) Ultra 7 155H","/dev/nvme0n1p3[/tmp] ext4   rw,nosuid,nodev,noatime,errors=remount-ro","/tmp/pigment-db-durability-bench","12-19","comparator","pre_feature_pigment_db","buffered","pre_feature_pigment_db","3","1","key_value","vector","successful_remove","8","32","5","3","17920","103252630","173554.901217","17700","0"
"protocol-v5-20260807-220443","6d7edc7c29a60a94c59effeeb2b78d8b95038135","default-hasher:e33e9641d6e15aea","6d7edc7c29a60a94c59effeeb2b78d8b95038135","default-hasher:f20647ba796d9a0c","rustc 1.97.0 (2d8144b78 2026-07-07)","x86_64-unknown-linux-gnu","Linux 7.0.11-76070011-generic x86_64","Intel(R) Core(TM) Ultra 7 155H","/dev/nvme0n1p3[/tmp] ext4   rw,nosuid,nodev,noatime,errors=remount-ro","/tmp/pigment-db-durability-bench","12-19","comparator","pre_feature_pigment_db","buffered","pre_feature_pigment_db","4","0","key_value","vector","successful_remove","8","32","5","4","29184","101005757","288934.025810","19621","0"
"protocol-v5-20260807-220443","6d7edc7c29a60a94c59effeeb2b78d8b95038135","default-hasher:e33e9641d6e15aea","6d7edc7c29a60a94c59effeeb2b78d8b95038135","default-hasher:f20647ba796d9a0c","rustc 1.97.0 (2d8144b78 2026-07-07)","x86_64-unknown-linux-gnu","Linux 7.0.11-76070011-generic x86_64","Intel(R) Core(TM) Ultra 7 155H","/dev/nvme0n1p3[/tmp] ext4   rw,nosuid,nodev,noatime,errors=remount-ro","/tmp/pigment-db-durability-bench","12-19","candidate","candidate_pigment_db","buffered","pre_feature_pigment_db","4","1","key_value","vector","successful_remove","8","32","5","4","33792","102636979","329238.061459","19923","0"
"protocol-v5-20260807-220443","6d7edc7c29a60a94c59effeeb2b78d8b95038135","default-hasher:e33e9641d6e15aea","6d7edc7c29a60a94c59effeeb2b78d8b95038135","default-hasher:f20647ba796d9a0c","rustc 1.97.0 (2d8144b78 2026-07-07)","x86_64-unknown-linux-gnu","Linux 7.0.11-76070011-generic x86_64","Intel(R) Core(TM) Ultra 7 155H","/dev/nvme0n1p3[/tmp] ext4   rw,nosuid,nodev,noatime,errors=remount-ro","/tmp/pigment-db-durability-bench","12-19","candidate","candidate_pigment_db","buffered","pre_feature_pigment_db","5","0","key_value","vector","successful_remove","8","32","5","5","67072","101581600","660277.058050","20896","0"
"protocol-v5-20260807-220443","6d7edc7c29a60a94c59effeeb2b78d8b95038135","default-hasher:e33e9641d6e15aea","6d7edc7c29a60a94c59effeeb2b78d8b95038135","default-hasher:f20647ba796d9a0c","rustc 1.97.0 (2d8144b78 2026-07-07)","x86_64-unknown-linux-gnu","Linux 7.0.11-76070011-generic x86_64","Intel(R) Core(TM) Ultra 7 155H","/dev/nvme0n1p3[/tmp] ext4   rw,nosuid,nodev,noatime,errors=remount-ro","/tmp/pigment-db-durability-bench","12-19","comparator","pre_feature_pigment_db","buffered","pre_feature_pigment_db","5","1","key_value","vector","successful_remove","8","32","5","5","64000","102419168","624883.029708","20649","0"
"protocol-v5-20260807-220443","6d7edc7c29a60a94c59effeeb2b78d8b95038135","default-hasher:e33e9641d6e15aea","6d7edc7c29a60a94c59effeeb2b78d8b95038135","default-hasher:f20647ba796d9a0c","rustc 1.97.0 (2d8144b78 2026-07-07)","x86_64-unknown-linux-gnu","Linux 7.0.11-76070011-generic x86_64","Intel(R) Core(TM) Ultra 7 155H","/dev/nvme0n1p3[/tmp] ext4   rw,nosuid,nodev,noatime,errors=remount-ro","/tmp/pigment-db-durability-bench","12-19","comparator","pre_feature_pigment_db","buffered","pre_feature_pigment_db","6","0","key_value","vector","successful_remove","8","32","5","6","44032","100339376","438830.713876","20281","0"
"protocol-v5-20260807-220443","6d7edc7c29a60a94c59effeeb2b78d8b95038135","default-hasher:e33e9641d6e15aea","6d7edc7c29a60a94c59effeeb2b78d8b95038135","default-hasher:f20647ba796d9a0c","rustc 1.97.0 (2d8144b78 2026-07-07)","x86_64-unknown-linux-gnu","Linux 7.0.11-76070011-generic x86_64","Intel(R) Core(TM) Ultra 7 155H","/dev/nvme0n1p3[/tmp] ext4   rw,nosuid,nodev,noatime,errors=remount-ro","/tmp/pigment-db-durability-bench","12-19","candidate","candidate_pigment_db","buffered","pre_feature_pigment_db","6","1","key_value","vector","successful_remove","8","32","5","6","31744","101017638","314242.152445","19406","0"
"protocol-v5-20260807-220443","6d7edc7c29a60a94c59effeeb2b78d8b95038135","default-hasher:e33e9641d6e15aea","6d7edc7c29a60a94c59effeeb2b78d8b95038135","default-hasher:f20647ba796d9a0c","rustc 1.97.0 (2d8144b78 2026-07-07)","x86_64-unknown-linux-gnu","Linux 7.0.11-76070011-generic x86_64","Intel(R) Core(TM) Ultra 7 155H","/dev/nvme0n1p3[/tmp] ext4   rw,nosuid,nodev,noatime,errors=remount-ro","/tmp/pigment-db-durability-bench","12-19","candidate","candidate_pigment_db","buffered","pre_feature_pigment_db","7","0","key_value","vector","successful_remove","8","32","5","7","15872","106004288","149729.792063","17368","0"
"protocol-v5-20260807-220443","6d7edc7c29a60a94c59effeeb2b78d8b95038135","default-hasher:e33e9641d6e15aea","6d7edc7c29a60a94c59effeeb2b78d8b95038135","default-hasher:f20647ba796d9a0c","rustc 1.97.0 (2d8144b78 2026-07-07)","x86_64-unknown-linux-gnu","Linux 7.0.11-76070011-generic x86_64","Intel(R) Core(TM) Ultra 7 155H","/dev/nvme0n1p3[/tmp] ext4   rw,nosuid,nodev,noatime,errors=remount-ro","/tmp/pigment-db-durability-bench","12-19","comparator","pre_feature_pigment_db","buffered","pre_feature_pigment_db","7","1","key_value","vector","successful_remove","8","32","5","7","15360","101574026","151219.761635","15899","0"
"protocol-v5-20260807-220443","6d7edc7c29a60a94c59effeeb2b78d8b95038135","default-hasher:e33e9641d6e15aea","6d7edc7c29a60a94c59effeeb2b78d8b95038135","default-hasher:f20647ba796d9a0c","rustc 1.97.0 (2d8144b78 2026-07-07)","x86_64-unknown-linux-gnu","Linux 7.0.11-76070011-generic x86_64","Intel(R) Core(TM) Ultra 7 155H","/dev/nvme0n1p3[/tmp] ext4   rw,nosuid,nodev,noatime,errors=remount-ro","/tmp/pigment-db-durability-bench","12-19","comparator","pre_feature_pigment_db","buffered","pre_feature_pigment_db","8","0","key_value","vector","successful_remove","8","32","5","8","56320","101620587","554218.408520","20753","0"
"protocol-v5-20260807-220443","6d7edc7c29a60a94c59effeeb2b78d8b95038135","default-hasher:e33e9641d6e15aea","6d7edc7c29a60a94c59effeeb2b78d8b95038135","default-hasher:f20647ba796d9a0c","rustc 1.97.0 (2d8144b78 2026-07-07)","x86_64-unknown-linux-gnu","Linux 7.0.11-76070011-generic x86_64","Intel(R) Core(TM) Ultra 7 155H","/dev/nvme0n1p3[/tmp] ext4   rw,nosuid,nodev,noatime,errors=remount-ro","/tmp/pigment-db-durability-bench","12-19","candidate","candidate_pigment_db","buffered","pre_feature_pigment_db","8","1","key_value","vector","successful_remove","8","32","5","8","61440","101961802","602578.600955","20865","0"
"protocol-v5-20260807-220443","6d7edc7c29a60a94c59effeeb2b78d8b95038135","default-hasher:e33e9641d6e15aea","6d7edc7c29a60a94c59effeeb2b78d8b95038135","default-hasher:f20647ba796d9a0c","rustc 1.97.0 (2d8144b78 2026-07-07)","x86_64-unknown-linux-gnu","Linux 7.0.11-76070011-generic x86_64","Intel(R) Core(TM) Ultra 7 155H","/dev/nvme0n1p3[/tmp] ext4   rw,nosuid,nodev,noatime,errors=remount-ro","/tmp/pigment-db-durability-bench","12-19","candidate","candidate_pigment_db","buffered","pre_feature_pigment_db","9","0","key_value","vector","successful_remove","8","32","5","9","28672","100037568","286612.325482","19738","0"
"protocol-v5-20260807-220443","6d7edc7c29a60a94c59effeeb2b78d8b95038135","default-hasher:e33e9641d6e15aea","6d7edc7c29a60a94c59effeeb2b78d8b95038135","default-hasher:f20647ba796d9a0c","rustc 1.97.0 (2d8144b78 2026-07-07)","x86_64-unknown-linux-gnu","Linux 7.0.11-76070011-generic x86_64","Intel(R) Core(TM) Ultra 7 155H","/dev/nvme0n1p3[/tmp] ext4   rw,nosuid,nodev,noatime,errors=remount-ro","/tmp/pigment-db-durability-bench","12-19","comparator","pre_feature_pigment_db","buffered","pre_feature_pigment_db","9","1","key_value","vector","successful_remove","8","32","5","9","25088","101834338","246360.908243","19557","0"
"protocol-v5-20260807-220443","6d7edc7c29a60a94c59effeeb2b78d8b95038135","default-hasher:e33e9641d6e15aea","6d7edc7c29a60a94c59effeeb2b78d8b95038135","default-hasher:f20647ba796d9a0c","rustc 1.97.0 (2d8144b78 2026-07-07)","x86_64-unknown-linux-gnu","Linux 7.0.11-76070011-generic x86_64","Intel(R) Core(TM) Ultra 7 155H","/dev/nvme0n1p3[/tmp] ext4   rw,nosuid,nodev,noatime,errors=remount-ro","/tmp/pigment-db-durability-bench","12-19","comparator","pre_feature_pigment_db","buffered","pre_feature_pigment_db","10","0","key_value","vector","successful_remove","8","32","5","10","25600","105022423","243757.468822","18060","0"
"protocol-v5-20260807-220443","6d7edc7c29a60a94c59effeeb2b78d8b95038135","default-hasher:e33e9641d6e15aea","6d7edc7c29a60a94c59effeeb2b78d8b95038135","default-hasher:f20647ba796d9a0c","rustc 1.97.0 (2d8144b78 2026-07-07)","x86_64-unknown-linux-gnu","Linux 7.0.11-76070011-generic x86_64","Intel(R) Core(TM) Ultra 7 155H","/dev/nvme0n1p3[/tmp] ext4   rw,nosuid,nodev,noatime,errors=remount-ro","/tmp/pigment-db-durability-bench","12-19","candidate","candidate_pigment_db","buffered","pre_feature_pigment_db","10","1","key_value","vector","successful_remove","8","32","5","10","21504","100122754","214776.353435","19485","0"
"protocol-v5-20260807-220443","6d7edc7c29a60a94c59effeeb2b78d8b95038135","default-hasher:e33e9641d6e15aea","6d7edc7c29a60a94c59effeeb2b78d8b95038135","default-hasher:f20647ba796d9a0c","rustc 1.97.0 (2d8144b78 2026-07-07)","x86_64-unknown-linux-gnu","Linux 7.0.11-76070011-generic x86_64","Intel(R) Core(TM) Ultra 7 155H","/dev/nvme0n1p3[/tmp] ext4   rw,nosuid,nodev,noatime,errors=remount-ro","/tmp/pigment-db-durability-bench","12-19","comparator","pre_feature_pigment_db","buffered","pre_feature_pigment_db","0","0","key_value","vector","minimal_callback","1","32","5","0","177024","100035098","1769618.899159","509","0"
"protocol-v5-20260807-220443","6d7edc7c29a60a94c59effeeb2b78d8b95038135","default-hasher:e33e9641d6e15aea","6d7edc7c29a60a94c59effeeb2b78d8b95038135","default-hasher:f20647ba796d9a0c","rustc 1.97.0 (2d8144b78 2026-07-07)","x86_64-unknown-linux-gnu","Linux 7.0.11-76070011-generic x86_64","Intel(R) Core(TM) Ultra 7 155H","/dev/nvme0n1p3[/tmp] ext4   rw,nosuid,nodev,noatime,errors=remount-ro","/tmp/pigment-db-durability-bench","12-19","candidate","candidate_pigment_db","buffered","pre_feature_pigment_db","0","1","key_value","vector","minimal_callback","1","32","5","0","179456","100011374","1794355.909959","500","0"
"protocol-v5-20260807-220443","6d7edc7c29a60a94c59effeeb2b78d8b95038135","default-hasher:e33e9641d6e15aea","6d7edc7c29a60a94c59effeeb2b78d8b95038135","default-hasher:f20647ba796d9a0c","rustc 1.97.0 (2d8144b78 2026-07-07)","x86_64-unknown-linux-gnu","Linux 7.0.11-76070011-generic x86_64","Intel(R) Core(TM) Ultra 7 155H","/dev/nvme0n1p3[/tmp] ext4   rw,nosuid,nodev,noatime,errors=remount-ro","/tmp/pigment-db-durability-bench","12-19","candidate","candidate_pigment_db","buffered","pre_feature_pigment_db","1","0","key_value","vector","minimal_callback","1","32","5","1","180544","100031857","1804865.024149","499","0"
"protocol-v5-20260807-220443","6d7edc7c29a60a94c59effeeb2b78d8b95038135","default-hasher:e33e9641d6e15aea","6d7edc7c29a60a94c59effeeb2b78d8b95038135","default-hasher:f20647ba796d9a0c","rustc 1.97.0 (2d8144b78 2026-07-07)","x86_64-unknown-linux-gnu","Linux 7.0.11-76070011-generic x86_64","Intel(R) Core(TM) Ultra 7 155H","/dev/nvme0n1p3[/tmp] ext4   rw,nosuid,nodev,noatime,errors=remount-ro","/tmp/pigment-db-durability-bench","12-19","comparator","pre_feature_pigment_db","buffered","pre_feature_pigment_db","1","1","key_value","vector","minimal_callback","1","32","5","1","172288","100020692","1722523.575422","523","0"
"protocol-v5-20260807-220443","6d7edc7c29a60a94c59effeeb2b78d8b95038135","default-hasher:e33e9641d6e15aea","6d7edc7c29a60a94c59effeeb2b78d8b95038135","default-hasher:f20647ba796d9a0c","rustc 1.97.0 (2d8144b78 2026-07-07)","x86_64-unknown-linux-gnu","Linux 7.0.11-76070011-generic x86_64","Intel(R) Core(TM) Ultra 7 155H","/dev/nvme0n1p3[/tmp] ext4   rw,nosuid,nodev,noatime,errors=remount-ro","/tmp/pigment-db-durability-bench","12-19","comparator","pre_feature_pigment_db","buffered","pre_feature_pigment_db","2","0","key_value","vector","minimal_callback","1","32","5","2","171456","100002037","1714525.075124","525","0"
"protocol-v5-20260807-220443","6d7edc7c29a60a94c59effeeb2b78d8b95038135","default-hasher:e33e9641d6e15aea","6d7edc7c29a60a94c59effeeb2b78d8b95038135","default-hasher:f20647ba796d9a0c","rustc 1.97.0 (2d8144b78 2026-07-07)","x86_64-unknown-linux-gnu","Linux 7.0.11-76070011-generic x86_64","Intel(R) Core(TM) Ultra 7 155H","/dev/nvme0n1p3[/tmp] ext4   rw,nosuid,nodev,noatime,errors=remount-ro","/tmp/pigment-db-durability-bench","12-19","candidate","candidate_pigment_db","buffered","pre_feature_pigment_db","2","1","key_value","vector","minimal_callback","1","32","5","2","179648","100020665","1796108.834109","497","0"
"protocol-v5-20260807-220443","6d7edc7c29a60a94c59effeeb2b78d8b95038135","default-hasher:e33e9641d6e15aea","6d7edc7c29a60a94c59effeeb2b78d8b95038135","default-hasher:f20647ba796d9a0c","rustc 1.97.0 (2d8144b78 2026-07-07)","x86_64-unknown-linux-gnu","Linux 7.0.11-76070011-generic x86_64","Intel(R) Core(TM) Ultra 7 155H","/dev/nvme0n1p3[/tmp] ext4   rw,nosuid,nodev,noatime,errors=remount-ro","/tmp/pigment-db-durability-bench","12-19","candidate","candidate_pigment_db","buffered","pre_feature_pigment_db","3","0","key_value","vector","minimal_callback","1","32","5","3","179904","100013533","1798796.568860","500","0"
"protocol-v5-20260807-220443","6d7edc7c29a60a94c59effeeb2b78d8b95038135","default-hasher:e33e9641d6e15aea","6d7edc7c29a60a94c59effeeb2b78d8b95038135","default-hasher:f20647ba796d9a0c","rustc 1.97.0 (2d8144b78 2026-07-07)","x86_64-unknown-linux-gnu","Linux 7.0.11-76070011-generic x86_64","Intel(R) Core(TM) Ultra 7 155H","/dev/nvme0n1p3[/tmp] ext4   rw,nosuid,nodev,noatime,errors=remount-ro","/tmp/pigment-db-durability-bench","12-19","comparator","pre_feature_pigment_db","buffered","pre_feature_pigment_db","3","1","key_value","vector","minimal_callback","1","32","5","3","170304","100028687","1702551.589026","532","0"
"protocol-v5-20260807-220443","6d7edc7c29a60a94c59effeeb2b78d8b95038135","default-hasher:e33e9641d6e15aea","6d7edc7c29a60a94c59effeeb2b78d8b95038135","default-hasher:f20647ba796d9a0c","rustc 1.97.0 (2d8144b78 2026-07-07)","x86_64-unknown-linux-gnu","Linux 7.0.11-76070011-generic x86_64","Intel(R) Core(TM) Ultra 7 155H","/dev/nvme0n1p3[/tmp] ext4   rw,nosuid,nodev,noatime,errors=remount-ro","/tmp/pigment-db-durability-bench","12-19","comparator","pre_feature_pigment_db","buffered","pre_feature_pigment_db","4","0","key_value","vector","minimal_callback","1","32","5","4","172096","100021041","1720597.968981","522","0"
"protocol-v5-20260807-220443","6d7edc7c29a60a94c59effeeb2b78d8b95038135","default-hasher:e33e9641d6e15aea","6d7edc7c29a60a94c59effeeb2b78d8b95038135","default-hasher:f20647ba796d9a0c","rustc 1.97.0 (2d8144b78 2026-07-07)","x86_64-unknown-linux-gnu","Linux 7.0.11-76070011-generic x86_64","Intel(R) Core(TM) Ultra 7 155H","/dev/nvme0n1p3[/tmp] ext4   rw,nosuid,nodev,noatime,errors=remount-ro","/tmp/pigment-db-durability-bench","12-19","candidate","candidate_pigment_db","buffered","pre_feature_pigment_db","4","1","key_value","vector","minimal_callback","1","32","5","4","180480","100007904","1804657.359882","498","0"
"protocol-v5-20260807-220443","6d7edc7c29a60a94c59effeeb2b78d8b95038135","default-hasher:e33e9641d6e15aea","6d7edc7c29a60a94c59effeeb2b78d8b95038135","default-hasher:f20647ba796d9a0c","rustc 1.97.0 (2d8144b78 2026-07-07)","x86_64-unknown-linux-gnu","Linux 7.0.11-76070011-generic x86_64","Intel(R) Core(TM) Ultra 7 155H","/dev/nvme0n1p3[/tmp] ext4   rw,nosuid,nodev,noatime,errors=remount-ro","/tmp/pigment-db-durability-bench","12-19","candidate","candidate_pigment_db","buffered","pre_feature_pigment_db","5","0","key_value","vector","minimal_callback","1","32","5","5","180416","100034646","1803535.147213","498","0"
"protocol-v5-20260807-220443","6d7edc7c29a60a94c59effeeb2b78d8b95038135","default-hasher:e33e9641d6e15aea","6d7edc7c29a60a94c59effeeb2b78d8b95038135","default-hasher:f20647ba796d9a0c","rustc 1.97.0 (2d8144b78 2026-07-07)","x86_64-unknown-linux-gnu","Linux 7.0.11-76070011-generic x86_64","Intel(R) Core(TM) Ultra 7 155H","/dev/nvme0n1p3[/tmp] ext4   rw,nosuid,nodev,noatime,errors=remount-ro","/tmp/pigment-db-durability-bench","12-19","comparator","pre_feature_pigment_db","buffered","pre_feature_pigment_db","5","1","key_value","vector","minimal_callback","1","32","5","5","171776","100034837","1717161.792346","522","0"
"protocol-v5-20260807-220443","6d7edc7c29a60a94c59effeeb2b78d8b95038135","default-hasher:e33e9641d6e15aea","6d7edc7c29a60a94c59effeeb2b78d8b95038135","default-hasher:f20647ba796d9a0c","rustc 1.97.0 (2d8144b78 2026-07-07)","x86_64-unknown-linux-gnu","Linux 7.0.11-76070011-generic x86_64","Intel(R) Core(TM) Ultra 7 155H","/dev/nvme0n1p3[/tmp] ext4   rw,nosuid,nodev,noatime,errors=remount-ro","/tmp/pigment-db-durability-bench","12-19","comparator","pre_feature_pigment_db","buffered","pre_feature_pigment_db","6","0","key_value","vector","minimal_callback","1","32","5","6","171648","100001108","1716460.981612","524","0"
"protocol-v5-20260807-220443","6d7edc7c29a60a94c59effeeb2b78d8b95038135","default-hasher:e33e9641d6e15aea","6d7edc7c29a60a94c59effeeb2b78d8b95038135","default-hasher:f20647ba796d9a0c","rustc 1.97.0 (2d8144b78 2026-07-07)","x86_64-unknown-linux-gnu","Linux 7.0.11-76070011-generic x86_64","Intel(R) Core(TM) Ultra 7 155H","/dev/nvme0n1p3[/tmp] ext4   rw,nosuid,nodev,noatime,errors=remount-ro","/tmp/pigment-db-durability-bench","12-19","candidate","candidate_pigment_db","buffered","pre_feature_pigment_db","6","1","key_value","vector","minimal_callback","1","32","5","6","179392","100007134","1793792.030877","499","0"
"protocol-v5-20260807-220443","6d7edc7c29a60a94c59effeeb2b78d8b95038135","default-hasher:e33e9641d6e15aea","6d7edc7c29a60a94c59effeeb2b78d8b95038135","default-hasher:f20647ba796d9a0c","rustc 1.97.0 (2d8144b78 2026-07-07)","x86_64-unknown-linux-gnu","Linux 7.0.11-76070011-generic x86_64","Intel(R) Core(TM) Ultra 7 155H","/dev/nvme0n1p3[/tmp] ext4   rw,nosuid,nodev,noatime,errors=remount-ro","/tmp/pigment-db-durability-bench","12-19","candidate","candidate_pigment_db","buffered","pre_feature_pigment_db","7","0","key_value","vector","minimal_callback","1","32","5","7","179840","100033646","1797795.113856","497","0"
"protocol-v5-20260807-220443","6d7edc7c29a60a94c59effeeb2b78d8b95038135","default-hasher:e33e9641d6e15aea","6d7edc7c29a60a94c59effeeb2b78d8b95038135","default-hasher:f20647ba796d9a0c","rustc 1.97.0 (2d8144b78 2026-07-07)","x86_64-unknown-linux-gnu","Linux 7.0.11-76070011-generic x86_64","Intel(R) Core(TM) Ultra 7 155H","/dev/nvme0n1p3[/tmp] ext4   rw,nosuid,nodev,noatime,errors=remount-ro","/tmp/pigment-db-durability-bench","12-19","comparator","pre_feature_pigment_db","buffered","pre_feature_pigment_db","7","1","key_value","vector","minimal_callback","1","32","5","7","171520","100035361","1714593.702521","521","0"
"protocol-v5-20260807-220443","6d7edc7c29a60a94c59effeeb2b78d8b95038135","default-hasher:e33e9641d6e15aea","6d7edc7c29a60a94c59effeeb2b78d8b95038135","default-hasher:f20647ba796d9a0c","rustc 1.97.0 (2d8144b78 2026-07-07)","x86_64-unknown-linux-gnu","Linux 7.0.11-76070011-generic x86_64","Intel(R) Core(TM) Ultra 7 155H","/dev/nvme0n1p3[/tmp] ext4   rw,nosuid,nodev,noatime,errors=remount-ro","/tmp/pigment-db-durability-bench","12-19","comparator","pre_feature_pigment_db","buffered","pre_feature_pigment_db","8","0","key_value","vector","minimal_callback","1","32","5","8","171520","100007642","1715068.934432","523","0"
"protocol-v5-20260807-220443","6d7edc7c29a60a94c59effeeb2b78d8b95038135","default-hasher:e33e9641d6e15aea","6d7edc7c29a60a94c59effeeb2b78d8b95038135","default-hasher:f20647ba796d9a0c","rustc 1.97.0 (2d8144b78 2026-07-07)","x86_64-unknown-linux-gnu","Linux 7.0.11-76070011-generic x86_64","Intel(R) Core(TM) Ultra 7 155H","/dev/nvme0n1p3[/tmp] ext4   rw,nosuid,nodev,noatime,errors=remount-ro","/tmp/pigment-db-durability-bench","12-19","candidate","candidate_pigment_db","buffered","pre_feature_pigment_db","8","1","key_value","vector","minimal_callback","1","32","5","8","179456","100031648","1793992.237337","501","0"
"protocol-v5-20260807-220443","6d7edc7c29a60a94c59effeeb2b78d8b95038135","default-hasher:e33e9641d6e15aea","6d7edc7c29a60a94c59effeeb2b78d8b95038135","default-hasher:f20647ba796d9a0c","rustc 1.97.0 (2d8144b78 2026-07-07)","x86_64-unknown-linux-gnu","Linux 7.0.11-76070011-generic x86_64","Intel(R) Core(TM) Ultra 7 155H","/dev/nvme0n1p3[/tmp] ext4   rw,nosuid,nodev,noatime,errors=remount-ro","/tmp/pigment-db-durability-bench","12-19","candidate","candidate_pigment_db","buffered","pre_feature_pigment_db","9","0","key_value","vector","minimal_callback","1","32","5","9","179712","100028873","1796601.267316","501","0"
"protocol-v5-20260807-220443","6d7edc7c29a60a94c59effeeb2b78d8b95038135","default-hasher:e33e9641d6e15aea","6d7edc7c29a60a94c59effeeb2b78d8b95038135","default-hasher:f20647ba796d9a0c","rustc 1.97.0 (2d8144b78 2026-07-07)","x86_64-unknown-linux-gnu","Linux 7.0.11-76070011-generic x86_64","Intel(R) Core(TM) Ultra 7 155H","/dev/nvme0n1p3[/tmp] ext4   rw,nosuid,nodev,noatime,errors=remount-ro","/tmp/pigment-db-durability-bench","12-19","comparator","pre_feature_pigment_db","buffered","pre_feature_pigment_db","9","1","key_value","vector","minimal_callback","1","32","5","9","172352","100011800","1723316.648635","523","0"
"protocol-v5-20260807-220443","6d7edc7c29a60a94c59effeeb2b78d8b95038135","default-hasher:e33e9641d6e15aea","6d7edc7c29a60a94c59effeeb2b78d8b95038135","default-hasher:f20647ba796d9a0c","rustc 1.97.0 (2d8144b78 2026-07-07)","x86_64-unknown-linux-gnu","Linux 7.0.11-76070011-generic x86_64","Intel(R) Core(TM) Ultra 7 155H","/dev/nvme0n1p3[/tmp] ext4   rw,nosuid,nodev,noatime,errors=remount-ro","/tmp/pigment-db-durability-bench","12-19","comparator","pre_feature_pigment_db","buffered","pre_feature_pigment_db","10","0","key_value","vector","minimal_callback","1","32","5","10","171264","100032552","1712082.682845","529","0"
"protocol-v5-20260807-220443","6d7edc7c29a60a94c59effeeb2b78d8b95038135","default-hasher:e33e9641d6e15aea","6d7edc7c29a60a94c59effeeb2b78d8b95038135","default-hasher:f20647ba796d9a0c","rustc 1.97.0 (2d8144b78 2026-07-07)","x86_64-unknown-linux-gnu","Linux 7.0.11-76070011-generic x86_64","Intel(R) Core(TM) Ultra 7 155H","/dev/nvme0n1p3[/tmp] ext4   rw,nosuid,nodev,noatime,errors=remount-ro","/tmp/pigment-db-durability-bench","12-19","candidate","candidate_pigment_db","buffered","pre_feature_pigment_db","10","1","key_value","vector","minimal_callback","1","32","5","10","180544","100002867","1805388.239519","499","0"
"protocol-v5-20260807-220443","6d7edc7c29a60a94c59effeeb2b78d8b95038135","default-hasher:e33e9641d6e15aea","6d7edc7c29a60a94c59effeeb2b78d8b95038135","default-hasher:f20647ba796d9a0c","rustc 1.97.0 (2d8144b78 2026-07-07)","x86_64-unknown-linux-gnu","Linux 7.0.11-76070011-generic x86_64","Intel(R) Core(TM) Ultra 7 155H","/dev/nvme0n1p3[/tmp] ext4   rw,nosuid,nodev,noatime,errors=remount-ro","/tmp/pigment-db-durability-bench","12-19","comparator","pre_feature_pigment_db","buffered","pre_feature_pigment_db","0","0","key_value","vector","minimal_callback","8","32","5","0","74240","100547229","738359.482786","21022","0"
"protocol-v5-20260807-220443","6d7edc7c29a60a94c59effeeb2b78d8b95038135","default-hasher:e33e9641d6e15aea","6d7edc7c29a60a94c59effeeb2b78d8b95038135","default-hasher:f20647ba796d9a0c","rustc 1.97.0 (2d8144b78 2026-07-07)","x86_64-unknown-linux-gnu","Linux 7.0.11-76070011-generic x86_64","Intel(R) Core(TM) Ultra 7 155H","/dev/nvme0n1p3[/tmp] ext4   rw,nosuid,nodev,noatime,errors=remount-ro","/tmp/pigment-db-durability-bench","12-19","candidate","candidate_pigment_db","buffered","pre_feature_pigment_db","0","1","key_value","vector","minimal_callback","8","32","5","0","70144","100484022","698061.230073","16605","0"
"protocol-v5-20260807-220443","6d7edc7c29a60a94c59effeeb2b78d8b95038135","default-hasher:e33e9641d6e15aea","6d7edc7c29a60a94c59effeeb2b78d8b95038135","default-hasher:f20647ba796d9a0c","rustc 1.97.0 (2d8144b78 2026-07-07)","x86_64-unknown-linux-gnu","Linux 7.0.11-76070011-generic x86_64","Intel(R) Core(TM) Ultra 7 155H","/dev/nvme0n1p3[/tmp] ext4   rw,nosuid,nodev,noatime,errors=remount-ro","/tmp/pigment-db-durability-bench","12-19","candidate","candidate_pigment_db","buffered","pre_feature_pigment_db","1","0","key_value","vector","minimal_callback","8","32","5","1","82432","100374982","821240.495963","18233","0"
"protocol-v5-20260807-220443","6d7edc7c29a60a94c59effeeb2b78d8b95038135","default-hasher:e33e9641d6e15aea","6d7edc7c29a60a94c59effeeb2b78d8b95038135","default-hasher:f20647ba796d9a0c","rustc 1.97.0 (2d8144b78 2026-07-07)","x86_64-unknown-linux-gnu","Linux 7.0.11-76070011-generic x86_64","Intel(R) Core(TM) Ultra 7 155H","/dev/nvme0n1p3[/tmp] ext4   rw,nosuid,nodev,noatime,errors=remount-ro","/tmp/pigment-db-durability-bench","12-19","comparator","pre_feature_pigment_db","buffered","pre_feature_pigment_db","1","1","key_value","vector","minimal_callback","8","32","5","1","79360","100008486","793532.660818","19760","0"
"protocol-v5-20260807-220443","6d7edc7c29a60a94c59effeeb2b78d8b95038135","default-hasher:e33e9641d6e15aea","6d7edc7c29a60a94c59effeeb2b78d8b95038135","default-hasher:f20647ba796d9a0c","rustc 1.97.0 (2d8144b78 2026-07-07)","x86_64-unknown-linux-gnu","Linux 7.0.11-76070011-generic x86_64","Intel(R) Core(TM) Ultra 7 155H","/dev/nvme0n1p3[/tmp] ext4   rw,nosuid,nodev,noatime,errors=remount-ro","/tmp/pigment-db-durability-bench","12-19","comparator","pre_feature_pigment_db","buffered","pre_feature_pigment_db","2","0","key_value","vector","minimal_callback","8","32","5","2","82944","100146344","828227.938106","22456","0"
"protocol-v5-20260807-220443","6d7edc7c29a60a94c59effeeb2b78d8b95038135","default-hasher:e33e9641d6e15aea","6d7edc7c29a60a94c59effeeb2b78d8b95038135","default-hasher:f20647ba796d9a0c","rustc 1.97.0 (2d8144b78 2026-07-07)","x86_64-unknown-linux-gnu","Linux 7.0.11-76070011-generic x86_64","Intel(R) Core(TM) Ultra 7 155H","/dev/nvme0n1p3[/tmp] ext4   rw,nosuid,nodev,noatime,errors=remount-ro","/tmp/pigment-db-durability-bench","12-19","candidate","candidate_pigment_db","buffered","pre_feature_pigment_db","2","1","key_value","vector","minimal_callback","8","32","5","2","85504","100171738","853574.088931","19256","0"
"protocol-v5-20260807-220443","6d7edc7c29a60a94c59effeeb2b78d8b95038135","default-hasher:e33e9641d6e15aea","6d7edc7c29a60a94c59effeeb2b78d8b95038135","default-hasher:f20647ba796d9a0c","rustc 1.97.0 (2d8144b78 2026-07-07)","x86_64-unknown-linux-gnu","Linux 7.0.11-76070011-generic x86_64","Intel(R) Core(TM) Ultra 7 155H","/dev/nvme0n1p3[/tmp] ext4   rw,nosuid,nodev,noatime,errors=remount-ro","/tmp/pigment-db-durability-bench","12-19","candidate","candidate_pigment_db","buffered","pre_feature_pigment_db","3","0","key_value","vector","minimal_callback","8","32","5","3","76800","100366509","765195.489663","19687","0"
"protocol-v5-20260807-220443","6d7edc7c29a60a94c59effeeb2b78d8b95038135","default-hasher:e33e9641d6e15aea","6d7edc7c29a60a94c59effeeb2b78d8b95038135","default-hasher:f20647ba796d9a0c","rustc 1.97.0 (2d8144b78 2026-07-07)","x86_64-unknown-linux-gnu","Linux 7.0.11-76070011-generic x86_64","Intel(R) Core(TM) Ultra 7 155H","/dev/nvme0n1p3[/tmp] ext4   rw,nosuid,nodev,noatime,errors=remount-ro","/tmp/pigment-db-durability-bench","12-19","comparator","pre_feature_pigment_db","buffered","pre_feature_pigment_db","3","1","key_value","vector","minimal_callback","8","32","5","3","80896","100069902","808394.915786","20780","0"
"protocol-v5-20260807-220443","6d7edc7c29a60a94c59effeeb2b78d8b95038135","default-hasher:e33e9641d6e15aea","6d7edc7c29a60a94c59effeeb2b78d8b95038135","default-hasher:f20647ba796d9a0c","rustc 1.97.0 (2d8144b78 2026-07-07)","x86_64-unknown-linux-gnu","Linux 7.0.11-76070011-generic x86_64","Intel(R) Core(TM) Ultra 7 155H","/dev/nvme0n1p3[/tmp] ext4   rw,nosuid,nodev,noatime,errors=remount-ro","/tmp/pigment-db-durability-bench","12-19","comparator","pre_feature_pigment_db","buffered","pre_feature_pigment_db","4","0","key_value","vector","minimal_callback","8","32","5","4","82944","100068923","828868.718813","19975","0"
"protocol-v5-20260807-220443","6d7edc7c29a60a94c59effeeb2b78d8b95038135","default-hasher:e33e9641d6e15aea","6d7edc7c29a60a94c59effeeb2b78d8b95038135","default-hasher:f20647ba796d9a0c","rustc 1.97.0 (2d8144b78 2026-07-07)","x86_64-unknown-linux-gnu","Linux 7.0.11-76070011-generic x86_64","Intel(R) Core(TM) Ultra 7 155H","/dev/nvme0n1p3[/tmp] ext4   rw,nosuid,nodev,noatime,errors=remount-ro","/tmp/pigment-db-durability-bench","12-19","candidate","candidate_pigment_db","buffered","pre_feature_pigment_db","4","1","key_value","vector","minimal_callback","8","32","5","4","83456","100266978","832337.841079","20436","0"
"protocol-v5-20260807-220443","6d7edc7c29a60a94c59effeeb2b78d8b95038135","default-hasher:e33e9641d6e15aea","6d7edc7c29a60a94c59effeeb2b78d8b95038135","default-hasher:f20647ba796d9a0c","rustc 1.97.0 (2d8144b78 2026-07-07)","x86_64-unknown-linux-gnu","Linux 7.0.11-76070011-generic x86_64","Intel(R) Core(TM) Ultra 7 155H","/dev/nvme0n1p3[/tmp] ext4   rw,nosuid,nodev,noatime,errors=remount-ro","/tmp/pigment-db-durability-bench","12-19","candidate","candidate_pigment_db","buffered","pre_feature_pigment_db","5","0","key_value","vector","minimal_callback","8","32","5","5","75264","100211956","751048.108471","21122","0"
"protocol-v5-20260807-220443","6d7edc7c29a60a94c59effeeb2b78d8b95038135","default-hasher:e33e9641d6e15aea","6d7edc7c29a60a94c59effeeb2b78d8b95038135","default-hasher:f20647ba796d9a0c","rustc 1.97.0 (2d8144b78 2026-07-07)","x86_64-unknown-linux-gnu","Linux 7.0.11-76070011-generic x86_64","Intel(R) Core(TM) Ultra 7 155H","/dev/nvme0n1p3[/tmp] ext4   rw,nosuid,nodev,noatime,errors=remount-ro","/tmp/pigment-db-durability-bench","12-19","comparator","pre_feature_pigment_db","buffered","pre_feature_pigment_db","5","1","key_value","vector","minimal_callback","8","32","5","5","81920","100563001","814613.716629","22705","0"
"protocol-v5-20260807-220443","6d7edc7c29a60a94c59effeeb2b78d8b95038135","default-hasher:e33e9641d6e15aea","6d7edc7c29a60a94c59effeeb2b78d8b95038135","default-hasher:f20647ba796d9a0c","rustc 1.97.0 (2d8144b78 2026-07-07)","x86_64-unknown-linux-gnu","Linux 7.0.11-76070011-generic x86_64","Intel(R) Core(TM) Ultra 7 155H","/dev/nvme0n1p3[/tmp] ext4   rw,nosuid,nodev,noatime,errors=remount-ro","/tmp/pigment-db-durability-bench","12-19","comparator","pre_feature_pigment_db","buffered","pre_feature_pigment_db","6","0","key_value","vector","minimal_callback","8","32","5","6","80896","100501120","804926.353060","22359","0"
"protocol-v5-20260807-220443","6d7edc7c29a60a94c59effeeb2b78d8b95038135","default-hasher:e33e9641d6e15aea","6d7edc7c29a60a94c59effeeb2b78d8b95038135","default-hasher:f20647ba796d9a0c","rustc 1.97.0 (2d8144b78 2026-07-07)","x86_64-unknown-linux-gnu","Linux 7.0.11-76070011-generic x86_64","Intel(R) Core(TM) Ultra 7 155H","/dev/nvme0n1p3[/tmp] ext4   rw,nosuid,nodev,noatime,errors=remount-ro","/tmp/pigment-db-durability-bench","12-19","candidate","candidate_pigment_db","buffered","pre_feature_pigment_db","6","1","key_value","vector","minimal_callback","8","32","5","6","79360","100475808","789841.869199","22756","0"
"protocol-v5-20260807-220443","6d7edc7c29a60a94c59effeeb2b78d8b95038135","default-hasher:e33e9641d6e15aea","6d7edc7c29a60a94c59effeeb2b78d8b95038135","default-hasher:f20647ba796d9a0c","rustc 1.97.0 (2d8144b78 2026-07-07)","x86_64-unknown-linux-gnu","Linux 7.0.11-76070011-generic x86_64","Intel(R) Core(TM) Ultra 7 155H","/dev/nvme0n1p3[/tmp] ext4   rw,nosuid,nodev,noatime,errors=remount-ro","/tmp/pigment-db-durability-bench","12-19","candidate","candidate_pigment_db","buffered","pre_feature_pigment_db","7","0","key_value","vector","minimal_callback","8","32","5","7","62464","100569790","621101.028450","16860","0"
"protocol-v5-20260807-220443","6d7edc7c29a60a94c59effeeb2b78d8b95038135","default-hasher:e33e9641d6e15aea","6d7edc7c29a60a94c59effeeb2b78d8b95038135","default-hasher:f20647ba796d9a0c","rustc 1.97.0 (2d8144b78 2026-07-07)","x86_64-unknown-linux-gnu","Linux 7.0.11-76070011-generic x86_64","Intel(R) Core(TM) Ultra 7 155H","/dev/nvme0n1p3[/tmp] ext4   rw,nosuid,nodev,noatime,errors=remount-ro","/tmp/pigment-db-durability-bench","12-19","comparator","pre_feature_pigment_db","buffered","pre_feature_pigment_db","7","1","key_value","vector","minimal_callback","8","32","5","7","69632","100185419","695031.279951","18257","0"
"protocol-v5-20260807-220443","6d7edc7c29a60a94c59effeeb2b78d8b95038135","default-hasher:e33e9641d6e15aea","6d7edc7c29a60a94c59effeeb2b78d8b95038135","default-hasher:f20647ba796d9a0c","rustc 1.97.0 (2d8144b78 2026-07-07)","x86_64-unknown-linux-gnu","Linux 7.0.11-76070011-generic x86_64","Intel(R) Core(TM) Ultra 7 155H","/dev/nvme0n1p3[/tmp] ext4   rw,nosuid,nodev,noatime,errors=remount-ro","/tmp/pigment-db-durability-bench","12-19","comparator","pre_feature_pigment_db","buffered","pre_feature_pigment_db","8","0","key_value","vector","minimal_callback","8","32","5","8","83968","100528779","835263.303059","19415","0"
"protocol-v5-20260807-220443","6d7edc7c29a60a94c59effeeb2b78d8b95038135","default-hasher:e33e9641d6e15aea","6d7edc7c29a60a94c59effeeb2b78d8b95038135","default-hasher:f20647ba796d9a0c","rustc 1.97.0 (2d8144b78 2026-07-07)","x86_64-unknown-linux-gnu","Linux 7.0.11-76070011-generic x86_64","Intel(R) Core(TM) Ultra 7 155H","/dev/nvme0n1p3[/tmp] ext4   rw,nosuid,nodev,noatime,errors=remount-ro","/tmp/pigment-db-durability-bench","12-19","candidate","candidate_pigment_db","buffered","pre_feature_pigment_db","8","1","key_value","vector","minimal_callback","8","32","5","8","69120","100232595","689596.034104","14963","0"
"protocol-v5-20260807-220443","6d7edc7c29a60a94c59effeeb2b78d8b95038135","default-hasher:e33e9641d6e15aea","6d7edc7c29a60a94c59effeeb2b78d8b95038135","default-hasher:f20647ba796d9a0c","rustc 1.97.0 (2d8144b78 2026-07-07)","x86_64-unknown-linux-gnu","Linux 7.0.11-76070011-generic x86_64","Intel(R) Core(TM) Ultra 7 155H","/dev/nvme0n1p3[/tmp] ext4   rw,nosuid,nodev,noatime,errors=remount-ro","/tmp/pigment-db-durability-bench","12-19","candidate","candidate_pigment_db","buffered","pre_feature_pigment_db","9","0","key_value","vector","minimal_callback","8","32","5","9","87040","100033489","870108.609328","21000","0"
"protocol-v5-20260807-220443","6d7edc7c29a60a94c59effeeb2b78d8b95038135","default-hasher:e33e9641d6e15aea","6d7edc7c29a60a94c59effeeb2b78d8b95038135","default-hasher:f20647ba796d9a0c","rustc 1.97.0 (2d8144b78 2026-07-07)","x86_64-unknown-linux-gnu","Linux 7.0.11-76070011-generic x86_64","Intel(R) Core(TM) Ultra 7 155H","/dev/nvme0n1p3[/tmp] ext4   rw,nosuid,nodev,noatime,errors=remount-ro","/tmp/pigment-db-durability-bench","12-19","comparator","pre_feature_pigment_db","buffered","pre_feature_pigment_db","9","1","key_value","vector","minimal_callback","8","32","5","9","86528","100278837","862873.988058","21011","0"
"protocol-v5-20260807-220443","6d7edc7c29a60a94c59effeeb2b78d8b95038135","default-hasher:e33e9641d6e15aea","6d7edc7c29a60a94c59effeeb2b78d8b95038135","default-hasher:f20647ba796d9a0c","rustc 1.97.0 (2d8144b78 2026-07-07)","x86_64-unknown-linux-gnu","Linux 7.0.11-76070011-generic x86_64","Intel(R) Core(TM) Ultra 7 155H","/dev/nvme0n1p3[/tmp] ext4   rw,nosuid,nodev,noatime,errors=remount-ro","/tmp/pigment-db-durability-bench","12-19","comparator","pre_feature_pigment_db","buffered","pre_feature_pigment_db","10","0","key_value","vector","minimal_callback","8","32","5","10","78336","100558299","779010.790546","22791","0"
"protocol-v5-20260807-220443","6d7edc7c29a60a94c59effeeb2b78d8b95038135","default-hasher:e33e9641d6e15aea","6d7edc7c29a60a94c59effeeb2b78d8b95038135","default-hasher:f20647ba796d9a0c","rustc 1.97.0 (2d8144b78 2026-07-07)","x86_64-unknown-linux-gnu","Linux 7.0.11-76070011-generic x86_64","Intel(R) Core(TM) Ultra 7 155H","/dev/nvme0n1p3[/tmp] ext4   rw,nosuid,nodev,noatime,errors=remount-ro","/tmp/pigment-db-durability-bench","12-19","candidate","candidate_pigment_db","buffered","pre_feature_pigment_db","10","1","key_value","vector","minimal_callback","8","32","5","10","84480","100469610","840851.278312","20510","0"
"protocol-v5-20260807-220443","6d7edc7c29a60a94c59effeeb2b78d8b95038135","default-hasher:e33e9641d6e15aea","6d7edc7c29a60a94c59effeeb2b78d8b95038135","default-hasher:f20647ba796d9a0c","rustc 1.97.0 (2d8144b78 2026-07-07)","x86_64-unknown-linux-gnu","Linux 7.0.11-76070011-generic x86_64","Intel(R) Core(TM) Ultra 7 155H","/dev/nvme0n1p3[/tmp] ext4   rw,nosuid,nodev,noatime,errors=remount-ro","/tmp/pigment-db-durability-bench","12-19","comparator","pre_feature_pigment_db","buffered","pre_feature_pigment_db","0","0","key_value","file","ordinary_write","1","32","5","0","40320","100107602","402766.615067","2708","0"
"protocol-v5-20260807-220443","6d7edc7c29a60a94c59effeeb2b78d8b95038135","default-hasher:e33e9641d6e15aea","6d7edc7c29a60a94c59effeeb2b78d8b95038135","default-hasher:f20647ba796d9a0c","rustc 1.97.0 (2d8144b78 2026-07-07)","x86_64-unknown-linux-gnu","Linux 7.0.11-76070011-generic x86_64","Intel(R) Core(TM) Ultra 7 155H","/dev/nvme0n1p3[/tmp] ext4   rw,nosuid,nodev,noatime,errors=remount-ro","/tmp/pigment-db-durability-bench","12-19","candidate","candidate_pigment_db","buffered","pre_feature_pigment_db","0","1","key_value","file","ordinary_write","1","32","5","0","40896","100068770","408678.951485","2561","0"
"protocol-v5-20260807-220443","6d7edc7c29a60a94c59effeeb2b78d8b95038135","default-hasher:e33e9641d6e15aea","6d7edc7c29a60a94c59effeeb2b78d8b95038135","default-hasher:f20647ba796d9a0c","rustc 1.97.0 (2d8144b78 2026-07-07)","x86_64-unknown-linux-gnu","Linux 7.0.11-76070011-generic x86_64","Intel(R) Core(TM) Ultra 7 155H","/dev/nvme0n1p3[/tmp] ext4   rw,nosuid,nodev,noatime,errors=remount-ro","/tmp/pigment-db-durability-bench","12-19","candidate","candidate_pigment_db","buffered","pre_feature_pigment_db","1","0","key_value","file","ordinary_write","1","32","5","1","40384","100071875","403549.948475","2719","0"
"protocol-v5-20260807-220443","6d7edc7c29a60a94c59effeeb2b78d8b95038135","default-hasher:e33e9641d6e15aea","6d7edc7c29a60a94c59effeeb2b78d8b95038135","default-hasher:f20647ba796d9a0c","rustc 1.97.0 (2d8144b78 2026-07-07)","x86_64-unknown-linux-gnu","Linux 7.0.11-76070011-generic x86_64","Intel(R) Core(TM) Ultra 7 155H","/dev/nvme0n1p3[/tmp] ext4   rw,nosuid,nodev,noatime,errors=remount-ro","/tmp/pigment-db-durability-bench","12-19","comparator","pre_feature_pigment_db","buffered","pre_feature_pigment_db","1","1","key_value","file","ordinary_write","1","32","5","1","40768","100114344","407214.374795","2653","0"
"protocol-v5-20260807-220443","6d7edc7c29a60a94c59effeeb2b78d8b95038135","default-hasher:e33e9641d6e15aea","6d7edc7c29a60a94c59effeeb2b78d8b95038135","default-hasher:f20647ba796d9a0c","rustc 1.97.0 (2d8144b78 2026-07-07)","x86_64-unknown-linux-gnu","Linux 7.0.11-76070011-generic x86_64","Intel(R) Core(TM) Ultra 7 155H","/dev/nvme0n1p3[/tmp] ext4   rw,nosuid,nodev,noatime,errors=remount-ro","/tmp/pigment-db-durability-bench","12-19","comparator","pre_feature_pigment_db","buffered","pre_feature_pigment_db","2","0","key_value","file","ordinary_write","1","32","5","2","39872","100050298","398519.552635","2672","0"
"protocol-v5-20260807-220443","6d7edc7c29a60a94c59effeeb2b78d8b95038135","default-hasher:e33e9641d6e15aea","6d7edc7c29a60a94c59effeeb2b78d8b95038135","default-hasher:f20647ba796d9a0c","rustc 1.97.0 (2d8144b78 2026-07-07)","x86_64-unknown-linux-gnu","Linux 7.0.11-76070011-generic x86_64","Intel(R) Core(TM) Ultra 7 155H","/dev/nvme0n1p3[/tmp] ext4   rw,nosuid,nodev,noatime,errors=remount-ro","/tmp/pigment-db-durability-bench","12-19","candidate","candidate_pigment_db","buffered","pre_feature_pigment_db","2","1","key_value","file","ordinary_write","1","32","5","2","40320","100114665","402738.200243","2622","0"
"protocol-v5-20260807-220443","6d7edc7c29a60a94c59effeeb2b78d8b95038135","default-hasher:e33e9641d6e15aea","6d7edc7c29a60a94c59effeeb2b78d8b95038135","default-hasher:f20647ba796d9a0c","rustc 1.97.0 (2d8144b78 2026-07-07)","x86_64-unknown-linux-gnu","Linux 7.0.11-76070011-generic x86_64","Intel(R) Core(TM) Ultra 7 155H","/dev/nvme0n1p3[/tmp] ext4   rw,nosuid,nodev,noatime,errors=remount-ro","/tmp/pigment-db-durability-bench","12-19","candidate","candidate_pigment_db","buffered","pre_feature_pigment_db","3","0","key_value","file","ordinary_write","1","32","5","3","39552","100104349","395107.709057","2714","0"
"protocol-v5-20260807-220443","6d7edc7c29a60a94c59effeeb2b78d8b95038135","default-hasher:e33e9641d6e15aea","6d7edc7c29a60a94c59effeeb2b78d8b95038135","default-hasher:f20647ba796d9a0c","rustc 1.97.0 (2d8144b78 2026-07-07)","x86_64-unknown-linux-gnu","Linux 7.0.11-76070011-generic x86_64","Intel(R) Core(TM) Ultra 7 155H","/dev/nvme0n1p3[/tmp] ext4   rw,nosuid,nodev,noatime,errors=remount-ro","/tmp/pigment-db-durability-bench","12-19","comparator","pre_feature_pigment_db","buffered","pre_feature_pigment_db","3","1","key_value","file","ordinary_write","1","32","5","3","39872","100143821","398147.380456","2743","0"
"protocol-v5-20260807-220443","6d7edc7c29a60a94c59effeeb2b78d8b95038135","default-hasher:e33e9641d6e15aea","6d7edc7c29a60a94c59effeeb2b78d8b95038135","default-hasher:f20647ba796d9a0c","rustc 1.97.0 (2d8144b78 2026-07-07)","x86_64-unknown-linux-gnu","Linux 7.0.11-76070011-generic x86_64","Intel(R) Core(TM) Ultra 7 155H","/dev/nvme0n1p3[/tmp] ext4   rw,nosuid,nodev,noatime,errors=remount-ro","/tmp/pigment-db-durability-bench","12-19","comparator","pre_feature_pigment_db","buffered","pre_feature_pigment_db","4","0","key_value","file","ordinary_write","1","32","5","4","40896","100142135","408379.549727","2715","0"
"protocol-v5-20260807-220443","6d7edc7c29a60a94c59effeeb2b78d8b95038135","default-hasher:e33e9641d6e15aea","6d7edc7c29a60a94c59effeeb2b78d8b95038135","default-hasher:f20647ba796d9a0c","rustc 1.97.0 (2d8144b78 2026-07-07)","x86_64-unknown-linux-gnu","Linux 7.0.11-76070011-generic x86_64","Intel(R) Core(TM) Ultra 7 155H","/dev/nvme0n1p3[/tmp] ext4   rw,nosuid,nodev,noatime,errors=remount-ro","/tmp/pigment-db-durability-bench","12-19","candidate","candidate_pigment_db","buffered","pre_feature_pigment_db","4","1","key_value","file","ordinary_write","1","32","5","4","40896","100075162","408652.848346","2556","0"
"protocol-v5-20260807-220443","6d7edc7c29a60a94c59effeeb2b78d8b95038135","default-hasher:e33e9641d6e15aea","6d7edc7c29a60a94c59effeeb2b78d8b95038135","default-hasher:f20647ba796d9a0c","rustc 1.97.0 (2d8144b78 2026-07-07)","x86_64-unknown-linux-gnu","Linux 7.0.11-76070011-generic x86_64","Intel(R) Core(TM) Ultra 7 155H","/dev/nvme0n1p3[/tmp] ext4   rw,nosuid,nodev,noatime,errors=remount-ro","/tmp/pigment-db-durability-bench","12-19","candidate","candidate_pigment_db","buffered","pre_feature_pigment_db","5","0","key_value","file","ordinary_write","1","32","5","5","40832","100061922","408067.316556","2610","0"
"protocol-v5-20260807-220443","6d7edc7c29a60a94c59effeeb2b78d8b95038135","default-hasher:e33e9641d6e15aea","6d7edc7c29a60a94c59effeeb2b78d8b95038135","default-hasher:f20647ba796d9a0c","rustc 1.97.0 (2d8144b78 2026-07-07)","x86_64-unknown-linux-gnu","Linux 7.0.11-76070011-generic x86_64","Intel(R) Core(TM) Ultra 7 155H","/dev/nvme0n1p3[/tmp] ext4   rw,nosuid,nodev,noatime,errors=remount-ro","/tmp/pigment-db-durability-bench","12-19","comparator","pre_feature_pigment_db","buffered","pre_feature_pigment_db","5","1","key_value","file","ordinary_write","1","32","5","5","40704","100014944","406979.181031","2550","0"
"protocol-v5-20260807-220443","6d7edc7c29a60a94c59effeeb2b78d8b95038135","default-hasher:e33e9641d6e15aea","6d7edc7c29a60a94c59effeeb2b78d8b95038135","default-hasher:f20647ba796d9a0c","rustc 1.97.0 (2d8144b78 2026-07-07)","x86_64-unknown-linux-gnu","Linux 7.0.11-76070011-generic x86_64","Intel(R) Core(TM) Ultra 7 155H","/dev/nvme0n1p3[/tmp] ext4   rw,nosuid,nodev,noatime,errors=remount-ro","/tmp/pigment-db-durability-bench","12-19","comparator","pre_feature_pigment_db","buffered","pre_feature_pigment_db","6","0","key_value","file","ordinary_write","1","32","5","6","40640","100077679","406084.557577","2731","0"
"protocol-v5-20260807-220443","6d7edc7c29a60a94c59effeeb2b78d8b95038135","default-hasher:e33e9641d6e15aea","6d7edc7c29a60a94c59effeeb2b78d8b95038135","default-hasher:f20647ba796d9a0c","rustc 1.97.0 (2d8144b78 2026-07-07)","x86_64-unknown-linux-gnu","Linux 7.0.11-76070011-generic x86_64","Intel(R) Core(TM) Ultra 7 155H","/dev/nvme0n1p3[/tmp] ext4   rw,nosuid,nodev,noatime,errors=remount-ro","/tmp/pigment-db-durability-bench","12-19","candidate","candidate_pigment_db","buffered","pre_feature_pigment_db","6","1","key_value","file","ordinary_write","1","32","5","6","41216","100112165","411698.218693","2528","0"
"protocol-v5-20260807-220443","6d7edc7c29a60a94c59effeeb2b78d8b95038135","default-hasher:e33e9641d6e15aea","6d7edc7c29a60a94c59effeeb2b78d8b95038135","default-hasher:f20647ba796d9a0c","rustc 1.97.0 (2d8144b78 2026-07-07)","x86_64-unknown-linux-gnu","Linux 7.0.11-76070011-generic x86_64","Intel(R) Core(TM) Ultra 7 155H","/dev/nvme0n1p3[/tmp] ext4   rw,nosuid,nodev,noatime,errors=remount-ro","/tmp/pigment-db-durability-bench","12-19","candidate","candidate_pigment_db","buffered","pre_feature_pigment_db","7","0","key_value","file","ordinary_write","1","32","5","7","40704","100081591","406708.162743","2574","0"
"protocol-v5-20260807-220443","6d7edc7c29a60a94c59effeeb2b78d8b95038135","default-hasher:e33e9641d6e15aea","6d7edc7c29a60a94c59effeeb2b78d8b95038135","default-hasher:f20647ba796d9a0c","rustc 1.97.0 (2d8144b78 2026-07-07)","x86_64-unknown-linux-gnu","Linux 7.0.11-76070011-generic x86_64","Intel(R) Core(TM) Ultra 7 155H","/dev/nvme0n1p3[/tmp] ext4   rw,nosuid,nodev,noatime,errors=remount-ro","/tmp/pigment-db-durability-bench","12-19","comparator","pre_feature_pigment_db","buffered","pre_feature_pigment_db","7","1","key_value","file","ordinary_write","1","32","5","7","39936","100117902","398889.701065","2663","0"
"protocol-v5-20260807-220443","6d7edc7c29a60a94c59effeeb2b78d8b95038135","default-hasher:e33e9641d6e15aea","6d7edc7c29a60a94c59effeeb2b78d8b95038135","default-hasher:f20647ba796d9a0c","rustc 1.97.0 (2d8144b78 2026-07-07)","x86_64-unknown-linux-gnu","Linux 7.0.11-76070011-generic x86_64","Intel(R) Core(TM) Ultra 7 155H","/dev/nvme0n1p3[/tmp] ext4   rw,nosuid,nodev,noatime,errors=remount-ro","/tmp/pigment-db-durability-bench","12-19","comparator","pre_feature_pigment_db","buffered","pre_feature_pigment_db","8","0","key_value","file","ordinary_write","1","32","5","8","40192","100166258","401252.884978","2803","0"
"protocol-v5-20260807-220443","6d7edc7c29a60a94c59effeeb2b78d8b95038135","default-hasher:e33e9641d6e15aea","6d7edc7c29a60a94c59effeeb2b78d8b95038135","default-hasher:f20647ba796d9a0c","rustc 1.97.0 (2d8144b78 2026-07-07)","x86_64-unknown-linux-gnu","Linux 7.0.11-76070011-generic x86_64","Intel(R) Core(TM) Ultra 7 155H","/dev/nvme0n1p3[/tmp] ext4   rw,nosuid,nodev,noatime,errors=remount-ro","/tmp/pigment-db-durability-bench","12-19","candidate","candidate_pigment_db","buffered","pre_feature_pigment_db","8","1","key_value","file","ordinary_write","1","32","5","8","41344","100005120","413418.832956","2567","0"
"protocol-v5-20260807-220443","6d7edc7c29a60a94c59effeeb2b78d8b95038135","default-hasher:e33e9641d6e15aea","6d7edc7c29a60a94c59effeeb2b78d8b95038135","default-hasher:f20647ba796d9a0c","rustc 1.97.0 (2d8144b78 2026-07-07)","x86_64-unknown-linux-gnu","Linux 7.0.11-76070011-generic x86_64","Intel(R) Core(TM) Ultra 7 155H","/dev/nvme0n1p3[/tmp] ext4   rw,nosuid,nodev,noatime,errors=remount-ro","/tmp/pigment-db-durability-bench","12-19","candidate","candidate_pigment_db","buffered","pre_feature_pigment_db","9","0","key_value","file","ordinary_write","1","32","5","9","40896","100097806","408560.403412","2553","0"
"protocol-v5-20260807-220443","6d7edc7c29a60a94c59effeeb2b78d8b95038135","default-hasher:e33e9641d6e15aea","6d7edc7c29a60a94c59effeeb2b78d8b95038135","default-hasher:f20647ba796d9a0c","rustc 1.97.0 (2d8144b78 2026-07-07)","x86_64-unknown-linux-gnu","Linux 7.0.11-76070011-generic x86_64","Intel(R) Core(TM) Ultra 7 155H","/dev/nvme0n1p3[/tmp] ext4   rw,nosuid,nodev,noatime,errors=remount-ro","/tmp/pigment-db-durability-bench","12-19","comparator","pre_feature_pigment_db","buffered","pre_feature_pigment_db","9","1","key_value","file","ordinary_write","1","32","5","9","41280","100090152","412428.187740","2552","0"
"protocol-v5-20260807-220443","6d7edc7c29a60a94c59effeeb2b78d8b95038135","default-hasher:e33e9641d6e15aea","6d7edc7c29a60a94c59effeeb2b78d8b95038135","default-hasher:f20647ba796d9a0c","rustc 1.97.0 (2d8144b78 2026-07-07)","x86_64-unknown-linux-gnu","Linux 7.0.11-76070011-generic x86_64","Intel(R) Core(TM) Ultra 7 155H","/dev/nvme0n1p3[/tmp] ext4   rw,nosuid,nodev,noatime,errors=remount-ro","/tmp/pigment-db-durability-bench","12-19","comparator","pre_feature_pigment_db","buffered","pre_feature_pigment_db","10","0","key_value","file","ordinary_write","1","32","5","10","40896","100088834","408597.026917","2549","0"
"protocol-v5-20260807-220443","6d7edc7c29a60a94c59effeeb2b78d8b95038135","default-hasher:e33e9641d6e15aea","6d7edc7c29a60a94c59effeeb2b78d8b95038135","default-hasher:f20647ba796d9a0c","rustc 1.97.0 (2d8144b78 2026-07-07)","x86_64-unknown-linux-gnu","Linux 7.0.11-76070011-generic x86_64","Intel(R) Core(TM) Ultra 7 155H","/dev/nvme0n1p3[/tmp] ext4   rw,nosuid,nodev,noatime,errors=remount-ro","/tmp/pigment-db-durability-bench","12-19","candidate","candidate_pigment_db","buffered","pre_feature_pigment_db","10","1","key_value","file","ordinary_write","1","32","5","10","40832","100188308","407552.545952","2608","0"
"protocol-v5-20260807-220443","6d7edc7c29a60a94c59effeeb2b78d8b95038135","default-hasher:e33e9641d6e15aea","6d7edc7c29a60a94c59effeeb2b78d8b95038135","default-hasher:f20647ba796d9a0c","rustc 1.97.0 (2d8144b78 2026-07-07)","x86_64-unknown-linux-gnu","Linux 7.0.11-76070011-generic x86_64","Intel(R) Core(TM) Ultra 7 155H","/dev/nvme0n1p3[/tmp] ext4   rw,nosuid,nodev,noatime,errors=remount-ro","/tmp/pigment-db-durability-bench","12-19","comparator","pre_feature_pigment_db","buffered","pre_feature_pigment_db","0","0","key_value","file","ordinary_write","8","32","5","0","20480","100179417","204433.212064","116811","0"
"protocol-v5-20260807-220443","6d7edc7c29a60a94c59effeeb2b78d8b95038135","default-hasher:e33e9641d6e15aea","6d7edc7c29a60a94c59effeeb2b78d8b95038135","default-hasher:f20647ba796d9a0c","rustc 1.97.0 (2d8144b78 2026-07-07)","x86_64-unknown-linux-gnu","Linux 7.0.11-76070011-generic x86_64","Intel(R) Core(TM) Ultra 7 155H","/dev/nvme0n1p3[/tmp] ext4   rw,nosuid,nodev,noatime,errors=remount-ro","/tmp/pigment-db-durability-bench","12-19","candidate","candidate_pigment_db","buffered","pre_feature_pigment_db","0","1","key_value","file","ordinary_write","8","32","5","0","20480","100532997","203714.209375","120839","0"
"protocol-v5-20260807-220443","6d7edc7c29a60a94c59effeeb2b78d8b95038135","default-hasher:e33e9641d6e15aea","6d7edc7c29a60a94c59effeeb2b78d8b95038135","default-hasher:f20647ba796d9a0c","rustc 1.97.0 (2d8144b78 2026-07-07)","x86_64-unknown-linux-gnu","Linux 7.0.11-76070011-generic x86_64","Intel(R) Core(TM) Ultra 7 155H","/dev/nvme0n1p3[/tmp] ext4   rw,nosuid,nodev,noatime,errors=remount-ro","/tmp/pigment-db-durability-bench","12-19","candidate","candidate_pigment_db","buffered","pre_feature_pigment_db","1","0","key_value","file","ordinary_write","8","32","5","1","13312","100320991","132694.063997","120367","0"
"protocol-v5-20260807-220443","6d7edc7c29a60a94c59effeeb2b78d8b95038135","default-hasher:e33e9641d6e15aea","6d7edc7c29a60a94c59effeeb2b78d8b95038135","default-hasher:f20647ba796d9a0c","rustc 1.97.0 (2d8144b78 2026-07-07)","x86_64-unknown-linux-gnu","Linux 7.0.11-76070011-generic x86_64","Intel(R) Core(TM) Ultra 7 155H","/dev/nvme0n1p3[/tmp] ext4   rw,nosuid,nodev,noatime,errors=remount-ro","/tmp/pigment-db-durability-bench","12-19","comparator","pre_feature_pigment_db","buffered","pre_feature_pigment_db","1","1","key_value","file","ordinary_write","8","32","5","1","20480","100626295","203525.331028","116741","0"
"protocol-v5-20260807-220443","6d7edc7c29a60a94c59effeeb2b78d8b95038135","default-hasher:e33e9641d6e15aea","6d7edc7c29a60a94c59effeeb2b78d8b95038135","default-hasher:f20647ba796d9a0c","rustc 1.97.0 (2d8144b78 2026-07-07)","x86_64-unknown-linux-gnu","Linux 7.0.11-76070011-generic x86_64","Intel(R) Core(TM) Ultra 7 155H","/dev/nvme0n1p3[/tmp] ext4   rw,nosuid,nodev,noatime,errors=remount-ro","/tmp/pigment-db-durability-bench","12-19","comparator","pre_feature_pigment_db","buffered","pre_feature_pigment_db","2","0","key_value","file","ordinary_write","8","32","5","2","19456","101143587","192360.193830","104969","0"
"protocol-v5-20260807-220443","6d7edc7c29a60a94c59effeeb2b78d8b95038135","default-hasher:e33e9641d6e15aea","6d7edc7c29a60a94c59effeeb2b78d8b95038135","default-hasher:f20647ba796d9a0c","rustc 1.97.0 (2d8144b78 2026-07-07)","x86_64-unknown-linux-gnu","Linux 7.0.11-76070011-generic x86_64","Intel(R) Core(TM) Ultra 7 155H","/dev/nvme0n1p3[/tmp] ext4   rw,nosuid,nodev,noatime,errors=remount-ro","/tmp/pigment-db-durability-bench","12-19","candidate","candidate_pigment_db","buffered","pre_feature_pigment_db","2","1","key_value","file","ordinary_write","8","32","5","2","18944","102425552","184953.848235","96333","0"
"protocol-v5-20260807-220443","6d7edc7c29a60a94c59effeeb2b78d8b95038135","default-hasher:e33e9641d6e15aea","6d7edc7c29a60a94c59effeeb2b78d8b95038135","default-hasher:f20647ba796d9a0c","rustc 1.97.0 (2d8144b78 2026-07-07)","x86_64-unknown-linux-gnu","Linux 7.0.11-76070011-generic x86_64","Intel(R) Core(TM) Ultra 7 155H","/dev/nvme0n1p3[/tmp] ext4   rw,nosuid,nodev,noatime,errors=remount-ro","/tmp/pigment-db-durability-bench","12-19","candidate","candidate_pigment_db","buffered","pre_feature_pigment_db","3","0","key_value","file","ordinary_write","8","32","5","3","18432","100182819","183983.642944","105533","0"
"protocol-v5-20260807-220443","6d7edc7c29a60a94c59effeeb2b78d8b95038135","default-hasher:e33e9641d6e15aea","6d7edc7c29a60a94c59effeeb2b78d8b95038135","default-hasher:f20647ba796d9a0c","rustc 1.97.0 (2d8144b78 2026-07-07)","x86_64-unknown-linux-gnu","Linux 7.0.11-76070011-generic x86_64","Intel(R) Core(TM) Ultra 7 155H","/dev/nvme0n1p3[/tmp] ext4   rw,nosuid,nodev,noatime,errors=remount-ro","/tmp/pigment-db-durability-bench","12-19","comparator","pre_feature_pigment_db","buffered","pre_feature_pigment_db","3","1","key_value","file","ordinary_write","8","32","5","3","20992","102291243","205217.957905","114273","0"
"protocol-v5-20260807-220443","6d7edc7c29a60a94c59effeeb2b78d8b95038135","default-hasher:e33e9641d6e15aea","6d7edc7c29a60a94c59effeeb2b78d8b95038135","default-hasher:f20647ba796d9a0c","rustc 1.97.0 (2d8144b78 2026-07-07)","x86_64-unknown-linux-gnu","Linux 7.0.11-76070011-generic x86_64","Intel(R) Core(TM) Ultra 7 155H","/dev/nvme0n1p3[/tmp] ext4   rw,nosuid,nodev,noatime,errors=remount-ro","/tmp/pigment-db-durability-bench","12-19","comparator","pre_feature_pigment_db","buffered","pre_feature_pigment_db","4","0","key_value","file","ordinary_write","8","32","5","4","19456","101178879","192293.097060","121370","0"
"protocol-v5-20260807-220443","6d7edc7c29a60a94c59effeeb2b78d8b95038135","default-hasher:e33e9641d6e15aea","6d7edc7c29a60a94c59effeeb2b78d8b95038135","default-hasher:f20647ba796d9a0c","rustc 1.97.0 (2d8144b78 2026-07-07)","x86_64-unknown-linux-gnu","Linux 7.0.11-76070011-generic x86_64","Intel(R) Core(TM) Ultra 7 155H","/dev/nvme0n1p3[/tmp] ext4   rw,nosuid,nodev,noatime,errors=remount-ro","/tmp/pigment-db-durability-bench","12-19","candidate","candidate_pigment_db","buffered","pre_feature_pigment_db","4","1","key_value","file","ordinary_write","8","32","5","4","21504","102381283","210038.391490","105953","0"
"protocol-v5-20260807-220443","6d7edc7c29a60a94c59effeeb2b78d8b95038135","default-hasher:e33e9641d6e15aea","6d7edc7c29a60a94c59effeeb2b78d8b95038135","default-hasher:f20647ba796d9a0c","rustc 1.97.0 (2d8144b78 2026-07-07)","x86_64-unknown-linux-gnu","Linux 7.0.11-76070011-generic x86_64","Intel(R) Core(TM) Ultra 7 155H","/dev/nvme0n1p3[/tmp] ext4   rw,nosuid,nodev,noatime,errors=remount-ro","/tmp/pigment-db-durability-bench","12-19","candidate","candidate_pigment_db","buffered","pre_feature_pigment_db","5","0","key_value","file","ordinary_write","8","32","5","5","19968","101154502","197401.001490","104800","0"
"protocol-v5-20260807-220443","6d7edc7c29a60a94c59effeeb2b78d8b95038135","default-hasher:e33e9641d6e15aea","6d7edc7c29a60a94c59effeeb2b78d8b95038135","default-hasher:f20647ba796d9a0c","rustc 1.97.0 (2d8144b78 2026-07-07)","x86_64-unknown-linux-gnu","Linux 7.0.11-76070011-generic x86_64","Intel(R) Core(TM) Ultra 7 155H","/dev/nvme0n1p3[/tmp] ext4   rw,nosuid,nodev,noatime,errors=remount-ro","/tmp/pigment-db-durability-bench","12-19","comparator","pre_feature_pigment_db","buffered","pre_feature_pigment_db","5","1","key_value","file","ordinary_write","8","32","5","5","16896","102083189","165512.070748","107801","0"
"protocol-v5-20260807-220443","6d7edc7c29a60a94c59effeeb2b78d8b95038135","default-hasher:e33e9641d6e15aea","6d7edc7c29a60a94c59effeeb2b78d8b95038135","default-hasher:f20647ba796d9a0c","rustc 1.97.0 (2d8144b78 2026-07-07)","x86_64-unknown-linux-gnu","Linux 7.0.11-76070011-generic x86_64","Intel(R) Core(TM) Ultra 7 155H","/dev/nvme0n1p3[/tmp] ext4   rw,nosuid,nodev,noatime,errors=remount-ro","/tmp/pigment-db-durability-bench","12-19","comparator","pre_feature_pigment_db","buffered","pre_feature_pigment_db","6","0","key_value","file","ordinary_write","8","32","5","6","20480","100053264","204690.973400","114364","0"
"protocol-v5-20260807-220443","6d7edc7c29a60a94c59effeeb2b78d8b95038135","default-hasher:e33e9641d6e15aea","6d7edc7c29a60a94c59effeeb2b78d8b95038135","default-hasher:f20647ba796d9a0c","rustc 1.97.0 (2d8144b78 2026-07-07)","x86_64-unknown-linux-gnu","Linux 7.0.11-76070011-generic x86_64","Intel(R) Core(TM) Ultra 7 155H","/dev/nvme0n1p3[/tmp] ext4   rw,nosuid,nodev,noatime,errors=remount-ro","/tmp/pigment-db-durability-bench","12-19","candidate","candidate_pigment_db","buffered","pre_feature_pigment_db","6","1","key_value","file","ordinary_write","8","32","5","6","20992","101063331","207711.340921","112646","0"
"protocol-v5-20260807-220443","6d7edc7c29a60a94c59effeeb2b78d8b95038135","default-hasher:e33e9641d6e15aea","6d7edc7c29a60a94c59effeeb2b78d8b95038135","default-hasher:f20647ba796d9a0c","rustc 1.97.0 (2d8144b78 2026-07-07)","x86_64-unknown-linux-gnu","Linux 7.0.11-76070011-generic x86_64","Intel(R) Core(TM) Ultra 7 155H","/dev/nvme0n1p3[/tmp] ext4   rw,nosuid,nodev,noatime,errors=remount-ro","/tmp/pigment-db-durability-bench","12-19","candidate","candidate_pigment_db","buffered","pre_feature_pigment_db","7","0","key_value","file","ordinary_write","8","32","5","7","19968","101273686","197168.689999","103652","0"
"protocol-v5-20260807-220443","6d7edc7c29a60a94c59effeeb2b78d8b95038135","default-hasher:e33e9641d6e15aea","6d7edc7c29a60a94c59effeeb2b78d8b95038135","default-hasher:f20647ba796d9a0c","rustc 1.97.0 (2d8144b78 2026-07-07)","x86_64-unknown-linux-gnu","Linux 7.0.11-76070011-generic x86_64","Intel(R) Core(TM) Ultra 7 155H","/dev/nvme0n1p3[/tmp] ext4   rw,nosuid,nodev,noatime,errors=remount-ro","/tmp/pigment-db-durability-bench","12-19","comparator","pre_feature_pigment_db","buffered","pre_feature_pigment_db","7","1","key_value","file","ordinary_write","8","32","5","7","19968","100400076","198884.311602","114337","0"
"protocol-v5-20260807-220443","6d7edc7c29a60a94c59effeeb2b78d8b95038135","default-hasher:e33e9641d6e15aea","6d7edc7c29a60a94c59effeeb2b78d8b95038135","default-hasher:f20647ba796d9a0c","rustc 1.97.0 (2d8144b78 2026-07-07)","x86_64-unknown-linux-gnu","Linux 7.0.11-76070011-generic x86_64","Intel(R) Core(TM) Ultra 7 155H","/dev/nvme0n1p3[/tmp] ext4   rw,nosuid,nodev,noatime,errors=remount-ro","/tmp/pigment-db-durability-bench","12-19","comparator","pre_feature_pigment_db","buffered","pre_feature_pigment_db","8","0","key_value","file","ordinary_write","8","32","5","8","20480","102005724","200773.046815","116644","0"
"protocol-v5-20260807-220443","6d7edc7c29a60a94c59effeeb2b78d8b95038135","default-hasher:e33e9641d6e15aea","6d7edc7c29a60a94c59effeeb2b78d8b95038135","default-hasher:f20647ba796d9a0c","rustc 1.97.0 (2d8144b78 2026-07-07)","x86_64-unknown-linux-gnu","Linux 7.0.11-76070011-generic x86_64","Intel(R) Core(TM) Ultra 7 155H","/dev/nvme0n1p3[/tmp] ext4   rw,nosuid,nodev,noatime,errors=remount-ro","/tmp/pigment-db-durability-bench","12-19","candidate","candidate_pigment_db","buffered","pre_feature_pigment_db","8","1","key_value","file","ordinary_write","8","32","5","8","20480","101236672","202298.234379","106267","0"
"protocol-v5-20260807-220443","6d7edc7c29a60a94c59effeeb2b78d8b95038135","default-hasher:e33e9641d6e15aea","6d7edc7c29a60a94c59effeeb2b78d8b95038135","default-hasher:f20647ba796d9a0c","rustc 1.97.0 (2d8144b78 2026-07-07)","x86_64-unknown-linux-gnu","Linux 7.0.11-76070011-generic x86_64","Intel(R) Core(TM) Ultra 7 155H","/dev/nvme0n1p3[/tmp] ext4   rw,nosuid,nodev,noatime,errors=remount-ro","/tmp/pigment-db-durability-bench","12-19","candidate","candidate_pigment_db","buffered","pre_feature_pigment_db","9","0","key_value","file","ordinary_write","8","32","5","9","19968","102339702","195114.892947","123649","0"
"protocol-v5-20260807-220443","6d7edc7c29a60a94c59effeeb2b78d8b95038135","default-hasher:e33e9641d6e15aea","6d7edc7c29a60a94c59effeeb2b78d8b95038135","default-hasher:f20647ba796d9a0c","rustc 1.97.0 (2d8144b78 2026-07-07)","x86_64-unknown-linux-gnu","Linux 7.0.11-76070011-generic x86_64","Intel(R) Core(TM) Ultra 7 155H","/dev/nvme0n1p3[/tmp] ext4   rw,nosuid,nodev,noatime,errors=remount-ro","/tmp/pigment-db-durability-bench","12-19","comparator","pre_feature_pigment_db","buffered","pre_feature_pigment_db","9","1","key_value","file","ordinary_write","8","32","5","9","18944","100897387","187755.110051","99090","0"
"protocol-v5-20260807-220443","6d7edc7c29a60a94c59effeeb2b78d8b95038135","default-hasher:e33e9641d6e15aea","6d7edc7c29a60a94c59effeeb2b78d8b95038135","default-hasher:f20647ba796d9a0c","rustc 1.97.0 (2d8144b78 2026-07-07)","x86_64-unknown-linux-gnu","Linux 7.0.11-76070011-generic x86_64","Intel(R) Core(TM) Ultra 7 155H","/dev/nvme0n1p3[/tmp] ext4   rw,nosuid,nodev,noatime,errors=remount-ro","/tmp/pigment-db-durability-bench","12-19","comparator","pre_feature_pigment_db","buffered","pre_feature_pigment_db","10","0","key_value","file","ordinary_write","8","32","5","10","20480","101090641","202590.465323","117165","0"
"protocol-v5-20260807-220443","6d7edc7c29a60a94c59effeeb2b78d8b95038135","default-hasher:e33e9641d6e15aea","6d7edc7c29a60a94c59effeeb2b78d8b95038135","default-hasher:f20647ba796d9a0c","rustc 1.97.0 (2d8144b78 2026-07-07)","x86_64-unknown-linux-gnu","Linux 7.0.11-76070011-generic x86_64","Intel(R) Core(TM) Ultra 7 155H","/dev/nvme0n1p3[/tmp] ext4   rw,nosuid,nodev,noatime,errors=remount-ro","/tmp/pigment-db-durability-bench","12-19","candidate","candidate_pigment_db","buffered","pre_feature_pigment_db","10","1","key_value","file","ordinary_write","8","32","5","10","20992","100801802","208250.245368","103316","0"
"protocol-v5-20260807-220443","6d7edc7c29a60a94c59effeeb2b78d8b95038135","default-hasher:e33e9641d6e15aea","6d7edc7c29a60a94c59effeeb2b78d8b95038135","default-hasher:f20647ba796d9a0c","rustc 1.97.0 (2d8144b78 2026-07-07)","x86_64-unknown-linux-gnu","Linux 7.0.11-76070011-generic x86_64","Intel(R) Core(TM) Ultra 7 155H","/dev/nvme0n1p3[/tmp] ext4   rw,nosuid,nodev,noatime,errors=remount-ro","/tmp/pigment-db-durability-bench","12-19","comparator","pre_feature_pigment_db","buffered","pre_feature_pigment_db","0","0","key_value","file","successful_remove","1","32","5","0","45760","100084497","457213.668167","2200","0"
"protocol-v5-20260807-220443","6d7edc7c29a60a94c59effeeb2b78d8b95038135","default-hasher:e33e9641d6e15aea","6d7edc7c29a60a94c59effeeb2b78d8b95038135","default-hasher:f20647ba796d9a0c","rustc 1.97.0 (2d8144b78 2026-07-07)","x86_64-unknown-linux-gnu","Linux 7.0.11-76070011-generic x86_64","Intel(R) Core(TM) Ultra 7 155H","/dev/nvme0n1p3[/tmp] ext4   rw,nosuid,nodev,noatime,errors=remount-ro","/tmp/pigment-db-durability-bench","12-19","candidate","candidate_pigment_db","buffered","pre_feature_pigment_db","0","1","key_value","file","successful_remove","1","32","5","0","45696","100107048","456471.356542","2251","0"
"protocol-v5-20260807-220443","6d7edc7c29a60a94c59effeeb2b78d8b95038135","default-hasher:e33e9641d6e15aea","6d7edc7c29a60a94c59effeeb2b78d8b95038135","default-hasher:f20647ba796d9a0c","rustc 1.97.0 (2d8144b78 2026-07-07)","x86_64-unknown-linux-gnu","Linux 7.0.11-76070011-generic x86_64","Intel(R) Core(TM) Ultra 7 155H","/dev/nvme0n1p3[/tmp] ext4   rw,nosuid,nodev,noatime,errors=remount-ro","/tmp/pigment-db-durability-bench","12-19","candidate","candidate_pigment_db","buffered","pre_feature_pigment_db","1","0","key_value","file","successful_remove","1","32","5","1","45760","100138631","456966.502768","2218","0"
"protocol-v5-20260807-220443","6d7edc7c29a60a94c59effeeb2b78d8b95038135","default-hasher:e33e9641d6e15aea","6d7edc7c29a60a94c59effeeb2b78d8b95038135","default-hasher:f20647ba796d9a0c","rustc 1.97.0 (2d8144b78 2026-07-07)","x86_64-unknown-linux-gnu","Linux 7.0.11-76070011-generic x86_64","Intel(R) Core(TM) Ultra 7 155H","/dev/nvme0n1p3[/tmp] ext4   rw,nosuid,nodev,noatime,errors=remount-ro","/tmp/pigment-db-durability-bench","12-19","comparator","pre_feature_pigment_db","buffered","pre_feature_pigment_db","1","1","key_value","file","successful_remove","1","32","5","1","46400","100014800","463931.338162","2188","0"
"protocol-v5-20260807-220443","6d7edc7c29a60a94c59effeeb2b78d8b95038135","default-hasher:e33e9641d6e15aea","6d7edc7c29a60a94c59effeeb2b78d8b95038135","default-hasher:f20647ba796d9a0c","rustc 1.97.0 (2d8144b78 2026-07-07)","x86_64-unknown-linux-gnu","Linux 7.0.11-76070011-generic x86_64","Intel(R) Core(TM) Ultra 7 155H","/dev/nvme0n1p3[/tmp] ext4   rw,nosuid,nodev,noatime,errors=remount-ro","/tmp/pigment-db-durability-bench","12-19","comparator","pre_feature_pigment_db","buffered","pre_feature_pigment_db","2","0","key_value","file","successful_remove","1","32","5","2","46336","100050886","463124.334551","2178","0"
"protocol-v5-20260807-220443","6d7edc7c29a60a94c59effeeb2b78d8b95038135","default-hasher:e33e9641d6e15aea","6d7edc7c29a60a94c59effeeb2b78d8b95038135","default-hasher:f20647ba796d9a0c","rustc 1.97.0 (2d8144b78 2026-07-07)","x86_64-unknown-linux-gnu","Linux 7.0.11-76070011-generic x86_64","Intel(R) Core(TM) Ultra 7 155H","/dev/nvme0n1p3[/tmp] ext4   rw,nosuid,nodev,noatime,errors=remount-ro","/tmp/pigment-db-durability-bench","12-19","candidate","candidate_pigment_db","buffered","pre_feature_pigment_db","2","1","key_value","file","successful_remove","1","32","5","2","45696","100100284","456502.201332","2224","0"
"protocol-v5-20260807-220443","6d7edc7c29a60a94c59effeeb2b78d8b95038135","default-hasher:e33e9641d6e15aea","6d7edc7c29a60a94c59effeeb2b78d8b95038135","default-hasher:f20647ba796d9a0c","rustc 1.97.0 (2d8144b78 2026-07-07)","x86_64-unknown-linux-gnu","Linux 7.0.11-76070011-generic x86_64","Intel(R) Core(TM) Ultra 7 155H","/dev/nvme0n1p3[/tmp] ext4   rw,nosuid,nodev,noatime,errors=remount-ro","/tmp/pigment-db-durability-bench","12-19","candidate","candidate_pigment_db","buffered","pre_feature_pigment_db","3","0","key_value","file","successful_remove","1","32","5","3","46272","100084004","462331.622943","2231","0"
"protocol-v5-20260807-220443","6d7edc7c29a60a94c59effeeb2b78d8b95038135","default-hasher:e33e9641d6e15aea","6d7edc7c29a60a94c59effeeb2b78d8b95038135","default-hasher:f20647ba796d9a0c","rustc 1.97.0 (2d8144b78 2026-07-07)","x86_64-unknown-linux-gnu","Linux 7.0.11-76070011-generic x86_64","Intel(R) Core(TM) Ultra 7 155H","/dev/nvme0n1p3[/tmp] ext4   rw,nosuid,nodev,noatime,errors=remount-ro","/tmp/pigment-db-durability-bench","12-19","comparator","pre_feature_pigment_db","buffered","pre_feature_pigment_db","3","1","key_value","file","successful_remove","1","32","5","3","46656","100128231","465962.491637","2166","0"
"protocol-v5-20260807-220443","6d7edc7c29a60a94c59effeeb2b78d8b95038135","default-hasher:e33e9641d6e15aea","6d7edc7c29a60a94c59effeeb2b78d8b95038135","default-hasher:f20647ba796d9a0c","rustc 1.97.0 (2d8144b78 2026-07-07)","x86_64-unknown-linux-gnu","Linux 7.0.11-76070011-generic x86_64","Intel(R) Core(TM) Ultra 7 155H","/dev/nvme0n1p3[/tmp] ext4   rw,nosuid,nodev,noatime,errors=remount-ro","/tmp/pigment-db-durability-bench","12-19","comparator","pre_feature_pigment_db","buffered","pre_feature_pigment_db","4","0","key_value","file","successful_remove","1","32","5","4","46400","100034968","463837.805196","2167","0"
"protocol-v5-20260807-220443","6d7edc7c29a60a94c59effeeb2b78d8b95038135","default-hasher:e33e9641d6e15aea","6d7edc7c29a60a94c59effeeb2b78d8b95038135","default-hasher:f20647ba796d9a0c","rustc 1.97.0 (2d8144b78 2026-07-07)","x86_64-unknown-linux-gnu","Linux 7.0.11-76070011-generic x86_64","Intel(R) Core(TM) Ultra 7 155H","/dev/nvme0n1p3[/tmp] ext4   rw,nosuid,nodev,noatime,errors=remount-ro","/tmp/pigment-db-durability-bench","12-19","candidate","candidate_pigment_db","buffered","pre_feature_pigment_db","4","1","key_value","file","successful_remove","1","32","5","4","45504","100053661","454795.951944","2266","0"
"protocol-v5-20260807-220443","6d7edc7c29a60a94c59effeeb2b78d8b95038135","default-hasher:e33e9641d6e15aea","6d7edc7c29a60a94c59effeeb2b78d8b95038135","default-hasher:f20647ba796d9a0c","rustc 1.97.0 (2d8144b78 2026-07-07)","x86_64-unknown-linux-gnu","Linux 7.0.11-76070011-generic x86_64","Intel(R) Core(TM) Ultra 7 155H","/dev/nvme0n1p3[/tmp] ext4   rw,nosuid,nodev,noatime,errors=remount-ro","/tmp/pigment-db-durability-bench","12-19","candidate","candidate_pigment_db","buffered","pre_feature_pigment_db","5","0","key_value","file","successful_remove","1","32","5","5","44736","100036909","447194.944818","2351","0"
"protocol-v5-20260807-220443","6d7edc7c29a60a94c59effeeb2b78d8b95038135","default-hasher:e33e9641d6e15aea","6d7edc7c29a60a94c59effeeb2b78d8b95038135","default-hasher:f20647ba796d9a0c","rustc 1.97.0 (2d8144b78 2026-07-07)","x86_64-unknown-linux-gnu","Linux 7.0.11-76070011-generic x86_64","Intel(R) Core(TM) Ultra 7 155H","/dev/nvme0n1p3[/tmp] ext4   rw,nosuid,nodev,noatime,errors=remount-ro","/tmp/pigment-db-durability-bench","12-19","comparator","pre_feature_pigment_db","buffered","pre_feature_pigment_db","5","1","key_value","file","successful_remove","1","32","5","5","45888","100006245","458851.344734","2175","0"
"protocol-v5-20260807-220443","6d7edc7c29a60a94c59effeeb2b78d8b95038135","default-hasher:e33e9641d6e15aea","6d7edc7c29a60a94c59effeeb2b78d8b95038135","default-hasher:f20647ba796d9a0c","rustc 1.97.0 (2d8144b78 2026-07-07)","x86_64-unknown-linux-gnu","Linux 7.0.11-76070011-generic x86_64","Intel(R) Core(TM) Ultra 7 155H","/dev/nvme0n1p3[/tmp] ext4   rw,nosuid,nodev,noatime,errors=remount-ro","/tmp/pigment-db-durability-bench","12-19","comparator","pre_feature_pigment_db","buffered","pre_feature_pigment_db","6","0","key_value","file","successful_remove","1","32","5","6","45888","100029492","458744.707011","2201","0"
"protocol-v5-20260807-220443","6d7edc7c29a60a94c59effeeb2b78d8b95038135","default-hasher:e33e9641d6e15aea","6d7edc7c29a60a94c59effeeb2b78d8b95038135","default-hasher:f20647ba796d9a0c","rustc 1.97.0 (2d8144b78 2026-07-07)","x86_64-unknown-linux-gnu","Linux 7.0.11-76070011-generic x86_64","Intel(R) Core(TM) Ultra 7 155H","/dev/nvme0n1p3[/tmp] ext4   rw,nosuid,nodev,noatime,errors=remount-ro","/tmp/pigment-db-durability-bench","12-19","candidate","candidate_pigment_db","buffered","pre_feature_pigment_db","6","1","key_value","file","successful_remove","1","32","5","6","46464","100105659","464149.584191","2196","0"
"protocol-v5-20260807-220443","6d7edc7c29a60a94c59effeeb2b78d8b95038135","default-hasher:e33e9641d6e15aea","6d7edc7c29a60a94c59effeeb2b78d8b95038135","default-hasher:f20647ba796d9a0c","rustc 1.97.0 (2d8144b78 2026-07-07)","x86_64-unknown-linux-gnu","Linux 7.0.11-76070011-generic x86_64","Intel(R) Core(TM) Ultra 7 155H","/dev/nvme0n1p3[/tmp] ext4   rw,nosuid,nodev,noatime,errors=remount-ro","/tmp/pigment-db-durability-bench","12-19","candidate","candidate_pigment_db","buffered","pre_feature_pigment_db","7","0","key_value","file","successful_remove","1","32","5","7","45184","100120302","451297.080586","2287","0"
"protocol-v5-20260807-220443","6d7edc7c29a60a94c59effeeb2b78d8b95038135","default-hasher:e33e9641d6e15aea","6d7edc7c29a60a94c59effeeb2b78d8b95038135","default-hasher:f20647ba796d9a0c","rustc 1.97.0 (2d8144b78 2026-07-07)","x86_64-unknown-linux-gnu","Linux 7.0.11-76070011-generic x86_64","Intel(R) Core(TM) Ultra 7 155H","/dev/nvme0n1p3[/tmp] ext4   rw,nosuid,nodev,noatime,errors=remount-ro","/tmp/pigment-db-durability-bench","12-19","comparator","pre_feature_pigment_db","buffered","pre_feature_pigment_db","7","1","key_value","file","successful_remove","1","32","5","7","46144","100133059","460826.828430","2187","0"
"protocol-v5-20260807-220443","6d7edc7c29a60a94c59effeeb2b78d8b95038135","default-hasher:e33e9641d6e15aea","6d7edc7c29a60a94c59effeeb2b78d8b95038135","default-hasher:f20647ba796d9a0c","rustc 1.97.0 (2d8144b78 2026-07-07)","x86_64-unknown-linux-gnu","Linux 7.0.11-76070011-generic x86_64","Intel(R) Core(TM) Ultra 7 155H","/dev/nvme0n1p3[/tmp] ext4   rw,nosuid,nodev,noatime,errors=remount-ro","/tmp/pigment-db-durability-bench","12-19","comparator","pre_feature_pigment_db","buffered","pre_feature_pigment_db","8","0","key_value","file","successful_remove","1","32","5","8","46016","100072418","459827.002481","2193","0"
"protocol-v5-20260807-220443","6d7edc7c29a60a94c59effeeb2b78d8b95038135","default-hasher:e33e9641d6e15aea","6d7edc7c29a60a94c59effeeb2b78d8b95038135","default-hasher:f20647ba796d9a0c","rustc 1.97.0 (2d8144b78 2026-07-07)","x86_64-unknown-linux-gnu","Linux 7.0.11-76070011-generic x86_64","Intel(R) Core(TM) Ultra 7 155H","/dev/nvme0n1p3[/tmp] ext4   rw,nosuid,nodev,noatime,errors=remount-ro","/tmp/pigment-db-durability-bench","12-19","candidate","candidate_pigment_db","buffered","pre_feature_pigment_db","8","1","key_value","file","successful_remove","1","32","5","8","45504","100124413","454474.574548","2233","0"
"protocol-v5-20260807-220443","6d7edc7c29a60a94c59effeeb2b78d8b95038135","default-hasher:e33e9641d6e15aea","6d7edc7c29a60a94c59effeeb2b78d8b95038135","default-hasher:f20647ba796d9a0c","rustc 1.97.0 (2d8144b78 2026-07-07)","x86_64-unknown-linux-gnu","Linux 7.0.11-76070011-generic x86_64","Intel(R) Core(TM) Ultra 7 155H","/dev/nvme0n1p3[/tmp] ext4   rw,nosuid,nodev,noatime,errors=remount-ro","/tmp/pigment-db-durability-bench","12-19","candidate","candidate_pigment_db","buffered","pre_feature_pigment_db","9","0","key_value","file","successful_remove","1","32","5","9","45760","100135775","456979.536035","2235","0"
"protocol-v5-20260807-220443","6d7edc7c29a60a94c59effeeb2b78d8b95038135","default-hasher:e33e9641d6e15aea","6d7edc7c29a60a94c59effeeb2b78d8b95038135","default-hasher:f20647ba796d9a0c","rustc 1.97.0 (2d8144b78 2026-07-07)","x86_64-unknown-linux-gnu","Linux 7.0.11-76070011-generic x86_64","Intel(R) Core(TM) Ultra 7 155H","/dev/nvme0n1p3[/tmp] ext4   rw,nosuid,nodev,noatime,errors=remount-ro","/tmp/pigment-db-durability-bench","12-19","comparator","pre_feature_pigment_db","buffered","pre_feature_pigment_db","9","1","key_value","file","successful_remove","1","32","5","9","45888","100059552","458606.890425","2180","0"
"protocol-v5-20260807-220443","6d7edc7c29a60a94c59effeeb2b78d8b95038135","default-hasher:e33e9641d6e15aea","6d7edc7c29a60a94c59effeeb2b78d8b95038135","default-hasher:f20647ba796d9a0c","rustc 1.97.0 (2d8144b78 2026-07-07)","x86_64-unknown-linux-gnu","Linux 7.0.11-76070011-generic x86_64","Intel(R) Core(TM) Ultra 7 155H","/dev/nvme0n1p3[/tmp] ext4   rw,nosuid,nodev,noatime,errors=remount-ro","/tmp/pigment-db-durability-bench","12-19","comparator","pre_feature_pigment_db","buffered","pre_feature_pigment_db","10","0","key_value","file","successful_remove","1","32","5","10","45952","100060749","459241.015675","2185","0"
"protocol-v5-20260807-220443","6d7edc7c29a60a94c59effeeb2b78d8b95038135","default-hasher:e33e9641d6e15aea","6d7edc7c29a60a94c59effeeb2b78d8b95038135","default-hasher:f20647ba796d9a0c","rustc 1.97.0 (2d8144b78 2026-07-07)","x86_64-unknown-linux-gnu","Linux 7.0.11-76070011-generic x86_64","Intel(R) Core(TM) Ultra 7 155H","/dev/nvme0n1p3[/tmp] ext4   rw,nosuid,nodev,noatime,errors=remount-ro","/tmp/pigment-db-durability-bench","12-19","candidate","candidate_pigment_db","buffered","pre_feature_pigment_db","10","1","key_value","file","successful_remove","1","32","5","10","45440","100123446","453839.752979","2259","0"
"protocol-v5-20260807-220443","6d7edc7c29a60a94c59effeeb2b78d8b95038135","default-hasher:e33e9641d6e15aea","6d7edc7c29a60a94c59effeeb2b78d8b95038135","default-hasher:f20647ba796d9a0c","rustc 1.97.0 (2d8144b78 2026-07-07)","x86_64-unknown-linux-gnu","Linux 7.0.11-76070011-generic x86_64","Intel(R) Core(TM) Ultra 7 155H","/dev/nvme0n1p3[/tmp] ext4   rw,nosuid,nodev,noatime,errors=remount-ro","/tmp/pigment-db-durability-bench","12-19","comparator","pre_feature_pigment_db","buffered","pre_feature_pigment_db","0","0","key_value","file","successful_remove","8","32","5","0","12800","104487147","122503.105573","126043","0"
"protocol-v5-20260807-220443","6d7edc7c29a60a94c59effeeb2b78d8b95038135","default-hasher:e33e9641d6e15aea","6d7edc7c29a60a94c59effeeb2b78d8b95038135","default-hasher:f20647ba796d9a0c","rustc 1.97.0 (2d8144b78 2026-07-07)","x86_64-unknown-linux-gnu","Linux 7.0.11-76070011-generic x86_64","Intel(R) Core(TM) Ultra 7 155H","/dev/nvme0n1p3[/tmp] ext4   rw,nosuid,nodev,noatime,errors=remount-ro","/tmp/pigment-db-durability-bench","12-19","candidate","candidate_pigment_db","buffered","pre_feature_pigment_db","0","1","key_value","file","successful_remove","8","32","5","0","11776","102993044","114337.818775","121456","0"
"protocol-v5-20260807-220443","6d7edc7c29a60a94c59effeeb2b78d8b95038135","default-hasher:e33e9641d6e15aea","6d7edc7c29a60a94c59effeeb2b78d8b95038135","default-hasher:f20647ba796d9a0c","rustc 1.97.0 (2d8144b78 2026-07-07)","x86_64-unknown-linux-gnu","Linux 7.0.11-76070011-generic x86_64","Intel(R) Core(TM) Ultra 7 155H","/dev/nvme0n1p3[/tmp] ext4   rw,nosuid,nodev,noatime,errors=remount-ro","/tmp/pigment-db-durability-bench","12-19","candidate","candidate_pigment_db","buffered","pre_feature_pigment_db","1","0","key_value","file","successful_remove","8","32","5","1","11776","100360522","117336.974393","122453","0"
"protocol-v5-20260807-220443","6d7edc7c29a60a94c59effeeb2b78d8b95038135","default-hasher:e33e9641d6e15aea","6d7edc7c29a60a94c59effeeb2b78d8b95038135","default-hasher:f20647ba796d9a0c","rustc 1.97.0 (2d8144b78 2026-07-07)","x86_64-unknown-linux-gnu","Linux 7.0.11-76070011-generic x86_64","Intel(R) Core(TM) Ultra 7 155H","/dev/nvme0n1p3[/tmp] ext4   rw,nosuid,nodev,noatime,errors=remount-ro","/tmp/pigment-db-durability-bench","12-19","comparator","pre_feature_pigment_db","buffered","pre_feature_pigment_db","1","1","key_value","file","successful_remove","8","32","5","1","9728","107169108","90772.426696","114255","0"
"protocol-v5-20260807-220443","6d7edc7c29a60a94c59effeeb2b78d8b95038135","default-hasher:e33e9641d6e15aea","6d7edc7c29a60a94c59effeeb2b78d8b95038135","default-hasher:f20647ba796d9a0c","rustc 1.97.0 (2d8144b78 2026-07-07)","x86_64-unknown-linux-gnu","Linux 7.0.11-76070011-generic x86_64","Intel(R) Core(TM) Ultra 7 155H","/dev/nvme0n1p3[/tmp] ext4   rw,nosuid,nodev,noatime,errors=remount-ro","/tmp/pigment-db-durability-bench","12-19","comparator","pre_feature_pigment_db","buffered","pre_feature_pigment_db","2","0","key_value","file","successful_remove","8","32","5","2","9216","104931669","87828.584905","116218","0"
"protocol-v5-20260807-220443","6d7edc7c29a60a94c59effeeb2b78d8b95038135","default-hasher:e33e9641d6e15aea","6d7edc7c29a60a94c59effeeb2b78d8b95038135","default-hasher:f20647ba796d9a0c","rustc 1.97.0 (2d8144b78 2026-07-07)","x86_64-unknown-linux-gnu","Linux 7.0.11-76070011-generic x86_64","Intel(R) Core(TM) Ultra 7 155H","/dev/nvme0n1p3[/tmp] ext4   rw,nosuid,nodev,noatime,errors=remount-ro","/tmp/pigment-db-durability-bench","12-19","candidate","candidate_pigment_db","buffered","pre_feature_pigment_db","2","1","key_value","file","successful_remove","8","32","5","2","16896","102233607","165268.550096","106003","0"
"protocol-v5-20260807-220443","6d7edc7c29a60a94c59effeeb2b78d8b95038135","default-hasher:e33e9641d6e15aea","6d7edc7c29a60a94c59effeeb2b78d8b95038135","default-hasher:f20647ba796d9a0c","rustc 1.97.0 (2d8144b78 2026-07-07)","x86_64-unknown-linux-gnu","Linux 7.0.11-76070011-generic x86_64","Intel(R) Core(TM) Ultra 7 155H","/dev/nvme0n1p3[/tmp] ext4   rw,nosuid,nodev,noatime,errors=remount-ro","/tmp/pigment-db-durability-bench","12-19","candidate","candidate_pigment_db","buffered","pre_feature_pigment_db","3","0","key_value","file","successful_remove","8","32","5","3","8704","101696877","85587.682304","124014","0"
"protocol-v5-20260807-220443","6d7edc7c29a60a94c59effeeb2b78d8b95038135","default-hasher:e33e9641d6e15aea","6d7edc7c29a60a94c59effeeb2b78d8b95038135","default-hasher:f20647ba796d9a0c","rustc 1.97.0 (2d8144b78 2026-07-07)","x86_64-unknown-linux-gnu","Linux 7.0.11-76070011-generic x86_64","Intel(R) Core(TM) Ultra 7 155H","/dev/nvme0n1p3[/tmp] ext4   rw,nosuid,nodev,noatime,errors=remount-ro","/tmp/pigment-db-durability-bench","12-19","comparator","pre_feature_pigment_db","buffered","pre_feature_pigment_db","3","1","key_value","file","successful_remove","8","32","5","3","15360","101241483","151716.465868","113858","0"
"protocol-v5-20260807-220443","6d7edc7c29a60a94c59effeeb2b78d8b95038135","default-hasher:e33e9641d6e15aea","6d7edc7c29a60a94c59effeeb2b78d8b95038135","default-hasher:f20647ba796d9a0c","rustc 1.97.0 (2d8144b78 2026-07-07)","x86_64-unknown-linux-gnu","Linux 7.0.11-76070011-generic x86_64","Intel(R) Core(TM) Ultra 7 155H","/dev/nvme0n1p3[/tmp] ext4   rw,nosuid,nodev,noatime,errors=remount-ro","/tmp/pigment-db-durability-bench","12-19","comparator","pre_feature_pigment_db","buffered","pre_feature_pigment_db","4","0","key_value","file","successful_remove","8","32","5","4","17408","102497495","169838.297024","110922","0"
"protocol-v5-20260807-220443","6d7edc7c29a60a94c59effeeb2b78d8b95038135","default-hasher:e33e9641d6e15aea","6d7edc7c29a60a94c59effeeb2b78d8b95038135","default-hasher:f20647ba796d9a0c","rustc 1.97.0 (2d8144b78 2026-07-07)","x86_64-unknown-linux-gnu","Linux 7.0.11-76070011-generic x86_64","Intel(R) Core(TM) Ultra 7 155H","/dev/nvme0n1p3[/tmp] ext4   rw,nosuid,nodev,noatime,errors=remount-ro","/tmp/pigment-db-durability-bench","12-19","candidate","candidate_pigment_db","buffered","pre_feature_pigment_db","4","1","key_value","file","successful_remove","8","32","5","4","13312","106980177","124434.267855","120326","0"
"protocol-v5-20260807-220443","6d7edc7c29a60a94c59effeeb2b78d8b95038135","default-hasher:e33e9641d6e15aea","6d7edc7c29a60a94c59effeeb2b78d8b95038135","default-hasher:f20647ba796d9a0c","rustc 1.97.0 (2d8144b78 2026-07-07)","x86_64-unknown-linux-gnu","Linux 7.0.11-76070011-generic x86_64","Intel(R) Core(TM) Ultra 7 155H","/dev/nvme0n1p3[/tmp] ext4   rw,nosuid,nodev,noatime,errors=remount-ro","/tmp/pigment-db-durability-bench","12-19","candidate","candidate_pigment_db","buffered","pre_feature_pigment_db","5","0","key_value","file","successful_remove","8","32","5","5","17920","101378293","176763.678591","113216","0"
"protocol-v5-20260807-220443","6d7edc7c29a60a94c59effeeb2b78d8b95038135","default-hasher:e33e9641d6e15aea","6d7edc7c29a60a94c59effeeb2b78d8b95038135","default-hasher:f20647ba796d9a0c","rustc 1.97.0 (2d8144b78 2026-07-07)","x86_64-unknown-linux-gnu","Linux 7.0.11-76070011-generic x86_64","Intel(R) Core(TM) Ultra 7 155H","/dev/nvme0n1p3[/tmp] ext4   rw,nosuid,nodev,noatime,errors=remount-ro","/tmp/pigment-db-durability-bench","12-19","comparator","pre_feature_pigment_db","buffered","pre_feature_pigment_db","5","1","key_value","file","successful_remove","8","32","5","5","18432","101872813","180931.491506","118260","0"
"protocol-v5-20260807-220443","6d7edc7c29a60a94c59effeeb2b78d8b95038135","default-hasher:e33e9641d6e15aea","6d7edc7c29a60a94c59effeeb2b78d8b95038135","default-hasher:f20647ba796d9a0c","rustc 1.97.0 (2d8144b78 2026-07-07)","x86_64-unknown-linux-gnu","Linux 7.0.11-76070011-generic x86_64","Intel(R) Core(TM) Ultra 7 155H","/dev/nvme0n1p3[/tmp] ext4   rw,nosuid,nodev,noatime,errors=remount-ro","/tmp/pigment-db-durability-bench","12-19","comparator","pre_feature_pigment_db","buffered","pre_feature_pigment_db","6","0","key_value","file","successful_remove","8","32","5","6","14848","103033526","144108.433210","113894","0"
"protocol-v5-20260807-220443","6d7edc7c29a60a94c59effeeb2b78d8b95038135","default-hasher:e33e9641d6e15aea","6d7edc7c29a60a94c59effeeb2b78d8b95038135","default-hasher:f20647ba796d9a0c","rustc 1.97.0 (2d8144b78 2026-07-07)","x86_64-unknown-linux-gnu","Linux 7.0.11-76070011-generic x86_64","Intel(R) Core(TM) Ultra 7 155H","/dev/nvme0n1p3[/tmp] ext4   rw,nosuid,nodev,noatime,errors=remount-ro","/tmp/pigment-db-durability-bench","12-19","candidate","candidate_pigment_db","buffered","pre_feature_pigment_db","6","1","key_value","file","successful_remove","8","32","5","6","19968","101279991","197156.415624","107120","0"
"protocol-v5-20260807-220443","6d7edc7c29a60a94c59effeeb2b78d8b95038135","default-hasher:e33e9641d6e15aea","6d7edc7c29a60a94c59effeeb2b78d8b95038135","default-hasher:f20647ba796d9a0c","rustc 1.97.0 (2d8144b78 2026-07-07)","x86_64-unknown-linux-gnu","Linux 7.0.11-76070011-generic x86_64","Intel(R) Core(TM) Ultra 7 155H","/dev/nvme0n1p3[/tmp] ext4   rw,nosuid,nodev,noatime,errors=remount-ro","/tmp/pigment-db-durability-bench","12-19","candidate","candidate_pigment_db","buffered","pre_feature_pigment_db","7","0","key_value","file","successful_remove","8","32","5","7","17920","100861175","177669.950801","114979","0"
"protocol-v5-20260807-220443","6d7edc7c29a60a94c59effeeb2b78d8b95038135","default-hasher:e33e9641d6e15aea","6d7edc7c29a60a94c59effeeb2b78d8b95038135","default-hasher:f20647ba796d9a0c","rustc 1.97.0 (2d8144b78 2026-07-07)","x86_64-unknown-linux-gnu","Linux 7.0.11-76070011-generic x86_64","Intel(R) Core(TM) Ultra 7 155H","/dev/nvme0n1p3[/tmp] ext4   rw,nosuid,nodev,noatime,errors=remount-ro","/tmp/pigment-db-durability-bench","12-19","comparator","pre_feature_pigment_db","buffered","pre_feature_pigment_db","7","1","key_value","file","successful_remove","8","32","5","7","10240","105880606","96712.706763","115126","0"
"protocol-v5-20260807-220443","6d7edc7c29a60a94c59effeeb2b78d8b95038135","default-hasher:e33e9641d6e15aea","6d7edc7c29a60a94c59effeeb2b78d8b95038135","default-hasher:f20647ba796d9a0c","rustc 1.97.0 (2d8144b78 2026-07-07)","x86_64-unknown-linux-gnu","Linux 7.0.11-76070011-generic x86_64","Intel(R) Core(TM) Ultra 7 155H","/dev/nvme0n1p3[/tmp] ext4   rw,nosuid,nodev,noatime,errors=remount-ro","/tmp/pigment-db-durability-bench","12-19","comparator","pre_feature_pigment_db","buffered","pre_feature_pigment_db","8","0","key_value","file","successful_remove","8","32","5","8","9216","102894385","89567.569698","124250","0"
"protocol-v5-20260807-220443","6d7edc7c29a60a94c59effeeb2b78d8b95038135","default-hasher:e33e9641d6e15aea","6d7edc7c29a60a94c59effeeb2b78d8b95038135","default-hasher:f20647ba796d9a0c","rustc 1.97.0 (2d8144b78 2026-07-07)","x86_64-unknown-linux-gnu","Linux 7.0.11-76070011-generic x86_64","Intel(R) Core(TM) Ultra 7 155H","/dev/nvme0n1p3[/tmp] ext4   rw,nosuid,nodev,noatime,errors=remount-ro","/tmp/pigment-db-durability-bench","12-19","candidate","candidate_pigment_db","buffered","pre_feature_pigment_db","8","1","key_value","file","successful_remove","8","32","5","8","9216","123553949","74590.897940","131965","0"
"protocol-v5-20260807-220443","6d7edc7c29a60a94c59effeeb2b78d8b95038135","default-hasher:e33e9641d6e15aea","6d7edc7c29a60a94c59effeeb2b78d8b95038135","default-hasher:f20647ba796d9a0c","rustc 1.97.0 (2d8144b78 2026-07-07)","x86_64-unknown-linux-gnu","Linux 7.0.11-76070011-generic x86_64","Intel(R) Core(TM) Ultra 7 155H","/dev/nvme0n1p3[/tmp] ext4   rw,nosuid,nodev,noatime,errors=remount-ro","/tmp/pigment-db-durability-bench","12-19","candidate","candidate_pigment_db","buffered","pre_feature_pigment_db","9","0","key_value","file","successful_remove","8","32","5","9","11776","100049441","117701.807050","121142","0"
"protocol-v5-20260807-220443","6d7edc7c29a60a94c59effeeb2b78d8b95038135","default-hasher:e33e9641d6e15aea","6d7edc7c29a60a94c59effeeb2b78d8b95038135","default-hasher:f20647ba796d9a0c","rustc 1.97.0 (2d8144b78 2026-07-07)","x86_64-unknown-linux-gnu","Linux 7.0.11-76070011-generic x86_64","Intel(R) Core(TM) Ultra 7 155H","/dev/nvme0n1p3[/tmp] ext4   rw,nosuid,nodev,noatime,errors=remount-ro","/tmp/pigment-db-durability-bench","12-19","comparator","pre_feature_pigment_db","buffered","pre_feature_pigment_db","9","1","key_value","file","successful_remove","8","32","5","9","12288","100908692","121773.454362","113068","0"
"protocol-v5-20260807-220443","6d7edc7c29a60a94c59effeeb2b78d8b95038135","default-hasher:e33e9641d6e15aea","6d7edc7c29a60a94c59effeeb2b78d8b95038135","default-hasher:f20647ba796d9a0c","rustc 1.97.0 (2d8144b78 2026-07-07)","x86_64-unknown-linux-gnu","Linux 7.0.11-76070011-generic x86_64","Intel(R) Core(TM) Ultra 7 155H","/dev/nvme0n1p3[/tmp] ext4   rw,nosuid,nodev,noatime,errors=remount-ro","/tmp/pigment-db-durability-bench","12-19","comparator","pre_feature_pigment_db","buffered","pre_feature_pigment_db","10","0","key_value","file","successful_remove","8","32","5","10","15872","101086687","157013.751969","112817","0"
"protocol-v5-20260807-220443","6d7edc7c29a60a94c59effeeb2b78d8b95038135","default-hasher:e33e9641d6e15aea","6d7edc7c29a60a94c59effeeb2b78d8b95038135","default-hasher:f20647ba796d9a0c","rustc 1.97.0 (2d8144b78 2026-07-07)","x86_64-unknown-linux-gnu","Linux 7.0.11-76070011-generic x86_64","Intel(R) Core(TM) Ultra 7 155H","/dev/nvme0n1p3[/tmp] ext4   rw,nosuid,nodev,noatime,errors=remount-ro","/tmp/pigment-db-durability-bench","12-19","candidate","candidate_pigment_db","buffered","pre_feature_pigment_db","10","1","key_value","file","successful_remove","8","32","5","10","11776","101200009","116363.626015","115258","0"
"protocol-v5-20260807-220443","6d7edc7c29a60a94c59effeeb2b78d8b95038135","default-hasher:e33e9641d6e15aea","6d7edc7c29a60a94c59effeeb2b78d8b95038135","default-hasher:f20647ba796d9a0c","rustc 1.97.0 (2d8144b78 2026-07-07)","x86_64-unknown-linux-gnu","Linux 7.0.11-76070011-generic x86_64","Intel(R) Core(TM) Ultra 7 155H","/dev/nvme0n1p3[/tmp] ext4   rw,nosuid,nodev,noatime,errors=remount-ro","/tmp/pigment-db-durability-bench","12-19","comparator","pre_feature_pigment_db","buffered","pre_feature_pigment_db","0","0","key_value","file","minimal_callback","1","32","5","0","40320","100064373","402940.615038","2682","0"
"protocol-v5-20260807-220443","6d7edc7c29a60a94c59effeeb2b78d8b95038135","default-hasher:e33e9641d6e15aea","6d7edc7c29a60a94c59effeeb2b78d8b95038135","default-hasher:f20647ba796d9a0c","rustc 1.97.0 (2d8144b78 2026-07-07)","x86_64-unknown-linux-gnu","Linux 7.0.11-76070011-generic x86_64","Intel(R) Core(TM) Ultra 7 155H","/dev/nvme0n1p3[/tmp] ext4   rw,nosuid,nodev,noatime,errors=remount-ro","/tmp/pigment-db-durability-bench","12-19","candidate","candidate_pigment_db","buffered","pre_feature_pigment_db","0","1","key_value","file","minimal_callback","1","32","5","0","40512","100151341","404507.813829","2531","0"
"protocol-v5-20260807-220443","6d7edc7c29a60a94c59effeeb2b78d8b95038135","default-hasher:e33e9641d6e15aea","6d7edc7c29a60a94c59effeeb2b78d8b95038135","default-hasher:f20647ba796d9a0c","rustc 1.97.0 (2d8144b78 2026-07-07)","x86_64-unknown-linux-gnu","Linux 7.0.11-76070011-generic x86_64","Intel(R) Core(TM) Ultra 7 155H","/dev/nvme0n1p3[/tmp] ext4   rw,nosuid,nodev,noatime,errors=remount-ro","/tmp/pigment-db-durability-bench","12-19","candidate","candidate_pigment_db","buffered","pre_feature_pigment_db","1","0","key_value","file","minimal_callback","1","32","5","1","40128","100217195","400410.328786","2675","0"
"protocol-v5-20260807-220443","6d7edc7c29a60a94c59effeeb2b78d8b95038135","default-hasher:e33e9641d6e15aea","6d7edc7c29a60a94c59effeeb2b78d8b95038135","default-hasher:f20647ba796d9a0c","rustc 1.97.0 (2d8144b78 2026-07-07)","x86_64-unknown-linux-gnu","Linux 7.0.11-76070011-generic x86_64","Intel(R) Core(TM) Ultra 7 155H","/dev/nvme0n1p3[/tmp] ext4   rw,nosuid,nodev,noatime,errors=remount-ro","/tmp/pigment-db-durability-bench","12-19","comparator","pre_feature_pigment_db","buffered","pre_feature_pigment_db","1","1","key_value","file","minimal_callback","1","32","5","1","40448","100006525","404453.609402","2577","0"
"protocol-v5-20260807-220443","6d7edc7c29a60a94c59effeeb2b78d8b95038135","default-hasher:e33e9641d6e15aea","6d7edc7c29a60a94c59effeeb2b78d8b95038135","default-hasher:f20647ba796d9a0c","rustc 1.97.0 (2d8144b78 2026-07-07)","x86_64-unknown-linux-gnu","Linux 7.0.11-76070011-generic x86_64","Intel(R) Core(TM) Ultra 7 155H","/dev/nvme0n1p3[/tmp] ext4   rw,nosuid,nodev,noatime,errors=remount-ro","/tmp/pigment-db-durability-bench","12-19","comparator","pre_feature_pigment_db","buffered","pre_feature_pigment_db","2","0","key_value","file","minimal_callback","1","32","5","2","41280","100098927","412392.032934","2548","0"
"protocol-v5-20260807-220443","6d7edc7c29a60a94c59effeeb2b78d8b95038135","default-hasher:e33e9641d6e15aea","6d7edc7c29a60a94c59effeeb2b78d8b95038135","default-hasher:f20647ba796d9a0c","rustc 1.97.0 (2d8144b78 2026-07-07)","x86_64-unknown-linux-gnu","Linux 7.0.11-76070011-generic x86_64","Intel(R) Core(TM) Ultra 7 155H","/dev/nvme0n1p3[/tmp] ext4   rw,nosuid,nodev,noatime,errors=remount-ro","/tmp/pigment-db-durability-bench","12-19","candidate","candidate_pigment_db","buffered","pre_feature_pigment_db","2","1","key_value","file","minimal_callback","1","32","5","2","40384","100104482","403418.500283","2753","0"
"protocol-v5-20260807-220443","6d7edc7c29a60a94c59effeeb2b78d8b95038135","default-hasher:e33e9641d6e15aea","6d7edc7c29a60a94c59effeeb2b78d8b95038135","default-hasher:f20647ba796d9a0c","rustc 1.97.0 (2d8144b78 2026-07-07)","x86_64-unknown-linux-gnu","Linux 7.0.11-76070011-generic x86_64","Intel(R) Core(TM) Ultra 7 155H","/dev/nvme0n1p3[/tmp] ext4   rw,nosuid,nodev,noatime,errors=remount-ro","/tmp/pigment-db-durability-bench","12-19","candidate","candidate_pigment_db","buffered","pre_feature_pigment_db","3","0","key_value","file","minimal_callback","1","32","5","3","40960","100077992","409280.793723","2575","0"
"protocol-v5-20260807-220443","6d7edc7c29a60a94c59effeeb2b78d8b95038135","default-hasher:e33e9641d6e15aea","6d7edc7c29a60a94c59effeeb2b78d8b95038135","default-hasher:f20647ba796d9a0c","rustc 1.97.0 (2d8144b78 2026-07-07)","x86_64-unknown-linux-gnu","Linux 7.0.11-76070011-generic x86_64","Intel(R) Core(TM) Ultra 7 155H","/dev/nvme0n1p3[/tmp] ext4   rw,nosuid,nodev,noatime,errors=remount-ro","/tmp/pigment-db-durability-bench","12-19","comparator","pre_feature_pigment_db","buffered","pre_feature_pigment_db","3","1","key_value","file","minimal_callback","1","32","5","3","40384","100031360","403713.395479","2576","0"
"protocol-v5-20260807-220443","6d7edc7c29a60a94c59effeeb2b78d8b95038135","default-hasher:e33e9641d6e15aea","6d7edc7c29a60a94c59effeeb2b78d8b95038135","default-hasher:f20647ba796d9a0c","rustc 1.97.0 (2d8144b78 2026-07-07)","x86_64-unknown-linux-gnu","Linux 7.0.11-76070011-generic x86_64","Intel(R) Core(TM) Ultra 7 155H","/dev/nvme0n1p3[/tmp] ext4   rw,nosuid,nodev,noatime,errors=remount-ro","/tmp/pigment-db-durability-bench","12-19","comparator","pre_feature_pigment_db","buffered","pre_feature_pigment_db","4","0","key_value","file","minimal_callback","1","32","5","4","40704","100125511","406529.760432","2578","0"
"protocol-v5-20260807-220443","6d7edc7c29a60a94c59effeeb2b78d8b95038135","default-hasher:e33e9641d6e15aea","6d7edc7c29a60a94c59effeeb2b78d8b95038135","default-hasher:f20647ba796d9a0c","rustc 1.97.0 (2d8144b78 2026-07-07)","x86_64-unknown-linux-gnu","Linux 7.0.11-76070011-generic x86_64","Intel(R) Core(TM) Ultra 7 155H","/dev/nvme0n1p3[/tmp] ext4   rw,nosuid,nodev,noatime,errors=remount-ro","/tmp/pigment-db-durability-bench","12-19","candidate","candidate_pigment_db","buffered","pre_feature_pigment_db","4","1","key_value","file","minimal_callback","1","32","5","4","40448","100053123","404265.242175","2715","0"
"protocol-v5-20260807-220443","6d7edc7c29a60a94c59effeeb2b78d8b95038135","default-hasher:e33e9641d6e15aea","6d7edc7c29a60a94c59effeeb2b78d8b95038135","default-hasher:f20647ba796d9a0c","rustc 1.97.0 (2d8144b78 2026-07-07)","x86_64-unknown-linux-gnu","Linux 7.0.11-76070011-generic x86_64","Intel(R) Core(TM) Ultra 7 155H","/dev/nvme0n1p3[/tmp] ext4   rw,nosuid,nodev,noatime,errors=remount-ro","/tmp/pigment-db-durability-bench","12-19","candidate","candidate_pigment_db","buffered","pre_feature_pigment_db","5","0","key_value","file","minimal_callback","1","32","5","5","40192","100029021","401803.392637","2624","0"
"protocol-v5-20260807-220443","6d7edc7c29a60a94c59effeeb2b78d8b95038135","default-hasher:e33e9641d6e15aea","6d7edc7c29a60a94c59effeeb2b78d8b95038135","default-hasher:f20647ba796d9a0c","rustc 1.97.0 (2d8144b78 2026-07-07)","x86_64-unknown-linux-gnu","Linux 7.0.11-76070011-generic x86_64","Intel(R) Core(TM) Ultra 7 155H","/dev/nvme0n1p3[/tmp] ext4   rw,nosuid,nodev,noatime,errors=remount-ro","/tmp/pigment-db-durability-bench","12-19","comparator","pre_feature_pigment_db","buffered","pre_feature_pigment_db","5","1","key_value","file","minimal_callback","1","32","5","5","40768","100000565","407677.696621","2599","0"
"protocol-v5-20260807-220443","6d7edc7c29a60a94c59effeeb2b78d8b95038135","default-hasher:e33e9641d6e15aea","6d7edc7c29a60a94c59effeeb2b78d8b95038135","default-hasher:f20647ba796d9a0c","rustc 1.97.0 (2d8144b78 2026-07-07)","x86_64-unknown-linux-gnu","Linux 7.0.11-76070011-generic x86_64","Intel(R) Core(TM) Ultra 7 155H","/dev/nvme0n1p3[/tmp] ext4   rw,nosuid,nodev,noatime,errors=remount-ro","/tmp/pigment-db-durability-bench","12-19","comparator","pre_feature_pigment_db","buffered","pre_feature_pigment_db","6","0","key_value","file","minimal_callback","1","32","5","6","41024","100000383","410238.428787","2501","0"
"protocol-v5-20260807-220443","6d7edc7c29a60a94c59effeeb2b78d8b95038135","default-hasher:e33e9641d6e15aea","6d7edc7c29a60a94c59effeeb2b78d8b95038135","default-hasher:f20647ba796d9a0c","rustc 1.97.0 (2d8144b78 2026-07-07)","x86_64-unknown-linux-gnu","Linux 7.0.11-76070011-generic x86_64","Intel(R) Core(TM) Ultra 7 155H","/dev/nvme0n1p3[/tmp] ext4   rw,nosuid,nodev,noatime,errors=remount-ro","/tmp/pigment-db-durability-bench","12-19","candidate","candidate_pigment_db","buffered","pre_feature_pigment_db","6","1","key_value","file","minimal_callback","1","32","5","6","40064","100077228","400330.832505","2720","0"
"protocol-v5-20260807-220443","6d7edc7c29a60a94c59effeeb2b78d8b95038135","default-hasher:e33e9641d6e15aea","6d7edc7c29a60a94c59effeeb2b78d8b95038135","default-hasher:f20647ba796d9a0c","rustc 1.97.0 (2d8144b78 2026-07-07)","x86_64-unknown-linux-gnu","Linux 7.0.11-76070011-generic x86_64","Intel(R) Core(TM) Ultra 7 155H","/dev/nvme0n1p3[/tmp] ext4   rw,nosuid,nodev,noatime,errors=remount-ro","/tmp/pigment-db-durability-bench","12-19","candidate","candidate_pigment_db","buffered","pre_feature_pigment_db","7","0","key_value","file","minimal_callback","1","32","5","7","37632","100015088","376263.229404","2756","0"
"protocol-v5-20260807-220443","6d7edc7c29a60a94c59effeeb2b78d8b95038135","default-hasher:e33e9641d6e15aea","6d7edc7c29a60a94c59effeeb2b78d8b95038135","default-hasher:f20647ba796d9a0c","rustc 1.97.0 (2d8144b78 2026-07-07)","x86_64-unknown-linux-gnu","Linux 7.0.11-76070011-generic x86_64","Intel(R) Core(TM) Ultra 7 155H","/dev/nvme0n1p3[/tmp] ext4   rw,nosuid,nodev,noatime,errors=remount-ro","/tmp/pigment-db-durability-bench","12-19","comparator","pre_feature_pigment_db","buffered","pre_feature_pigment_db","7","1","key_value","file","minimal_callback","1","32","5","7","40256","100020984","402475.544532","2590","0"
"protocol-v5-20260807-220443","6d7edc7c29a60a94c59effeeb2b78d8b95038135","default-hasher:e33e9641d6e15aea","6d7edc7c29a60a94c59effeeb2b78d8b95038135","default-hasher:f20647ba796d9a0c","rustc 1.97.0 (2d8144b78 2026-07-07)","x86_64-unknown-linux-gnu","Linux 7.0.11-76070011-generic x86_64","Intel(R) Core(TM) Ultra 7 155H","/dev/nvme0n1p3[/tmp] ext4   rw,nosuid,nodev,noatime,errors=remount-ro","/tmp/pigment-db-durability-bench","12-19","comparator","pre_feature_pigment_db","buffered","pre_feature_pigment_db","8","0","key_value","file","minimal_callback","1","32","5","8","40768","100105050","407252.181583","2568","0"
"protocol-v5-20260807-220443","6d7edc7c29a60a94c59effeeb2b78d8b95038135","default-hasher:e33e9641d6e15aea","6d7edc7c29a60a94c59effeeb2b78d8b95038135","default-hasher:f20647ba796d9a0c","rustc 1.97.0 (2d8144b78 2026-07-07)","x86_64-unknown-linux-gnu","Linux 7.0.11-76070011-generic x86_64","Intel(R) Core(TM) Ultra 7 155H","/dev/nvme0n1p3[/tmp] ext4   rw,nosuid,nodev,noatime,errors=remount-ro","/tmp/pigment-db-durability-bench","12-19","candidate","candidate_pigment_db","buffered","pre_feature_pigment_db","8","1","key_value","file","minimal_callback","1","32","5","8","40640","100129461","405874.550748","2567","0"
"protocol-v5-20260807-220443","6d7edc7c29a60a94c59effeeb2b78d8b95038135","default-hasher:e33e9641d6e15aea","6d7edc7c29a60a94c59effeeb2b78d8b95038135","default-hasher:f20647ba796d9a0c","rustc 1.97.0 (2d8144b78 2026-07-07)","x86_64-unknown-linux-gnu","Linux 7.0.11-76070011-generic x86_64","Intel(R) Core(TM) Ultra 7 155H","/dev/nvme0n1p3[/tmp] ext4   rw,nosuid,nodev,noatime,errors=remount-ro","/tmp/pigment-db-durability-bench","12-19","candidate","candidate_pigment_db","buffered","pre_feature_pigment_db","9","0","key_value","file","minimal_callback","1","32","5","9","40128","100000534","401277.857176","2652","0"
"protocol-v5-20260807-220443","6d7edc7c29a60a94c59effeeb2b78d8b95038135","default-hasher:e33e9641d6e15aea","6d7edc7c29a60a94c59effeeb2b78d8b95038135","default-hasher:f20647ba796d9a0c","rustc 1.97.0 (2d8144b78 2026-07-07)","x86_64-unknown-linux-gnu","Linux 7.0.11-76070011-generic x86_64","Intel(R) Core(TM) Ultra 7 155H","/dev/nvme0n1p3[/tmp] ext4   rw,nosuid,nodev,noatime,errors=remount-ro","/tmp/pigment-db-durability-bench","12-19","comparator","pre_feature_pigment_db","buffered","pre_feature_pigment_db","9","1","key_value","file","minimal_callback","1","32","5","9","39936","100099734","398962.099140","2630","0"
"protocol-v5-20260807-220443","6d7edc7c29a60a94c59effeeb2b78d8b95038135","default-hasher:e33e9641d6e15aea","6d7edc7c29a60a94c59effeeb2b78d8b95038135","default-hasher:f20647ba796d9a0c","rustc 1.97.0 (2d8144b78 2026-07-07)","x86_64-unknown-linux-gnu","Linux 7.0.11-76070011-generic x86_64","Intel(R) Core(TM) Ultra 7 155H","/dev/nvme0n1p3[/tmp] ext4   rw,nosuid,nodev,noatime,errors=remount-ro","/tmp/pigment-db-durability-bench","12-19","comparator","pre_feature_pigment_db","buffered","pre_feature_pigment_db","10","0","key_value","file","minimal_callback","1","32","5","10","40768","100115480","407209.754176","2602","0"
"protocol-v5-20260807-220443","6d7edc7c29a60a94c59effeeb2b78d8b95038135","default-hasher:e33e9641d6e15aea","6d7edc7c29a60a94c59effeeb2b78d8b95038135","default-hasher:f20647ba796d9a0c","rustc 1.97.0 (2d8144b78 2026-07-07)","x86_64-unknown-linux-gnu","Linux 7.0.11-76070011-generic x86_64","Intel(R) Core(TM) Ultra 7 155H","/dev/nvme0n1p3[/tmp] ext4   rw,nosuid,nodev,noatime,errors=remount-ro","/tmp/pigment-db-durability-bench","12-19","candidate","candidate_pigment_db","buffered","pre_feature_pigment_db","10","1","key_value","file","minimal_callback","1","32","5","10","39680","100045698","396618.753162","2746","0"
"protocol-v5-20260807-220443","6d7edc7c29a60a94c59effeeb2b78d8b95038135","default-hasher:e33e9641d6e15aea","6d7edc7c29a60a94c59effeeb2b78d8b95038135","default-hasher:f20647ba796d9a0c","rustc 1.97.0 (2d8144b78 2026-07-07)","x86_64-unknown-linux-gnu","Linux 7.0.11-76070011-generic x86_64","Intel(R) Core(TM) Ultra 7 155H","/dev/nvme0n1p3[/tmp] ext4   rw,nosuid,nodev,noatime,errors=remount-ro","/tmp/pigment-db-durability-bench","12-19","comparator","pre_feature_pigment_db","buffered","pre_feature_pigment_db","0","0","key_value","file","minimal_callback","8","32","5","0","20992","102341738","205116.704194","114852","0"
"protocol-v5-20260807-220443","6d7edc7c29a60a94c59effeeb2b78d8b95038135","default-hasher:e33e9641d6e15aea","6d7edc7c29a60a94c59effeeb2b78d8b95038135","default-hasher:f20647ba796d9a0c","rustc 1.97.0 (2d8144b78 2026-07-07)","x86_64-unknown-linux-gnu","Linux 7.0.11-76070011-generic x86_64","Intel(R) Core(TM) Ultra 7 155H","/dev/nvme0n1p3[/tmp] ext4   rw,nosuid,nodev,noatime,errors=remount-ro","/tmp/pigment-db-durability-bench","12-19","candidate","candidate_pigment_db","buffered","pre_feature_pigment_db","0","1","key_value","file","minimal_callback","8","32","5","0","19968","100684751","198321.988203","108755","0"
"protocol-v5-20260807-220443","6d7edc7c29a60a94c59effeeb2b78d8b95038135","default-hasher:e33e9641d6e15aea","6d7edc7c29a60a94c59effeeb2b78d8b95038135","default-hasher:f20647ba796d9a0c","rustc 1.97.0 (2d8144b78 2026-07-07)","x86_64-unknown-linux-gnu","Linux 7.0.11-76070011-generic x86_64","Intel(R) Core(TM) Ultra 7 155H","/dev/nvme0n1p3[/tmp] ext4   rw,nosuid,nodev,noatime,errors=remount-ro","/tmp/pigment-db-durability-bench","12-19","candidate","candidate_pigment_db","buffered","pre_feature_pigment_db","1","0","key_value","file","minimal_callback","8","32","5","1","18944","100709224","188105.907757","104038","0"
"protocol-v5-20260807-220443","6d7edc7c29a60a94c59effeeb2b78d8b95038135","default-hasher:e33e9641d6e15aea","6d7edc7c29a60a94c59effeeb2b78d8b95038135","default-hasher:f20647ba796d9a0c","rustc 1.97.0 (2d8144b78 2026-07-07)","x86_64-unknown-linux-gnu","Linux 7.0.11-76070011-generic x86_64","Intel(R) Core(TM) Ultra 7 155H","/dev/nvme0n1p3[/tmp] ext4   rw,nosuid,nodev,noatime,errors=remount-ro","/tmp/pigment-db-durability-bench","12-19","comparator","pre_feature_pigment_db","buffered","pre_feature_pigment_db","1","1","key_value","file","minimal_callback","8","32","5","1","19968","101819558","196111.635055","107290","0"
"protocol-v5-20260807-220443","6d7edc7c29a60a94c59effeeb2b78d8b95038135","default-hasher:e33e9641d6e15aea","6d7edc7c29a60a94c59effeeb2b78d8b95038135","default-hasher:f20647ba796d9a0c","rustc 1.97.0 (2d8144b78 2026-07-07)","x86_64-unknown-linux-gnu","Linux 7.0.11-76070011-generic x86_64","Intel(R) Core(TM) Ultra 7 155H","/dev/nvme0n1p3[/tmp] ext4   rw,nosuid,nodev,noatime,errors=remount-ro","/tmp/pigment-db-durability-bench","12-19","comparator","pre_feature_pigment_db","buffered","pre_feature_pigment_db","2","0","key_value","file","minimal_callback","8","32","5","2","20480","100567224","203644.877381","115635","0"
"protocol-v5-20260807-220443","6d7edc7c29a60a94c59effeeb2b78d8b95038135","default-hasher:e33e9641d6e15aea","6d7edc7c29a60a94c59effeeb2b78d8b95038135","default-hasher:f20647ba796d9a0c","rustc 1.97.0 (2d8144b78 2026-07-07)","x86_64-unknown-linux-gnu","Linux 7.0.11-76070011-generic x86_64","Intel(R) Core(TM) Ultra 7 155H","/dev/nvme0n1p3[/tmp] ext4   rw,nosuid,nodev,noatime,errors=remount-ro","/tmp/pigment-db-durability-bench","12-19","candidate","candidate_pigment_db","buffered","pre_feature_pigment_db","2","1","key_value","file","minimal_callback","8","32","5","2","21504","100716766","213509.635526","110941","0"
"protocol-v5-20260807-220443","6d7edc7c29a60a94c59effeeb2b78d8b95038135","default-hasher:e33e9641d6e15aea","6d7edc7c29a60a94c59effeeb2b78d8b95038135","default-hasher:f20647ba796d9a0c","rustc 1.97.0 (2d8144b78 2026-07-07)","x86_64-unknown-linux-gnu","Linux 7.0.11-76070011-generic x86_64","Intel(R) Core(TM) Ultra 7 155H","/dev/nvme0n1p3[/tmp] ext4   rw,nosuid,nodev,noatime,errors=remount-ro","/tmp/pigment-db-durability-bench","12-19","candidate","candidate_pigment_db","buffered","pre_feature_pigment_db","3","0","key_value","file","minimal_callback","8","32","5","3","20480","101996072","200792.046188","117794","0"
"protocol-v5-20260807-220443","6d7edc7c29a60a94c59effeeb2b78d8b95038135","default-hasher:e33e9641d6e15aea","6d7edc7c29a60a94c59effeeb2b78d8b95038135","default-hasher:f20647ba796d9a0c","rustc 1.97.0 (2d8144b78 2026-07-07)","x86_64-unknown-linux-gnu","Linux 7.0.11-76070011-generic x86_64","Intel(R) Core(TM) Ultra 7 155H","/dev/nvme0n1p3[/tmp] ext4   rw,nosuid,nodev,noatime,errors=remount-ro","/tmp/pigment-db-durability-bench","12-19","comparator","pre_feature_pigment_db","buffered","pre_feature_pigment_db","3","1","key_value","file","minimal_callback","8","32","5","3","19456","100792140","193030.924832","95370","0"
"protocol-v5-20260807-220443","6d7edc7c29a60a94c59effeeb2b78d8b95038135","default-hasher:e33e9641d6e15aea","6d7edc7c29a60a94c59effeeb2b78d8b95038135","default-hasher:f20647ba796d9a0c","rustc 1.97.0 (2d8144b78 2026-07-07)","x86_64-unknown-linux-gnu","Linux 7.0.11-76070011-generic x86_64","Intel(R) Core(TM) Ultra 7 155H","/dev/nvme0n1p3[/tmp] ext4   rw,nosuid,nodev,noatime,errors=remount-ro","/tmp/pigment-db-durability-bench","12-19","comparator","pre_feature_pigment_db","buffered","pre_feature_pigment_db","4","0","key_value","file","minimal_callback","8","32","5","4","19456","102336051","190118.729518","106800","0"
"protocol-v5-20260807-220443","6d7edc7c29a60a94c59effeeb2b78d8b95038135","default-hasher:e33e9641d6e15aea","6d7edc7c29a60a94c59effeeb2b78d8b95038135","default-hasher:f20647ba796d9a0c","rustc 1.97.0 (2d8144b78 2026-07-07)","x86_64-unknown-linux-gnu","Linux 7.0.11-76070011-generic x86_64","Intel(R) Core(TM) Ultra 7 155H","/dev/nvme0n1p3[/tmp] ext4   rw,nosuid,nodev,noatime,errors=remount-ro","/tmp/pigment-db-durability-bench","12-19","candidate","candidate_pigment_db","buffered","pre_feature_pigment_db","4","1","key_value","file","minimal_callback","8","32","5","4","21504","101323520","212231.079220","114432","0"
"protocol-v5-20260807-220443","6d7edc7c29a60a94c59effeeb2b78d8b95038135","default-hasher:e33e9641d6e15aea","6d7edc7c29a60a94c59effeeb2b78d8b95038135","default-hasher:f20647ba796d9a0c","rustc 1.97.0 (2d8144b78 2026-07-07)","x86_64-unknown-linux-gnu","Linux 7.0.11-76070011-generic x86_64","Intel(R) Core(TM) Ultra 7 155H","/dev/nvme0n1p3[/tmp] ext4   rw,nosuid,nodev,noatime,errors=remount-ro","/tmp/pigment-db-durability-bench","12-19","candidate","candidate_pigment_db","buffered","pre_feature_pigment_db","5","0","key_value","file","minimal_callback","8","32","5","5","19456","100019327","194522.404655","121496","0"
"protocol-v5-20260807-220443","6d7edc7c29a60a94c59effeeb2b78d8b95038135","default-hasher:e33e9641d6e15aea","6d7edc7c29a60a94c59effeeb2b78d8b95038135","default-hasher:f20647ba796d9a0c","rustc 1.97.0 (2d8144b78 2026-07-07)","x86_64-unknown-linux-gnu","Linux 7.0.11-76070011-generic x86_64","Intel(R) Core(TM) Ultra 7 155H","/dev/nvme0n1p3[/tmp] ext4   rw,nosuid,nodev,noatime,errors=remount-ro","/tmp/pigment-db-durability-bench","12-19","comparator","pre_feature_pigment_db","buffered","pre_feature_pigment_db","5","1","key_value","file","minimal_callback","8","32","5","5","19968","100498212","198690.102069","108635","0"
"protocol-v5-20260807-220443","6d7edc7c29a60a94c59effeeb2b78d8b95038135","default-hasher:e33e9641d6e15aea","6d7edc7c29a60a94c59effeeb2b78d8b95038135","default-hasher:f20647ba796d9a0c","rustc 1.97.0 (2d8144b78 2026-07-07)","x86_64-unknown-linux-gnu","Linux 7.0.11-76070011-generic x86_64","Intel(R) Core(TM) Ultra 7 155H","/dev/nvme0n1p3[/tmp] ext4   rw,nosuid,nodev,noatime,errors=remount-ro","/tmp/pigment-db-durability-bench","12-19","comparator","pre_feature_pigment_db","buffered","pre_feature_pigment_db","6","0","key_value","file","minimal_callback","8","32","5","6","19968","101111679","197484.605117","121742","0"
"protocol-v5-20260807-220443","6d7edc7c29a60a94c59effeeb2b78d8b95038135","default-hasher:e33e9641d6e15aea","6d7edc7c29a60a94c59effeeb2b78d8b95038135","default-hasher:f20647ba796d9a0c","rustc 1.97.0 (2d8144b78 2026-07-07)","x86_64-unknown-linux-gnu","Linux 7.0.11-76070011-generic x86_64","Intel(R) Core(TM) Ultra 7 155H","/dev/nvme0n1p3[/tmp] ext4   rw,nosuid,nodev,noatime,errors=remount-ro","/tmp/pigment-db-durability-bench","12-19","candidate","candidate_pigment_db","buffered","pre_feature_pigment_db","6","1","key_value","file","minimal_callback","8","32","5","6","20992","102126068","205549.869990","111866","0"
"protocol-v5-20260807-220443","6d7edc7c29a60a94c59effeeb2b78d8b95038135","default-hasher:e33e9641d6e15aea","6d7edc7c29a60a94c59effeeb2b78d8b95038135","default-hasher:f20647ba796d9a0c","rustc 1.97.0 (2d8144b78 2026-07-07)","x86_64-unknown-linux-gnu","Linux 7.0.11-76070011-generic x86_64","Intel(R) Core(TM) Ultra 7 155H","/dev/nvme0n1p3[/tmp] ext4   rw,nosuid,nodev,noatime,errors=remount-ro","/tmp/pigment-db-durability-bench","12-19","candidate","candidate_pigment_db","buffered","pre_feature_pigment_db","7","0","key_value","file","minimal_callback","8","32","5","7","19968","101683832","196373.401821","117838","0"
"protocol-v5-20260807-220443","6d7edc7c29a60a94c59effeeb2b78d8b95038135","default-hasher:e33e9641d6e15aea","6d7edc7c29a60a94c59effeeb2b78d8b95038135","default-hasher:f20647ba796d9a0c","rustc 1.97.0 (2d8144b78 2026-07-07)","x86_64-unknown-linux-gnu","Linux 7.0.11-76070011-generic x86_64","Intel(R) Core(TM) Ultra 7 155H","/dev/nvme0n1p3[/tmp] ext4   rw,nosuid,nodev,noatime,errors=remount-ro","/tmp/pigment-db-durability-bench","12-19","comparator","pre_feature_pigment_db","buffered","pre_feature_pigment_db","7","1","key_value","file","minimal_callback","8","32","5","7","20992","100715402","208428.895513","116625","0"
"protocol-v5-20260807-220443","6d7edc7c29a60a94c59effeeb2b78d8b95038135","default-hasher:e33e9641d6e15aea","6d7edc7c29a60a94c59effeeb2b78d8b95038135","default-hasher:f20647ba796d9a0c","rustc 1.97.0 (2d8144b78 2026-07-07)","x86_64-unknown-linux-gnu","Linux 7.0.11-76070011-generic x86_64","Intel(R) Core(TM) Ultra 7 155H","/dev/nvme0n1p3[/tmp] ext4   rw,nosuid,nodev,noatime,errors=remount-ro","/tmp/pigment-db-durability-bench","12-19","comparator","pre_feature_pigment_db","buffered","pre_feature_pigment_db","8","0","key_value","file","minimal_callback","8","32","5","8","19968","102348293","195098.515224","121629","0"
"protocol-v5-20260807-220443","6d7edc7c29a60a94c59effeeb2b78d8b95038135","default-hasher:e33e9641d6e15aea","6d7edc7c29a60a94c59effeeb2b78d8b95038135","default-hasher:f20647ba796d9a0c","rustc 1.97.0 (2d8144b78 2026-07-07)","x86_64-unknown-linux-gnu","Linux 7.0.11-76070011-generic x86_64","Intel(R) Core(TM) Ultra 7 155H","/dev/nvme0n1p3[/tmp] ext4   rw,nosuid,nodev,noatime,errors=remount-ro","/tmp/pigment-db-durability-bench","12-19","candidate","candidate_pigment_db","buffered","pre_feature_pigment_db","8","1","key_value","file","minimal_callback","8","32","5","8","20480","100607993","203562.355130","118623","0"
"protocol-v5-20260807-220443","6d7edc7c29a60a94c59effeeb2b78d8b95038135","default-hasher:e33e9641d6e15aea","6d7edc7c29a60a94c59effeeb2b78d8b95038135","default-hasher:f20647ba796d9a0c","rustc 1.97.0 (2d8144b78 2026-07-07)","x86_64-unknown-linux-gnu","Linux 7.0.11-76070011-generic x86_64","Intel(R) Core(TM) Ultra 7 155H","/dev/nvme0n1p3[/tmp] ext4   rw,nosuid,nodev,noatime,errors=remount-ro","/tmp/pigment-db-durability-bench","12-19","candidate","candidate_pigment_db","buffered","pre_feature_pigment_db","9","0","key_value","file","minimal_callback","8","32","5","9","19968","101856052","196041.370227","118419","0"
"protocol-v5-20260807-220443","6d7edc7c29a60a94c59effeeb2b78d8b95038135","default-hasher:e33e9641d6e15aea","6d7edc7c29a60a94c59effeeb2b78d8b95038135","default-hasher:f20647ba796d9a0c","rustc 1.97.0 (2d8144b78 2026-07-07)","x86_64-unknown-linux-gnu","Linux 7.0.11-76070011-generic x86_64","Intel(R) Core(TM) Ultra 7 155H","/dev/nvme0n1p3[/tmp] ext4   rw,nosuid,nodev,noatime,errors=remount-ro","/tmp/pigment-db-durability-bench","12-19","comparator","pre_feature_pigment_db","buffered","pre_feature_pigment_db","9","1","key_value","file","minimal_callback","8","32","5","9","20480","102358049","200081.969128","121946","0"
"protocol-v5-20260807-220443","6d7edc7c29a60a94c59effeeb2b78d8b95038135","default-hasher:e33e9641d6e15aea","6d7edc7c29a60a94c59effeeb2b78d8b95038135","default-hasher:f20647ba796d9a0c","rustc 1.97.0 (2d8144b78 2026-07-07)","x86_64-unknown-linux-gnu","Linux 7.0.11-76070011-generic x86_64","Intel(R) Core(TM) Ultra 7 155H","/dev/nvme0n1p3[/tmp] ext4   rw,nosuid,nodev,noatime,errors=remount-ro","/tmp/pigment-db-durability-bench","12-19","comparator","pre_feature_pigment_db","buffered","pre_feature_pigment_db","10","0","key_value","file","minimal_callback","8","32","5","10","19968","101877723","195999.669133","111319","0"
"protocol-v5-20260807-220443","6d7edc7c29a60a94c59effeeb2b78d8b95038135","default-hasher:e33e9641d6e15aea","6d7edc7c29a60a94c59effeeb2b78d8b95038135","default-hasher:f20647ba796d9a0c","rustc 1.97.0 (2d8144b78 2026-07-07)","x86_64-unknown-linux-gnu","Linux 7.0.11-76070011-generic x86_64","Intel(R) Core(TM) Ultra 7 155H","/dev/nvme0n1p3[/tmp] ext4   rw,nosuid,nodev,noatime,errors=remount-ro","/tmp/pigment-db-durability-bench","12-19","candidate","candidate_pigment_db","buffered","pre_feature_pigment_db","10","1","key_value","file","minimal_callback","8","32","5","10","20480","101340715","202090.541793","108099","0"
"protocol-v5-20260807-220443","6d7edc7c29a60a94c59effeeb2b78d8b95038135","default-hasher:e33e9641d6e15aea","6d7edc7c29a60a94c59effeeb2b78d8b95038135","default-hasher:f20647ba796d9a0c","rustc 1.97.0 (2d8144b78 2026-07-07)","x86_64-unknown-linux-gnu","Linux 7.0.11-76070011-generic x86_64","Intel(R) Core(TM) Ultra 7 155H","/dev/nvme0n1p3[/tmp] ext4   rw,nosuid,nodev,noatime,errors=remount-ro","/tmp/pigment-db-durability-bench","12-19","comparator","pre_feature_pigment_db","buffered","pre_feature_pigment_db","0","0","key_set","vector","ordinary_write","1","32","5","0","114752","113742586","1008874.547656","822","0"
"protocol-v5-20260807-220443","6d7edc7c29a60a94c59effeeb2b78d8b95038135","default-hasher:e33e9641d6e15aea","6d7edc7c29a60a94c59effeeb2b78d8b95038135","default-hasher:f20647ba796d9a0c","rustc 1.97.0 (2d8144b78 2026-07-07)","x86_64-unknown-linux-gnu","Linux 7.0.11-76070011-generic x86_64","Intel(R) Core(TM) Ultra 7 155H","/dev/nvme0n1p3[/tmp] ext4   rw,nosuid,nodev,noatime,errors=remount-ro","/tmp/pigment-db-durability-bench","12-19","candidate","candidate_pigment_db","buffered","pre_feature_pigment_db","0","1","key_set","vector","ordinary_write","1","32","5","0","114752","112426564","1020684.044031","822","0"
"protocol-v5-20260807-220443","6d7edc7c29a60a94c59effeeb2b78d8b95038135","default-hasher:e33e9641d6e15aea","6d7edc7c29a60a94c59effeeb2b78d8b95038135","default-hasher:f20647ba796d9a0c","rustc 1.97.0 (2d8144b78 2026-07-07)","x86_64-unknown-linux-gnu","Linux 7.0.11-76070011-generic x86_64","Intel(R) Core(TM) Ultra 7 155H","/dev/nvme0n1p3[/tmp] ext4   rw,nosuid,nodev,noatime,errors=remount-ro","/tmp/pigment-db-durability-bench","12-19","candidate","candidate_pigment_db","buffered","pre_feature_pigment_db","1","0","key_set","vector","ordinary_write","1","32","5","1","114752","110407495","1039349.728929","803","0"
"protocol-v5-20260807-220443","6d7edc7c29a60a94c59effeeb2b78d8b95038135","default-hasher:e33e9641d6e15aea","6d7edc7c29a60a94c59effeeb2b78d8b95038135","default-hasher:f20647ba796d9a0c","rustc 1.97.0 (2d8144b78 2026-07-07)","x86_64-unknown-linux-gnu","Linux 7.0.11-76070011-generic x86_64","Intel(R) Core(TM) Ultra 7 155H","/dev/nvme0n1p3[/tmp] ext4   rw,nosuid,nodev,noatime,errors=remount-ro","/tmp/pigment-db-durability-bench","12-19","comparator","pre_feature_pigment_db","buffered","pre_feature_pigment_db","1","1","key_set","vector","ordinary_write","1","32","5","1","114752","110695988","1036641.002743","806","0"
"protocol-v5-20260807-220443","6d7edc7c29a60a94c59effeeb2b78d8b95038135","default-hasher:e33e9641d6e15aea","6d7edc7c29a60a94c59effeeb2b78d8b95038135","default-hasher:f20647ba796d9a0c","rustc 1.97.0 (2d8144b78 2026-07-07)","x86_64-unknown-linux-gnu","Linux 7.0.11-76070011-generic x86_64","Intel(R) Core(TM) Ultra 7 155H","/dev/nvme0n1p3[/tmp] ext4   rw,nosuid,nodev,noatime,errors=remount-ro","/tmp/pigment-db-durability-bench","12-19","comparator","pre_feature_pigment_db","buffered","pre_feature_pigment_db","2","0","key_set","vector","ordinary_write","1","32","5","2","114752","111129269","1032599.251598","807","0"
"protocol-v5-20260807-220443","6d7edc7c29a60a94c59effeeb2b78d8b95038135","default-hasher:e33e9641d6e15aea","6d7edc7c29a60a94c59effeeb2b78d8b95038135","default-hasher:f20647ba796d9a0c","rustc 1.97.0 (2d8144b78 2026-07-07)","x86_64-unknown-linux-gnu","Linux 7.0.11-76070011-generic x86_64","Intel(R) Core(TM) Ultra 7 155H","/dev/nvme0n1p3[/tmp] ext4   rw,nosuid,nodev,noatime,errors=remount-ro","/tmp/pigment-db-durability-bench","12-19","candidate","candidate_pigment_db","buffered","pre_feature_pigment_db","2","1","key_set","vector","ordinary_write","1","32","5","2","114752","114020453","1006415.927851","813","0"
"protocol-v5-20260807-220443","6d7edc7c29a60a94c59effeeb2b78d8b95038135","default-hasher:e33e9641d6e15aea","6d7edc7c29a60a94c59effeeb2b78d8b95038135","default-hasher:f20647ba796d9a0c","rustc 1.97.0 (2d8144b78 2026-07-07)","x86_64-unknown-linux-gnu","Linux 7.0.11-76070011-generic x86_64","Intel(R) Core(TM) Ultra 7 155H","/dev/nvme0n1p3[/tmp] ext4   rw,nosuid,nodev,noatime,errors=remount-ro","/tmp/pigment-db-durability-bench","12-19","candidate","candidate_pigment_db","buffered","pre_feature_pigment_db","3","0","key_set","vector","ordinary_write","1","32","5","3","114752","113881328","1007645.432445","821","0"
"protocol-v5-20260807-220443","6d7edc7c29a60a94c59effeeb2b78d8b95038135","default-hasher:e33e9641d6e15aea","6d7edc7c29a60a94c59effeeb2b78d8b95038135","default-hasher:f20647ba796d9a0c","rustc 1.97.0 (2d8144b78 2026-07-07)","x86_64-unknown-linux-gnu","Linux 7.0.11-76070011-generic x86_64","Intel(R) Core(TM) Ultra 7 155H","/dev/nvme0n1p3[/tmp] ext4   rw,nosuid,nodev,noatime,errors=remount-ro","/tmp/pigment-db-durability-bench","12-19","comparator","pre_feature_pigment_db","buffered","pre_feature_pigment_db","3","1","key_set","vector","ordinary_write","1","32","5","3","114752","113654046","1009660.491981","837","0"
"protocol-v5-20260807-220443","6d7edc7c29a60a94c59effeeb2b78d8b95038135","default-hasher:e33e9641d6e15aea","6d7edc7c29a60a94c59effeeb2b78d8b95038135","default-hasher:f20647ba796d9a0c","rustc 1.97.0 (2d8144b78 2026-07-07)","x86_64-unknown-linux-gnu","Linux 7.0.11-76070011-generic x86_64","Intel(R) Core(TM) Ultra 7 155H","/dev/nvme0n1p3[/tmp] ext4   rw,nosuid,nodev,noatime,errors=remount-ro","/tmp/pigment-db-durability-bench","12-19","comparator","pre_feature_pigment_db","buffered","pre_feature_pigment_db","4","0","key_set","vector","ordinary_write","1","32","5","4","114752","113167395","1014002.310471","807","0"
"protocol-v5-20260807-220443","6d7edc7c29a60a94c59effeeb2b78d8b95038135","default-hasher:e33e9641d6e15aea","6d7edc7c29a60a94c59effeeb2b78d8b95038135","default-hasher:f20647ba796d9a0c","rustc 1.97.0 (2d8144b78 2026-07-07)","x86_64-unknown-linux-gnu","Linux 7.0.11-76070011-generic x86_64","Intel(R) Core(TM) Ultra 7 155H","/dev/nvme0n1p3[/tmp] ext4   rw,nosuid,nodev,noatime,errors=remount-ro","/tmp/pigment-db-durability-bench","12-19","candidate","candidate_pigment_db","buffered","pre_feature_pigment_db","4","1","key_set","vector","ordinary_write","1","32","5","4","114752","112229435","1022476.857341","804","0"
"protocol-v5-20260807-220443","6d7edc7c29a60a94c59effeeb2b78d8b95038135","default-hasher:e33e9641d6e15aea","6d7edc7c29a60a94c59effeeb2b78d8b95038135","default-hasher:f20647ba796d9a0c","rustc 1.97.0 (2d8144b78 2026-07-07)","x86_64-unknown-linux-gnu","Linux 7.0.11-76070011-generic x86_64","Intel(R) Core(TM) Ultra 7 155H","/dev/nvme0n1p3[/tmp] ext4   rw,nosuid,nodev,noatime,errors=remount-ro","/tmp/pigment-db-durability-bench","12-19","candidate","candidate_pigment_db","buffered","pre_feature_pigment_db","5","0","key_set","vector","ordinary_write","1","32","5","5","114752","112972436","1015752.196403","823","0"
"protocol-v5-20260807-220443","6d7edc7c29a60a94c59effeeb2b78d8b95038135","default-hasher:e33e9641d6e15aea","6d7edc7c29a60a94c59effeeb2b78d8b95038135","default-hasher:f20647ba796d9a0c","rustc 1.97.0 (2d8144b78 2026-07-07)","x86_64-unknown-linux-gnu","Linux 7.0.11-76070011-generic x86_64","Intel(R) Core(TM) Ultra 7 155H","/dev/nvme0n1p3[/tmp] ext4   rw,nosuid,nodev,noatime,errors=remount-ro","/tmp/pigment-db-durability-bench","12-19","comparator","pre_feature_pigment_db","buffered","pre_feature_pigment_db","5","1","key_set","vector","ordinary_write","1","32","5","5","114752","113306726","1012755.412243","825","0"
"protocol-v5-20260807-220443","6d7edc7c29a60a94c59effeeb2b78d8b95038135","default-hasher:e33e9641d6e15aea","6d7edc7c29a60a94c59effeeb2b78d8b95038135","default-hasher:f20647ba796d9a0c","rustc 1.97.0 (2d8144b78 2026-07-07)","x86_64-unknown-linux-gnu","Linux 7.0.11-76070011-generic x86_64","Intel(R) Core(TM) Ultra 7 155H","/dev/nvme0n1p3[/tmp] ext4   rw,nosuid,nodev,noatime,errors=remount-ro","/tmp/pigment-db-durability-bench","12-19","comparator","pre_feature_pigment_db","buffered","pre_feature_pigment_db","6","0","key_set","vector","ordinary_write","1","32","5","6","114752","113086501","1014727.655249","827","0"
"protocol-v5-20260807-220443","6d7edc7c29a60a94c59effeeb2b78d8b95038135","default-hasher:e33e9641d6e15aea","6d7edc7c29a60a94c59effeeb2b78d8b95038135","default-hasher:f20647ba796d9a0c","rustc 1.97.0 (2d8144b78 2026-07-07)","x86_64-unknown-linux-gnu","Linux 7.0.11-76070011-generic x86_64","Intel(R) Core(TM) Ultra 7 155H","/dev/nvme0n1p3[/tmp] ext4   rw,nosuid,nodev,noatime,errors=remount-ro","/tmp/pigment-db-durability-bench","12-19","candidate","candidate_pigment_db","buffered","pre_feature_pigment_db","6","1","key_set","vector","ordinary_write","1","32","5","6","114752","115125677","996754.181954","848","0"
"protocol-v5-20260807-220443","6d7edc7c29a60a94c59effeeb2b78d8b95038135","default-hasher:e33e9641d6e15aea","6d7edc7c29a60a94c59effeeb2b78d8b95038135","default-hasher:f20647ba796d9a0c","rustc 1.97.0 (2d8144b78 2026-07-07)","x86_64-unknown-linux-gnu","Linux 7.0.11-76070011-generic x86_64","Intel(R) Core(TM) Ultra 7 155H","/dev/nvme0n1p3[/tmp] ext4   rw,nosuid,nodev,noatime,errors=remount-ro","/tmp/pigment-db-durability-bench","12-19","candidate","candidate_pigment_db","buffered","pre_feature_pigment_db","7","0","key_set","vector","ordinary_write","1","32","5","7","114752","122241919","938728.718747","804","0"
"protocol-v5-20260807-220443","6d7edc7c29a60a94c59effeeb2b78d8b95038135","default-hasher:e33e9641d6e15aea","6d7edc7c29a60a94c59effeeb2b78d8b95038135","default-hasher:f20647ba796d9a0c","rustc 1.97.0 (2d8144b78 2026-07-07)","x86_64-unknown-linux-gnu","Linux 7.0.11-76070011-generic x86_64","Intel(R) Core(TM) Ultra 7 155H","/dev/nvme0n1p3[/tmp] ext4   rw,nosuid,nodev,noatime,errors=remount-ro","/tmp/pigment-db-durability-bench","12-19","comparator","pre_feature_pigment_db","buffered","pre_feature_pigment_db","7","1","key_set","vector","ordinary_write","1","32","5","7","114752","116507579","984931.632645","827","0"
"protocol-v5-20260807-220443","6d7edc7c29a60a94c59effeeb2b78d8b95038135","default-hasher:e33e9641d6e15aea","6d7edc7c29a60a94c59effeeb2b78d8b95038135","default-hasher:f20647ba796d9a0c","rustc 1.97.0 (2d8144b78 2026-07-07)","x86_64-unknown-linux-gnu","Linux 7.0.11-76070011-generic x86_64","Intel(R) Core(TM) Ultra 7 155H","/dev/nvme0n1p3[/tmp] ext4   rw,nosuid,nodev,noatime,errors=remount-ro","/tmp/pigment-db-durability-bench","12-19","comparator","pre_feature_pigment_db","buffered","pre_feature_pigment_db","8","0","key_set","vector","ordinary_write","1","32","5","8","114752","112089044","1023757.504792","807","0"
"protocol-v5-20260807-220443","6d7edc7c29a60a94c59effeeb2b78d8b95038135","default-hasher:e33e9641d6e15aea","6d7edc7c29a60a94c59effeeb2b78d8b95038135","default-hasher:f20647ba796d9a0c","rustc 1.97.0 (2d8144b78 2026-07-07)","x86_64-unknown-linux-gnu","Linux 7.0.11-76070011-generic x86_64","Intel(R) Core(TM) Ultra 7 155H","/dev/nvme0n1p3[/tmp] ext4   rw,nosuid,nodev,noatime,errors=remount-ro","/tmp/pigment-db-durability-bench","12-19","candidate","candidate_pigment_db","buffered","pre_feature_pigment_db","8","1","key_set","vector","ordinary_write","1","32","5","8","114752","117057123","980307.708400","836","0"
"protocol-v5-20260807-220443","6d7edc7c29a60a94c59effeeb2b78d8b95038135","default-hasher:e33e9641d6e15aea","6d7edc7c29a60a94c59effeeb2b78d8b95038135","default-hasher:f20647ba796d9a0c","rustc 1.97.0 (2d8144b78 2026-07-07)","x86_64-unknown-linux-gnu","Linux 7.0.11-76070011-generic x86_64","Intel(R) Core(TM) Ultra 7 155H","/dev/nvme0n1p3[/tmp] ext4   rw,nosuid,nodev,noatime,errors=remount-ro","/tmp/pigment-db-durability-bench","12-19","candidate","candidate_pigment_db","buffered","pre_feature_pigment_db","9","0","key_set","vector","ordinary_write","1","32","5","9","114752","114265271","1004259.640709","827","0"
"protocol-v5-20260807-220443","6d7edc7c29a60a94c59effeeb2b78d8b95038135","default-hasher:e33e9641d6e15aea","6d7edc7c29a60a94c59effeeb2b78d8b95038135","default-hasher:f20647ba796d9a0c","rustc 1.97.0 (2d8144b78 2026-07-07)","x86_64-unknown-linux-gnu","Linux 7.0.11-76070011-generic x86_64","Intel(R) Core(TM) Ultra 7 155H","/dev/nvme0n1p3[/tmp] ext4   rw,nosuid,nodev,noatime,errors=remount-ro","/tmp/pigment-db-durability-bench","12-19","comparator","pre_feature_pigment_db","buffered","pre_feature_pigment_db","9","1","key_set","vector","ordinary_write","1","32","5","9","114752","112487588","1020130.327623","830","0"
"protocol-v5-20260807-220443","6d7edc7c29a60a94c59effeeb2b78d8b95038135","default-hasher:e33e9641d6e15aea","6d7edc7c29a60a94c59effeeb2b78d8b95038135","default-hasher:f20647ba796d9a0c","rustc 1.97.0 (2d8144b78 2026-07-07)","x86_64-unknown-linux-gnu","Linux 7.0.11-76070011-generic x86_64","Intel(R) Core(TM) Ultra 7 155H","/dev/nvme0n1p3[/tmp] ext4   rw,nosuid,nodev,noatime,errors=remount-ro","/tmp/pigment-db-durability-bench","12-19","comparator","pre_feature_pigment_db","buffered","pre_feature_pigment_db","10","0","key_set","vector","ordinary_write","1","32","5","10","114752","115169977","996370.781597","834","0"
"protocol-v5-20260807-220443","6d7edc7c29a60a94c59effeeb2b78d8b95038135","default-hasher:e33e9641d6e15aea","6d7edc7c29a60a94c59effeeb2b78d8b95038135","default-hasher:f20647ba796d9a0c","rustc 1.97.0 (2d8144b78 2026-07-07)","x86_64-unknown-linux-gnu","Linux 7.0.11-76070011-generic x86_64","Intel(R) Core(TM) Ultra 7 155H","/dev/nvme0n1p3[/tmp] ext4   rw,nosuid,nodev,noatime,errors=remount-ro","/tmp/pigment-db-durability-bench","12-19","candidate","candidate_pigment_db","buffered","pre_feature_pigment_db","10","1","key_set","vector","ordinary_write","1","32","5","10","114752","115789256","991041.863159","832","0"
"protocol-v5-20260807-220443","6d7edc7c29a60a94c59effeeb2b78d8b95038135","default-hasher:e33e9641d6e15aea","6d7edc7c29a60a94c59effeeb2b78d8b95038135","default-hasher:f20647ba796d9a0c","rustc 1.97.0 (2d8144b78 2026-07-07)","x86_64-unknown-linux-gnu","Linux 7.0.11-76070011-generic x86_64","Intel(R) Core(TM) Ultra 7 155H","/dev/nvme0n1p3[/tmp] ext4   rw,nosuid,nodev,noatime,errors=remount-ro","/tmp/pigment-db-durability-bench","12-19","comparator","pre_feature_pigment_db","buffered","pre_feature_pigment_db","0","0","key_set","vector","ordinary_write","8","32","5","0","72192","100517934","718200.196992","18947","0"
"protocol-v5-20260807-220443","6d7edc7c29a60a94c59effeeb2b78d8b95038135","default-hasher:e33e9641d6e15aea","6d7edc7c29a60a94c59effeeb2b78d8b95038135","default-hasher:f20647ba796d9a0c","rustc 1.97.0 (2d8144b78 2026-07-07)","x86_64-unknown-linux-gnu","Linux 7.0.11-76070011-generic x86_64","Intel(R) Core(TM) Ultra 7 155H","/dev/nvme0n1p3[/tmp] ext4   rw,nosuid,nodev,noatime,errors=remount-ro","/tmp/pigment-db-durability-bench","12-19","candidate","candidate_pigment_db","buffered","pre_feature_pigment_db","0","1","key_set","vector","ordinary_write","8","32","5","0","86016","100305597","857539.385365","19896","0"
"protocol-v5-20260807-220443","6d7edc7c29a60a94c59effeeb2b78d8b95038135","default-hasher:e33e9641d6e15aea","6d7edc7c29a60a94c59effeeb2b78d8b95038135","default-hasher:f20647ba796d9a0c","rustc 1.97.0 (2d8144b78 2026-07-07)","x86_64-unknown-linux-gnu","Linux 7.0.11-76070011-generic x86_64","Intel(R) Core(TM) Ultra 7 155H","/dev/nvme0n1p3[/tmp] ext4   rw,nosuid,nodev,noatime,errors=remount-ro","/tmp/pigment-db-durability-bench","12-19","candidate","candidate_pigment_db","buffered","pre_feature_pigment_db","1","0","key_set","vector","ordinary_write","8","32","5","1","80896","100292665","806599.365966","20311","0"
"protocol-v5-20260807-220443","6d7edc7c29a60a94c59effeeb2b78d8b95038135","default-hasher:e33e9641d6e15aea","6d7edc7c29a60a94c59effeeb2b78d8b95038135","default-hasher:f20647ba796d9a0c","rustc 1.97.0 (2d8144b78 2026-07-07)","x86_64-unknown-linux-gnu","Linux 7.0.11-76070011-generic x86_64","Intel(R) Core(TM) Ultra 7 155H","/dev/nvme0n1p3[/tmp] ext4   rw,nosuid,nodev,noatime,errors=remount-ro","/tmp/pigment-db-durability-bench","12-19","comparator","pre_feature_pigment_db","buffered","pre_feature_pigment_db","1","1","key_set","vector","ordinary_write","8","32","5","1","75776","101167614","749014.402969","16820","0"
"protocol-v5-20260807-220443","6d7edc7c29a60a94c59effeeb2b78d8b95038135","default-hasher:e33e9641d6e15aea","6d7edc7c29a60a94c59effeeb2b78d8b95038135","default-hasher:f20647ba796d9a0c","rustc 1.97.0 (2d8144b78 2026-07-07)","x86_64-unknown-linux-gnu","Linux 7.0.11-76070011-generic x86_64","Intel(R) Core(TM) Ultra 7 155H","/dev/nvme0n1p3[/tmp] ext4   rw,nosuid,nodev,noatime,errors=remount-ro","/tmp/pigment-db-durability-bench","12-19","comparator","pre_feature_pigment_db","buffered","pre_feature_pigment_db","2","0","key_set","vector","ordinary_write","8","32","5","2","67584","100052833","675483.122002","16675","0"
"protocol-v5-20260807-220443","6d7edc7c29a60a94c59effeeb2b78d8b95038135","default-hasher:e33e9641d6e15aea","6d7edc7c29a60a94c59effeeb2b78d8b95038135","default-hasher:f20647ba796d9a0c","rustc 1.97.0 (2d8144b78 2026-07-07)","x86_64-unknown-linux-gnu","Linux 7.0.11-76070011-generic x86_64","Intel(R) Core(TM) Ultra 7 155H","/dev/nvme0n1p3[/tmp] ext4   rw,nosuid,nodev,noatime,errors=remount-ro","/tmp/pigment-db-durability-bench","12-19","candidate","candidate_pigment_db","buffered","pre_feature_pigment_db","2","1","key_set","vector","ordinary_write","8","32","5","2","82432","100419262","820878.368933","19849","0"
"protocol-v5-20260807-220443","6d7edc7c29a60a94c59effeeb2b78d8b95038135","default-hasher:e33e9641d6e15aea","6d7edc7c29a60a94c59effeeb2b78d8b95038135","default-hasher:f20647ba796d9a0c","rustc 1.97.0 (2d8144b78 2026-07-07)","x86_64-unknown-linux-gnu","Linux 7.0.11-76070011-generic x86_64","Intel(R) Core(TM) Ultra 7 155H","/dev/nvme0n1p3[/tmp] ext4   rw,nosuid,nodev,noatime,errors=remount-ro","/tmp/pigment-db-durability-bench","12-19","candidate","candidate_pigment_db","buffered","pre_feature_pigment_db","3","0","key_set","vector","ordinary_write","8","32","5","3","65024","100462800","647244.552212","28065","0"
"protocol-v5-20260807-220443","6d7edc7c29a60a94c59effeeb2b78d8b95038135","default-hasher:e33e9641d6e15aea","6d7edc7c29a60a94c59effeeb2b78d8b95038135","default-hasher:f20647ba796d9a0c","rustc 1.97.0 (2d8144b78 2026-07-07)","x86_64-unknown-linux-gnu","Linux 7.0.11-76070011-generic x86_64","Intel(R) Core(TM) Ultra 7 155H","/dev/nvme0n1p3[/tmp] ext4   rw,nosuid,nodev,noatime,errors=remount-ro","/tmp/pigment-db-durability-bench","12-19","comparator","pre_feature_pigment_db","buffered","pre_feature_pigment_db","3","1","key_set","vector","ordinary_write","8","32","5","3","77824","100225044","776492.550106","22340","0"
"protocol-v5-20260807-220443","6d7edc7c29a60a94c59effeeb2b78d8b95038135","default-hasher:e33e9641d6e15aea","6d7edc7c29a60a94c59effeeb2b78d8b95038135","default-hasher:f20647ba796d9a0c","rustc 1.97.0 (2d8144b78 2026-07-07)","x86_64-unknown-linux-gnu","Linux 7.0.11-76070011-generic x86_64","Intel(R) Core(TM) Ultra 7 155H","/dev/nvme0n1p3[/tmp] ext4   rw,nosuid,nodev,noatime,errors=remount-ro","/tmp/pigment-db-durability-bench","12-19","comparator","pre_feature_pigment_db","buffered","pre_feature_pigment_db","4","0","key_set","vector","ordinary_write","8","32","5","4","74240","100468984","738934.515353","21286","0"
"protocol-v5-20260807-220443","6d7edc7c29a60a94c59effeeb2b78d8b95038135","default-hasher:e33e9641d6e15aea","6d7edc7c29a60a94c59effeeb2b78d8b95038135","default-hasher:f20647ba796d9a0c","rustc 1.97.0 (2d8144b78 2026-07-07)","x86_64-unknown-linux-gnu","Linux 7.0.11-76070011-generic x86_64","Intel(R) Core(TM) Ultra 7 155H","/dev/nvme0n1p3[/tmp] ext4   rw,nosuid,nodev,noatime,errors=remount-ro","/tmp/pigment-db-durability-bench","12-19","candidate","candidate_pigment_db","buffered","pre_feature_pigment_db","4","1","key_set","vector","ordinary_write","8","32","5","4","76800","100277398","765875.476745","24355","0"
"protocol-v5-20260807-220443","6d7edc7c29a60a94c59effeeb2b78d8b95038135","default-hasher:e33e9641d6e15aea","6d7edc7c29a60a94c59effeeb2b78d8b95038135","default-hasher:f20647ba796d9a0c","rustc 1.97.0 (2d8144b78 2026-07-07)","x86_64-unknown-linux-gnu","Linux 7.0.11-76070011-generic x86_64","Intel(R) Core(TM) Ultra 7 155H","/dev/nvme0n1p3[/tmp] ext4   rw,nosuid,nodev,noatime,errors=remount-ro","/tmp/pigment-db-durability-bench","12-19","candidate","candidate_pigment_db","buffered","pre_feature_pigment_db","5","0","key_set","vector","ordinary_write","8","32","5","5","78848","100134442","787421.374955","22582","0"
"protocol-v5-20260807-220443","6d7edc7c29a60a94c59effeeb2b78d8b95038135","default-hasher:e33e9641d6e15aea","6d7edc7c29a60a94c59effeeb2b78d8b95038135","default-hasher:f20647ba796d9a0c","rustc 1.97.0 (2d8144b78 2026-07-07)","x86_64-unknown-linux-gnu","Linux 7.0.11-76070011-generic x86_64","Intel(R) Core(TM) Ultra 7 155H","/dev/nvme0n1p3[/tmp] ext4   rw,nosuid,nodev,noatime,errors=remount-ro","/tmp/pigment-db-durability-bench","12-19","comparator","pre_feature_pigment_db","buffered","pre_feature_pigment_db","5","1","key_set","vector","ordinary_write","8","32","5","5","71680","100116050","715969.117839","20117","0"
"protocol-v5-20260807-220443","6d7edc7c29a60a94c59effeeb2b78d8b95038135","default-hasher:e33e9641d6e15aea","6d7edc7c29a60a94c59effeeb2b78d8b95038135","default-hasher:f20647ba796d9a0c","rustc 1.97.0 (2d8144b78 2026-07-07)","x86_64-unknown-linux-gnu","Linux 7.0.11-76070011-generic x86_64","Intel(R) Core(TM) Ultra 7 155H","/dev/nvme0n1p3[/tmp] ext4   rw,nosuid,nodev,noatime,errors=remount-ro","/tmp/pigment-db-durability-bench","12-19","comparator","pre_feature_pigment_db","buffered","pre_feature_pigment_db","6","0","key_set","vector","ordinary_write","8","32","5","6","83968","100018779","839522.346099","20475","0"
"protocol-v5-20260807-220443","6d7edc7c29a60a94c59effeeb2b78d8b95038135","default-hasher:e33e9641d6e15aea","6d7edc7c29a60a94c59effeeb2b78d8b95038135","default-hasher:f20647ba796d9a0c","rustc 1.97.0 (2d8144b78 2026-07-07)","x86_64-unknown-linux-gnu","Linux 7.0.11-76070011-generic x86_64","Intel(R) Core(TM) Ultra 7 155H","/dev/nvme0n1p3[/tmp] ext4   rw,nosuid,nodev,noatime,errors=remount-ro","/tmp/pigment-db-durability-bench","12-19","candidate","candidate_pigment_db","buffered","pre_feature_pigment_db","6","1","key_set","vector","ordinary_write","8","32","5","6","80384","100446869","800263.868852","21050","0"
"protocol-v5-20260807-220443","6d7edc7c29a60a94c59effeeb2b78d8b95038135","default-hasher:e33e9641d6e15aea","6d7edc7c29a60a94c59effeeb2b78d8b95038135","default-hasher:f20647ba796d9a0c","rustc 1.97.0 (2d8144b78 2026-07-07)","x86_64-unknown-linux-gnu","Linux 7.0.11-76070011-generic x86_64","Intel(R) Core(TM) Ultra 7 155H","/dev/nvme0n1p3[/tmp] ext4   rw,nosuid,nodev,noatime,errors=remount-ro","/tmp/pigment-db-durability-bench","12-19","candidate","candidate_pigment_db","buffered","pre_feature_pigment_db","7","0","key_set","vector","ordinary_write","8","32","5","7","71168","100391283","708906.170668","26578","0"
"protocol-v5-20260807-220443","6d7edc7c29a60a94c59effeeb2b78d8b95038135","default-hasher:e33e9641d6e15aea","6d7edc7c29a60a94c59effeeb2b78d8b95038135","default-hasher:f20647ba796d9a0c","rustc 1.97.0 (2d8144b78 2026-07-07)","x86_64-unknown-linux-gnu","Linux 7.0.11-76070011-generic x86_64","Intel(R) Core(TM) Ultra 7 155H","/dev/nvme0n1p3[/tmp] ext4   rw,nosuid,nodev,noatime,errors=remount-ro","/tmp/pigment-db-durability-bench","12-19","comparator","pre_feature_pigment_db","buffered","pre_feature_pigment_db","7","1","key_set","vector","ordinary_write","8","32","5","7","83456","100620699","829411.848948","21635","0"
"protocol-v5-20260807-220443","6d7edc7c29a60a94c59effeeb2b78d8b95038135","default-hasher:e33e9641d6e15aea","6d7edc7c29a60a94c59effeeb2b78d8b95038135","default-hasher:f20647ba796d9a0c","rustc 1.97.0 (2d8144b78 2026-07-07)","x86_64-unknown-linux-gnu","Linux 7.0.11-76070011-generic x86_64","Intel(R) Core(TM) Ultra 7 155H","/dev/nvme0n1p3[/tmp] ext4   rw,nosuid,nodev,noatime,errors=remount-ro","/tmp/pigment-db-durability-bench","12-19","comparator","pre_feature_pigment_db","buffered","pre_feature_pigment_db","8","0","key_set","vector","ordinary_write","8","32","5","8","81408","100539995","809707.619341","21701","0"
"protocol-v5-20260807-220443","6d7edc7c29a60a94c59effeeb2b78d8b95038135","default-hasher:e33e9641d6e15aea","6d7edc7c29a60a94c59effeeb2b78d8b95038135","default-hasher:f20647ba796d9a0c","rustc 1.97.0 (2d8144b78 2026-07-07)","x86_64-unknown-linux-gnu","Linux 7.0.11-76070011-generic x86_64","Intel(R) Core(TM) Ultra 7 155H","/dev/nvme0n1p3[/tmp] ext4   rw,nosuid,nodev,noatime,errors=remount-ro","/tmp/pigment-db-durability-bench","12-19","candidate","candidate_pigment_db","buffered","pre_feature_pigment_db","8","1","key_set","vector","ordinary_write","8","32","5","8","81920","100088668","818474.275230","22250","0"
"protocol-v5-20260807-220443","6d7edc7c29a60a94c59effeeb2b78d8b95038135","default-hasher:e33e9641d6e15aea","6d7edc7c29a60a94c59effeeb2b78d8b95038135","default-hasher:f20647ba796d9a0c","rustc 1.97.0 (2d8144b78 2026-07-07)","x86_64-unknown-linux-gnu","Linux 7.0.11-76070011-generic x86_64","Intel(R) Core(TM) Ultra 7 155H","/dev/nvme0n1p3[/tmp] ext4   rw,nosuid,nodev,noatime,errors=remount-ro","/tmp/pigment-db-durability-bench","12-19","candidate","candidate_pigment_db","buffered","pre_feature_pigment_db","9","0","key_set","vector","ordinary_write","8","32","5","9","67072","100085868","670144.560269","21301","0"
"protocol-v5-20260807-220443","6d7edc7c29a60a94c59effeeb2b78d8b95038135","default-hasher:e33e9641d6e15aea","6d7edc7c29a60a94c59effeeb2b78d8b95038135","default-hasher:f20647ba796d9a0c","rustc 1.97.0 (2d8144b78 2026-07-07)","x86_64-unknown-linux-gnu","Linux 7.0.11-76070011-generic x86_64","Intel(R) Core(TM) Ultra 7 155H","/dev/nvme0n1p3[/tmp] ext4   rw,nosuid,nodev,noatime,errors=remount-ro","/tmp/pigment-db-durability-bench","12-19","comparator","pre_feature_pigment_db","buffered","pre_feature_pigment_db","9","1","key_set","vector","ordinary_write","8","32","5","9","75264","100402092","749625.814570","20640","0"
"protocol-v5-20260807-220443","6d7edc7c29a60a94c59effeeb2b78d8b95038135","default-hasher:e33e9641d6e15aea","6d7edc7c29a60a94c59effeeb2b78d8b95038135","default-hasher:f20647ba796d9a0c","rustc 1.97.0 (2d8144b78 2026-07-07)","x86_64-unknown-linux-gnu","Linux 7.0.11-76070011-generic x86_64","Intel(R) Core(TM) Ultra 7 155H","/dev/nvme0n1p3[/tmp] ext4   rw,nosuid,nodev,noatime,errors=remount-ro","/tmp/pigment-db-durability-bench","12-19","comparator","pre_feature_pigment_db","buffered","pre_feature_pigment_db","10","0","key_set","vector","ordinary_write","8","32","5","10","78336","100496607","779489.003047","23225","0"
"protocol-v5-20260807-220443","6d7edc7c29a60a94c59effeeb2b78d8b95038135","default-hasher:e33e9641d6e15aea","6d7edc7c29a60a94c59effeeb2b78d8b95038135","default-hasher:f20647ba796d9a0c","rustc 1.97.0 (2d8144b78 2026-07-07)","x86_64-unknown-linux-gnu","Linux 7.0.11-76070011-generic x86_64","Intel(R) Core(TM) Ultra 7 155H","/dev/nvme0n1p3[/tmp] ext4   rw,nosuid,nodev,noatime,errors=remount-ro","/tmp/pigment-db-durability-bench","12-19","candidate","candidate_pigment_db","buffered","pre_feature_pigment_db","10","1","key_set","vector","ordinary_write","8","32","5","10","78336","100559201","779003.802944","21975","0"
"protocol-v5-20260807-220443","6d7edc7c29a60a94c59effeeb2b78d8b95038135","default-hasher:e33e9641d6e15aea","6d7edc7c29a60a94c59effeeb2b78d8b95038135","default-hasher:f20647ba796d9a0c","rustc 1.97.0 (2d8144b78 2026-07-07)","x86_64-unknown-linux-gnu","Linux 7.0.11-76070011-generic x86_64","Intel(R) Core(TM) Ultra 7 155H","/dev/nvme0n1p3[/tmp] ext4   rw,nosuid,nodev,noatime,errors=remount-ro","/tmp/pigment-db-durability-bench","12-19","comparator","pre_feature_pigment_db","buffered","pre_feature_pigment_db","0","0","key_set","vector","successful_remove","1","32","5","0","125952","104423394","1206166.503265","637","0"
"protocol-v5-20260807-220443","6d7edc7c29a60a94c59effeeb2b78d8b95038135","default-hasher:e33e9641d6e15aea","6d7edc7c29a60a94c59effeeb2b78d8b95038135","default-hasher:f20647ba796d9a0c","rustc 1.97.0 (2d8144b78 2026-07-07)","x86_64-unknown-linux-gnu","Linux 7.0.11-76070011-generic x86_64","Intel(R) Core(TM) Ultra 7 155H","/dev/nvme0n1p3[/tmp] ext4   rw,nosuid,nodev,noatime,errors=remount-ro","/tmp/pigment-db-durability-bench","12-19","candidate","candidate_pigment_db","buffered","pre_feature_pigment_db","0","1","key_set","vector","successful_remove","1","32","5","0","125952","106299274","1184881.093355","649","0"
"protocol-v5-20260807-220443","6d7edc7c29a60a94c59effeeb2b78d8b95038135","default-hasher:e33e9641d6e15aea","6d7edc7c29a60a94c59effeeb2b78d8b95038135","default-hasher:f20647ba796d9a0c","rustc 1.97.0 (2d8144b78 2026-07-07)","x86_64-unknown-linux-gnu","Linux 7.0.11-76070011-generic x86_64","Intel(R) Core(TM) Ultra 7 155H","/dev/nvme0n1p3[/tmp] ext4   rw,nosuid,nodev,noatime,errors=remount-ro","/tmp/pigment-db-durability-bench","12-19","candidate","candidate_pigment_db","buffered","pre_feature_pigment_db","1","0","key_set","vector","successful_remove","1","32","5","1","125952","107043136","1176647.141579","645","0"
"protocol-v5-20260807-220443","6d7edc7c29a60a94c59effeeb2b78d8b95038135","default-hasher:e33e9641d6e15aea","6d7edc7c29a60a94c59effeeb2b78d8b95038135","default-hasher:f20647ba796d9a0c","rustc 1.97.0 (2d8144b78 2026-07-07)","x86_64-unknown-linux-gnu","Linux 7.0.11-76070011-generic x86_64","Intel(R) Core(TM) Ultra 7 155H","/dev/nvme0n1p3[/tmp] ext4   rw,nosuid,nodev,noatime,errors=remount-ro","/tmp/pigment-db-durability-bench","12-19","comparator","pre_feature_pigment_db","buffered","pre_feature_pigment_db","1","1","key_set","vector","successful_remove","1","32","5","1","125952","104520241","1205048.886177","631","0"
"protocol-v5-20260807-220443","6d7edc7c29a60a94c59effeeb2b78d8b95038135","default-hasher:e33e9641d6e15aea","6d7edc7c29a60a94c59effeeb2b78d8b95038135","default-hasher:f20647ba796d9a0c","rustc 1.97.0 (2d8144b78 2026-07-07)","x86_64-unknown-linux-gnu","Linux 7.0.11-76070011-generic x86_64","Intel(R) Core(TM) Ultra 7 155H","/dev/nvme0n1p3[/tmp] ext4   rw,nosuid,nodev,noatime,errors=remount-ro","/tmp/pigment-db-durability-bench","12-19","comparator","pre_feature_pigment_db","buffered","pre_feature_pigment_db","2","0","key_set","vector","successful_remove","1","32","5","2","125952","104246647","1208211.521662","635","0"
"protocol-v5-20260807-220443","6d7edc7c29a60a94c59effeeb2b78d8b95038135","default-hasher:e33e9641d6e15aea","6d7edc7c29a60a94c59effeeb2b78d8b95038135","default-hasher:f20647ba796d9a0c","rustc 1.97.0 (2d8144b78 2026-07-07)","x86_64-unknown-linux-gnu","Linux 7.0.11-76070011-generic x86_64","Intel(R) Core(TM) Ultra 7 155H","/dev/nvme0n1p3[/tmp] ext4   rw,nosuid,nodev,noatime,errors=remount-ro","/tmp/pigment-db-durability-bench","12-19","candidate","candidate_pigment_db","buffered","pre_feature_pigment_db","2","1","key_set","vector","successful_remove","1","32","5","2","125952","105805543","1190410.222648","646","0"
"protocol-v5-20260807-220443","6d7edc7c29a60a94c59effeeb2b78d8b95038135","default-hasher:e33e9641d6e15aea","6d7edc7c29a60a94c59effeeb2b78d8b95038135","default-hasher:f20647ba796d9a0c","rustc 1.97.0 (2d8144b78 2026-07-07)","x86_64-unknown-linux-gnu","Linux 7.0.11-76070011-generic x86_64","Intel(R) Core(TM) Ultra 7 155H","/dev/nvme0n1p3[/tmp] ext4   rw,nosuid,nodev,noatime,errors=remount-ro","/tmp/pigment-db-durability-bench","12-19","candidate","candidate_pigment_db","buffered","pre_feature_pigment_db","3","0","key_set","vector","successful_remove","1","32","5","3","125952","106203935","1185944.758073","644","0"
"protocol-v5-20260807-220443","6d7edc7c29a60a94c59effeeb2b78d8b95038135","default-hasher:e33e9641d6e15aea","6d7edc7c29a60a94c59effeeb2b78d8b95038135","default-hasher:f20647ba796d9a0c","rustc 1.97.0 (2d8144b78 2026-07-07)","x86_64-unknown-linux-gnu","Linux 7.0.11-76070011-generic x86_64","Intel(R) Core(TM) Ultra 7 155H","/dev/nvme0n1p3[/tmp] ext4   rw,nosuid,nodev,noatime,errors=remount-ro","/tmp/pigment-db-durability-bench","12-19","comparator","pre_feature_pigment_db","buffered","pre_feature_pigment_db","3","1","key_set","vector","successful_remove","1","32","5","3","125952","103592720","1215838.333041","627","0"
"protocol-v5-20260807-220443","6d7edc7c29a60a94c59effeeb2b78d8b95038135","default-hasher:e33e9641d6e15aea","6d7edc7c29a60a94c59effeeb2b78d8b95038135","default-hasher:f20647ba796d9a0c","rustc 1.97.0 (2d8144b78 2026-07-07)","x86_64-unknown-linux-gnu","Linux 7.0.11-76070011-generic x86_64","Intel(R) Core(TM) Ultra 7 155H","/dev/nvme0n1p3[/tmp] ext4   rw,nosuid,nodev,noatime,errors=remount-ro","/tmp/pigment-db-durability-bench","12-19","comparator","pre_feature_pigment_db","buffered","pre_feature_pigment_db","4","0","key_set","vector","successful_remove","1","32","5","4","125952","103852373","1212798.478856","630","0"
"protocol-v5-20260807-220443","6d7edc7c29a60a94c59effeeb2b78d8b95038135","default-hasher:e33e9641d6e15aea","6d7edc7c29a60a94c59effeeb2b78d8b95038135","default-hasher:f20647ba796d9a0c","rustc 1.97.0 (2d8144b78 2026-07-07)","x86_64-unknown-linux-gnu","Linux 7.0.11-76070011-generic x86_64","Intel(R) Core(TM) Ultra 7 155H","/dev/nvme0n1p3[/tmp] ext4   rw,nosuid,nodev,noatime,errors=remount-ro","/tmp/pigment-db-durability-bench","12-19","candidate","candidate_pigment_db","buffered","pre_feature_pigment_db","4","1","key_set","vector","successful_remove","1","32","5","4","125952","106845022","1178828.902296","647","0"
"protocol-v5-20260807-220443","6d7edc7c29a60a94c59effeeb2b78d8b95038135","default-hasher:e33e9641d6e15aea","6d7edc7c29a60a94c59effeeb2b78d8b95038135","default-hasher:f20647ba796d9a0c","rustc 1.97.0 (2d8144b78 2026-07-07)","x86_64-unknown-linux-gnu","Linux 7.0.11-76070011-generic x86_64","Intel(R) Core(TM) Ultra 7 155H","/dev/nvme0n1p3[/tmp] ext4   rw,nosuid,nodev,noatime,errors=remount-ro","/tmp/pigment-db-durability-bench","12-19","candidate","candidate_pigment_db","buffered","pre_feature_pigment_db","5","0","key_set","vector","successful_remove","1","32","5","5","125952","106305560","1184811.029639","647","0"
"protocol-v5-20260807-220443","6d7edc7c29a60a94c59effeeb2b78d8b95038135","default-hasher:e33e9641d6e15aea","6d7edc7c29a60a94c59effeeb2b78d8b95038135","default-hasher:f20647ba796d9a0c","rustc 1.97.0 (2d8144b78 2026-07-07)","x86_64-unknown-linux-gnu","Linux 7.0.11-76070011-generic x86_64","Intel(R) Core(TM) Ultra 7 155H","/dev/nvme0n1p3[/tmp] ext4   rw,nosuid,nodev,noatime,errors=remount-ro","/tmp/pigment-db-durability-bench","12-19","comparator","pre_feature_pigment_db","buffered","pre_feature_pigment_db","5","1","key_set","vector","successful_remove","1","32","5","5","125952","103777516","1213673.297017","626","0"
"protocol-v5-20260807-220443","6d7edc7c29a60a94c59effeeb2b78d8b95038135","default-hasher:e33e9641d6e15aea","6d7edc7c29a60a94c59effeeb2b78d8b95038135","default-hasher:f20647ba796d9a0c","rustc 1.97.0 (2d8144b78 2026-07-07)","x86_64-unknown-linux-gnu","Linux 7.0.11-76070011-generic x86_64","Intel(R) Core(TM) Ultra 7 155H","/dev/nvme0n1p3[/tmp] ext4   rw,nosuid,nodev,noatime,errors=remount-ro","/tmp/pigment-db-durability-bench","12-19","comparator","pre_feature_pigment_db","buffered","pre_feature_pigment_db","6","0","key_set","vector","successful_remove","1","32","5","6","125952","103667105","1214965.923858","628","0"
"protocol-v5-20260807-220443","6d7edc7c29a60a94c59effeeb2b78d8b95038135","default-hasher:e33e9641d6e15aea","6d7edc7c29a60a94c59effeeb2b78d8b95038135","default-hasher:f20647ba796d9a0c","rustc 1.97.0 (2d8144b78 2026-07-07)","x86_64-unknown-linux-gnu","Linux 7.0.11-76070011-generic x86_64","Intel(R) Core(TM) Ultra 7 155H","/dev/nvme0n1p3[/tmp] ext4   rw,nosuid,nodev,noatime,errors=remount-ro","/tmp/pigment-db-durability-bench","12-19","candidate","candidate_pigment_db","buffered","pre_feature_pigment_db","6","1","key_set","vector","successful_remove","1","32","5","6","125952","106170730","1186315.663460","647","0"
"protocol-v5-20260807-220443","6d7edc7c29a60a94c59effeeb2b78d8b95038135","default-hasher:e33e9641d6e15aea","6d7edc7c29a60a94c59effeeb2b78d8b95038135","default-hasher:f20647ba796d9a0c","rustc 1.97.0 (2d8144b78 2026-07-07)","x86_64-unknown-linux-gnu","Linux 7.0.11-76070011-generic x86_64","Intel(R) Core(TM) Ultra 7 155H","/dev/nvme0n1p3[/tmp] ext4   rw,nosuid,nodev,noatime,errors=remount-ro","/tmp/pigment-db-durability-bench","12-19","candidate","candidate_pigment_db","buffered","pre_feature_pigment_db","7","0","key_set","vector","successful_remove","1","32","5","7","125952","107078704","1176256.298358","657","0"
"protocol-v5-20260807-220443","6d7edc7c29a60a94c59effeeb2b78d8b95038135","default-hasher:e33e9641d6e15aea","6d7edc7c29a60a94c59effeeb2b78d8b95038135","default-hasher:f20647ba796d9a0c","rustc 1.97.0 (2d8144b78 2026-07-07)","x86_64-unknown-linux-gnu","Linux 7.0.11-76070011-generic x86_64","Intel(R) Core(TM) Ultra 7 155H","/dev/nvme0n1p3[/tmp] ext4   rw,nosuid,nodev,noatime,errors=remount-ro","/tmp/pigment-db-durability-bench","12-19","comparator","pre_feature_pigment_db","buffered","pre_feature_pigment_db","7","1","key_set","vector","successful_remove","1","32","5","7","125952","104097038","1209947.971815","629","0"
"protocol-v5-20260807-220443","6d7edc7c29a60a94c59effeeb2b78d8b95038135","default-hasher:e33e9641d6e15aea","6d7edc7c29a60a94c59effeeb2b78d8b95038135","default-hasher:f20647ba796d9a0c","rustc 1.97.0 (2d8144b78 2026-07-07)","x86_64-unknown-linux-gnu","Linux 7.0.11-76070011-generic x86_64","Intel(R) Core(TM) Ultra 7 155H","/dev/nvme0n1p3[/tmp] ext4   rw,nosuid,nodev,noatime,errors=remount-ro","/tmp/pigment-db-durability-bench","12-19","comparator","pre_feature_pigment_db","buffered","pre_feature_pigment_db","8","0","key_set","vector","successful_remove","1","32","5","8","125952","104276120","1207870.028152","631","0"
"protocol-v5-20260807-220443","6d7edc7c29a60a94c59effeeb2b78d8b95038135","default-hasher:e33e9641d6e15aea","6d7edc7c29a60a94c59effeeb2b78d8b95038135","default-hasher:f20647ba796d9a0c","rustc 1.97.0 (2d8144b78 2026-07-07)","x86_64-unknown-linux-gnu","Linux 7.0.11-76070011-generic x86_64","Intel(R) Core(TM) Ultra 7 155H","/dev/nvme0n1p3[/tmp] ext4   rw,nosuid,nodev,noatime,errors=remount-ro","/tmp/pigment-db-durability-bench","12-19","candidate","candidate_pigment_db","buffered","pre_feature_pigment_db","8","1","key_set","vector","successful_remove","1","32","5","8","125952","107699650","1169474.552610","658","0"
"protocol-v5-20260807-220443","6d7edc7c29a60a94c59effeeb2b78d8b95038135","default-hasher:e33e9641d6e15aea","6d7edc7c29a60a94c59effeeb2b78d8b95038135","default-hasher:f20647ba796d9a0c","rustc 1.97.0 (2d8144b78 2026-07-07)","x86_64-unknown-linux-gnu","Linux 7.0.11-76070011-generic x86_64","Intel(R) Core(TM) Ultra 7 155H","/dev/nvme0n1p3[/tmp] ext4   rw,nosuid,nodev,noatime,errors=remount-ro","/tmp/pigment-db-durability-bench","12-19","candidate","candidate_pigment_db","buffered","pre_feature_pigment_db","9","0","key_set","vector","successful_remove","1","32","5","9","125952","106651052","1180972.879667","648","0"
"protocol-v5-20260807-220443","6d7edc7c29a60a94c59effeeb2b78d8b95038135","default-hasher:e33e9641d6e15aea","6d7edc7c29a60a94c59effeeb2b78d8b95038135","default-hasher:f20647ba796d9a0c","rustc 1.97.0 (2d8144b78 2026-07-07)","x86_64-unknown-linux-gnu","Linux 7.0.11-76070011-generic x86_64","Intel(R) Core(TM) Ultra 7 155H","/dev/nvme0n1p3[/tmp] ext4   rw,nosuid,nodev,noatime,errors=remount-ro","/tmp/pigment-db-durability-bench","12-19","comparator","pre_feature_pigment_db","buffered","pre_feature_pigment_db","9","1","key_set","vector","successful_remove","1","32","5","9","125952","104427121","1206123.455228","636","0"
"protocol-v5-20260807-220443","6d7edc7c29a60a94c59effeeb2b78d8b95038135","default-hasher:e33e9641d6e15aea","6d7edc7c29a60a94c59effeeb2b78d8b95038135","default-hasher:f20647ba796d9a0c","rustc 1.97.0 (2d8144b78 2026-07-07)","x86_64-unknown-linux-gnu","Linux 7.0.11-76070011-generic x86_64","Intel(R) Core(TM) Ultra 7 155H","/dev/nvme0n1p3[/tmp] ext4   rw,nosuid,nodev,noatime,errors=remount-ro","/tmp/pigment-db-durability-bench","12-19","comparator","pre_feature_pigment_db","buffered","pre_feature_pigment_db","10","0","key_set","vector","successful_remove","1","32","5","10","125952","104011523","1210942.752949","632","0"
"protocol-v5-20260807-220443","6d7edc7c29a60a94c59effeeb2b78d8b95038135","default-hasher:e33e9641d6e15aea","6d7edc7c29a60a94c59effeeb2b78d8b95038135","default-hasher:f20647ba796d9a0c","rustc 1.97.0 (2d8144b78 2026-07-07)","x86_64-unknown-linux-gnu","Linux 7.0.11-76070011-generic x86_64","Intel(R) Core(TM) Ultra 7 155H","/dev/nvme0n1p3[/tmp] ext4   rw,nosuid,nodev,noatime,errors=remount-ro","/tmp/pigment-db-durability-bench","12-19","candidate","candidate_pigment_db","buffered","pre_feature_pigment_db","10","1","key_set","vector","successful_remove","1","32","5","10","125952","106023724","1187960.536078","646","0"
"protocol-v5-20260807-220443","6d7edc7c29a60a94c59effeeb2b78d8b95038135","default-hasher:e33e9641d6e15aea","6d7edc7c29a60a94c59effeeb2b78d8b95038135","default-hasher:f20647ba796d9a0c","rustc 1.97.0 (2d8144b78 2026-07-07)","x86_64-unknown-linux-gnu","Linux 7.0.11-76070011-generic x86_64","Intel(R) Core(TM) Ultra 7 155H","/dev/nvme0n1p3[/tmp] ext4   rw,nosuid,nodev,noatime,errors=remount-ro","/tmp/pigment-db-durability-bench","12-19","comparator","pre_feature_pigment_db","buffered","pre_feature_pigment_db","0","0","key_set","vector","successful_remove","8","32","5","0","80896","100153480","807720.310867","18872","0"
"protocol-v5-20260807-220443","6d7edc7c29a60a94c59effeeb2b78d8b95038135","default-hasher:e33e9641d6e15aea","6d7edc7c29a60a94c59effeeb2b78d8b95038135","default-hasher:f20647ba796d9a0c","rustc 1.97.0 (2d8144b78 2026-07-07)","x86_64-unknown-linux-gnu","Linux 7.0.11-76070011-generic x86_64","Intel(R) Core(TM) Ultra 7 155H","/dev/nvme0n1p3[/tmp] ext4   rw,nosuid,nodev,noatime,errors=remount-ro","/tmp/pigment-db-durability-bench","12-19","candidate","candidate_pigment_db","buffered","pre_feature_pigment_db","0","1","key_set","vector","successful_remove","8","32","5","0","83456","100249241","832485.105797","21518","0"
"protocol-v5-20260807-220443","6d7edc7c29a60a94c59effeeb2b78d8b95038135","default-hasher:e33e9641d6e15aea","6d7edc7c29a60a94c59effeeb2b78d8b95038135","default-hasher:f20647ba796d9a0c","rustc 1.97.0 (2d8144b78 2026-07-07)","x86_64-unknown-linux-gnu","Linux 7.0.11-76070011-generic x86_64","Intel(R) Core(TM) Ultra 7 155H","/dev/nvme0n1p3[/tmp] ext4   rw,nosuid,nodev,noatime,errors=remount-ro","/tmp/pigment-db-durability-bench","12-19","candidate","candidate_pigment_db","buffered","pre_feature_pigment_db","1","0","key_set","vector","successful_remove","8","32","5","1","83968","100383004","836476.262456","18757","0"
"protocol-v5-20260807-220443","6d7edc7c29a60a94c59effeeb2b78d8b95038135","default-hasher:e33e9641d6e15aea","6d7edc7c29a60a94c59effeeb2b78d8b95038135","default-hasher:f20647ba796d9a0c","rustc 1.97.0 (2d8144b78 2026-07-07)","x86_64-unknown-linux-gnu","Linux 7.0.11-76070011-generic x86_64","Intel(R) Core(TM) Ultra 7 155H","/dev/nvme0n1p3[/tmp] ext4   rw,nosuid,nodev,noatime,errors=remount-ro","/tmp/pigment-db-durability-bench","12-19","comparator","pre_feature_pigment_db","buffered","pre_feature_pigment_db","1","1","key_set","vector","successful_remove","8","32","5","1","82432","100467760","820482.112869","21551","0"
"protocol-v5-20260807-220443","6d7edc7c29a60a94c59effeeb2b78d8b95038135","default-hasher:e33e9641d6e15aea","6d7edc7c29a60a94c59effeeb2b78d8b95038135","default-hasher:f20647ba796d9a0c","rustc 1.97.0 (2d8144b78 2026-07-07)","x86_64-unknown-linux-gnu","Linux 7.0.11-76070011-generic x86_64","Intel(R) Core(TM) Ultra 7 155H","/dev/nvme0n1p3[/tmp] ext4   rw,nosuid,nodev,noatime,errors=remount-ro","/tmp/pigment-db-durability-bench","12-19","comparator","pre_feature_pigment_db","buffered","pre_feature_pigment_db","2","0","key_set","vector","successful_remove","8","32","5","2","81920","100220258","817399.611963","21812","0"
"protocol-v5-20260807-220443","6d7edc7c29a60a94c59effeeb2b78d8b95038135","default-hasher:e33e9641d6e15aea","6d7edc7c29a60a94c59effeeb2b78d8b95038135","default-hasher:f20647ba796d9a0c","rustc 1.97.0 (2d8144b78 2026-07-07)","x86_64-unknown-linux-gnu","Linux 7.0.11-76070011-generic x86_64","Intel(R) Core(TM) Ultra 7 155H","/dev/nvme0n1p3[/tmp] ext4   rw,nosuid,nodev,noatime,errors=remount-ro","/tmp/pigment-db-durability-bench","12-19","candidate","candidate_pigment_db","buffered","pre_feature_pigment_db","2","1","key_set","vector","successful_remove","8","32","5","2","79360","100072641","793023.939480","21675","0"
"protocol-v5-20260807-220443","6d7edc7c29a60a94c59effeeb2b78d8b95038135","default-hasher:e33e9641d6e15aea","6d7edc7c29a60a94c59effeeb2b78d8b95038135","default-hasher:f20647ba796d9a0c","rustc 1.97.0 (2d8144b78 2026-07-07)","x86_64-unknown-linux-gnu","Linux 7.0.11-76070011-generic x86_64","Intel(R) Core(TM) Ultra 7 155H","/dev/nvme0n1p3[/tmp] ext4   rw,nosuid,nodev,noatime,errors=remount-ro","/tmp/pigment-db-durability-bench","12-19","candidate","candidate_pigment_db","buffered","pre_feature_pigment_db","3","0","key_set","vector","successful_remove","8","32","5","3","76800","100409601","764867.096723","19207","0"
"protocol-v5-20260807-220443","6d7edc7c29a60a94c59effeeb2b78d8b95038135","default-hasher:e33e9641d6e15aea","6d7edc7c29a60a94c59effeeb2b78d8b95038135","default-hasher:f20647ba796d9a0c","rustc 1.97.0 (2d8144b78 2026-07-07)","x86_64-unknown-linux-gnu","Linux 7.0.11-76070011-generic x86_64","Intel(R) Core(TM) Ultra 7 155H","/dev/nvme0n1p3[/tmp] ext4   rw,nosuid,nodev,noatime,errors=remount-ro","/tmp/pigment-db-durability-bench","12-19","comparator","pre_feature_pigment_db","buffered","pre_feature_pigment_db","3","1","key_set","vector","successful_remove","8","32","5","3","79872","100594470","793999.908742","22234","0"
"protocol-v5-20260807-220443","6d7edc7c29a60a94c59effeeb2b78d8b95038135","default-hasher:e33e9641d6e15aea","6d7edc7c29a60a94c59effeeb2b78d8b95038135","default-hasher:f20647ba796d9a0c","rustc 1.97.0 (2d8144b78 2026-07-07)","x86_64-unknown-linux-gnu","Linux 7.0.11-76070011-generic x86_64","Intel(R) Core(TM) Ultra 7 155H","/dev/nvme0n1p3[/tmp] ext4   rw,nosuid,nodev,noatime,errors=remount-ro","/tmp/pigment-db-durability-bench","12-19","comparator","pre_feature_pigment_db","buffered","pre_feature_pigment_db","4","0","key_set","vector","successful_remove","8","32","5","4","82432","100072092","823726.159337","21328","0"
"protocol-v5-20260807-220443","6d7edc7c29a60a94c59effeeb2b78d8b95038135","default-hasher:e33e9641d6e15aea","6d7edc7c29a60a94c59effeeb2b78d8b95038135","default-hasher:f20647ba796d9a0c","rustc 1.97.0 (2d8144b78 2026-07-07)","x86_64-unknown-linux-gnu","Linux 7.0.11-76070011-generic x86_64","Intel(R) Core(TM) Ultra 7 155H","/dev/nvme0n1p3[/tmp] ext4   rw,nosuid,nodev,noatime,errors=remount-ro","/tmp/pigment-db-durability-bench","12-19","candidate","candidate_pigment_db","buffered","pre_feature_pigment_db","4","1","key_set","vector","successful_remove","8","32","5","4","84992","100458318","846042.435232","20130","0"
"protocol-v5-20260807-220443","6d7edc7c29a60a94c59effeeb2b78d8b95038135","default-hasher:e33e9641d6e15aea","6d7edc7c29a60a94c59effeeb2b78d8b95038135","default-hasher:f20647ba796d9a0c","rustc 1.97.0 (2d8144b78 2026-07-07)","x86_64-unknown-linux-gnu","Linux 7.0.11-76070011-generic x86_64","Intel(R) Core(TM) Ultra 7 155H","/dev/nvme0n1p3[/tmp] ext4   rw,nosuid,nodev,noatime,errors=remount-ro","/tmp/pigment-db-durability-bench","12-19","candidate","candidate_pigment_db","buffered","pre_feature_pigment_db","5","0","key_set","vector","successful_remove","8","32","5","5","79360","100004070","793567.701795","20960","0"
"protocol-v5-20260807-220443","6d7edc7c29a60a94c59effeeb2b78d8b95038135","default-hasher:e33e9641d6e15aea","6d7edc7c29a60a94c59effeeb2b78d8b95038135","default-hasher:f20647ba796d9a0c","rustc 1.97.0 (2d8144b78 2026-07-07)","x86_64-unknown-linux-gnu","Linux 7.0.11-76070011-generic x86_64","Intel(R) Core(TM) Ultra 7 155H","/dev/nvme0n1p3[/tmp] ext4   rw,nosuid,nodev,noatime,errors=remount-ro","/tmp/pigment-db-durability-bench","12-19","comparator","pre_feature_pigment_db","buffered","pre_feature_pigment_db","5","1","key_set","vector","successful_remove","8","32","5","5","81408","100103289","813240.012523","21096","0"
"protocol-v5-20260807-220443","6d7edc7c29a60a94c59effeeb2b78d8b95038135","default-hasher:e33e9641d6e15aea","6d7edc7c29a60a94c59effeeb2b78d8b95038135","default-hasher:f20647ba796d9a0c","rustc 1.97.0 (2d8144b78 2026-07-07)","x86_64-unknown-linux-gnu","Linux 7.0.11-76070011-generic x86_64","Intel(R) Core(TM) Ultra 7 155H","/dev/nvme0n1p3[/tmp] ext4   rw,nosuid,nodev,noatime,errors=remount-ro","/tmp/pigment-db-durability-bench","12-19","comparator","pre_feature_pigment_db","buffered","pre_feature_pigment_db","6","0","key_set","vector","successful_remove","8","32","5","6","77824","100455292","774712.794623","21503","0"
"protocol-v5-20260807-220443","6d7edc7c29a60a94c59effeeb2b78d8b95038135","default-hasher:e33e9641d6e15aea","6d7edc7c29a60a94c59effeeb2b78d8b95038135","default-hasher:f20647ba796d9a0c","rustc 1.97.0 (2d8144b78 2026-07-07)","x86_64-unknown-linux-gnu","Linux 7.0.11-76070011-generic x86_64","Intel(R) Core(TM) Ultra 7 155H","/dev/nvme0n1p3[/tmp] ext4   rw,nosuid,nodev,noatime,errors=remount-ro","/tmp/pigment-db-durability-bench","12-19","candidate","candidate_pigment_db","buffered","pre_feature_pigment_db","6","1","key_set","vector","successful_remove","8","32","5","6","83968","100198861","838013.517938","21005","0"
"protocol-v5-20260807-220443","6d7edc7c29a60a94c59effeeb2b78d8b95038135","default-hasher:e33e9641d6e15aea","6d7edc7c29a60a94c59effeeb2b78d8b95038135","default-hasher:f20647ba796d9a0c","rustc 1.97.0 (2d8144b78 2026-07-07)","x86_64-unknown-linux-gnu","Linux 7.0.11-76070011-generic x86_64","Intel(R) Core(TM) Ultra 7 155H","/dev/nvme0n1p3[/tmp] ext4   rw,nosuid,nodev,noatime,errors=remount-ro","/tmp/pigment-db-durability-bench","12-19","candidate","candidate_pigment_db","buffered","pre_feature_pigment_db","7","0","key_set","vector","successful_remove","8","32","5","7","80384","100089734","803119.328901","20526","0"
"protocol-v5-20260807-220443","6d7edc7c29a60a94c59effeeb2b78d8b95038135","default-hasher:e33e9641d6e15aea","6d7edc7c29a60a94c59effeeb2b78d8b95038135","default-hasher:f20647ba796d9a0c","rustc 1.97.0 (2d8144b78 2026-07-07)","x86_64-unknown-linux-gnu","Linux 7.0.11-76070011-generic x86_64","Intel(R) Core(TM) Ultra 7 155H","/dev/nvme0n1p3[/tmp] ext4   rw,nosuid,nodev,noatime,errors=remount-ro","/tmp/pigment-db-durability-bench","12-19","comparator","pre_feature_pigment_db","buffered","pre_feature_pigment_db","7","1","key_set","vector","successful_remove","8","32","5","7","78336","100358748","780559.757481","21019","0"
"protocol-v5-20260807-220443","6d7edc7c29a60a94c59effeeb2b78d8b95038135","default-hasher:e33e9641d6e15aea","6d7edc7c29a60a94c59effeeb2b78d8b95038135","default-hasher:f20647ba796d9a0c","rustc 1.97.0 (2d8144b78 2026-07-07)","x86_64-unknown-linux-gnu","Linux 7.0.11-76070011-generic x86_64","Intel(R) Core(TM) Ultra 7 155H","/dev/nvme0n1p3[/tmp] ext4   rw,nosuid,nodev,noatime,errors=remount-ro","/tmp/pigment-db-durability-bench","12-19","comparator","pre_feature_pigment_db","buffered","pre_feature_pigment_db","8","0","key_set","vector","successful_remove","8","32","5","8","79872","100500273","794744.109800","22251","0"
"protocol-v5-20260807-220443","6d7edc7c29a60a94c59effeeb2b78d8b95038135","default-hasher:e33e9641d6e15aea","6d7edc7c29a60a94c59effeeb2b78d8b95038135","default-hasher:f20647ba796d9a0c","rustc 1.97.0 (2d8144b78 2026-07-07)","x86_64-unknown-linux-gnu","Linux 7.0.11-76070011-generic x86_64","Intel(R) Core(TM) Ultra 7 155H","/dev/nvme0n1p3[/tmp] ext4   rw,nosuid,nodev,noatime,errors=remount-ro","/tmp/pigment-db-durability-bench","12-19","candidate","candidate_pigment_db","buffered","pre_feature_pigment_db","8","1","key_set","vector","successful_remove","8","32","5","8","90624","100370369","902895.953287","20605","0"
"protocol-v5-20260807-220443","6d7edc7c29a60a94c59effeeb2b78d8b95038135","default-hasher:e33e9641d6e15aea","6d7edc7c29a60a94c59effeeb2b78d8b95038135","default-hasher:f20647ba796d9a0c","rustc 1.97.0 (2d8144b78 2026-07-07)","x86_64-unknown-linux-gnu","Linux 7.0.11-76070011-generic x86_64","Intel(R) Core(TM) Ultra 7 155H","/dev/nvme0n1p3[/tmp] ext4   rw,nosuid,nodev,noatime,errors=remount-ro","/tmp/pigment-db-durability-bench","12-19","candidate","candidate_pigment_db","buffered","pre_feature_pigment_db","9","0","key_set","vector","successful_remove","8","32","5","9","80384","100067045","803301.426559","22608","0"
"protocol-v5-20260807-220443","6d7edc7c29a60a94c59effeeb2b78d8b95038135","default-hasher:e33e9641d6e15aea","6d7edc7c29a60a94c59effeeb2b78d8b95038135","default-hasher:f20647ba796d9a0c","rustc 1.97.0 (2d8144b78 2026-07-07)","x86_64-unknown-linux-gnu","Linux 7.0.11-76070011-generic x86_64","Intel(R) Core(TM) Ultra 7 155H","/dev/nvme0n1p3[/tmp] ext4   rw,nosuid,nodev,noatime,errors=remount-ro","/tmp/pigment-db-durability-bench","12-19","comparator","pre_feature_pigment_db","buffered","pre_feature_pigment_db","9","1","key_set","vector","successful_remove","8","32","5","9","79872","100288930","796418.906852","22815","0"
"protocol-v5-20260807-220443","6d7edc7c29a60a94c59effeeb2b78d8b95038135","default-hasher:e33e9641d6e15aea","6d7edc7c29a60a94c59effeeb2b78d8b95038135","default-hasher:f20647ba796d9a0c","rustc 1.97.0 (2d8144b78 2026-07-07)","x86_64-unknown-linux-gnu","Linux 7.0.11-76070011-generic x86_64","Intel(R) Core(TM) Ultra 7 155H","/dev/nvme0n1p3[/tmp] ext4   rw,nosuid,nodev,noatime,errors=remount-ro","/tmp/pigment-db-durability-bench","12-19","comparator","pre_feature_pigment_db","buffered","pre_feature_pigment_db","10","0","key_set","vector","successful_remove","8","32","5","10","80384","100144880","802677.081444","20593","0"
"protocol-v5-20260807-220443","6d7edc7c29a60a94c59effeeb2b78d8b95038135","default-hasher:e33e9641d6e15aea","6d7edc7c29a60a94c59effeeb2b78d8b95038135","default-hasher:f20647ba796d9a0c","rustc 1.97.0 (2d8144b78 2026-07-07)","x86_64-unknown-linux-gnu","Linux 7.0.11-76070011-generic x86_64","Intel(R) Core(TM) Ultra 7 155H","/dev/nvme0n1p3[/tmp] ext4   rw,nosuid,nodev,noatime,errors=remount-ro","/tmp/pigment-db-durability-bench","12-19","candidate","candidate_pigment_db","buffered","pre_feature_pigment_db","10","1","key_set","vector","successful_remove","8","32","5","10","83456","100126090","833509.028466","21047","0"
"protocol-v5-20260807-220443","6d7edc7c29a60a94c59effeeb2b78d8b95038135","default-hasher:e33e9641d6e15aea","6d7edc7c29a60a94c59effeeb2b78d8b95038135","default-hasher:f20647ba796d9a0c","rustc 1.97.0 (2d8144b78 2026-07-07)","x86_64-unknown-linux-gnu","Linux 7.0.11-76070011-generic x86_64","Intel(R) Core(TM) Ultra 7 155H","/dev/nvme0n1p3[/tmp] ext4   rw,nosuid,nodev,noatime,errors=remount-ro","/tmp/pigment-db-durability-bench","12-19","comparator","pre_feature_pigment_db","buffered","pre_feature_pigment_db","0","0","key_set","vector","minimal_callback","1","32","5","0","66560","100050533","665263.822233","1705","0"
"protocol-v5-20260807-220443","6d7edc7c29a60a94c59effeeb2b78d8b95038135","default-hasher:e33e9641d6e15aea","6d7edc7c29a60a94c59effeeb2b78d8b95038135","default-hasher:f20647ba796d9a0c","rustc 1.97.0 (2d8144b78 2026-07-07)","x86_64-unknown-linux-gnu","Linux 7.0.11-76070011-generic x86_64","Intel(R) Core(TM) Ultra 7 155H","/dev/nvme0n1p3[/tmp] ext4   rw,nosuid,nodev,noatime,errors=remount-ro","/tmp/pigment-db-durability-bench","12-19","candidate","candidate_pigment_db","buffered","pre_feature_pigment_db","0","1","key_set","vector","minimal_callback","1","32","5","0","67456","100030100","674357.018537","1675","0"
"protocol-v5-20260807-220443","6d7edc7c29a60a94c59effeeb2b78d8b95038135","default-hasher:e33e9641d6e15aea","6d7edc7c29a60a94c59effeeb2b78d8b95038135","default-hasher:f20647ba796d9a0c","rustc 1.97.0 (2d8144b78 2026-07-07)","x86_64-unknown-linux-gnu","Linux 7.0.11-76070011-generic x86_64","Intel(R) Core(TM) Ultra 7 155H","/dev/nvme0n1p3[/tmp] ext4   rw,nosuid,nodev,noatime,errors=remount-ro","/tmp/pigment-db-durability-bench","12-19","candidate","candidate_pigment_db","buffered","pre_feature_pigment_db","1","0","key_set","vector","minimal_callback","1","32","5","1","68160","100063998","681164.068619","1670","0"
"protocol-v5-20260807-220443","6d7edc7c29a60a94c59effeeb2b78d8b95038135","default-hasher:e33e9641d6e15aea","6d7edc7c29a60a94c59effeeb2b78d8b95038135","default-hasher:f20647ba796d9a0c","rustc 1.97.0 (2d8144b78 2026-07-07)","x86_64-unknown-linux-gnu","Linux 7.0.11-76070011-generic x86_64","Intel(R) Core(TM) Ultra 7 155H","/dev/nvme0n1p3[/tmp] ext4   rw,nosuid,nodev,noatime,errors=remount-ro","/tmp/pigment-db-durability-bench","12-19","comparator","pre_feature_pigment_db","buffered","pre_feature_pigment_db","1","1","key_set","vector","minimal_callback","1","32","5","1","66560","100028275","665411.854798","1688","0"
"protocol-v5-20260807-220443","6d7edc7c29a60a94c59effeeb2b78d8b95038135","default-hasher:e33e9641d6e15aea","6d7edc7c29a60a94c59effeeb2b78d8b95038135","default-hasher:f20647ba796d9a0c","rustc 1.97.0 (2d8144b78 2026-07-07)","x86_64-unknown-linux-gnu","Linux 7.0.11-76070011-generic x86_64","Intel(R) Core(TM) Ultra 7 155H","/dev/nvme0n1p3[/tmp] ext4   rw,nosuid,nodev,noatime,errors=remount-ro","/tmp/pigment-db-durability-bench","12-19","comparator","pre_feature_pigment_db","buffered","pre_feature_pigment_db","2","0","key_set","vector","minimal_callback","1","32","5","2","67136","100075191","670855.576983","1675","0"
"protocol-v5-20260807-220443","6d7edc7c29a60a94c59effeeb2b78d8b95038135","default-hasher:e33e9641d6e15aea","6d7edc7c29a60a94c59effeeb2b78d8b95038135","default-hasher:f20647ba796d9a0c","rustc 1.97.0 (2d8144b78 2026-07-07)","x86_64-unknown-linux-gnu","Linux 7.0.11-76070011-generic x86_64","Intel(R) Core(TM) Ultra 7 155H","/dev/nvme0n1p3[/tmp] ext4   rw,nosuid,nodev,noatime,errors=remount-ro","/tmp/pigment-db-durability-bench","12-19","candidate","candidate_pigment_db","buffered","pre_feature_pigment_db","2","1","key_set","vector","minimal_callback","1","32","5","2","68608","100057666","685684.593123","1661","0"
"protocol-v5-20260807-220443","6d7edc7c29a60a94c59effeeb2b78d8b95038135","default-hasher:e33e9641d6e15aea","6d7edc7c29a60a94c59effeeb2b78d8b95038135","default-hasher:f20647ba796d9a0c","rustc 1.97.0 (2d8144b78 2026-07-07)","x86_64-unknown-linux-gnu","Linux 7.0.11-76070011-generic x86_64","Intel(R) Core(TM) Ultra 7 155H","/dev/nvme0n1p3[/tmp] ext4   rw,nosuid,nodev,noatime,errors=remount-ro","/tmp/pigment-db-durability-bench","12-19","candidate","candidate_pigment_db","buffered","pre_feature_pigment_db","3","0","key_set","vector","minimal_callback","1","32","5","3","67648","100034848","676244.342372","1675","0"
"protocol-v5-20260807-220443","6d7edc7c29a60a94c59effeeb2b78d8b95038135","default-hasher:e33e9641d6e15aea","6d7edc7c29a60a94c59effeeb2b78d8b95038135","default-hasher:f20647ba796d9a0c","rustc 1.97.0 (2d8144b78 2026-07-07)","x86_64-unknown-linux-gnu","Linux 7.0.11-76070011-generic x86_64","Intel(R) Core(TM) Ultra 7 155H","/dev/nvme0n1p3[/tmp] ext4   rw,nosuid,nodev,noatime,errors=remount-ro","/tmp/pigment-db-durability-bench","12-19","comparator","pre_feature_pigment_db","buffered","pre_feature_pigment_db","3","1","key_set","vector","minimal_callback","1","32","5","3","66944","100071834","668959.459662","1683","0"
"protocol-v5-20260807-220443","6d7edc7c29a60a94c59effeeb2b78d8b95038135","default-hasher:e33e9641d6e15aea","6d7edc7c29a60a94c59effeeb2b78d8b95038135","default-hasher:f20647ba796d9a0c","rustc 1.97.0 (2d8144b78 2026-07-07)","x86_64-unknown-linux-gnu","Linux 7.0.11-76070011-generic x86_64","Intel(R) Core(TM) Ultra 7 155H","/dev/nvme0n1p3[/tmp] ext4   rw,nosuid,nodev,noatime,errors=remount-ro","/tmp/pigment-db-durability-bench","12-19","comparator","pre_feature_pigment_db","buffered","pre_feature_pigment_db","4","0","key_set","vector","minimal_callback","1","32","5","4","66304","100081922","662497.268987","1717","0"
"protocol-v5-20260807-220443","6d7edc7c29a60a94c59effeeb2b78d8b95038135","default-hasher:e33e9641d6e15aea","6d7edc7c29a60a94c59effeeb2b78d8b95038135","default-hasher:f20647ba796d9a0c","rustc 1.97.0 (2d8144b78 2026-07-07)","x86_64-unknown-linux-gnu","Linux 7.0.11-76070011-generic x86_64","Intel(R) Core(TM) Ultra 7 155H","/dev/nvme0n1p3[/tmp] ext4   rw,nosuid,nodev,noatime,errors=remount-ro","/tmp/pigment-db-durability-bench","12-19","candidate","candidate_pigment_db","buffered","pre_feature_pigment_db","4","1","key_set","vector","minimal_callback","1","32","5","4","67776","100036976","677509.484093","1671","0"
"protocol-v5-20260807-220443","6d7edc7c29a60a94c59effeeb2b78d8b95038135","default-hasher:e33e9641d6e15aea","6d7edc7c29a60a94c59effeeb2b78d8b95038135","default-hasher:f20647ba796d9a0c","rustc 1.97.0 (2d8144b78 2026-07-07)","x86_64-unknown-linux-gnu","Linux 7.0.11-76070011-generic x86_64","Intel(R) Core(TM) Ultra 7 155H","/dev/nvme0n1p3[/tmp] ext4   rw,nosuid,nodev,noatime,errors=remount-ro","/tmp/pigment-db-durability-bench","12-19","candidate","candidate_pigment_db","buffered","pre_feature_pigment_db","5","0","key_set","vector","minimal_callback","1","32","5","5","68352","100001771","683507.895075","1661","0"
"protocol-v5-20260807-220443","6d7edc7c29a60a94c59effeeb2b78d8b95038135","default-hasher:e33e9641d6e15aea","6d7edc7c29a60a94c59effeeb2b78d8b95038135","default-hasher:f20647ba796d9a0c","rustc 1.97.0 (2d8144b78 2026-07-07)","x86_64-unknown-linux-gnu","Linux 7.0.11-76070011-generic x86_64","Intel(R) Core(TM) Ultra 7 155H","/dev/nvme0n1p3[/tmp] ext4   rw,nosuid,nodev,noatime,errors=remount-ro","/tmp/pigment-db-durability-bench","12-19","comparator","pre_feature_pigment_db","buffered","pre_feature_pigment_db","5","1","key_set","vector","minimal_callback","1","32","5","5","67584","100088269","675243.968901","1673","0"
"protocol-v5-20260807-220443","6d7edc7c29a60a94c59effeeb2b78d8b95038135","default-hasher:e33e9641d6e15aea","6d7edc7c29a60a94c59effeeb2b78d8b95038135","default-hasher:f20647ba796d9a0c","rustc 1.97.0 (2d8144b78 2026-07-07)","x86_64-unknown-linux-gnu","Linux 7.0.11-76070011-generic x86_64","Intel(R) Core(TM) Ultra 7 155H","/dev/nvme0n1p3[/tmp] ext4   rw,nosuid,nodev,noatime,errors=remount-ro","/tmp/pigment-db-durability-bench","12-19","comparator","pre_feature_pigment_db","buffered","pre_feature_pigment_db","6","0","key_set","vector","minimal_callback","1","32","5","6","67072","100043912","670425.602709","1675","0"
"protocol-v5-20260807-220443","6d7edc7c29a60a94c59effeeb2b78d8b95038135","default-hasher:e33e9641d6e15aea","6d7edc7c29a60a94c59effeeb2b78d8b95038135","default-hasher:f20647ba796d9a0c","rustc 1.97.0 (2d8144b78 2026-07-07)","x86_64-unknown-linux-gnu","Linux 7.0.11-76070011-generic x86_64","Intel(R) Core(TM) Ultra 7 155H","/dev/nvme0n1p3[/tmp] ext4   rw,nosuid,nodev,noatime,errors=remount-ro","/tmp/pigment-db-durability-bench","12-19","candidate","candidate_pigment_db","buffered","pre_feature_pigment_db","6","1","key_set","vector","minimal_callback","1","32","5","6","68480","100072981","684300.590586","1656","0"
"protocol-v5-20260807-220443","6d7edc7c29a60a94c59effeeb2b78d8b95038135","default-hasher:e33e9641d6e15aea","6d7edc7c29a60a94c59effeeb2b78d8b95038135","default-hasher:f20647ba796d9a0c","rustc 1.97.0 (2d8144b78 2026-07-07)","x86_64-unknown-linux-gnu","Linux 7.0.11-76070011-generic x86_64","Intel(R) Core(TM) Ultra 7 155H","/dev/nvme0n1p3[/tmp] ext4   rw,nosuid,nodev,noatime,errors=remount-ro","/tmp/pigment-db-durability-bench","12-19","candidate","candidate_pigment_db","buffered","pre_feature_pigment_db","7","0","key_set","vector","minimal_callback","1","32","5","7","69056","100075921","690036.117679","1647","0"
"protocol-v5-20260807-220443","6d7edc7c29a60a94c59effeeb2b78d8b95038135","default-hasher:e33e9641d6e15aea","6d7edc7c29a60a94c59effeeb2b78d8b95038135","default-hasher:f20647ba796d9a0c","rustc 1.97.0 (2d8144b78 2026-07-07)","x86_64-unknown-linux-gnu","Linux 7.0.11-76070011-generic x86_64","Intel(R) Core(TM) Ultra 7 155H","/dev/nvme0n1p3[/tmp] ext4   rw,nosuid,nodev,noatime,errors=remount-ro","/tmp/pigment-db-durability-bench","12-19","comparator","pre_feature_pigment_db","buffered","pre_feature_pigment_db","7","1","key_set","vector","minimal_callback","1","32","5","7","67392","100047297","673601.406743","1672","0"
"protocol-v5-20260807-220443","6d7edc7c29a60a94c59effeeb2b78d8b95038135","default-hasher:e33e9641d6e15aea","6d7edc7c29a60a94c59effeeb2b78d8b95038135","default-hasher:f20647ba796d9a0c","rustc 1.97.0 (2d8144b78 2026-07-07)","x86_64-unknown-linux-gnu","Linux 7.0.11-76070011-generic x86_64","Intel(R) Core(TM) Ultra 7 155H","/dev/nvme0n1p3[/tmp] ext4   rw,nosuid,nodev,noatime,errors=remount-ro","/tmp/pigment-db-durability-bench","12-19","comparator","pre_feature_pigment_db","buffered","pre_feature_pigment_db","8","0","key_set","vector","minimal_callback","1","32","5","8","66688","100007634","666829.094267","1690","0"
"protocol-v5-20260807-220443","6d7edc7c29a60a94c59effeeb2b78d8b95038135","default-hasher:e33e9641d6e15aea","6d7edc7c29a60a94c59effeeb2b78d8b95038135","default-hasher:f20647ba796d9a0c","rustc 1.97.0 (2d8144b78 2026-07-07)","x86_64-unknown-linux-gnu","Linux 7.0.11-76070011-generic x86_64","Intel(R) Core(TM) Ultra 7 155H","/dev/nvme0n1p3[/tmp] ext4   rw,nosuid,nodev,noatime,errors=remount-ro","/tmp/pigment-db-durability-bench","12-19","candidate","candidate_pigment_db","buffered","pre_feature_pigment_db","8","1","key_set","vector","minimal_callback","1","32","5","8","68608","100022449","685926.016469","1651","0"
"protocol-v5-20260807-220443","6d7edc7c29a60a94c59effeeb2b78d8b95038135","default-hasher:e33e9641d6e15aea","6d7edc7c29a60a94c59effeeb2b78d8b95038135","default-hasher:f20647ba796d9a0c","rustc 1.97.0 (2d8144b78 2026-07-07)","x86_64-unknown-linux-gnu","Linux 7.0.11-76070011-generic x86_64","Intel(R) Core(TM) Ultra 7 155H","/dev/nvme0n1p3[/tmp] ext4   rw,nosuid,nodev,noatime,errors=remount-ro","/tmp/pigment-db-durability-bench","12-19","candidate","candidate_pigment_db","buffered","pre_feature_pigment_db","9","0","key_set","vector","minimal_callback","1","32","5","9","68416","100059653","683752.121347","1653","0"
"protocol-v5-20260807-220443","6d7edc7c29a60a94c59effeeb2b78d8b95038135","default-hasher:e33e9641d6e15aea","6d7edc7c29a60a94c59effeeb2b78d8b95038135","default-hasher:f20647ba796d9a0c","rustc 1.97.0 (2d8144b78 2026-07-07)","x86_64-unknown-linux-gnu","Linux 7.0.11-76070011-generic x86_64","Intel(R) Core(TM) Ultra 7 155H","/dev/nvme0n1p3[/tmp] ext4   rw,nosuid,nodev,noatime,errors=remount-ro","/tmp/pigment-db-durability-bench","12-19","comparator","pre_feature_pigment_db","buffered","pre_feature_pigment_db","9","1","key_set","vector","minimal_callback","1","32","5","9","66688","100042096","666599.388321","1676","0"
"protocol-v5-20260807-220443","6d7edc7c29a60a94c59effeeb2b78d8b95038135","default-hasher:e33e9641d6e15aea","6d7edc7c29a60a94c59effeeb2b78d8b95038135","default-hasher:f20647ba796d9a0c","rustc 1.97.0 (2d8144b78 2026-07-07)","x86_64-unknown-linux-gnu","Linux 7.0.11-76070011-generic x86_64","Intel(R) Core(TM) Ultra 7 155H","/dev/nvme0n1p3[/tmp] ext4   rw,nosuid,nodev,noatime,errors=remount-ro","/tmp/pigment-db-durability-bench","12-19","comparator","pre_feature_pigment_db","buffered","pre_feature_pigment_db","10","0","key_set","vector","minimal_callback","1","32","5","10","66880","100011056","668726.065646","1675","0"
"protocol-v5-20260807-220443","6d7edc7c29a60a94c59effeeb2b78d8b95038135","default-hasher:e33e9641d6e15aea","6d7edc7c29a60a94c59effeeb2b78d8b95038135","default-hasher:f20647ba796d9a0c","rustc 1.97.0 (2d8144b78 2026-07-07)","x86_64-unknown-linux-gnu","Linux 7.0.11-76070011-generic x86_64","Intel(R) Core(TM) Ultra 7 155H","/dev/nvme0n1p3[/tmp] ext4   rw,nosuid,nodev,noatime,errors=remount-ro","/tmp/pigment-db-durability-bench","12-19","candidate","candidate_pigment_db","buffered","pre_feature_pigment_db","10","1","key_set","vector","minimal_callback","1","32","5","10","68096","100005039","680925.688155","1656","0"
"protocol-v5-20260807-220443","6d7edc7c29a60a94c59effeeb2b78d8b95038135","default-hasher:e33e9641d6e15aea","6d7edc7c29a60a94c59effeeb2b78d8b95038135","default-hasher:f20647ba796d9a0c","rustc 1.97.0 (2d8144b78 2026-07-07)","x86_64-unknown-linux-gnu","Linux 7.0.11-76070011-generic x86_64","Intel(R) Core(TM) Ultra 7 155H","/dev/nvme0n1p3[/tmp] ext4   rw,nosuid,nodev,noatime,errors=remount-ro","/tmp/pigment-db-durability-bench","12-19","comparator","pre_feature_pigment_db","buffered","pre_feature_pigment_db","0","0","key_set","vector","minimal_callback","8","32","5","0","37888","100673789","376344.233950","57475","0"
"protocol-v5-20260807-220443","6d7edc7c29a60a94c59effeeb2b78d8b95038135","default-hasher:e33e9641d6e15aea","6d7edc7c29a60a94c59effeeb2b78d8b95038135","default-hasher:f20647ba796d9a0c","rustc 1.97.0 (2d8144b78 2026-07-07)","x86_64-unknown-linux-gnu","Linux 7.0.11-76070011-generic x86_64","Intel(R) Core(TM) Ultra 7 155H","/dev/nvme0n1p3[/tmp] ext4   rw,nosuid,nodev,noatime,errors=remount-ro","/tmp/pigment-db-durability-bench","12-19","candidate","candidate_pigment_db","buffered","pre_feature_pigment_db","0","1","key_set","vector","minimal_callback","8","32","5","0","36864","101027813","364889.617080","73728","0"
"protocol-v5-20260807-220443","6d7edc7c29a60a94c59effeeb2b78d8b95038135","default-hasher:e33e9641d6e15aea","6d7edc7c29a60a94c59effeeb2b78d8b95038135","default-hasher:f20647ba796d9a0c","rustc 1.97.0 (2d8144b78 2026-07-07)","x86_64-unknown-linux-gnu","Linux 7.0.11-76070011-generic x86_64","Intel(R) Core(TM) Ultra 7 155H","/dev/nvme0n1p3[/tmp] ext4   rw,nosuid,nodev,noatime,errors=remount-ro","/tmp/pigment-db-durability-bench","12-19","candidate","candidate_pigment_db","buffered","pre_feature_pigment_db","1","0","key_set","vector","minimal_callback","8","32","5","1","34816","100311875","347077.551885","77024","0"
"protocol-v5-20260807-220443","6d7edc7c29a60a94c59effeeb2b78d8b95038135","default-hasher:e33e9641d6e15aea","6d7edc7c29a60a94c59effeeb2b78d8b95038135","default-hasher:f20647ba796d9a0c","rustc 1.97.0 (2d8144b78 2026-07-07)","x86_64-unknown-linux-gnu","Linux 7.0.11-76070011-generic x86_64","Intel(R) Core(TM) Ultra 7 155H","/dev/nvme0n1p3[/tmp] ext4   rw,nosuid,nodev,noatime,errors=remount-ro","/tmp/pigment-db-durability-bench","12-19","comparator","pre_feature_pigment_db","buffered","pre_feature_pigment_db","1","1","key_set","vector","minimal_callback","8","32","5","1","35328","100287067","352268.752660","54538","0"
"protocol-v5-20260807-220443","6d7edc7c29a60a94c59effeeb2b78d8b95038135","default-hasher:e33e9641d6e15aea","6d7edc7c29a60a94c59effeeb2b78d8b95038135","default-hasher:f20647ba796d9a0c","rustc 1.97.0 (2d8144b78 2026-07-07)","x86_64-unknown-linux-gnu","Linux 7.0.11-76070011-generic x86_64","Intel(R) Core(TM) Ultra 7 155H","/dev/nvme0n1p3[/tmp] ext4   rw,nosuid,nodev,noatime,errors=remount-ro","/tmp/pigment-db-durability-bench","12-19","comparator","pre_feature_pigment_db","buffered","pre_feature_pigment_db","2","0","key_set","vector","minimal_callback","8","32","5","2","33792","102282808","330378.102252","64522","0"
"protocol-v5-20260807-220443","6d7edc7c29a60a94c59effeeb2b78d8b95038135","default-hasher:e33e9641d6e15aea","6d7edc7c29a60a94c59effeeb2b78d8b95038135","default-hasher:f20647ba796d9a0c","rustc 1.97.0 (2d8144b78 2026-07-07)","x86_64-unknown-linux-gnu","Linux 7.0.11-76070011-generic x86_64","Intel(R) Core(TM) Ultra 7 155H","/dev/nvme0n1p3[/tmp] ext4   rw,nosuid,nodev,noatime,errors=remount-ro","/tmp/pigment-db-durability-bench","12-19","candidate","candidate_pigment_db","buffered","pre_feature_pigment_db","2","1","key_set","vector","minimal_callback","8","32","5","2","38912","101021872","385183.913440","53790","0"
"protocol-v5-20260807-220443","6d7edc7c29a60a94c59effeeb2b78d8b95038135","default-hasher:e33e9641d6e15aea","6d7edc7c29a60a94c59effeeb2b78d8b95038135","default-hasher:f20647ba796d9a0c","rustc 1.97.0 (2d8144b78 2026-07-07)","x86_64-unknown-linux-gnu","Linux 7.0.11-76070011-generic x86_64","Intel(R) Core(TM) Ultra 7 155H","/dev/nvme0n1p3[/tmp] ext4   rw,nosuid,nodev,noatime,errors=remount-ro","/tmp/pigment-db-durability-bench","12-19","candidate","candidate_pigment_db","buffered","pre_feature_pigment_db","3","0","key_set","vector","minimal_callback","8","32","5","3","36864","101072753","364727.376131","65211","0"
"protocol-v5-20260807-220443","6d7edc7c29a60a94c59effeeb2b78d8b95038135","default-hasher:e33e9641d6e15aea","6d7edc7c29a60a94c59effeeb2b78d8b95038135","default-hasher:f20647ba796d9a0c","rustc 1.97.0 (2d8144b78 2026-07-07)","x86_64-unknown-linux-gnu","Linux 7.0.11-76070011-generic x86_64","Intel(R) Core(TM) Ultra 7 155H","/dev/nvme0n1p3[/tmp] ext4   rw,nosuid,nodev,noatime,errors=remount-ro","/tmp/pigment-db-durability-bench","12-19","comparator","pre_feature_pigment_db","buffered","pre_feature_pigment_db","3","1","key_set","vector","minimal_callback","8","32","5","3","37888","100313233","377696.928580","73481","0"
"protocol-v5-20260807-220443","6d7edc7c29a60a94c59effeeb2b78d8b95038135","default-hasher:e33e9641d6e15aea","6d7edc7c29a60a94c59effeeb2b78d8b95038135","default-hasher:f20647ba796d9a0c","rustc 1.97.0 (2d8144b78 2026-07-07)","x86_64-unknown-linux-gnu","Linux 7.0.11-76070011-generic x86_64","Intel(R) Core(TM) Ultra 7 155H","/dev/nvme0n1p3[/tmp] ext4   rw,nosuid,nodev,noatime,errors=remount-ro","/tmp/pigment-db-durability-bench","12-19","comparator","pre_feature_pigment_db","buffered","pre_feature_pigment_db","4","0","key_set","vector","minimal_callback","8","32","5","4","36864","101141272","364480.288522","74527","0"
"protocol-v5-20260807-220443","6d7edc7c29a60a94c59effeeb2b78d8b95038135","default-hasher:e33e9641d6e15aea","6d7edc7c29a60a94c59effeeb2b78d8b95038135","default-hasher:f20647ba796d9a0c","rustc 1.97.0 (2d8144b78 2026-07-07)","x86_64-unknown-linux-gnu","Linux 7.0.11-76070011-generic x86_64","Intel(R) Core(TM) Ultra 7 155H","/dev/nvme0n1p3[/tmp] ext4   rw,nosuid,nodev,noatime,errors=remount-ro","/tmp/pigment-db-durability-bench","12-19","candidate","candidate_pigment_db","buffered","pre_feature_pigment_db","4","1","key_set","vector","minimal_callback","8","32","5","4","36352","101267539","358969.916312","58037","0"
"protocol-v5-20260807-220443","6d7edc7c29a60a94c59effeeb2b78d8b95038135","default-hasher:e33e9641d6e15aea","6d7edc7c29a60a94c59effeeb2b78d8b95038135","default-hasher:f20647ba796d9a0c","rustc 1.97.0 (2d8144b78 2026-07-07)","x86_64-unknown-linux-gnu","Linux 7.0.11-76070011-generic x86_64","Intel(R) Core(TM) Ultra 7 155H","/dev/nvme0n1p3[/tmp] ext4   rw,nosuid,nodev,noatime,errors=remount-ro","/tmp/pigment-db-durability-bench","12-19","candidate","candidate_pigment_db","buffered","pre_feature_pigment_db","5","0","key_set","vector","minimal_callback","8","32","5","5","37376","101112915","369646.152522","70895","0"
"protocol-v5-20260807-220443","6d7edc7c29a60a94c59effeeb2b78d8b95038135","default-hasher:e33e9641d6e15aea","6d7edc7c29a60a94c59effeeb2b78d8b95038135","default-hasher:f20647ba796d9a0c","rustc 1.97.0 (2d8144b78 2026-07-07)","x86_64-unknown-linux-gnu","Linux 7.0.11-76070011-generic x86_64","Intel(R) Core(TM) Ultra 7 155H","/dev/nvme0n1p3[/tmp] ext4   rw,nosuid,nodev,noatime,errors=remount-ro","/tmp/pigment-db-durability-bench","12-19","comparator","pre_feature_pigment_db","buffered","pre_feature_pigment_db","5","1","key_set","vector","minimal_callback","8","32","5","5","38912","101136633","384746.840445","73547","0"
"protocol-v5-20260807-220443","6d7edc7c29a60a94c59effeeb2b78d8b95038135","default-hasher:e33e9641d6e15aea","6d7edc7c29a60a94c59effeeb2b78d8b95038135","default-hasher:f20647ba796d9a0c","rustc 1.97.0 (2d8144b78 2026-07-07)","x86_64-unknown-linux-gnu","Linux 7.0.11-76070011-generic x86_64","Intel(R) Core(TM) Ultra 7 155H","/dev/nvme0n1p3[/tmp] ext4   rw,nosuid,nodev,noatime,errors=remount-ro","/tmp/pigment-db-durability-bench","12-19","comparator","pre_feature_pigment_db","buffered","pre_feature_pigment_db","6","0","key_set","vector","minimal_callback","8","32","5","6","37376","101035733","369928.528157","65119","0"
"protocol-v5-20260807-220443","6d7edc7c29a60a94c59effeeb2b78d8b95038135","default-hasher:e33e9641d6e15aea","6d7edc7c29a60a94c59effeeb2b78d8b95038135","default-hasher:f20647ba796d9a0c","rustc 1.97.0 (2d8144b78 2026-07-07)","x86_64-unknown-linux-gnu","Linux 7.0.11-76070011-generic x86_64","Intel(R) Core(TM) Ultra 7 155H","/dev/nvme0n1p3[/tmp] ext4   rw,nosuid,nodev,noatime,errors=remount-ro","/tmp/pigment-db-durability-bench","12-19","candidate","candidate_pigment_db","buffered","pre_feature_pigment_db","6","1","key_set","vector","minimal_callback","8","32","5","6","38400","100006867","383973.632531","70608","0"
"protocol-v5-20260807-220443","6d7edc7c29a60a94c59effeeb2b78d8b95038135","default-hasher:e33e9641d6e15aea","6d7edc7c29a60a94c59effeeb2b78d8b95038135","default-hasher:f20647ba796d9a0c","rustc 1.97.0 (2d8144b78 2026-07-07)","x86_64-unknown-linux-gnu","Linux 7.0.11-76070011-generic x86_64","Intel(R) Core(TM) Ultra 7 155H","/dev/nvme0n1p3[/tmp] ext4   rw,nosuid,nodev,noatime,errors=remount-ro","/tmp/pigment-db-durability-bench","12-19","candidate","candidate_pigment_db","buffered","pre_feature_pigment_db","7","0","key_set","vector","minimal_callback","8","32","5","7","37376","101272736","369062.804820","73361","0"
"protocol-v5-20260807-220443","6d7edc7c29a60a94c59effeeb2b78d8b95038135","default-hasher:e33e9641d6e15aea","6d7edc7c29a60a94c59effeeb2b78d8b95038135","default-hasher:f20647ba796d9a0c","rustc 1.97.0 (2d8144b78 2026-07-07)","x86_64-unknown-linux-gnu","Linux 7.0.11-76070011-generic x86_64","Intel(R) Core(TM) Ultra 7 155H","/dev/nvme0n1p3[/tmp] ext4   rw,nosuid,nodev,noatime,errors=remount-ro","/tmp/pigment-db-durability-bench","12-19","comparator","pre_feature_pigment_db","buffered","pre_feature_pigment_db","7","1","key_set","vector","minimal_callback","8","32","5","7","37888","100894298","375521.716797","64388","0"
"protocol-v5-20260807-220443","6d7edc7c29a60a94c59effeeb2b78d8b95038135","default-hasher:e33e9641d6e15aea","6d7edc7c29a60a94c59effeeb2b78d8b95038135","default-hasher:f20647ba796d9a0c","rustc 1.97.0 (2d8144b78 2026-07-07)","x86_64-unknown-linux-gnu","Linux 7.0.11-76070011-generic x86_64","Intel(R) Core(TM) Ultra 7 155H","/dev/nvme0n1p3[/tmp] ext4   rw,nosuid,nodev,noatime,errors=remount-ro","/tmp/pigment-db-durability-bench","12-19","comparator","pre_feature_pigment_db","buffered","pre_feature_pigment_db","8","0","key_set","vector","minimal_callback","8","32","5","8","36864","100036635","368504.998194","64817","0"
"protocol-v5-20260807-220443","6d7edc7c29a60a94c59effeeb2b78d8b95038135","default-hasher:e33e9641d6e15aea","6d7edc7c29a60a94c59effeeb2b78d8b95038135","default-hasher:f20647ba796d9a0c","rustc 1.97.0 (2d8144b78 2026-07-07)","x86_64-unknown-linux-gnu","Linux 7.0.11-76070011-generic x86_64","Intel(R) Core(TM) Ultra 7 155H","/dev/nvme0n1p3[/tmp] ext4   rw,nosuid,nodev,noatime,errors=remount-ro","/tmp/pigment-db-durability-bench","12-19","candidate","candidate_pigment_db","buffered","pre_feature_pigment_db","8","1","key_set","vector","minimal_callback","8","32","5","8","36352","100925132","360187.787518","63341","0"
"protocol-v5-20260807-220443","6d7edc7c29a60a94c59effeeb2b78d8b95038135","default-hasher:e33e9641d6e15aea","6d7edc7c29a60a94c59effeeb2b78d8b95038135","default-hasher:f20647ba796d9a0c","rustc 1.97.0 (2d8144b78 2026-07-07)","x86_64-unknown-linux-gnu","Linux 7.0.11-76070011-generic x86_64","Intel(R) Core(TM) Ultra 7 155H","/dev/nvme0n1p3[/tmp] ext4   rw,nosuid,nodev,noatime,errors=remount-ro","/tmp/pigment-db-durability-bench","12-19","candidate","candidate_pigment_db","buffered","pre_feature_pigment_db","9","0","key_set","vector","minimal_callback","8","32","5","9","36864","101348609","363734.641883","64639","0"
"protocol-v5-20260807-220443","6d7edc7c29a60a94c59effeeb2b78d8b95038135","default-hasher:e33e9641d6e15aea","6d7edc7c29a60a94c59effeeb2b78d8b95038135","default-hasher:f20647ba796d9a0c","rustc 1.97.0 (2d8144b78 2026-07-07)","x86_64-unknown-linux-gnu","Linux 7.0.11-76070011-generic x86_64","Intel(R) Core(TM) Ultra 7 155H","/dev/nvme0n1p3[/tmp] ext4   rw,nosuid,nodev,noatime,errors=remount-ro","/tmp/pigment-db-durability-bench","12-19","comparator","pre_feature_pigment_db","buffered","pre_feature_pigment_db","9","1","key_set","vector","minimal_callback","8","32","5","9","37376","101063120","369828.281573","64019","0"
"protocol-v5-20260807-220443","6d7edc7c29a60a94c59effeeb2b78d8b95038135","default-hasher:e33e9641d6e15aea","6d7edc7c29a60a94c59effeeb2b78d8b95038135","default-hasher:f20647ba796d9a0c","rustc 1.97.0 (2d8144b78 2026-07-07)","x86_64-unknown-linux-gnu","Linux 7.0.11-76070011-generic x86_64","Intel(R) Core(TM) Ultra 7 155H","/dev/nvme0n1p3[/tmp] ext4   rw,nosuid,nodev,noatime,errors=remount-ro","/tmp/pigment-db-durability-bench","12-19","comparator","pre_feature_pigment_db","buffered","pre_feature_pigment_db","10","0","key_set","vector","minimal_callback","8","32","5","10","36352","101189258","359247.618952","66689","0"
"protocol-v5-20260807-220443","6d7edc7c29a60a94c59effeeb2b78d8b95038135","default-hasher:e33e9641d6e15aea","6d7edc7c29a60a94c59effeeb2b78d8b95038135","default-hasher:f20647ba796d9a0c","rustc 1.97.0 (2d8144b78 2026-07-07)","x86_64-unknown-linux-gnu","Linux 7.0.11-76070011-generic x86_64","Intel(R) Core(TM) Ultra 7 155H","/dev/nvme0n1p3[/tmp] ext4   rw,nosuid,nodev,noatime,errors=remount-ro","/tmp/pigment-db-durability-bench","12-19","candidate","candidate_pigment_db","buffered","pre_feature_pigment_db","10","1","key_set","vector","minimal_callback","8","32","5","10","37376","100745191","370995.375849","64832","0"
"protocol-v5-20260807-220443","6d7edc7c29a60a94c59effeeb2b78d8b95038135","default-hasher:e33e9641d6e15aea","6d7edc7c29a60a94c59effeeb2b78d8b95038135","default-hasher:f20647ba796d9a0c","rustc 1.97.0 (2d8144b78 2026-07-07)","x86_64-unknown-linux-gnu","Linux 7.0.11-76070011-generic x86_64","Intel(R) Core(TM) Ultra 7 155H","/dev/nvme0n1p3[/tmp] ext4   rw,nosuid,nodev,noatime,errors=remount-ro","/tmp/pigment-db-durability-bench","12-19","comparator","pre_feature_pigment_db","buffered","pre_feature_pigment_db","0","0","key_set","file","ordinary_write","1","32","5","0","34880","100144487","348296.756465","2950","0"
"protocol-v5-20260807-220443","6d7edc7c29a60a94c59effeeb2b78d8b95038135","default-hasher:e33e9641d6e15aea","6d7edc7c29a60a94c59effeeb2b78d8b95038135","default-hasher:f20647ba796d9a0c","rustc 1.97.0 (2d8144b78 2026-07-07)","x86_64-unknown-linux-gnu","Linux 7.0.11-76070011-generic x86_64","Intel(R) Core(TM) Ultra 7 155H","/dev/nvme0n1p3[/tmp] ext4   rw,nosuid,nodev,noatime,errors=remount-ro","/tmp/pigment-db-durability-bench","12-19","candidate","candidate_pigment_db","buffered","pre_feature_pigment_db","0","1","key_set","file","ordinary_write","1","32","5","0","34368","100087405","343379.868826","2979","0"
"protocol-v5-20260807-220443","6d7edc7c29a60a94c59effeeb2b78d8b95038135","default-hasher:e33e9641d6e15aea","6d7edc7c29a60a94c59effeeb2b78d8b95038135","default-hasher:f20647ba796d9a0c","rustc 1.97.0 (2d8144b78 2026-07-07)","x86_64-unknown-linux-gnu","Linux 7.0.11-76070011-generic x86_64","Intel(R) Core(TM) Ultra 7 155H","/dev/nvme0n1p3[/tmp] ext4   rw,nosuid,nodev,noatime,errors=remount-ro","/tmp/pigment-db-durability-bench","12-19","candidate","candidate_pigment_db","buffered","pre_feature_pigment_db","1","0","key_set","file","ordinary_write","1","32","5","1","34816","100035914","348035.006708","2980","0"
"protocol-v5-20260807-220443","6d7edc7c29a60a94c59effeeb2b78d8b95038135","default-hasher:e33e9641d6e15aea","6d7edc7c29a60a94c59effeeb2b78d8b95038135","default-hasher:f20647ba796d9a0c","rustc 1.97.0 (2d8144b78 2026-07-07)","x86_64-unknown-linux-gnu","Linux 7.0.11-76070011-generic x86_64","Intel(R) Core(TM) Ultra 7 155H","/dev/nvme0n1p3[/tmp] ext4   rw,nosuid,nodev,noatime,errors=remount-ro","/tmp/pigment-db-durability-bench","12-19","comparator","pre_feature_pigment_db","buffered","pre_feature_pigment_db","1","1","key_set","file","ordinary_write","1","32","5","1","34624","100164710","345670.645879","2994","0"
"protocol-v5-20260807-220443","6d7edc7c29a60a94c59effeeb2b78d8b95038135","default-hasher:e33e9641d6e15aea","6d7edc7c29a60a94c59effeeb2b78d8b95038135","default-hasher:f20647ba796d9a0c","rustc 1.97.0 (2d8144b78 2026-07-07)","x86_64-unknown-linux-gnu","Linux 7.0.11-76070011-generic x86_64","Intel(R) Core(TM) Ultra 7 155H","/dev/nvme0n1p3[/tmp] ext4   rw,nosuid,nodev,noatime,errors=remount-ro","/tmp/pigment-db-durability-bench","12-19","comparator","pre_feature_pigment_db","buffered","pre_feature_pigment_db","2","0","key_set","file","ordinary_write","1","32","5","2","33408","100057779","333887.083382","3094","0"
"protocol-v5-20260807-220443","6d7edc7c29a60a94c59effeeb2b78d8b95038135","default-hasher:e33e9641d6e15aea","6d7edc7c29a60a94c59effeeb2b78d8b95038135","default-hasher:f20647ba796d9a0c","rustc 1.97.0 (2d8144b78 2026-07-07)","x86_64-unknown-linux-gnu","Linux 7.0.11-76070011-generic x86_64","Intel(R) Core(TM) Ultra 7 155H","/dev/nvme0n1p3[/tmp] ext4   rw,nosuid,nodev,noatime,errors=remount-ro","/tmp/pigment-db-durability-bench","12-19","candidate","candidate_pigment_db","buffered","pre_feature_pigment_db","2","1","key_set","file","ordinary_write","1","32","5","2","34432","100052957","344137.754969","3140","0"
"protocol-v5-20260807-220443","6d7edc7c29a60a94c59effeeb2b78d8b95038135","default-hasher:e33e9641d6e15aea","6d7edc7c29a60a94c59effeeb2b78d8b95038135","default-hasher:f20647ba796d9a0c","rustc 1.97.0 (2d8144b78 2026-07-07)","x86_64-unknown-linux-gnu","Linux 7.0.11-76070011-generic x86_64","Intel(R) Core(TM) Ultra 7 155H","/dev/nvme0n1p3[/tmp] ext4   rw,nosuid,nodev,noatime,errors=remount-ro","/tmp/pigment-db-durability-bench","12-19","candidate","candidate_pigment_db","buffered","pre_feature_pigment_db","3","0","key_set","file","ordinary_write","1","32","5","3","34432","100120274","343906.370052","2996","0"
"protocol-v5-20260807-220443","6d7edc7c29a60a94c59effeeb2b78d8b95038135","default-hasher:e33e9641d6e15aea","6d7edc7c29a60a94c59effeeb2b78d8b95038135","default-hasher:f20647ba796d9a0c","rustc 1.97.0 (2d8144b78 2026-07-07)","x86_64-unknown-linux-gnu","Linux 7.0.11-76070011-generic x86_64","Intel(R) Core(TM) Ultra 7 155H","/dev/nvme0n1p3[/tmp] ext4   rw,nosuid,nodev,noatime,errors=remount-ro","/tmp/pigment-db-durability-bench","12-19","comparator","pre_feature_pigment_db","buffered","pre_feature_pigment_db","3","1","key_set","file","ordinary_write","1","32","5","3","34944","100150128","348916.179119","3029","0"
"protocol-v5-20260807-220443","6d7edc7c29a60a94c59effeeb2b78d8b95038135","default-hasher:e33e9641d6e15aea","6d7edc7c29a60a94c59effeeb2b78d8b95038135","default-hasher:f20647ba796d9a0c","rustc 1.97.0 (2d8144b78 2026-07-07)","x86_64-unknown-linux-gnu","Linux 7.0.11-76070011-generic x86_64","Intel(R) Core(TM) Ultra 7 155H","/dev/nvme0n1p3[/tmp] ext4   rw,nosuid,nodev,noatime,errors=remount-ro","/tmp/pigment-db-durability-bench","12-19","comparator","pre_feature_pigment_db","buffered","pre_feature_pigment_db","4","0","key_set","file","ordinary_write","1","32","5","4","34944","100086530","349137.890983","2897","0"
"protocol-v5-20260807-220443","6d7edc7c29a60a94c59effeeb2b78d8b95038135","default-hasher:e33e9641d6e15aea","6d7edc7c29a60a94c59effeeb2b78d8b95038135","default-hasher:f20647ba796d9a0c","rustc 1.97.0 (2d8144b78 2026-07-07)","x86_64-unknown-linux-gnu","Linux 7.0.11-76070011-generic x86_64","Intel(R) Core(TM) Ultra 7 155H","/dev/nvme0n1p3[/tmp] ext4   rw,nosuid,nodev,noatime,errors=remount-ro","/tmp/pigment-db-durability-bench","12-19","candidate","candidate_pigment_db","buffered","pre_feature_pigment_db","4","1","key_set","file","ordinary_write","1","32","5","4","34944","100005942","349419.237509","2986","0"
"protocol-v5-20260807-220443","6d7edc7c29a60a94c59effeeb2b78d8b95038135","default-hasher:e33e9641d6e15aea","6d7edc7c29a60a94c59effeeb2b78d8b95038135","default-hasher:f20647ba796d9a0c","rustc 1.97.0 (2d8144b78 2026-07-07)","x86_64-unknown-linux-gnu","Linux 7.0.11-76070011-generic x86_64","Intel(R) Core(TM) Ultra 7 155H","/dev/nvme0n1p3[/tmp] ext4   rw,nosuid,nodev,noatime,errors=remount-ro","/tmp/pigment-db-durability-bench","12-19","candidate","candidate_pigment_db","buffered","pre_feature_pigment_db","5","0","key_set","file","ordinary_write","1","32","5","5","35520","100115674","354789.600677","2920","0"
"protocol-v5-20260807-220443","6d7edc7c29a60a94c59effeeb2b78d8b95038135","default-hasher:e33e9641d6e15aea","6d7edc7c29a60a94c59effeeb2b78d8b95038135","default-hasher:f20647ba796d9a0c","rustc 1.97.0 (2d8144b78 2026-07-07)","x86_64-unknown-linux-gnu","Linux 7.0.11-76070011-generic x86_64","Intel(R) Core(TM) Ultra 7 155H","/dev/nvme0n1p3[/tmp] ext4   rw,nosuid,nodev,noatime,errors=remount-ro","/tmp/pigment-db-durability-bench","12-19","comparator","pre_feature_pigment_db","buffered","pre_feature_pigment_db","5","1","key_set","file","ordinary_write","1","32","5","5","34560","100030822","345493.511990","3099","0"
"protocol-v5-20260807-220443","6d7edc7c29a60a94c59effeeb2b78d8b95038135","default-hasher:e33e9641d6e15aea","6d7edc7c29a60a94c59effeeb2b78d8b95038135","default-hasher:f20647ba796d9a0c","rustc 1.97.0 (2d8144b78 2026-07-07)","x86_64-unknown-linux-gnu","Linux 7.0.11-76070011-generic x86_64","Intel(R) Core(TM) Ultra 7 155H","/dev/nvme0n1p3[/tmp] ext4   rw,nosuid,nodev,noatime,errors=remount-ro","/tmp/pigment-db-durability-bench","12-19","comparator","pre_feature_pigment_db","buffered","pre_feature_pigment_db","6","0","key_set","file","ordinary_write","1","32","5","6","34496","100023759","344878.060422","2973","0"
"protocol-v5-20260807-220443","6d7edc7c29a60a94c59effeeb2b78d8b95038135","default-hasher:e33e9641d6e15aea","6d7edc7c29a60a94c59effeeb2b78d8b95038135","default-hasher:f20647ba796d9a0c","rustc 1.97.0 (2d8144b78 2026-07-07)","x86_64-unknown-linux-gnu","Linux 7.0.11-76070011-generic x86_64","Intel(R) Core(TM) Ultra 7 155H","/dev/nvme0n1p3[/tmp] ext4   rw,nosuid,nodev,noatime,errors=remount-ro","/tmp/pigment-db-durability-bench","12-19","candidate","candidate_pigment_db","buffered","pre_feature_pigment_db","6","1","key_set","file","ordinary_write","1","32","5","6","34944","100022053","349362.954988","2892","0"
"protocol-v5-20260807-220443","6d7edc7c29a60a94c59effeeb2b78d8b95038135","default-hasher:e33e9641d6e15aea","6d7edc7c29a60a94c59effeeb2b78d8b95038135","default-hasher:f20647ba796d9a0c","rustc 1.97.0 (2d8144b78 2026-07-07)","x86_64-unknown-linux-gnu","Linux 7.0.11-76070011-generic x86_64","Intel(R) Core(TM) Ultra 7 155H","/dev/nvme0n1p3[/tmp] ext4   rw,nosuid,nodev,noatime,errors=remount-ro","/tmp/pigment-db-durability-bench","12-19","candidate","candidate_pigment_db","buffered","pre_feature_pigment_db","7","0","key_set","file","ordinary_write","1","32","5","7","35264","100013501","352592.396501","2978","0"
"protocol-v5-20260807-220443","6d7edc7c29a60a94c59effeeb2b78d8b95038135","default-hasher:e33e9641d6e15aea","6d7edc7c29a60a94c59effeeb2b78d8b95038135","default-hasher:f20647ba796d9a0c","rustc 1.97.0 (2d8144b78 2026-07-07)","x86_64-unknown-linux-gnu","Linux 7.0.11-76070011-generic x86_64","Intel(R) Core(TM) Ultra 7 155H","/dev/nvme0n1p3[/tmp] ext4   rw,nosuid,nodev,noatime,errors=remount-ro","/tmp/pigment-db-durability-bench","12-19","comparator","pre_feature_pigment_db","buffered","pre_feature_pigment_db","7","1","key_set","file","ordinary_write","1","32","5","7","35072","100074829","350457.755966","3036","0"
"protocol-v5-20260807-220443","6d7edc7c29a60a94c59effeeb2b78d8b95038135","default-hasher:e33e9641d6e15aea","6d7edc7c29a60a94c59effeeb2b78d8b95038135","default-hasher:f20647ba796d9a0c","rustc 1.97.0 (2d8144b78 2026-07-07)","x86_64-unknown-linux-gnu","Linux 7.0.11-76070011-generic x86_64","Intel(R) Core(TM) Ultra 7 155H","/dev/nvme0n1p3[/tmp] ext4   rw,nosuid,nodev,noatime,errors=remount-ro","/tmp/pigment-db-durability-bench","12-19","comparator","pre_feature_pigment_db","buffered","pre_feature_pigment_db","8","0","key_set","file","ordinary_write","1","32","5","8","35264","100123449","352205.206195","2878","0"
"protocol-v5-20260807-220443","6d7edc7c29a60a94c59effeeb2b78d8b95038135","default-hasher:e33e9641d6e15aea","6d7edc7c29a60a94c59effeeb2b78d8b95038135","default-hasher:f20647ba796d9a0c","rustc 1.97.0 (2d8144b78 2026-07-07)","x86_64-unknown-linux-gnu","Linux 7.0.11-76070011-generic x86_64","Intel(R) Core(TM) Ultra 7 155H","/dev/nvme0n1p3[/tmp] ext4   rw,nosuid,nodev,noatime,errors=remount-ro","/tmp/pigment-db-durability-bench","12-19","candidate","candidate_pigment_db","buffered","pre_feature_pigment_db","8","1","key_set","file","ordinary_write","1","32","5","8","34560","100053457","345415.351316","2994","0"
"protocol-v5-20260807-220443","6d7edc7c29a60a94c59effeeb2b78d8b95038135","default-hasher:e33e9641d6e15aea","6d7edc7c29a60a94c59effeeb2b78d8b95038135","default-hasher:f20647ba796d9a0c","rustc 1.97.0 (2d8144b78 2026-07-07)","x86_64-unknown-linux-gnu","Linux 7.0.11-76070011-generic x86_64","Intel(R) Core(TM) Ultra 7 155H","/dev/nvme0n1p3[/tmp] ext4   rw,nosuid,nodev,noatime,errors=remount-ro","/tmp/pigment-db-durability-bench","12-19","candidate","candidate_pigment_db","buffered","pre_feature_pigment_db","9","0","key_set","file","ordinary_write","1","32","5","9","34496","100103767","344602.416411","2934","0"
"protocol-v5-20260807-220443","6d7edc7c29a60a94c59effeeb2b78d8b95038135","default-hasher:e33e9641d6e15aea","6d7edc7c29a60a94c59effeeb2b78d8b95038135","default-hasher:f20647ba796d9a0c","rustc 1.97.0 (2d8144b78 2026-07-07)","x86_64-unknown-linux-gnu","Linux 7.0.11-76070011-generic x86_64","Intel(R) Core(TM) Ultra 7 155H","/dev/nvme0n1p3[/tmp] ext4   rw,nosuid,nodev,noatime,errors=remount-ro","/tmp/pigment-db-durability-bench","12-19","comparator","pre_feature_pigment_db","buffered","pre_feature_pigment_db","9","1","key_set","file","ordinary_write","1","32","5","9","35072","100026597","350626.743805","3012","0"
"protocol-v5-20260807-220443","6d7edc7c29a60a94c59effeeb2b78d8b95038135","default-hasher:e33e9641d6e15aea","6d7edc7c29a60a94c59effeeb2b78d8b95038135","default-hasher:f20647ba796d9a0c","rustc 1.97.0 (2d8144b78 2026-07-07)","x86_64-unknown-linux-gnu","Linux 7.0.11-76070011-generic x86_64","Intel(R) Core(TM) Ultra 7 155H","/dev/nvme0n1p3[/tmp] ext4   rw,nosuid,nodev,noatime,errors=remount-ro","/tmp/pigment-db-durability-bench","12-19","comparator","pre_feature_pigment_db","buffered","pre_feature_pigment_db","10","0","key_set","file","ordinary_write","1","32","5","10","34496","100075537","344699.624245","3057","0"
"protocol-v5-20260807-220443","6d7edc7c29a60a94c59effeeb2b78d8b95038135","default-hasher:e33e9641d6e15aea","6d7edc7c29a60a94c59effeeb2b78d8b95038135","default-hasher:f20647ba796d9a0c","rustc 1.97.0 (2d8144b78 2026-07-07)","x86_64-unknown-linux-gnu","Linux 7.0.11-76070011-generic x86_64","Intel(R) Core(TM) Ultra 7 155H","/dev/nvme0n1p3[/tmp] ext4   rw,nosuid,nodev,noatime,errors=remount-ro","/tmp/pigment-db-durability-bench","12-19","candidate","candidate_pigment_db","buffered","pre_feature_pigment_db","10","1","key_set","file","ordinary_write","1","32","5","10","35136","100015680","351304.915389","2902","0"
"protocol-v5-20260807-220443","6d7edc7c29a60a94c59effeeb2b78d8b95038135","default-hasher:e33e9641d6e15aea","6d7edc7c29a60a94c59effeeb2b78d8b95038135","default-hasher:f20647ba796d9a0c","rustc 1.97.0 (2d8144b78 2026-07-07)","x86_64-unknown-linux-gnu","Linux 7.0.11-76070011-generic x86_64","Intel(R) Core(TM) Ultra 7 155H","/dev/nvme0n1p3[/tmp] ext4   rw,nosuid,nodev,noatime,errors=remount-ro","/tmp/pigment-db-durability-bench","12-19","comparator","pre_feature_pigment_db","buffered","pre_feature_pigment_db","0","0","key_set","file","ordinary_write","8","32","5","0","18944","100845184","187852.302397","112261","0"
"protocol-v5-20260807-220443","6d7edc7c29a60a94c59effeeb2b78d8b95038135","default-hasher:e33e9641d6e15aea","6d7edc7c29a60a94c59effeeb2b78d8b95038135","default-hasher:f20647ba796d9a0c","rustc 1.97.0 (2d8144b78 2026-07-07)","x86_64-unknown-linux-gnu","Linux 7.0.11-76070011-generic x86_64","Intel(R) Core(TM) Ultra 7 155H","/dev/nvme0n1p3[/tmp] ext4   rw,nosuid,nodev,noatime,errors=remount-ro","/tmp/pigment-db-durability-bench","12-19","candidate","candidate_pigment_db","buffered","pre_feature_pigment_db","0","1","key_set","file","ordinary_write","8","32","5","0","18944","100340918","188796.359228","104620","0"
"protocol-v5-20260807-220443","6d7edc7c29a60a94c59effeeb2b78d8b95038135","default-hasher:e33e9641d6e15aea","6d7edc7c29a60a94c59effeeb2b78d8b95038135","default-hasher:f20647ba796d9a0c","rustc 1.97.0 (2d8144b78 2026-07-07)","x86_64-unknown-linux-gnu","Linux 7.0.11-76070011-generic x86_64","Intel(R) Core(TM) Ultra 7 155H","/dev/nvme0n1p3[/tmp] ext4   rw,nosuid,nodev,noatime,errors=remount-ro","/tmp/pigment-db-durability-bench","12-19","candidate","candidate_pigment_db","buffered","pre_feature_pigment_db","1","0","key_set","file","ordinary_write","8","32","5","1","19968","101479753","196768.314956","111841","0"
"protocol-v5-20260807-220443","6d7edc7c29a60a94c59effeeb2b78d8b95038135","default-hasher:e33e9641d6e15aea","6d7edc7c29a60a94c59effeeb2b78d8b95038135","default-hasher:f20647ba796d9a0c","rustc 1.97.0 (2d8144b78 2026-07-07)","x86_64-unknown-linux-gnu","Linux 7.0.11-76070011-generic x86_64","Intel(R) Core(TM) Ultra 7 155H","/dev/nvme0n1p3[/tmp] ext4   rw,nosuid,nodev,noatime,errors=remount-ro","/tmp/pigment-db-durability-bench","12-19","comparator","pre_feature_pigment_db","buffered","pre_feature_pigment_db","1","1","key_set","file","ordinary_write","8","32","5","1","19456","101644152","191412.881284","105548","0"
"protocol-v5-20260807-220443","6d7edc7c29a60a94c59effeeb2b78d8b95038135","default-hasher:e33e9641d6e15aea","6d7edc7c29a60a94c59effeeb2b78d8b95038135","default-hasher:f20647ba796d9a0c","rustc 1.97.0 (2d8144b78 2026-07-07)","x86_64-unknown-linux-gnu","Linux 7.0.11-76070011-generic x86_64","Intel(R) Core(TM) Ultra 7 155H","/dev/nvme0n1p3[/tmp] ext4   rw,nosuid,nodev,noatime,errors=remount-ro","/tmp/pigment-db-durability-bench","12-19","comparator","pre_feature_pigment_db","buffered","pre_feature_pigment_db","2","0","key_set","file","ordinary_write","8","32","5","2","19456","102326057","190137.298069","117341","0"
"protocol-v5-20260807-220443","6d7edc7c29a60a94c59effeeb2b78d8b95038135","default-hasher:e33e9641d6e15aea","6d7edc7c29a60a94c59effeeb2b78d8b95038135","default-hasher:f20647ba796d9a0c","rustc 1.97.0 (2d8144b78 2026-07-07)","x86_64-unknown-linux-gnu","Linux 7.0.11-76070011-generic x86_64","Intel(R) Core(TM) Ultra 7 155H","/dev/nvme0n1p3[/tmp] ext4   rw,nosuid,nodev,noatime,errors=remount-ro","/tmp/pigment-db-durability-bench","12-19","candidate","candidate_pigment_db","buffered","pre_feature_pigment_db","2","1","key_set","file","ordinary_write","8","32","5","2","18432","101644922","181337.145401","108412","0"
"protocol-v5-20260807-220443","6d7edc7c29a60a94c59effeeb2b78d8b95038135","default-hasher:e33e9641d6e15aea","6d7edc7c29a60a94c59effeeb2b78d8b95038135","default-hasher:f20647ba796d9a0c","rustc 1.97.0 (2d8144b78 2026-07-07)","x86_64-unknown-linux-gnu","Linux 7.0.11-76070011-generic x86_64","Intel(R) Core(TM) Ultra 7 155H","/dev/nvme0n1p3[/tmp] ext4   rw,nosuid,nodev,noatime,errors=remount-ro","/tmp/pigment-db-durability-bench","12-19","candidate","candidate_pigment_db","buffered","pre_feature_pigment_db","3","0","key_set","file","ordinary_write","8","32","5","3","17408","100173722","173778.109193","100183","0"
"protocol-v5-20260807-220443","6d7edc7c29a60a94c59effeeb2b78d8b95038135","default-hasher:e33e9641d6e15aea","6d7edc7c29a60a94c59effeeb2b78d8b95038135","default-hasher:f20647ba796d9a0c","rustc 1.97.0 (2d8144b78 2026-07-07)","x86_64-unknown-linux-gnu","Linux 7.0.11-76070011-generic x86_64","Intel(R) Core(TM) Ultra 7 155H","/dev/nvme0n1p3[/tmp] ext4   rw,nosuid,nodev,noatime,errors=remount-ro","/tmp/pigment-db-durability-bench","12-19","comparator","pre_feature_pigment_db","buffered","pre_feature_pigment_db","3","1","key_set","file","ordinary_write","8","32","5","3","17408","100309812","173542.344990","111038","0"
"protocol-v5-20260807-220443","6d7edc7c29a60a94c59effeeb2b78d8b95038135","default-hasher:e33e9641d6e15aea","6d7edc7c29a60a94c59effeeb2b78d8b95038135","default-hasher:f20647ba796d9a0c","rustc 1.97.0 (2d8144b78 2026-07-07)","x86_64-unknown-linux-gnu","Linux 7.0.11-76070011-generic x86_64","Intel(R) Core(TM) Ultra 7 155H","/dev/nvme0n1p3[/tmp] ext4   rw,nosuid,nodev,noatime,errors=remount-ro","/tmp/pigment-db-durability-bench","12-19","comparator","pre_feature_pigment_db","buffered","pre_feature_pigment_db","4","0","key_set","file","ordinary_write","8","32","5","4","16896","100486012","168142.805787","105444","0"
"protocol-v5-20260807-220443","6d7edc7c29a60a94c59effeeb2b78d8b95038135","default-hasher:e33e9641d6e15aea","6d7edc7c29a60a94c59effeeb2b78d8b95038135","default-hasher:f20647ba796d9a0c","rustc 1.97.0 (2d8144b78 2026-07-07)","x86_64-unknown-linux-gnu","Linux 7.0.11-76070011-generic x86_64","Intel(R) Core(TM) Ultra 7 155H","/dev/nvme0n1p3[/tmp] ext4   rw,nosuid,nodev,noatime,errors=remount-ro","/tmp/pigment-db-durability-bench","12-19","candidate","candidate_pigment_db","buffered","pre_feature_pigment_db","4","1","key_set","file","ordinary_write","8","32","5","4","19968","100974464","197752.968513","106377","0"
"protocol-v5-20260807-220443","6d7edc7c29a60a94c59effeeb2b78d8b95038135","default-hasher:e33e9641d6e15aea","6d7edc7c29a60a94c59effeeb2b78d8b95038135","default-hasher:f20647ba796d9a0c","rustc 1.97.0 (2d8144b78 2026-07-07)","x86_64-unknown-linux-gnu","Linux 7.0.11-76070011-generic x86_64","Intel(R) Core(TM) Ultra 7 155H","/dev/nvme0n1p3[/tmp] ext4   rw,nosuid,nodev,noatime,errors=remount-ro","/tmp/pigment-db-durability-bench","12-19","candidate","candidate_pigment_db","buffered","pre_feature_pigment_db","5","0","key_set","file","ordinary_write","8","32","5","5","19456","101912703","190908.487630","112792","0"
"protocol-v5-20260807-220443","6d7edc7c29a60a94c59effeeb2b78d8b95038135","default-hasher:e33e9641d6e15aea","6d7edc7c29a60a94c59effeeb2b78d8b95038135","default-hasher:f20647ba796d9a0c","rustc 1.97.0 (2d8144b78 2026-07-07)","x86_64-unknown-linux-gnu","Linux 7.0.11-76070011-generic x86_64","Intel(R) Core(TM) Ultra 7 155H","/dev/nvme0n1p3[/tmp] ext4   rw,nosuid,nodev,noatime,errors=remount-ro","/tmp/pigment-db-durability-bench","12-19","comparator","pre_feature_pigment_db","buffered","pre_feature_pigment_db","5","1","key_set","file","ordinary_write","8","32","5","5","19968","102454557","194896.162598","114854","0"
"protocol-v5-20260807-220443","6d7edc7c29a60a94c59effeeb2b78d8b95038135","default-hasher:e33e9641d6e15aea","6d7edc7c29a60a94c59effeeb2b78d8b95038135","default-hasher:f20647ba796d9a0c","rustc 1.97.0 (2d8144b78 2026-07-07)","x86_64-unknown-linux-gnu","Linux 7.0.11-76070011-generic x86_64","Intel(R) Core(TM) Ultra 7 155H","/dev/nvme0n1p3[/tmp] ext4   rw,nosuid,nodev,noatime,errors=remount-ro","/tmp/pigment-db-durability-bench","12-19","comparator","pre_feature_pigment_db","buffered","pre_feature_pigment_db","6","0","key_set","file","ordinary_write","8","32","5","6","18944","100092467","189264.992340","117661","0"
"protocol-v5-20260807-220443","6d7edc7c29a60a94c59effeeb2b78d8b95038135","default-hasher:e33e9641d6e15aea","6d7edc7c29a60a94c59effeeb2b78d8b95038135","default-hasher:f20647ba796d9a0c","rustc 1.97.0 (2d8144b78 2026-07-07)","x86_64-unknown-linux-gnu","Linux 7.0.11-76070011-generic x86_64","Intel(R) Core(TM) Ultra 7 155H","/dev/nvme0n1p3[/tmp] ext4   rw,nosuid,nodev,noatime,errors=remount-ro","/tmp/pigment-db-durability-bench","12-19","candidate","candidate_pigment_db","buffered","pre_feature_pigment_db","6","1","key_set","file","ordinary_write","8","32","5","6","19968","101758619","196229.078148","109917","0"
"protocol-v5-20260807-220443","6d7edc7c29a60a94c59effeeb2b78d8b95038135","default-hasher:e33e9641d6e15aea","6d7edc7c29a60a94c59effeeb2b78d8b95038135","default-hasher:f20647ba796d9a0c","rustc 1.97.0 (2d8144b78 2026-07-07)","x86_64-unknown-linux-gnu","Linux 7.0.11-76070011-generic x86_64","Intel(R) Core(TM) Ultra 7 155H","/dev/nvme0n1p3[/tmp] ext4   rw,nosuid,nodev,noatime,errors=remount-ro","/tmp/pigment-db-durability-bench","12-19","candidate","candidate_pigment_db","buffered","pre_feature_pigment_db","7","0","key_set","file","ordinary_write","8","32","5","7","18432","100301144","183766.597916","121683","0"
"protocol-v5-20260807-220443","6d7edc7c29a60a94c59effeeb2b78d8b95038135","default-hasher:e33e9641d6e15aea","6d7edc7c29a60a94c59effeeb2b78d8b95038135","default-hasher:f20647ba796d9a0c","rustc 1.97.0 (2d8144b78 2026-07-07)","x86_64-unknown-linux-gnu","Linux 7.0.11-76070011-generic x86_64","Intel(R) Core(TM) Ultra 7 155H","/dev/nvme0n1p3[/tmp] ext4   rw,nosuid,nodev,noatime,errors=remount-ro","/tmp/pigment-db-durability-bench","12-19","comparator","pre_feature_pigment_db","buffered","pre_feature_pigment_db","7","1","key_set","file","ordinary_write","8","32","5","7","18432","101289123","181974.129641","122268","0"
"protocol-v5-20260807-220443","6d7edc7c29a60a94c59effeeb2b78d8b95038135","default-hasher:e33e9641d6e15aea","6d7edc7c29a60a94c59effeeb2b78d8b95038135","default-hasher:f20647ba796d9a0c","rustc 1.97.0 (2d8144b78 2026-07-07)","x86_64-unknown-linux-gnu","Linux 7.0.11-76070011-generic x86_64","Intel(R) Core(TM) Ultra 7 155H","/dev/nvme0n1p3[/tmp] ext4   rw,nosuid,nodev,noatime,errors=remount-ro","/tmp/pigment-db-durability-bench","12-19","comparator","pre_feature_pigment_db","buffered","pre_feature_pigment_db","8","0","key_set","file","ordinary_write","8","32","5","8","19456","102637385","189560.558270","118594","0"
"protocol-v5-20260807-220443","6d7edc7c29a60a94c59effeeb2b78d8b95038135","default-hasher:e33e9641d6e15aea","6d7edc7c29a60a94c59effeeb2b78d8b95038135","default-hasher:f20647ba796d9a0c","rustc 1.97.0 (2d8144b78 2026-07-07)","x86_64-unknown-linux-gnu","Linux 7.0.11-76070011-generic x86_64","Intel(R) Core(TM) Ultra 7 155H","/dev/nvme0n1p3[/tmp] ext4   rw,nosuid,nodev,noatime,errors=remount-ro","/tmp/pigment-db-durability-bench","12-19","candidate","candidate_pigment_db","buffered","pre_feature_pigment_db","8","1","key_set","file","ordinary_write","8","32","5","8","19456","101580926","191532.020490","117627","0"
"protocol-v5-20260807-220443","6d7edc7c29a60a94c59effeeb2b78d8b95038135","default-hasher:e33e9641d6e15aea","6d7edc7c29a60a94c59effeeb2b78d8b95038135","default-hasher:f20647ba796d9a0c","rustc 1.97.0 (2d8144b78 2026-07-07)","x86_64-unknown-linux-gnu","Linux 7.0.11-76070011-generic x86_64","Intel(R) Core(TM) Ultra 7 155H","/dev/nvme0n1p3[/tmp] ext4   rw,nosuid,nodev,noatime,errors=remount-ro","/tmp/pigment-db-durability-bench","12-19","candidate","candidate_pigment_db","buffered","pre_feature_pigment_db","9","0","key_set","file","ordinary_write","8","32","5","9","19456","102496706","189820.734337","117369","0"
"protocol-v5-20260807-220443","6d7edc7c29a60a94c59effeeb2b78d8b95038135","default-hasher:e33e9641d6e15aea","6d7edc7c29a60a94c59effeeb2b78d8b95038135","default-hasher:f20647ba796d9a0c","rustc 1.97.0 (2d8144b78 2026-07-07)","x86_64-unknown-linux-gnu","Linux 7.0.11-76070011-generic x86_64","Intel(R) Core(TM) Ultra 7 155H","/dev/nvme0n1p3[/tmp] ext4   rw,nosuid,nodev,noatime,errors=remount-ro","/tmp/pigment-db-durability-bench","12-19","comparator","pre_feature_pigment_db","buffered","pre_feature_pigment_db","9","1","key_set","file","ordinary_write","8","32","5","9","18944","100782002","187970.070291","107294","0"
"protocol-v5-20260807-220443","6d7edc7c29a60a94c59effeeb2b78d8b95038135","default-hasher:e33e9641d6e15aea","6d7edc7c29a60a94c59effeeb2b78d8b95038135","default-hasher:f20647ba796d9a0c","rustc 1.97.0 (2d8144b78 2026-07-07)","x86_64-unknown-linux-gnu","Linux 7.0.11-76070011-generic x86_64","Intel(R) Core(TM) Ultra 7 155H","/dev/nvme0n1p3[/tmp] ext4   rw,nosuid,nodev,noatime,errors=remount-ro","/tmp/pigment-db-durability-bench","12-19","comparator","pre_feature_pigment_db","buffered","pre_feature_pigment_db","10","0","key_set","file","ordinary_write","8","32","5","10","19456","100130855","194305.741222","117942","0"
"protocol-v5-20260807-220443","6d7edc7c29a60a94c59effeeb2b78d8b95038135","default-hasher:e33e9641d6e15aea","6d7edc7c29a60a94c59effeeb2b78d8b95038135","default-hasher:f20647ba796d9a0c","rustc 1.97.0 (2d8144b78 2026-07-07)","x86_64-unknown-linux-gnu","Linux 7.0.11-76070011-generic x86_64","Intel(R) Core(TM) Ultra 7 155H","/dev/nvme0n1p3[/tmp] ext4   rw,nosuid,nodev,noatime,errors=remount-ro","/tmp/pigment-db-durability-bench","12-19","candidate","candidate_pigment_db","buffered","pre_feature_pigment_db","10","1","key_set","file","ordinary_write","8","32","5","10","20480","100530042","203720.197391","105666","0"
"protocol-v5-20260807-220443","6d7edc7c29a60a94c59effeeb2b78d8b95038135","default-hasher:e33e9641d6e15aea","6d7edc7c29a60a94c59effeeb2b78d8b95038135","default-hasher:f20647ba796d9a0c","rustc 1.97.0 (2d8144b78 2026-07-07)","x86_64-unknown-linux-gnu","Linux 7.0.11-76070011-generic x86_64","Intel(R) Core(TM) Ultra 7 155H","/dev/nvme0n1p3[/tmp] ext4   rw,nosuid,nodev,noatime,errors=remount-ro","/tmp/pigment-db-durability-bench","12-19","comparator","pre_feature_pigment_db","buffered","pre_feature_pigment_db","0","0","key_set","file","successful_remove","1","32","5","0","38016","100025576","380062.795140","2983","0"
"protocol-v5-20260807-220443","6d7edc7c29a60a94c59effeeb2b78d8b95038135","default-hasher:e33e9641d6e15aea","6d7edc7c29a60a94c59effeeb2b78d8b95038135","default-hasher:f20647ba796d9a0c","rustc 1.97.0 (2d8144b78 2026-07-07)","x86_64-unknown-linux-gnu","Linux 7.0.11-76070011-generic x86_64","Intel(R) Core(TM) Ultra 7 155H","/dev/nvme0n1p3[/tmp] ext4   rw,nosuid,nodev,noatime,errors=remount-ro","/tmp/pigment-db-durability-bench","12-19","candidate","candidate_pigment_db","buffered","pre_feature_pigment_db","0","1","key_set","file","successful_remove","1","32","5","0","37888","100113179","378451.672182","2815","0"
"protocol-v5-20260807-220443","6d7edc7c29a60a94c59effeeb2b78d8b95038135","default-hasher:e33e9641d6e15aea","6d7edc7c29a60a94c59effeeb2b78d8b95038135","default-hasher:f20647ba796d9a0c","rustc 1.97.0 (2d8144b78 2026-07-07)","x86_64-unknown-linux-gnu","Linux 7.0.11-76070011-generic x86_64","Intel(R) Core(TM) Ultra 7 155H","/dev/nvme0n1p3[/tmp] ext4   rw,nosuid,nodev,noatime,errors=remount-ro","/tmp/pigment-db-durability-bench","12-19","candidate","candidate_pigment_db","buffered","pre_feature_pigment_db","1","0","key_set","file","successful_remove","1","32","5","1","38016","100189229","379441.985725","2799","0"
"protocol-v5-20260807-220443","6d7edc7c29a60a94c59effeeb2b78d8b95038135","default-hasher:e33e9641d6e15aea","6d7edc7c29a60a94c59effeeb2b78d8b95038135","default-hasher:f20647ba796d9a0c","rustc 1.97.0 (2d8144b78 2026-07-07)","x86_64-unknown-linux-gnu","Linux 7.0.11-76070011-generic x86_64","Intel(R) Core(TM) Ultra 7 155H","/dev/nvme0n1p3[/tmp] ext4   rw,nosuid,nodev,noatime,errors=remount-ro","/tmp/pigment-db-durability-bench","12-19","comparator","pre_feature_pigment_db","buffered","pre_feature_pigment_db","1","1","key_set","file","successful_remove","1","32","5","1","38208","100046870","381901.003000","2774","0"
"protocol-v5-20260807-220443","6d7edc7c29a60a94c59effeeb2b78d8b95038135","default-hasher:e33e9641d6e15aea","6d7edc7c29a60a94c59effeeb2b78d8b95038135","default-hasher:f20647ba796d9a0c","rustc 1.97.0 (2d8144b78 2026-07-07)","x86_64-unknown-linux-gnu","Linux 7.0.11-76070011-generic x86_64","Intel(R) Core(TM) Ultra 7 155H","/dev/nvme0n1p3[/tmp] ext4   rw,nosuid,nodev,noatime,errors=remount-ro","/tmp/pigment-db-durability-bench","12-19","comparator","pre_feature_pigment_db","buffered","pre_feature_pigment_db","2","0","key_set","file","successful_remove","1","32","5","2","37888","100027317","378776.529615","2868","0"
"protocol-v5-20260807-220443","6d7edc7c29a60a94c59effeeb2b78d8b95038135","default-hasher:e33e9641d6e15aea","6d7edc7c29a60a94c59effeeb2b78d8b95038135","default-hasher:f20647ba796d9a0c","rustc 1.97.0 (2d8144b78 2026-07-07)","x86_64-unknown-linux-gnu","Linux 7.0.11-76070011-generic x86_64","Intel(R) Core(TM) Ultra 7 155H","/dev/nvme0n1p3[/tmp] ext4   rw,nosuid,nodev,noatime,errors=remount-ro","/tmp/pigment-db-durability-bench","12-19","candidate","candidate_pigment_db","buffered","pre_feature_pigment_db","2","1","key_set","file","successful_remove","1","32","5","2","37312","100009250","373085.489592","2914","0"
"protocol-v5-20260807-220443","6d7edc7c29a60a94c59effeeb2b78d8b95038135","default-hasher:e33e9641d6e15aea","6d7edc7c29a60a94c59effeeb2b78d8b95038135","default-hasher:f20647ba796d9a0c","rustc 1.97.0 (2d8144b78 2026-07-07)","x86_64-unknown-linux-gnu","Linux 7.0.11-76070011-generic x86_64","Intel(R) Core(TM) Ultra 7 155H","/dev/nvme0n1p3[/tmp] ext4   rw,nosuid,nodev,noatime,errors=remount-ro","/tmp/pigment-db-durability-bench","12-19","candidate","candidate_pigment_db","buffered","pre_feature_pigment_db","3","0","key_set","file","successful_remove","1","32","5","3","38080","100033058","380674.156737","2847","0"
"protocol-v5-20260807-220443","6d7edc7c29a60a94c59effeeb2b78d8b95038135","default-hasher:e33e9641d6e15aea","6d7edc7c29a60a94c59effeeb2b78d8b95038135","default-hasher:f20647ba796d9a0c","rustc 1.97.0 (2d8144b78 2026-07-07)","x86_64-unknown-linux-gnu","Linux 7.0.11-76070011-generic x86_64","Intel(R) Core(TM) Ultra 7 155H","/dev/nvme0n1p3[/tmp] ext4   rw,nosuid,nodev,noatime,errors=remount-ro","/tmp/pigment-db-durability-bench","12-19","comparator","pre_feature_pigment_db","buffered","pre_feature_pigment_db","3","1","key_set","file","successful_remove","1","32","5","3","38464","100125358","384158.426679","2757","0"
"protocol-v5-20260807-220443","6d7edc7c29a60a94c59effeeb2b78d8b95038135","default-hasher:e33e9641d6e15aea","6d7edc7c29a60a94c59effeeb2b78d8b95038135","default-hasher:f20647ba796d9a0c","rustc 1.97.0 (2d8144b78 2026-07-07)","x86_64-unknown-linux-gnu","Linux 7.0.11-76070011-generic x86_64","Intel(R) Core(TM) Ultra 7 155H","/dev/nvme0n1p3[/tmp] ext4   rw,nosuid,nodev,noatime,errors=remount-ro","/tmp/pigment-db-durability-bench","12-19","comparator","pre_feature_pigment_db","buffered","pre_feature_pigment_db","4","0","key_set","file","successful_remove","1","32","5","4","38592","100066655","385662.936370","2792","0"
"protocol-v5-20260807-220443","6d7edc7c29a60a94c59effeeb2b78d8b95038135","default-hasher:e33e9641d6e15aea","6d7edc7c29a60a94c59effeeb2b78d8b95038135","default-hasher:f20647ba796d9a0c","rustc 1.97.0 (2d8144b78 2026-07-07)","x86_64-unknown-linux-gnu","Linux 7.0.11-76070011-generic x86_64","Intel(R) Core(TM) Ultra 7 155H","/dev/nvme0n1p3[/tmp] ext4   rw,nosuid,nodev,noatime,errors=remount-ro","/tmp/pigment-db-durability-bench","12-19","candidate","candidate_pigment_db","buffered","pre_feature_pigment_db","4","1","key_set","file","successful_remove","1","32","5","4","37632","100106342","375920.238900","2927","0"
"protocol-v5-20260807-220443","6d7edc7c29a60a94c59effeeb2b78d8b95038135","default-hasher:e33e9641d6e15aea","6d7edc7c29a60a94c59effeeb2b78d8b95038135","default-hasher:f20647ba796d9a0c","rustc 1.97.0 (2d8144b78 2026-07-07)","x86_64-unknown-linux-gnu","Linux 7.0.11-76070011-generic x86_64","Intel(R) Core(TM) Ultra 7 155H","/dev/nvme0n1p3[/tmp] ext4   rw,nosuid,nodev,noatime,errors=remount-ro","/tmp/pigment-db-durability-bench","12-19","candidate","candidate_pigment_db","buffered","pre_feature_pigment_db","5","0","key_set","file","successful_remove","1","32","5","5","37888","100140931","378346.792082","2814","0"
"protocol-v5-20260807-220443","6d7edc7c29a60a94c59effeeb2b78d8b95038135","default-hasher:e33e9641d6e15aea","6d7edc7c29a60a94c59effeeb2b78d8b95038135","default-hasher:f20647ba796d9a0c","rustc 1.97.0 (2d8144b78 2026-07-07)","x86_64-unknown-linux-gnu","Linux 7.0.11-76070011-generic x86_64","Intel(R) Core(TM) Ultra 7 155H","/dev/nvme0n1p3[/tmp] ext4   rw,nosuid,nodev,noatime,errors=remount-ro","/tmp/pigment-db-durability-bench","12-19","comparator","pre_feature_pigment_db","buffered","pre_feature_pigment_db","5","1","key_set","file","successful_remove","1","32","5","5","38528","100150805","384699.853386","2755","0"
"protocol-v5-20260807-220443","6d7edc7c29a60a94c59effeeb2b78d8b95038135","default-hasher:e33e9641d6e15aea","6d7edc7c29a60a94c59effeeb2b78d8b95038135","default-hasher:f20647ba796d9a0c","rustc 1.97.0 (2d8144b78 2026-07-07)","x86_64-unknown-linux-gnu","Linux 7.0.11-76070011-generic x86_64","Intel(R) Core(TM) Ultra 7 155H","/dev/nvme0n1p3[/tmp] ext4   rw,nosuid,nodev,noatime,errors=remount-ro","/tmp/pigment-db-durability-bench","12-19","comparator","pre_feature_pigment_db","buffered","pre_feature_pigment_db","6","0","key_set","file","successful_remove","1","32","5","6","38336","100014245","383305.398146","2768","0"
"protocol-v5-20260807-220443","6d7edc7c29a60a94c59effeeb2b78d8b95038135","default-hasher:e33e9641d6e15aea","6d7edc7c29a60a94c59effeeb2b78d8b95038135","default-hasher:f20647ba796d9a0c","rustc 1.97.0 (2d8144b78 2026-07-07)","x86_64-unknown-linux-gnu","Linux 7.0.11-76070011-generic x86_64","Intel(R) Core(TM) Ultra 7 155H","/dev/nvme0n1p3[/tmp] ext4   rw,nosuid,nodev,noatime,errors=remount-ro","/tmp/pigment-db-durability-bench","12-19","candidate","candidate_pigment_db","buffered","pre_feature_pigment_db","6","1","key_set","file","successful_remove","1","32","5","6","37952","100010075","379481.767212","2842","0"
"protocol-v5-20260807-220443","6d7edc7c29a60a94c59effeeb2b78d8b95038135","default-hasher:e33e9641d6e15aea","6d7edc7c29a60a94c59effeeb2b78d8b95038135","default-hasher:f20647ba796d9a0c","rustc 1.97.0 (2d8144b78 2026-07-07)","x86_64-unknown-linux-gnu","Linux 7.0.11-76070011-generic x86_64","Intel(R) Core(TM) Ultra 7 155H","/dev/nvme0n1p3[/tmp] ext4   rw,nosuid,nodev,noatime,errors=remount-ro","/tmp/pigment-db-durability-bench","12-19","candidate","candidate_pigment_db","buffered","pre_feature_pigment_db","7","0","key_set","file","successful_remove","1","32","5","7","38080","100222856","379953.251382","2784","0"
"protocol-v5-20260807-220443","6d7edc7c29a60a94c59effeeb2b78d8b95038135","default-hasher:e33e9641d6e15aea","6d7edc7c29a60a94c59effeeb2b78d8b95038135","default-hasher:f20647ba796d9a0c","rustc 1.97.0 (2d8144b78 2026-07-07)","x86_64-unknown-linux-gnu","Linux 7.0.11-76070011-generic x86_64","Intel(R) Core(TM) Ultra 7 155H","/dev/nvme0n1p3[/tmp] ext4   rw,nosuid,nodev,noatime,errors=remount-ro","/tmp/pigment-db-durability-bench","12-19","comparator","pre_feature_pigment_db","buffered","pre_feature_pigment_db","7","1","key_set","file","successful_remove","1","32","5","7","37312","100223096","372289.437157","3084","0"
"protocol-v5-20260807-220443","6d7edc7c29a60a94c59effeeb2b78d8b95038135","default-hasher:e33e9641d6e15aea","6d7edc7c29a60a94c59effeeb2b78d8b95038135","default-hasher:f20647ba796d9a0c","rustc 1.97.0 (2d8144b78 2026-07-07)","x86_64-unknown-linux-gnu","Linux 7.0.11-76070011-generic x86_64","Intel(R) Core(TM) Ultra 7 155H","/dev/nvme0n1p3[/tmp] ext4   rw,nosuid,nodev,noatime,errors=remount-ro","/tmp/pigment-db-durability-bench","12-19","comparator","pre_feature_pigment_db","buffered","pre_feature_pigment_db","8","0","key_set","file","successful_remove","1","32","5","8","38016","100103060","379768.610470","2832","0"
"protocol-v5-20260807-220443","6d7edc7c29a60a94c59effeeb2b78d8b95038135","default-hasher:e33e9641d6e15aea","6d7edc7c29a60a94c59effeeb2b78d8b95038135","default-hasher:f20647ba796d9a0c","rustc 1.97.0 (2d8144b78 2026-07-07)","x86_64-unknown-linux-gnu","Linux 7.0.11-76070011-generic x86_64","Intel(R) Core(TM) Ultra 7 155H","/dev/nvme0n1p3[/tmp] ext4   rw,nosuid,nodev,noatime,errors=remount-ro","/tmp/pigment-db-durability-bench","12-19","candidate","candidate_pigment_db","buffered","pre_feature_pigment_db","8","1","key_set","file","successful_remove","1","32","5","8","37824","100027472","378136.118446","2828","0"
"protocol-v5-20260807-220443","6d7edc7c29a60a94c59effeeb2b78d8b95038135","default-hasher:e33e9641d6e15aea","6d7edc7c29a60a94c59effeeb2b78d8b95038135","default-hasher:f20647ba796d9a0c","rustc 1.97.0 (2d8144b78 2026-07-07)","x86_64-unknown-linux-gnu","Linux 7.0.11-76070011-generic x86_64","Intel(R) Core(TM) Ultra 7 155H","/dev/nvme0n1p3[/tmp] ext4   rw,nosuid,nodev,noatime,errors=remount-ro","/tmp/pigment-db-durability-bench","12-19","candidate","candidate_pigment_db","buffered","pre_feature_pigment_db","9","0","key_set","file","successful_remove","1","32","5","9","37888","100032478","378756.987306","2813","0"
"protocol-v5-20260807-220443","6d7edc7c29a60a94c59effeeb2b78d8b95038135","default-hasher:e33e9641d6e15aea","6d7edc7c29a60a94c59effeeb2b78d8b95038135","default-hasher:f20647ba796d9a0c","rustc 1.97.0 (2d8144b78 2026-07-07)","x86_64-unknown-linux-gnu","Linux 7.0.11-76070011-generic x86_64","Intel(R) Core(TM) Ultra 7 155H","/dev/nvme0n1p3[/tmp] ext4   rw,nosuid,nodev,noatime,errors=remount-ro","/tmp/pigment-db-durability-bench","12-19","comparator","pre_feature_pigment_db","buffered","pre_feature_pigment_db","9","1","key_set","file","successful_remove","1","32","5","9","37952","100143648","378975.609117","2886","0"
"protocol-v5-20260807-220443","6d7edc7c29a60a94c59effeeb2b78d8b95038135","default-hasher:e33e9641d6e15aea","6d7edc7c29a60a94c59effeeb2b78d8b95038135","default-hasher:f20647ba796d9a0c","rustc 1.97.0 (2d8144b78 2026-07-07)","x86_64-unknown-linux-gnu","Linux 7.0.11-76070011-generic x86_64","Intel(R) Core(TM) Ultra 7 155H","/dev/nvme0n1p3[/tmp] ext4   rw,nosuid,nodev,noatime,errors=remount-ro","/tmp/pigment-db-durability-bench","12-19","comparator","pre_feature_pigment_db","buffered","pre_feature_pigment_db","10","0","key_set","file","successful_remove","1","32","5","10","38080","100124330","380327.139268","2851","0"
"protocol-v5-20260807-220443","6d7edc7c29a60a94c59effeeb2b78d8b95038135","default-hasher:e33e9641d6e15aea","6d7edc7c29a60a94c59effeeb2b78d8b95038135","default-hasher:f20647ba796d9a0c","rustc 1.97.0 (2d8144b78 2026-07-07)","x86_64-unknown-linux-gnu","Linux 7.0.11-76070011-generic x86_64","Intel(R) Core(TM) Ultra 7 155H","/dev/nvme0n1p3[/tmp] ext4   rw,nosuid,nodev,noatime,errors=remount-ro","/tmp/pigment-db-durability-bench","12-19","candidate","candidate_pigment_db","buffered","pre_feature_pigment_db","10","1","key_set","file","successful_remove","1","32","5","10","37824","100001067","378235.964222","2839","0"
"protocol-v5-20260807-220443","6d7edc7c29a60a94c59effeeb2b78d8b95038135","default-hasher:e33e9641d6e15aea","6d7edc7c29a60a94c59effeeb2b78d8b95038135","default-hasher:f20647ba796d9a0c","rustc 1.97.0 (2d8144b78 2026-07-07)","x86_64-unknown-linux-gnu","Linux 7.0.11-76070011-generic x86_64","Intel(R) Core(TM) Ultra 7 155H","/dev/nvme0n1p3[/tmp] ext4   rw,nosuid,nodev,noatime,errors=remount-ro","/tmp/pigment-db-durability-bench","12-19","comparator","pre_feature_pigment_db","buffered","pre_feature_pigment_db","0","0","key_set","file","successful_remove","8","32","5","0","19456","100932768","192761.977953","106428","0"
"protocol-v5-20260807-220443","6d7edc7c29a60a94c59effeeb2b78d8b95038135","default-hasher:e33e9641d6e15aea","6d7edc7c29a60a94c59effeeb2b78d8b95038135","default-hasher:f20647ba796d9a0c","rustc 1.97.0 (2d8144b78 2026-07-07)","x86_64-unknown-linux-gnu","Linux 7.0.11-76070011-generic x86_64","Intel(R) Core(TM) Ultra 7 155H","/dev/nvme0n1p3[/tmp] ext4   rw,nosuid,nodev,noatime,errors=remount-ro","/tmp/pigment-db-durability-bench","12-19","candidate","candidate_pigment_db","buffered","pre_feature_pigment_db","0","1","key_set","file","successful_remove","8","32","5","0","18432","100412230","183563.297021","87030","0"
"protocol-v5-20260807-220443","6d7edc7c29a60a94c59effeeb2b78d8b95038135","default-hasher:e33e9641d6e15aea","6d7edc7c29a60a94c59effeeb2b78d8b95038135","default-hasher:f20647ba796d9a0c","rustc 1.97.0 (2d8144b78 2026-07-07)","x86_64-unknown-linux-gnu","Linux 7.0.11-76070011-generic x86_64","Intel(R) Core(TM) Ultra 7 155H","/dev/nvme0n1p3[/tmp] ext4   rw,nosuid,nodev,noatime,errors=remount-ro","/tmp/pigment-db-durability-bench","12-19","candidate","candidate_pigment_db","buffered","pre_feature_pigment_db","1","0","key_set","file","successful_remove","8","32","5","1","19456","101898206","190935.648072","114939","0"
"protocol-v5-20260807-220443","6d7edc7c29a60a94c59effeeb2b78d8b95038135","default-hasher:e33e9641d6e15aea","6d7edc7c29a60a94c59effeeb2b78d8b95038135","default-hasher:f20647ba796d9a0c","rustc 1.97.0 (2d8144b78 2026-07-07)","x86_64-unknown-linux-gnu","Linux 7.0.11-76070011-generic x86_64","Intel(R) Core(TM) Ultra 7 155H","/dev/nvme0n1p3[/tmp] ext4   rw,nosuid,nodev,noatime,errors=remount-ro","/tmp/pigment-db-durability-bench","12-19","comparator","pre_feature_pigment_db","buffered","pre_feature_pigment_db","1","1","key_set","file","successful_remove","8","32","5","1","15872","101393195","156539.105016","91945","0"
"protocol-v5-20260807-220443","6d7edc7c29a60a94c59effeeb2b78d8b95038135","default-hasher:e33e9641d6e15aea","6d7edc7c29a60a94c59effeeb2b78d8b95038135","default-hasher:f20647ba796d9a0c","rustc 1.97.0 (2d8144b78 2026-07-07)","x86_64-unknown-linux-gnu","Linux 7.0.11-76070011-generic x86_64","Intel(R) Core(TM) Ultra 7 155H","/dev/nvme0n1p3[/tmp] ext4   rw,nosuid,nodev,noatime,errors=remount-ro","/tmp/pigment-db-durability-bench","12-19","comparator","pre_feature_pigment_db","buffered","pre_feature_pigment_db","2","0","key_set","file","successful_remove","8","32","5","2","18432","101947041","180799.754649","102132","0"
"protocol-v5-20260807-220443","6d7edc7c29a60a94c59effeeb2b78d8b95038135","default-hasher:e33e9641d6e15aea","6d7edc7c29a60a94c59effeeb2b78d8b95038135","default-hasher:f20647ba796d9a0c","rustc 1.97.0 (2d8144b78 2026-07-07)","x86_64-unknown-linux-gnu","Linux 7.0.11-76070011-generic x86_64","Intel(R) Core(TM) Ultra 7 155H","/dev/nvme0n1p3[/tmp] ext4   rw,nosuid,nodev,noatime,errors=remount-ro","/tmp/pigment-db-durability-bench","12-19","candidate","candidate_pigment_db","buffered","pre_feature_pigment_db","2","1","key_set","file","successful_remove","8","32","5","2","19456","100749597","193112.434981","117465","0"
"protocol-v5-20260807-220443","6d7edc7c29a60a94c59effeeb2b78d8b95038135","default-hasher:e33e9641d6e15aea","6d7edc7c29a60a94c59effeeb2b78d8b95038135","default-hasher:f20647ba796d9a0c","rustc 1.97.0 (2d8144b78 2026-07-07)","x86_64-unknown-linux-gnu","Linux 7.0.11-76070011-generic x86_64","Intel(R) Core(TM) Ultra 7 155H","/dev/nvme0n1p3[/tmp] ext4   rw,nosuid,nodev,noatime,errors=remount-ro","/tmp/pigment-db-durability-bench","12-19","candidate","candidate_pigment_db","buffered","pre_feature_pigment_db","3","0","key_set","file","successful_remove","8","32","5","3","19456","101225282","192204.947377","117953","0"
"protocol-v5-20260807-220443","6d7edc7c29a60a94c59effeeb2b78d8b95038135","default-hasher:e33e9641d6e15aea","6d7edc7c29a60a94c59effeeb2b78d8b95038135","default-hasher:f20647ba796d9a0c","rustc 1.97.0 (2d8144b78 2026-07-07)","x86_64-unknown-linux-gnu","Linux 7.0.11-76070011-generic x86_64","Intel(R) Core(TM) Ultra 7 155H","/dev/nvme0n1p3[/tmp] ext4   rw,nosuid,nodev,noatime,errors=remount-ro","/tmp/pigment-db-durability-bench","12-19","comparator","pre_feature_pigment_db","buffered","pre_feature_pigment_db","3","1","key_set","file","successful_remove","8","32","5","3","20480","100119136","204556.299807","114099","0"
"protocol-v5-20260807-220443","6d7edc7c29a60a94c59effeeb2b78d8b95038135","default-hasher:e33e9641d6e15aea","6d7edc7c29a60a94c59effeeb2b78d8b95038135","default-hasher:f20647ba796d9a0c","rustc 1.97.0 (2d8144b78 2026-07-07)","x86_64-unknown-linux-gnu","Linux 7.0.11-76070011-generic x86_64","Intel(R) Core(TM) Ultra 7 155H","/dev/nvme0n1p3[/tmp] ext4   rw,nosuid,nodev,noatime,errors=remount-ro","/tmp/pigment-db-durability-bench","12-19","comparator","pre_feature_pigment_db","buffered","pre_feature_pigment_db","4","0","key_set","file","successful_remove","8","32","5","4","19968","102306965","195177.327370","117088","0"
"protocol-v5-20260807-220443","6d7edc7c29a60a94c59effeeb2b78d8b95038135","default-hasher:e33e9641d6e15aea","6d7edc7c29a60a94c59effeeb2b78d8b95038135","default-hasher:f20647ba796d9a0c","rustc 1.97.0 (2d8144b78 2026-07-07)","x86_64-unknown-linux-gnu","Linux 7.0.11-76070011-generic x86_64","Intel(R) Core(TM) Ultra 7 155H","/dev/nvme0n1p3[/tmp] ext4   rw,nosuid,nodev,noatime,errors=remount-ro","/tmp/pigment-db-durability-bench","12-19","candidate","candidate_pigment_db","buffered","pre_feature_pigment_db","4","1","key_set","file","successful_remove","8","32","5","4","19968","100896152","197906.457325","113722","0"
"protocol-v5-20260807-220443","6d7edc7c29a60a94c59effeeb2b78d8b95038135","default-hasher:e33e9641d6e15aea","6d7edc7c29a60a94c59effeeb2b78d8b95038135","default-hasher:f20647ba796d9a0c","rustc 1.97.0 (2d8144b78 2026-07-07)","x86_64-unknown-linux-gnu","Linux 7.0.11-76070011-generic x86_64","Intel(R) Core(TM) Ultra 7 155H","/dev/nvme0n1p3[/tmp] ext4   rw,nosuid,nodev,noatime,errors=remount-ro","/tmp/pigment-db-durability-bench","12-19","candidate","candidate_pigment_db","buffered","pre_feature_pigment_db","5","0","key_set","file","successful_remove","8","32","5","5","17920","102289423","175189.178650","111585","0"
"protocol-v5-20260807-220443","6d7edc7c29a60a94c59effeeb2b78d8b95038135","default-hasher:e33e9641d6e15aea","6d7edc7c29a60a94c59effeeb2b78d8b95038135","default-hasher:f20647ba796d9a0c","rustc 1.97.0 (2d8144b78 2026-07-07)","x86_64-unknown-linux-gnu","Linux 7.0.11-76070011-generic x86_64","Intel(R) Core(TM) Ultra 7 155H","/dev/nvme0n1p3[/tmp] ext4   rw,nosuid,nodev,noatime,errors=remount-ro","/tmp/pigment-db-durability-bench","12-19","comparator","pre_feature_pigment_db","buffered","pre_feature_pigment_db","5","1","key_set","file","successful_remove","8","32","5","5","19968","102740442","194353.845587","119100","0"
"protocol-v5-20260807-220443","6d7edc7c29a60a94c59effeeb2b78d8b95038135","default-hasher:e33e9641d6e15aea","6d7edc7c29a60a94c59effeeb2b78d8b95038135","default-hasher:f20647ba796d9a0c","rustc 1.97.0 (2d8144b78 2026-07-07)","x86_64-unknown-linux-gnu","Linux 7.0.11-76070011-generic x86_64","Intel(R) Core(TM) Ultra 7 155H","/dev/nvme0n1p3[/tmp] ext4   rw,nosuid,nodev,noatime,errors=remount-ro","/tmp/pigment-db-durability-bench","12-19","comparator","pre_feature_pigment_db","buffered","pre_feature_pigment_db","6","0","key_set","file","successful_remove","8","32","5","6","20480","102440578","199920.777487","105159","0"
"protocol-v5-20260807-220443","6d7edc7c29a60a94c59effeeb2b78d8b95038135","default-hasher:e33e9641d6e15aea","6d7edc7c29a60a94c59effeeb2b78d8b95038135","default-hasher:f20647ba796d9a0c","rustc 1.97.0 (2d8144b78 2026-07-07)","x86_64-unknown-linux-gnu","Linux 7.0.11-76070011-generic x86_64","Intel(R) Core(TM) Ultra 7 155H","/dev/nvme0n1p3[/tmp] ext4   rw,nosuid,nodev,noatime,errors=remount-ro","/tmp/pigment-db-durability-bench","12-19","candidate","candidate_pigment_db","buffered","pre_feature_pigment_db","6","1","key_set","file","successful_remove","8","32","5","6","19968","101508248","196713.078921","102343","0"
"protocol-v5-20260807-220443","6d7edc7c29a60a94c59effeeb2b78d8b95038135","default-hasher:e33e9641d6e15aea","6d7edc7c29a60a94c59effeeb2b78d8b95038135","default-hasher:f20647ba796d9a0c","rustc 1.97.0 (2d8144b78 2026-07-07)","x86_64-unknown-linux-gnu","Linux 7.0.11-76070011-generic x86_64","Intel(R) Core(TM) Ultra 7 155H","/dev/nvme0n1p3[/tmp] ext4   rw,nosuid,nodev,noatime,errors=remount-ro","/tmp/pigment-db-durability-bench","12-19","candidate","candidate_pigment_db","buffered","pre_feature_pigment_db","7","0","key_set","file","successful_remove","8","32","5","7","19968","101664850","196410.067000","101226","0"
"protocol-v5-20260807-220443","6d7edc7c29a60a94c59effeeb2b78d8b95038135","default-hasher:e33e9641d6e15aea","6d7edc7c29a60a94c59effeeb2b78d8b95038135","default-hasher:f20647ba796d9a0c","rustc 1.97.0 (2d8144b78 2026-07-07)","x86_64-unknown-linux-gnu","Linux 7.0.11-76070011-generic x86_64","Intel(R) Core(TM) Ultra 7 155H","/dev/nvme0n1p3[/tmp] ext4   rw,nosuid,nodev,noatime,errors=remount-ro","/tmp/pigment-db-durability-bench","12-19","comparator","pre_feature_pigment_db","buffered","pre_feature_pigment_db","7","1","key_set","file","successful_remove","8","32","5","7","19968","100128434","199423.871944","99716","0"
"protocol-v5-20260807-220443","6d7edc7c29a60a94c59effeeb2b78d8b95038135","default-hasher:e33e9641d6e15aea","6d7edc7c29a60a94c59effeeb2b78d8b95038135","default-hasher:f20647ba796d9a0c","rustc 1.97.0 (2d8144b78 2026-07-07)","x86_64-unknown-linux-gnu","Linux 7.0.11-76070011-generic x86_64","Intel(R) Core(TM) Ultra 7 155H","/dev/nvme0n1p3[/tmp] ext4   rw,nosuid,nodev,noatime,errors=remount-ro","/tmp/pigment-db-durability-bench","12-19","comparator","pre_feature_pigment_db","buffered","pre_feature_pigment_db","8","0","key_set","file","successful_remove","8","32","5","8","19456","100017224","194526.494757","99499","0"
"protocol-v5-20260807-220443","6d7edc7c29a60a94c59effeeb2b78d8b95038135","default-hasher:e33e9641d6e15aea","6d7edc7c29a60a94c59effeeb2b78d8b95038135","default-hasher:f20647ba796d9a0c","rustc 1.97.0 (2d8144b78 2026-07-07)","x86_64-unknown-linux-gnu","Linux 7.0.11-76070011-generic x86_64","Intel(R) Core(TM) Ultra 7 155H","/dev/nvme0n1p3[/tmp] ext4   rw,nosuid,nodev,noatime,errors=remount-ro","/tmp/pigment-db-durability-bench","12-19","candidate","candidate_pigment_db","buffered","pre_feature_pigment_db","8","1","key_set","file","successful_remove","8","32","5","8","19968","100432180","198820.736541","95331","0"
"protocol-v5-20260807-220443","6d7edc7c29a60a94c59effeeb2b78d8b95038135","default-hasher:e33e9641d6e15aea","6d7edc7c29a60a94c59effeeb2b78d8b95038135","default-hasher:f20647ba796d9a0c","rustc 1.97.0 (2d8144b78 2026-07-07)","x86_64-unknown-linux-gnu","Linux 7.0.11-76070011-generic x86_64","Intel(R) Core(TM) Ultra 7 155H","/dev/nvme0n1p3[/tmp] ext4   rw,nosuid,nodev,noatime,errors=remount-ro","/tmp/pigment-db-durability-bench","12-19","candidate","candidate_pigment_db","buffered","pre_feature_pigment_db","9","0","key_set","file","successful_remove","8","32","5","9","19456","100689965","193226.802691","112092","0"
"protocol-v5-20260807-220443","6d7edc7c29a60a94c59effeeb2b78d8b95038135","default-hasher:e33e9641d6e15aea","6d7edc7c29a60a94c59effeeb2b78d8b95038135","default-hasher:f20647ba796d9a0c","rustc 1.97.0 (2d8144b78 2026-07-07)","x86_64-unknown-linux-gnu","Linux 7.0.11-76070011-generic x86_64","Intel(R) Core(TM) Ultra 7 155H","/dev/nvme0n1p3[/tmp] ext4   rw,nosuid,nodev,noatime,errors=remount-ro","/tmp/pigment-db-durability-bench","12-19","comparator","pre_feature_pigment_db","buffered","pre_feature_pigment_db","9","1","key_set","file","successful_remove","8","32","5","9","20480","101613277","201548.464971","112447","0"
"protocol-v5-20260807-220443","6d7edc7c29a60a94c59effeeb2b78d8b95038135","default-hasher:e33e9641d6e15aea","6d7edc7c29a60a94c59effeeb2b78d8b95038135","default-hasher:f20647ba796d9a0c","rustc 1.97.0 (2d8144b78 2026-07-07)","x86_64-unknown-linux-gnu","Linux 7.0.11-76070011-generic x86_64","Intel(R) Core(TM) Ultra 7 155H","/dev/nvme0n1p3[/tmp] ext4   rw,nosuid,nodev,noatime,errors=remount-ro","/tmp/pigment-db-durability-bench","12-19","comparator","pre_feature_pigment_db","buffered","pre_feature_pigment_db","10","0","key_set","file","successful_remove","8","32","5","10","16384","102133318","160417.778653","87576","0"
"protocol-v5-20260807-220443","6d7edc7c29a60a94c59effeeb2b78d8b95038135","default-hasher:e33e9641d6e15aea","6d7edc7c29a60a94c59effeeb2b78d8b95038135","default-hasher:f20647ba796d9a0c","rustc 1.97.0 (2d8144b78 2026-07-07)","x86_64-unknown-linux-gnu","Linux 7.0.11-76070011-generic x86_64","Intel(R) Core(TM) Ultra 7 155H","/dev/nvme0n1p3[/tmp] ext4   rw,nosuid,nodev,noatime,errors=remount-ro","/tmp/pigment-db-durability-bench","12-19","candidate","candidate_pigment_db","buffered","pre_feature_pigment_db","10","1","key_set","file","successful_remove","8","32","5","10","20480","102156414","200476.888314","112030","0"
"protocol-v5-20260807-220443","6d7edc7c29a60a94c59effeeb2b78d8b95038135","default-hasher:e33e9641d6e15aea","6d7edc7c29a60a94c59effeeb2b78d8b95038135","default-hasher:f20647ba796d9a0c","rustc 1.97.0 (2d8144b78 2026-07-07)","x86_64-unknown-linux-gnu","Linux 7.0.11-76070011-generic x86_64","Intel(R) Core(TM) Ultra 7 155H","/dev/nvme0n1p3[/tmp] ext4   rw,nosuid,nodev,noatime,errors=remount-ro","/tmp/pigment-db-durability-bench","12-19","comparator","pre_feature_pigment_db","buffered","pre_feature_pigment_db","0","0","key_set","file","minimal_callback","1","32","5","0","29760","100004462","297586.721680","4002","0"
"protocol-v5-20260807-220443","6d7edc7c29a60a94c59effeeb2b78d8b95038135","default-hasher:e33e9641d6e15aea","6d7edc7c29a60a94c59effeeb2b78d8b95038135","default-hasher:f20647ba796d9a0c","rustc 1.97.0 (2d8144b78 2026-07-07)","x86_64-unknown-linux-gnu","Linux 7.0.11-76070011-generic x86_64","Intel(R) Core(TM) Ultra 7 155H","/dev/nvme0n1p3[/tmp] ext4   rw,nosuid,nodev,noatime,errors=remount-ro","/tmp/pigment-db-durability-bench","12-19","candidate","candidate_pigment_db","buffered","pre_feature_pigment_db","0","1","key_set","file","minimal_callback","1","32","5","0","30848","100115765","308123.301061","3674","0"
"protocol-v5-20260807-220443","6d7edc7c29a60a94c59effeeb2b78d8b95038135","default-hasher:e33e9641d6e15aea","6d7edc7c29a60a94c59effeeb2b78d8b95038135","default-hasher:f20647ba796d9a0c","rustc 1.97.0 (2d8144b78 2026-07-07)","x86_64-unknown-linux-gnu","Linux 7.0.11-76070011-generic x86_64","Intel(R) Core(TM) Ultra 7 155H","/dev/nvme0n1p3[/tmp] ext4   rw,nosuid,nodev,noatime,errors=remount-ro","/tmp/pigment-db-durability-bench","12-19","candidate","candidate_pigment_db","buffered","pre_feature_pigment_db","1","0","key_set","file","minimal_callback","1","32","5","1","30976","100002383","309752.618595","3631","0"
"protocol-v5-20260807-220443","6d7edc7c29a60a94c59effeeb2b78d8b95038135","default-hasher:e33e9641d6e15aea","6d7edc7c29a60a94c59effeeb2b78d8b95038135","default-hasher:f20647ba796d9a0c","rustc 1.97.0 (2d8144b78 2026-07-07)","x86_64-unknown-linux-gnu","Linux 7.0.11-76070011-generic x86_64","Intel(R) Core(TM) Ultra 7 155H","/dev/nvme0n1p3[/tmp] ext4   rw,nosuid,nodev,noatime,errors=remount-ro","/tmp/pigment-db-durability-bench","12-19","comparator","pre_feature_pigment_db","buffered","pre_feature_pigment_db","1","1","key_set","file","minimal_callback","1","32","5","1","31552","100128712","315114.409941","3599","0"
"protocol-v5-20260807-220443","6d7edc7c29a60a94c59effeeb2b78d8b95038135","default-hasher:e33e9641d6e15aea","6d7edc7c29a60a94c59effeeb2b78d8b95038135","default-hasher:f20647ba796d9a0c","rustc 1.97.0 (2d8144b78 2026-07-07)","x86_64-unknown-linux-gnu","Linux 7.0.11-76070011-generic x86_64","Intel(R) Core(TM) Ultra 7 155H","/dev/nvme0n1p3[/tmp] ext4   rw,nosuid,nodev,noatime,errors=remount-ro","/tmp/pigment-db-durability-bench","12-19","comparator","pre_feature_pigment_db","buffered","pre_feature_pigment_db","2","0","key_set","file","minimal_callback","1","32","5","2","31296","100054695","312788.920100","3630","0"
"protocol-v5-20260807-220443","6d7edc7c29a60a94c59effeeb2b78d8b95038135","default-hasher:e33e9641d6e15aea","6d7edc7c29a60a94c59effeeb2b78d8b95038135","default-hasher:f20647ba796d9a0c","rustc 1.97.0 (2d8144b78 2026-07-07)","x86_64-unknown-linux-gnu","Linux 7.0.11-76070011-generic x86_64","Intel(R) Core(TM) Ultra 7 155H","/dev/nvme0n1p3[/tmp] ext4   rw,nosuid,nodev,noatime,errors=remount-ro","/tmp/pigment-db-durability-bench","12-19","candidate","candidate_pigment_db","buffered","pre_feature_pigment_db","2","1","key_set","file","minimal_callback","1","32","5","2","30848","100149982","308018.028401","3696","0"
"protocol-v5-20260807-220443","6d7edc7c29a60a94c59effeeb2b78d8b95038135","default-hasher:e33e9641d6e15aea","6d7edc7c29a60a94c59effeeb2b78d8b95038135","default-hasher:f20647ba796d9a0c","rustc 1.97.0 (2d8144b78 2026-07-07)","x86_64-unknown-linux-gnu","Linux 7.0.11-76070011-generic x86_64","Intel(R) Core(TM) Ultra 7 155H","/dev/nvme0n1p3[/tmp] ext4   rw,nosuid,nodev,noatime,errors=remount-ro","/tmp/pigment-db-durability-bench","12-19","candidate","candidate_pigment_db","buffered","pre_feature_pigment_db","3","0","key_set","file","minimal_callback","1","32","5","3","30528","100194084","304688.648084","3711","0"
"protocol-v5-20260807-220443","6d7edc7c29a60a94c59effeeb2b78d8b95038135","default-hasher:e33e9641d6e15aea","6d7edc7c29a60a94c59effeeb2b78d8b95038135","default-hasher:f20647ba796d9a0c","rustc 1.97.0 (2d8144b78 2026-07-07)","x86_64-unknown-linux-gnu","Linux 7.0.11-76070011-generic x86_64","Intel(R) Core(TM) Ultra 7 155H","/dev/nvme0n1p3[/tmp] ext4   rw,nosuid,nodev,noatime,errors=remount-ro","/tmp/pigment-db-durability-bench","12-19","comparator","pre_feature_pigment_db","buffered","pre_feature_pigment_db","3","1","key_set","file","minimal_callback","1","32","5","3","31360","100102585","313278.623124","3590","0"
"protocol-v5-20260807-220443","6d7edc7c29a60a94c59effeeb2b78d8b95038135","default-hasher:e33e9641d6e15aea","6d7edc7c29a60a94c59effeeb2b78d8b95038135","default-hasher:f20647ba796d9a0c","rustc 1.97.0 (2d8144b78 2026-07-07)","x86_64-unknown-linux-gnu","Linux 7.0.11-76070011-generic x86_64","Intel(R) Core(TM) Ultra 7 155H","/dev/nvme0n1p3[/tmp] ext4   rw,nosuid,nodev,noatime,errors=remount-ro","/tmp/pigment-db-durability-bench","12-19","comparator","pre_feature_pigment_db","buffered","pre_feature_pigment_db","4","0","key_set","file","minimal_callback","1","32","5","4","30848","100026272","308398.977421","3786","0"
"protocol-v5-20260807-220443","6d7edc7c29a60a94c59effeeb2b78d8b95038135","default-hasher:e33e9641d6e15aea","6d7edc7c29a60a94c59effeeb2b78d8b95038135","default-hasher:f20647ba796d9a0c","rustc 1.97.0 (2d8144b78 2026-07-07)","x86_64-unknown-linux-gnu","Linux 7.0.11-76070011-generic x86_64","Intel(R) Core(TM) Ultra 7 155H","/dev/nvme0n1p3[/tmp] ext4   rw,nosuid,nodev,noatime,errors=remount-ro","/tmp/pigment-db-durability-bench","12-19","candidate","candidate_pigment_db","buffered","pre_feature_pigment_db","4","1","key_set","file","minimal_callback","1","32","5","4","31104","100055203","310868.391322","3676","0"
"protocol-v5-20260807-220443","6d7edc7c29a60a94c59effeeb2b78d8b95038135","default-hasher:e33e9641d6e15aea","6d7edc7c29a60a94c59effeeb2b78d8b95038135","default-hasher:f20647ba796d9a0c","rustc 1.97.0 (2d8144b78 2026-07-07)","x86_64-unknown-linux-gnu","Linux 7.0.11-76070011-generic x86_64","Intel(R) Core(TM) Ultra 7 155H","/dev/nvme0n1p3[/tmp] ext4   rw,nosuid,nodev,noatime,errors=remount-ro","/tmp/pigment-db-durability-bench","12-19","candidate","candidate_pigment_db","buffered","pre_feature_pigment_db","5","0","key_set","file","minimal_callback","1","32","5","5","30976","100068775","309547.108976","3672","0"
"protocol-v5-20260807-220443","6d7edc7c29a60a94c59effeeb2b78d8b95038135","default-hasher:e33e9641d6e15aea","6d7edc7c29a60a94c59effeeb2b78d8b95038135","default-hasher:f20647ba796d9a0c","rustc 1.97.0 (2d8144b78 2026-07-07)","x86_64-unknown-linux-gnu","Linux 7.0.11-76070011-generic x86_64","Intel(R) Core(TM) Ultra 7 155H","/dev/nvme0n1p3[/tmp] ext4   rw,nosuid,nodev,noatime,errors=remount-ro","/tmp/pigment-db-durability-bench","12-19","comparator","pre_feature_pigment_db","buffered","pre_feature_pigment_db","5","1","key_set","file","minimal_callback","1","32","5","5","31168","100040896","311552.587454","3699","0"
"protocol-v5-20260807-220443","6d7edc7c29a60a94c59effeeb2b78d8b95038135","default-hasher:e33e9641d6e15aea","6d7edc7c29a60a94c59effeeb2b78d8b95038135","default-hasher:f20647ba796d9a0c","rustc 1.97.0 (2d8144b78 2026-07-07)","x86_64-unknown-linux-gnu","Linux 7.0.11-76070011-generic x86_64","Intel(R) Core(TM) Ultra 7 155H","/dev/nvme0n1p3[/tmp] ext4   rw,nosuid,nodev,noatime,errors=remount-ro","/tmp/pigment-db-durability-bench","12-19","comparator","pre_feature_pigment_db","buffered","pre_feature_pigment_db","6","0","key_set","file","minimal_callback","1","32","5","6","31296","100100828","312644.766535","3693","0"
"protocol-v5-20260807-220443","6d7edc7c29a60a94c59effeeb2b78d8b95038135","default-hasher:e33e9641d6e15aea","6d7edc7c29a60a94c59effeeb2b78d8b95038135","default-hasher:f20647ba796d9a0c","rustc 1.97.0 (2d8144b78 2026-07-07)","x86_64-unknown-linux-gnu","Linux 7.0.11-76070011-generic x86_64","Intel(R) Core(TM) Ultra 7 155H","/dev/nvme0n1p3[/tmp] ext4   rw,nosuid,nodev,noatime,errors=remount-ro","/tmp/pigment-db-durability-bench","12-19","candidate","candidate_pigment_db","buffered","pre_feature_pigment_db","6","1","key_set","file","minimal_callback","1","32","5","6","30656","100186988","305987.839459","3694","0"
"protocol-v5-20260807-220443","6d7edc7c29a60a94c59effeeb2b78d8b95038135","default-hasher:e33e9641d6e15aea","6d7edc7c29a60a94c59effeeb2b78d8b95038135","default-hasher:f20647ba796d9a0c","rustc 1.97.0 (2d8144b78 2026-07-07)","x86_64-unknown-linux-gnu","Linux 7.0.11-76070011-generic x86_64","Intel(R) Core(TM) Ultra 7 155H","/dev/nvme0n1p3[/tmp] ext4   rw,nosuid,nodev,noatime,errors=remount-ro","/tmp/pigment-db-durability-bench","12-19","candidate","candidate_pigment_db","buffered","pre_feature_pigment_db","7","0","key_set","file","minimal_callback","1","32","5","7","30784","100022316","307771.317753","3707","0"
"protocol-v5-20260807-220443","6d7edc7c29a60a94c59effeeb2b78d8b95038135","default-hasher:e33e9641d6e15aea","6d7edc7c29a60a94c59effeeb2b78d8b95038135","default-hasher:f20647ba796d9a0c","rustc 1.97.0 (2d8144b78 2026-07-07)","x86_64-unknown-linux-gnu","Linux 7.0.11-76070011-generic x86_64","Intel(R) Core(TM) Ultra 7 155H","/dev/nvme0n1p3[/tmp] ext4   rw,nosuid,nodev,noatime,errors=remount-ro","/tmp/pigment-db-durability-bench","12-19","comparator","pre_feature_pigment_db","buffered","pre_feature_pigment_db","7","1","key_set","file","minimal_callback","1","32","5","7","31552","100182286","314945.897721","3595","0"
"protocol-v5-20260807-220443","6d7edc7c29a60a94c59effeeb2b78d8b95038135","default-hasher:e33e9641d6e15aea","6d7edc7c29a60a94c59effeeb2b78d8b95038135","default-hasher:f20647ba796d9a0c","rustc 1.97.0 (2d8144b78 2026-07-07)","x86_64-unknown-linux-gnu","Linux 7.0.11-76070011-generic x86_64","Intel(R) Core(TM) Ultra 7 155H","/dev/nvme0n1p3[/tmp] ext4   rw,nosuid,nodev,noatime,errors=remount-ro","/tmp/pigment-db-durability-bench","12-19","comparator","pre_feature_pigment_db","buffered","pre_feature_pigment_db","8","0","key_set","file","minimal_callback","1","32","5","8","31360","100189008","313008.389104","3624","0"
"protocol-v5-20260807-220443","6d7edc7c29a60a94c59effeeb2b78d8b95038135","default-hasher:e33e9641d6e15aea","6d7edc7c29a60a94c59effeeb2b78d8b95038135","default-hasher:f20647ba796d9a0c","rustc 1.97.0 (2d8144b78 2026-07-07)","x86_64-unknown-linux-gnu","Linux 7.0.11-76070011-generic x86_64","Intel(R) Core(TM) Ultra 7 155H","/dev/nvme0n1p3[/tmp] ext4   rw,nosuid,nodev,noatime,errors=remount-ro","/tmp/pigment-db-durability-bench","12-19","candidate","candidate_pigment_db","buffered","pre_feature_pigment_db","8","1","key_set","file","minimal_callback","1","32","5","8","30592","100010209","305888.771815","3660","0"
"protocol-v5-20260807-220443","6d7edc7c29a60a94c59effeeb2b78d8b95038135","default-hasher:e33e9641d6e15aea","6d7edc7c29a60a94c59effeeb2b78d8b95038135","default-hasher:f20647ba796d9a0c","rustc 1.97.0 (2d8144b78 2026-07-07)","x86_64-unknown-linux-gnu","Linux 7.0.11-76070011-generic x86_64","Intel(R) Core(TM) Ultra 7 155H","/dev/nvme0n1p3[/tmp] ext4   rw,nosuid,nodev,noatime,errors=remount-ro","/tmp/pigment-db-durability-bench","12-19","candidate","candidate_pigment_db","buffered","pre_feature_pigment_db","9","0","key_set","file","minimal_callback","1","32","5","9","30592","100152124","305455.329135","3678","0"
"protocol-v5-20260807-220443","6d7edc7c29a60a94c59effeeb2b78d8b95038135","default-hasher:e33e9641d6e15aea","6d7edc7c29a60a94c59effeeb2b78d8b95038135","default-hasher:f20647ba796d9a0c","rustc 1.97.0 (2d8144b78 2026-07-07)","x86_64-unknown-linux-gnu","Linux 7.0.11-76070011-generic x86_64","Intel(R) Core(TM) Ultra 7 155H","/dev/nvme0n1p3[/tmp] ext4   rw,nosuid,nodev,noatime,errors=remount-ro","/tmp/pigment-db-durability-bench","12-19","comparator","pre_feature_pigment_db","buffered","pre_feature_pigment_db","9","1","key_set","file","minimal_callback","1","32","5","9","29632","100166999","295825.973582","3800","0"
"protocol-v5-20260807-220443","6d7edc7c29a60a94c59effeeb2b78d8b95038135","default-hasher:e33e9641d6e15aea","6d7edc7c29a60a94c59effeeb2b78d8b95038135","default-hasher:f20647ba796d9a0c","rustc 1.97.0 (2d8144b78 2026-07-07)","x86_64-unknown-linux-gnu","Linux 7.0.11-76070011-generic x86_64","Intel(R) Core(TM) Ultra 7 155H","/dev/nvme0n1p3[/tmp] ext4   rw,nosuid,nodev,noatime,errors=remount-ro","/tmp/pigment-db-durability-bench","12-19","comparator","pre_feature_pigment_db","buffered","pre_feature_pigment_db","10","0","key_set","file","minimal_callback","1","32","5","10","30912","100033767","309015.654684","3750","0"
"protocol-v5-20260807-220443","6d7edc7c29a60a94c59effeeb2b78d8b95038135","default-hasher:e33e9641d6e15aea","6d7edc7c29a60a94c59effeeb2b78d8b95038135","default-hasher:f20647ba796d9a0c","rustc 1.97.0 (2d8144b78 2026-07-07)","x86_64-unknown-linux-gnu","Linux 7.0.11-76070011-generic x86_64","Intel(R) Core(TM) Ultra 7 155H","/dev/nvme0n1p3[/tmp] ext4   rw,nosuid,nodev,noatime,errors=remount-ro","/tmp/pigment-db-durability-bench","12-19","candidate","candidate_pigment_db","buffered","pre_feature_pigment_db","10","1","key_set","file","minimal_callback","1","32","5","10","30976","100205355","309125.195954","3645","0"
"protocol-v5-20260807-220443","6d7edc7c29a60a94c59effeeb2b78d8b95038135","default-hasher:e33e9641d6e15aea","6d7edc7c29a60a94c59effeeb2b78d8b95038135","default-hasher:f20647ba796d9a0c","rustc 1.97.0 (2d8144b78 2026-07-07)","x86_64-unknown-linux-gnu","Linux 7.0.11-76070011-generic x86_64","Intel(R) Core(TM) Ultra 7 155H","/dev/nvme0n1p3[/tmp] ext4   rw,nosuid,nodev,noatime,errors=remount-ro","/tmp/pigment-db-durability-bench","12-19","comparator","pre_feature_pigment_db","buffered","pre_feature_pigment_db","0","0","key_set","file","minimal_callback","8","32","5","0","15360","100846390","152310.856145","119478","0"
"protocol-v5-20260807-220443","6d7edc7c29a60a94c59effeeb2b78d8b95038135","default-hasher:e33e9641d6e15aea","6d7edc7c29a60a94c59effeeb2b78d8b95038135","default-hasher:f20647ba796d9a0c","rustc 1.97.0 (2d8144b78 2026-07-07)","x86_64-unknown-linux-gnu","Linux 7.0.11-76070011-generic x86_64","Intel(R) Core(TM) Ultra 7 155H","/dev/nvme0n1p3[/tmp] ext4   rw,nosuid,nodev,noatime,errors=remount-ro","/tmp/pigment-db-durability-bench","12-19","candidate","candidate_pigment_db","buffered","pre_feature_pigment_db","0","1","key_set","file","minimal_callback","8","32","5","0","15872","101743585","156000.007273","117299","0"
"protocol-v5-20260807-220443","6d7edc7c29a60a94c59effeeb2b78d8b95038135","default-hasher:e33e9641d6e15aea","6d7edc7c29a60a94c59effeeb2b78d8b95038135","default-hasher:f20647ba796d9a0c","rustc 1.97.0 (2d8144b78 2026-07-07)","x86_64-unknown-linux-gnu","Linux 7.0.11-76070011-generic x86_64","Intel(R) Core(TM) Ultra 7 155H","/dev/nvme0n1p3[/tmp] ext4   rw,nosuid,nodev,noatime,errors=remount-ro","/tmp/pigment-db-durability-bench","12-19","candidate","candidate_pigment_db","buffered","pre_feature_pigment_db","1","0","key_set","file","minimal_callback","8","32","5","1","15872","102112952","155435.717890","119002","0"
"protocol-v5-20260807-220443","6d7edc7c29a60a94c59effeeb2b78d8b95038135","default-hasher:e33e9641d6e15aea","6d7edc7c29a60a94c59effeeb2b78d8b95038135","default-hasher:f20647ba796d9a0c","rustc 1.97.0 (2d8144b78 2026-07-07)","x86_64-unknown-linux-gnu","Linux 7.0.11-76070011-generic x86_64","Intel(R) Core(TM) Ultra 7 155H","/dev/nvme0n1p3[/tmp] ext4   rw,nosuid,nodev,noatime,errors=remount-ro","/tmp/pigment-db-durability-bench","12-19","comparator","pre_feature_pigment_db","buffered","pre_feature_pigment_db","1","1","key_set","file","minimal_callback","8","32","5","1","16384","102579722","159719.676370","119117","0"
"protocol-v5-20260807-220443","6d7edc7c29a60a94c59effeeb2b78d8b95038135","default-hasher:e33e9641d6e15aea","6d7edc7c29a60a94c59effeeb2b78d8b95038135","default-hasher:f20647ba796d9a0c","rustc 1.97.0 (2d8144b78 2026-07-07)","x86_64-unknown-linux-gnu","Linux 7.0.11-76070011-generic x86_64","Intel(R) Core(TM) Ultra 7 155H","/dev/nvme0n1p3[/tmp] ext4   rw,nosuid,nodev,noatime,errors=remount-ro","/tmp/pigment-db-durability-bench","12-19","comparator","pre_feature_pigment_db","buffered","pre_feature_pigment_db","2","0","key_set","file","minimal_callback","8","32","5","2","15360","100280581","153170.233427","118760","0"
"protocol-v5-20260807-220443","6d7edc7c29a60a94c59effeeb2b78d8b95038135","default-hasher:e33e9641d6e15aea","6d7edc7c29a60a94c59effeeb2b78d8b95038135","default-hasher:f20647ba796d9a0c","rustc 1.97.0 (2d8144b78 2026-07-07)","x86_64-unknown-linux-gnu","Linux 7.0.11-76070011-generic x86_64","Intel(R) Core(TM) Ultra 7 155H","/dev/nvme0n1p3[/tmp] ext4   rw,nosuid,nodev,noatime,errors=remount-ro","/tmp/pigment-db-durability-bench","12-19","candidate","candidate_pigment_db","buffered","pre_feature_pigment_db","2","1","key_set","file","minimal_callback","8","32","5","2","16384","100618963","162832.129367","123098","0"
"protocol-v5-20260807-220443","6d7edc7c29a60a94c59effeeb2b78d8b95038135","default-hasher:e33e9641d6e15aea","6d7edc7c29a60a94c59effeeb2b78d8b95038135","default-hasher:f20647ba796d9a0c","rustc 1.97.0 (2d8144b78 2026-07-07)","x86_64-unknown-linux-gnu","Linux 7.0.11-76070011-generic x86_64","Intel(R) Core(TM) Ultra 7 155H","/dev/nvme0n1p3[/tmp] ext4   rw,nosuid,nodev,noatime,errors=remount-ro","/tmp/pigment-db-durability-bench","12-19","candidate","candidate_pigment_db","buffered","pre_feature_pigment_db","3","0","key_set","file","minimal_callback","8","32","5","3","15872","100753276","157533.339164","108720","0"
"protocol-v5-20260807-220443","6d7edc7c29a60a94c59effeeb2b78d8b95038135","default-hasher:e33e9641d6e15aea","6d7edc7c29a60a94c59effeeb2b78d8b95038135","default-hasher:f20647ba796d9a0c","rustc 1.97.0 (2d8144b78 2026-07-07)","x86_64-unknown-linux-gnu","Linux 7.0.11-76070011-generic x86_64","Intel(R) Core(TM) Ultra 7 155H","/dev/nvme0n1p3[/tmp] ext4   rw,nosuid,nodev,noatime,errors=remount-ro","/tmp/pigment-db-durability-bench","12-19","comparator","pre_feature_pigment_db","buffered","pre_feature_pigment_db","3","1","key_set","file","minimal_callback","8","32","5","3","15360","103418341","148522.978144","96663","0"
"protocol-v5-20260807-220443","6d7edc7c29a60a94c59effeeb2b78d8b95038135","default-hasher:e33e9641d6e15aea","6d7edc7c29a60a94c59effeeb2b78d8b95038135","default-hasher:f20647ba796d9a0c","rustc 1.97.0 (2d8144b78 2026-07-07)","x86_64-unknown-linux-gnu","Linux 7.0.11-76070011-generic x86_64","Intel(R) Core(TM) Ultra 7 155H","/dev/nvme0n1p3[/tmp] ext4   rw,nosuid,nodev,noatime,errors=remount-ro","/tmp/pigment-db-durability-bench","12-19","comparator","pre_feature_pigment_db","buffered","pre_feature_pigment_db","4","0","key_set","file","minimal_callback","8","32","5","4","16384","101081794","162086.557348","112664","0"
"protocol-v5-20260807-220443","6d7edc7c29a60a94c59effeeb2b78d8b95038135","default-hasher:e33e9641d6e15aea","6d7edc7c29a60a94c59effeeb2b78d8b95038135","default-hasher:f20647ba796d9a0c","rustc 1.97.0 (2d8144b78 2026-07-07)","x86_64-unknown-linux-gnu","Linux 7.0.11-76070011-generic x86_64","Intel(R) Core(TM) Ultra 7 155H","/dev/nvme0n1p3[/tmp] ext4   rw,nosuid,nodev,noatime,errors=remount-ro","/tmp/pigment-db-durability-bench","12-19","candidate","candidate_pigment_db","buffered","pre_feature_pigment_db","4","1","key_set","file","minimal_callback","8","32","5","4","13312","101365199","131327.123424","114174","0"
"protocol-v5-20260807-220443","6d7edc7c29a60a94c59effeeb2b78d8b95038135","default-hasher:e33e9641d6e15aea","6d7edc7c29a60a94c59effeeb2b78d8b95038135","default-hasher:f20647ba796d9a0c","rustc 1.97.0 (2d8144b78 2026-07-07)","x86_64-unknown-linux-gnu","Linux 7.0.11-76070011-generic x86_64","Intel(R) Core(TM) Ultra 7 155H","/dev/nvme0n1p3[/tmp] ext4   rw,nosuid,nodev,noatime,errors=remount-ro","/tmp/pigment-db-durability-bench","12-19","candidate","candidate_pigment_db","buffered","pre_feature_pigment_db","5","0","key_set","file","minimal_callback","8","32","5","5","15872","101105544","156984.467637","108477","0"
"protocol-v5-20260807-220443","6d7edc7c29a60a94c59effeeb2b78d8b95038135","default-hasher:e33e9641d6e15aea","6d7edc7c29a60a94c59effeeb2b78d8b95038135","default-hasher:f20647ba796d9a0c","rustc 1.97.0 (2d8144b78 2026-07-07)","x86_64-unknown-linux-gnu","Linux 7.0.11-76070011-generic x86_64","Intel(R) Core(TM) Ultra 7 155H","/dev/nvme0n1p3[/tmp] ext4   rw,nosuid,nodev,noatime,errors=remount-ro","/tmp/pigment-db-durability-bench","12-19","comparator","pre_feature_pigment_db","buffered","pre_feature_pigment_db","5","1","key_set","file","minimal_callback","8","32","5","5","15872","101680985","156096.048834","107533","0"
"protocol-v5-20260807-220443","6d7edc7c29a60a94c59effeeb2b78d8b95038135","default-hasher:e33e9641d6e15aea","6d7edc7c29a60a94c59effeeb2b78d8b95038135","default-hasher:f20647ba796d9a0c","rustc 1.97.0 (2d8144b78 2026-07-07)","x86_64-unknown-linux-gnu","Linux 7.0.11-76070011-generic x86_64","Intel(R) Core(TM) Ultra 7 155H","/dev/nvme0n1p3[/tmp] ext4   rw,nosuid,nodev,noatime,errors=remount-ro","/tmp/pigment-db-durability-bench","12-19","comparator","pre_feature_pigment_db","buffered","pre_feature_pigment_db","6","0","key_set","file","minimal_callback","8","32","5","6","14848","101930112","145668.436036","107075","0"
"protocol-v5-20260807-220443","6d7edc7c29a60a94c59effeeb2b78d8b95038135","default-hasher:e33e9641d6e15aea","6d7edc7c29a60a94c59effeeb2b78d8b95038135","default-hasher:f20647ba796d9a0c","rustc 1.97.0 (2d8144b78 2026-07-07)","x86_64-unknown-linux-gnu","Linux 7.0.11-76070011-generic x86_64","Intel(R) Core(TM) Ultra 7 155H","/dev/nvme0n1p3[/tmp] ext4   rw,nosuid,nodev,noatime,errors=remount-ro","/tmp/pigment-db-durability-bench","12-19","candidate","candidate_pigment_db","buffered","pre_feature_pigment_db","6","1","key_set","file","minimal_callback","8","32","5","6","14336","102136070","140361.774249","98906","0"
"protocol-v5-20260807-220443","6d7edc7c29a60a94c59effeeb2b78d8b95038135","default-hasher:e33e9641d6e15aea","6d7edc7c29a60a94c59effeeb2b78d8b95038135","default-hasher:f20647ba796d9a0c","rustc 1.97.0 (2d8144b78 2026-07-07)","x86_64-unknown-linux-gnu","Linux 7.0.11-76070011-generic x86_64","Intel(R) Core(TM) Ultra 7 155H","/dev/nvme0n1p3[/tmp] ext4   rw,nosuid,nodev,noatime,errors=remount-ro","/tmp/pigment-db-durability-bench","12-19","candidate","candidate_pigment_db","buffered","pre_feature_pigment_db","7","0","key_set","file","minimal_callback","8","32","5","7","15360","101600276","151180.691674","117130","0"
"protocol-v5-20260807-220443","6d7edc7c29a60a94c59effeeb2b78d8b95038135","default-hasher:e33e9641d6e15aea","6d7edc7c29a60a94c59effeeb2b78d8b95038135","default-hasher:f20647ba796d9a0c","rustc 1.97.0 (2d8144b78 2026-07-07)","x86_64-unknown-linux-gnu","Linux 7.0.11-76070011-generic x86_64","Intel(R) Core(TM) Ultra 7 155H","/dev/nvme0n1p3[/tmp] ext4   rw,nosuid,nodev,noatime,errors=remount-ro","/tmp/pigment-db-durability-bench","12-19","comparator","pre_feature_pigment_db","buffered","pre_feature_pigment_db","7","1","key_set","file","minimal_callback","8","32","5","7","15360","101359628","151539.624830","129954","0"
"protocol-v5-20260807-220443","6d7edc7c29a60a94c59effeeb2b78d8b95038135","default-hasher:e33e9641d6e15aea","6d7edc7c29a60a94c59effeeb2b78d8b95038135","default-hasher:f20647ba796d9a0c","rustc 1.97.0 (2d8144b78 2026-07-07)","x86_64-unknown-linux-gnu","Linux 7.0.11-76070011-generic x86_64","Intel(R) Core(TM) Ultra 7 155H","/dev/nvme0n1p3[/tmp] ext4   rw,nosuid,nodev,noatime,errors=remount-ro","/tmp/pigment-db-durability-bench","12-19","comparator","pre_feature_pigment_db","buffered","pre_feature_pigment_db","8","0","key_set","file","minimal_callback","8","32","5","8","15360","102303428","150141.596428","112168","0"
"protocol-v5-20260807-220443","6d7edc7c29a60a94c59effeeb2b78d8b95038135","default-hasher:e33e9641d6e15aea","6d7edc7c29a60a94c59effeeb2b78d8b95038135","default-hasher:f20647ba796d9a0c","rustc 1.97.0 (2d8144b78 2026-07-07)","x86_64-unknown-linux-gnu","Linux 7.0.11-76070011-generic x86_64","Intel(R) Core(TM) Ultra 7 155H","/dev/nvme0n1p3[/tmp] ext4   rw,nosuid,nodev,noatime,errors=remount-ro","/tmp/pigment-db-durability-bench","12-19","candidate","candidate_pigment_db","buffered","pre_feature_pigment_db","8","1","key_set","file","minimal_callback","8","32","5","8","16896","103077244","163915.907569","107474","0"
"protocol-v5-20260807-220443","6d7edc7c29a60a94c59effeeb2b78d8b95038135","default-hasher:e33e9641d6e15aea","6d7edc7c29a60a94c59effeeb2b78d8b95038135","default-hasher:f20647ba796d9a0c","rustc 1.97.0 (2d8144b78 2026-07-07)","x86_64-unknown-linux-gnu","Linux 7.0.11-76070011-generic x86_64","Intel(R) Core(TM) Ultra 7 155H","/dev/nvme0n1p3[/tmp] ext4   rw,nosuid,nodev,noatime,errors=remount-ro","/tmp/pigment-db-durability-bench","12-19","candidate","candidate_pigment_db","buffered","pre_feature_pigment_db","9","0","key_set","file","minimal_callback","8","32","5","9","15360","102971592","149167.354818","121483","0"
"protocol-v5-20260807-220443","6d7edc7c29a60a94c59effeeb2b78d8b95038135","default-hasher:e33e9641d6e15aea","6d7edc7c29a60a94c59effeeb2b78d8b95038135","default-hasher:f20647ba796d9a0c","rustc 1.97.0 (2d8144b78 2026-07-07)","x86_64-unknown-linux-gnu","Linux 7.0.11-76070011-generic x86_64","Intel(R) Core(TM) Ultra 7 155H","/dev/nvme0n1p3[/tmp] ext4   rw,nosuid,nodev,noatime,errors=remount-ro","/tmp/pigment-db-durability-bench","12-19","comparator","pre_feature_pigment_db","buffered","pre_feature_pigment_db","9","1","key_set","file","minimal_callback","8","32","5","9","16896","103380409","163435.221078","114406","0"
"protocol-v5-20260807-220443","6d7edc7c29a60a94c59effeeb2b78d8b95038135","default-hasher:e33e9641d6e15aea","6d7edc7c29a60a94c59effeeb2b78d8b95038135","default-hasher:f20647ba796d9a0c","rustc 1.97.0 (2d8144b78 2026-07-07)","x86_64-unknown-linux-gnu","Linux 7.0.11-76070011-generic x86_64","Intel(R) Core(TM) Ultra 7 155H","/dev/nvme0n1p3[/tmp] ext4   rw,nosuid,nodev,noatime,errors=remount-ro","/tmp/pigment-db-durability-bench","12-19","comparator","pre_feature_pigment_db","buffered","pre_feature_pigment_db","10","0","key_set","file","minimal_callback","8","32","5","10","15360","101275503","151665.501972","121440","0"
"protocol-v5-20260807-220443","6d7edc7c29a60a94c59effeeb2b78d8b95038135","default-hasher:e33e9641d6e15aea","6d7edc7c29a60a94c59effeeb2b78d8b95038135","default-hasher:f20647ba796d9a0c","rustc 1.97.0 (2d8144b78 2026-07-07)","x86_64-unknown-linux-gnu","Linux 7.0.11-76070011-generic x86_64","Intel(R) Core(TM) Ultra 7 155H","/dev/nvme0n1p3[/tmp] ext4   rw,nosuid,nodev,noatime,errors=remount-ro","/tmp/pigment-db-durability-bench","12-19","candidate","candidate_pigment_db","buffered","pre_feature_pigment_db","10","1","key_set","file","minimal_callback","8","32","5","10","15360","101799030","150885.524155","113159","0"
"protocol-v5-20260807-220443","6d7edc7c29a60a94c59effeeb2b78d8b95038135","default-hasher:e33e9641d6e15aea","6d7edc7c29a60a94c59effeeb2b78d8b95038135","default-hasher:f20647ba796d9a0c","rustc 1.97.0 (2d8144b78 2026-07-07)","x86_64-unknown-linux-gnu","Linux 7.0.11-76070011-generic x86_64","Intel(R) Core(TM) Ultra 7 155H","/dev/nvme0n1p3[/tmp] ext4   rw,nosuid,nodev,noatime,errors=remount-ro","/tmp/pigment-db-durability-bench","12-19","comparator","pre_feature_pigment_db","buffered","pre_feature_pigment_db","0","0","key_map","vector","ordinary_write","1","32","5","0","145344","100015672","1453212.252576","652","0"
"protocol-v5-20260807-220443","6d7edc7c29a60a94c59effeeb2b78d8b95038135","default-hasher:e33e9641d6e15aea","6d7edc7c29a60a94c59effeeb2b78d8b95038135","default-hasher:f20647ba796d9a0c","rustc 1.97.0 (2d8144b78 2026-07-07)","x86_64-unknown-linux-gnu","Linux 7.0.11-76070011-generic x86_64","Intel(R) Core(TM) Ultra 7 155H","/dev/nvme0n1p3[/tmp] ext4   rw,nosuid,nodev,noatime,errors=remount-ro","/tmp/pigment-db-durability-bench","12-19","candidate","candidate_pigment_db","buffered","pre_feature_pigment_db","0","1","key_map","vector","ordinary_write","1","32","5","0","143936","100020465","1439065.495246","663","0"
"protocol-v5-20260807-220443","6d7edc7c29a60a94c59effeeb2b78d8b95038135","default-hasher:e33e9641d6e15aea","6d7edc7c29a60a94c59effeeb2b78d8b95038135","default-hasher:f20647ba796d9a0c","rustc 1.97.0 (2d8144b78 2026-07-07)","x86_64-unknown-linux-gnu","Linux 7.0.11-76070011-generic x86_64","Intel(R) Core(TM) Ultra 7 155H","/dev/nvme0n1p3[/tmp] ext4   rw,nosuid,nodev,noatime,errors=remount-ro","/tmp/pigment-db-durability-bench","12-19","candidate","candidate_pigment_db","buffered","pre_feature_pigment_db","1","0","key_map","vector","ordinary_write","1","32","5","1","144256","100036832","1442028.871926","656","0"
"protocol-v5-20260807-220443","6d7edc7c29a60a94c59effeeb2b78d8b95038135","default-hasher:e33e9641d6e15aea","6d7edc7c29a60a94c59effeeb2b78d8b95038135","default-hasher:f20647ba796d9a0c","rustc 1.97.0 (2d8144b78 2026-07-07)","x86_64-unknown-linux-gnu","Linux 7.0.11-76070011-generic x86_64","Intel(R) Core(TM) Ultra 7 155H","/dev/nvme0n1p3[/tmp] ext4   rw,nosuid,nodev,noatime,errors=remount-ro","/tmp/pigment-db-durability-bench","12-19","comparator","pre_feature_pigment_db","buffered","pre_feature_pigment_db","1","1","key_map","vector","ordinary_write","1","32","5","1","144448","100018281","1444215.982876","656","0"
"protocol-v5-20260807-220443","6d7edc7c29a60a94c59effeeb2b78d8b95038135","default-hasher:e33e9641d6e15aea","6d7edc7c29a60a94c59effeeb2b78d8b95038135","default-hasher:f20647ba796d9a0c","rustc 1.97.0 (2d8144b78 2026-07-07)","x86_64-unknown-linux-gnu","Linux 7.0.11-76070011-generic x86_64","Intel(R) Core(TM) Ultra 7 155H","/dev/nvme0n1p3[/tmp] ext4   rw,nosuid,nodev,noatime,errors=remount-ro","/tmp/pigment-db-durability-bench","12-19","comparator","pre_feature_pigment_db","buffered","pre_feature_pigment_db","2","0","key_map","vector","ordinary_write","1","32","5","2","145088","100003213","1450833.384723","652","0"
"protocol-v5-20260807-220443","6d7edc7c29a60a94c59effeeb2b78d8b95038135","default-hasher:e33e9641d6e15aea","6d7edc7c29a60a94c59effeeb2b78d8b95038135","default-hasher:f20647ba796d9a0c","rustc 1.97.0 (2d8144b78 2026-07-07)","x86_64-unknown-linux-gnu","Linux 7.0.11-76070011-generic x86_64","Intel(R) Core(TM) Ultra 7 155H","/dev/nvme0n1p3[/tmp] ext4   rw,nosuid,nodev,noatime,errors=remount-ro","/tmp/pigment-db-durability-bench","12-19","candidate","candidate_pigment_db","buffered","pre_feature_pigment_db","2","1","key_map","vector","ordinary_write","1","32","5","2","143616","100041448","1435564.987024","651","0"
"protocol-v5-20260807-220443","6d7edc7c29a60a94c59effeeb2b78d8b95038135","default-hasher:e33e9641d6e15aea","6d7edc7c29a60a94c59effeeb2b78d8b95038135","default-hasher:f20647ba796d9a0c","rustc 1.97.0 (2d8144b78 2026-07-07)","x86_64-unknown-linux-gnu","Linux 7.0.11-76070011-generic x86_64","Intel(R) Core(TM) Ultra 7 155H","/dev/nvme0n1p3[/tmp] ext4   rw,nosuid,nodev,noatime,errors=remount-ro","/tmp/pigment-db-durability-bench","12-19","candidate","candidate_pigment_db","buffered","pre_feature_pigment_db","3","0","key_map","vector","ordinary_write","1","32","5","3","144192","100026126","1441543.382376","652","0"
"protocol-v5-20260807-220443","6d7edc7c29a60a94c59effeeb2b78d8b95038135","default-hasher:e33e9641d6e15aea","6d7edc7c29a60a94c59effeeb2b78d8b95038135","default-hasher:f20647ba796d9a0c","rustc 1.97.0 (2d8144b78 2026-07-07)","x86_64-unknown-linux-gnu","Linux 7.0.11-76070011-generic x86_64","Intel(R) Core(TM) Ultra 7 155H","/dev/nvme0n1p3[/tmp] ext4   rw,nosuid,nodev,noatime,errors=remount-ro","/tmp/pigment-db-durability-bench","12-19","comparator","pre_feature_pigment_db","buffered","pre_feature_pigment_db","3","1","key_map","vector","ordinary_write","1","32","5","3","146176","100008581","1461634.577137","648","0"
"protocol-v5-20260807-220443","6d7edc7c29a60a94c59effeeb2b78d8b95038135","default-hasher:e33e9641d6e15aea","6d7edc7c29a60a94c59effeeb2b78d8b95038135","default-hasher:f20647ba796d9a0c","rustc 1.97.0 (2d8144b78 2026-07-07)","x86_64-unknown-linux-gnu","Linux 7.0.11-76070011-generic x86_64","Intel(R) Core(TM) Ultra 7 155H","/dev/nvme0n1p3[/tmp] ext4   rw,nosuid,nodev,noatime,errors=remount-ro","/tmp/pigment-db-durability-bench","12-19","comparator","pre_feature_pigment_db","buffered","pre_feature_pigment_db","4","0","key_map","vector","ordinary_write","1","32","5","4","145792","100016916","1457673.419964","664","0"
"protocol-v5-20260807-220443","6d7edc7c29a60a94c59effeeb2b78d8b95038135","default-hasher:e33e9641d6e15aea","6d7edc7c29a60a94c59effeeb2b78d8b95038135","default-hasher:f20647ba796d9a0c","rustc 1.97.0 (2d8144b78 2026-07-07)","x86_64-unknown-linux-gnu","Linux 7.0.11-76070011-generic x86_64","Intel(R) Core(TM) Ultra 7 155H","/dev/nvme0n1p3[/tmp] ext4   rw,nosuid,nodev,noatime,errors=remount-ro","/tmp/pigment-db-durability-bench","12-19","candidate","candidate_pigment_db","buffered","pre_feature_pigment_db","4","1","key_map","vector","ordinary_write","1","32","5","4","136896","100030008","1368549.325718","768","0"
"protocol-v5-20260807-220443","6d7edc7c29a60a94c59effeeb2b78d8b95038135","default-hasher:e33e9641d6e15aea","6d7edc7c29a60a94c59effeeb2b78d8b95038135","default-hasher:f20647ba796d9a0c","rustc 1.97.0 (2d8144b78 2026-07-07)","x86_64-unknown-linux-gnu","Linux 7.0.11-76070011-generic x86_64","Intel(R) Core(TM) Ultra 7 155H","/dev/nvme0n1p3[/tmp] ext4   rw,nosuid,nodev,noatime,errors=remount-ro","/tmp/pigment-db-durability-bench","12-19","candidate","candidate_pigment_db","buffered","pre_feature_pigment_db","5","0","key_map","vector","ordinary_write","1","32","5","5","121856","100037953","1218097.695382","781","0"
"protocol-v5-20260807-220443","6d7edc7c29a60a94c59effeeb2b78d8b95038135","default-hasher:e33e9641d6e15aea","6d7edc7c29a60a94c59effeeb2b78d8b95038135","default-hasher:f20647ba796d9a0c","rustc 1.97.0 (2d8144b78 2026-07-07)","x86_64-unknown-linux-gnu","Linux 7.0.11-76070011-generic x86_64","Intel(R) Core(TM) Ultra 7 155H","/dev/nvme0n1p3[/tmp] ext4   rw,nosuid,nodev,noatime,errors=remount-ro","/tmp/pigment-db-durability-bench","12-19","comparator","pre_feature_pigment_db","buffered","pre_feature_pigment_db","5","1","key_map","vector","ordinary_write","1","32","5","5","126720","100020609","1266938.896563","739","0"
"protocol-v5-20260807-220443","6d7edc7c29a60a94c59effeeb2b78d8b95038135","default-hasher:e33e9641d6e15aea","6d7edc7c29a60a94c59effeeb2b78d8b95038135","default-hasher:f20647ba796d9a0c","rustc 1.97.0 (2d8144b78 2026-07-07)","x86_64-unknown-linux-gnu","Linux 7.0.11-76070011-generic x86_64","Intel(R) Core(TM) Ultra 7 155H","/dev/nvme0n1p3[/tmp] ext4   rw,nosuid,nodev,noatime,errors=remount-ro","/tmp/pigment-db-durability-bench","12-19","comparator","pre_feature_pigment_db","buffered","pre_feature_pigment_db","6","0","key_map","vector","ordinary_write","1","32","5","6","126272","100032967","1262303.856288","740","0"
"protocol-v5-20260807-220443","6d7edc7c29a60a94c59effeeb2b78d8b95038135","default-hasher:e33e9641d6e15aea","6d7edc7c29a60a94c59effeeb2b78d8b95038135","default-hasher:f20647ba796d9a0c","rustc 1.97.0 (2d8144b78 2026-07-07)","x86_64-unknown-linux-gnu","Linux 7.0.11-76070011-generic x86_64","Intel(R) Core(TM) Ultra 7 155H","/dev/nvme0n1p3[/tmp] ext4   rw,nosuid,nodev,noatime,errors=remount-ro","/tmp/pigment-db-durability-bench","12-19","candidate","candidate_pigment_db","buffered","pre_feature_pigment_db","6","1","key_map","vector","ordinary_write","1","32","5","6","125440","100033809","1253976.043240","766","0"
"protocol-v5-20260807-220443","6d7edc7c29a60a94c59effeeb2b78d8b95038135","default-hasher:e33e9641d6e15aea","6d7edc7c29a60a94c59effeeb2b78d8b95038135","default-hasher:f20647ba796d9a0c","rustc 1.97.0 (2d8144b78 2026-07-07)","x86_64-unknown-linux-gnu","Linux 7.0.11-76070011-generic x86_64","Intel(R) Core(TM) Ultra 7 155H","/dev/nvme0n1p3[/tmp] ext4   rw,nosuid,nodev,noatime,errors=remount-ro","/tmp/pigment-db-durability-bench","12-19","candidate","candidate_pigment_db","buffered","pre_feature_pigment_db","7","0","key_map","vector","ordinary_write","1","32","5","7","125504","100053037","1254374.717281","764","0"
"protocol-v5-20260807-220443","6d7edc7c29a60a94c59effeeb2b78d8b95038135","default-hasher:e33e9641d6e15aea","6d7edc7c29a60a94c59effeeb2b78d8b95038135","default-hasher:f20647ba796d9a0c","rustc 1.97.0 (2d8144b78 2026-07-07)","x86_64-unknown-linux-gnu","Linux 7.0.11-76070011-generic x86_64","Intel(R) Core(TM) Ultra 7 155H","/dev/nvme0n1p3[/tmp] ext4   rw,nosuid,nodev,noatime,errors=remount-ro","/tmp/pigment-db-durability-bench","12-19","comparator","pre_feature_pigment_db","buffered","pre_feature_pigment_db","7","1","key_map","vector","ordinary_write","1","32","5","7","127680","100039037","1276301.770078","743","0"
"protocol-v5-20260807-220443","6d7edc7c29a60a94c59effeeb2b78d8b95038135","default-hasher:e33e9641d6e15aea","6d7edc7c29a60a94c59effeeb2b78d8b95038135","default-hasher:f20647ba796d9a0c","rustc 1.97.0 (2d8144b78 2026-07-07)","x86_64-unknown-linux-gnu","Linux 7.0.11-76070011-generic x86_64","Intel(R) Core(TM) Ultra 7 155H","/dev/nvme0n1p3[/tmp] ext4   rw,nosuid,nodev,noatime,errors=remount-ro","/tmp/pigment-db-durability-bench","12-19","comparator","pre_feature_pigment_db","buffered","pre_feature_pigment_db","8","0","key_map","vector","ordinary_write","1","32","5","8","125760","100004521","1257543.146474","756","0"
"protocol-v5-20260807-220443","6d7edc7c29a60a94c59effeeb2b78d8b95038135","default-hasher:e33e9641d6e15aea","6d7edc7c29a60a94c59effeeb2b78d8b95038135","default-hasher:f20647ba796d9a0c","rustc 1.97.0 (2d8144b78 2026-07-07)","x86_64-unknown-linux-gnu","Linux 7.0.11-76070011-generic x86_64","Intel(R) Core(TM) Ultra 7 155H","/dev/nvme0n1p3[/tmp] ext4   rw,nosuid,nodev,noatime,errors=remount-ro","/tmp/pigment-db-durability-bench","12-19","candidate","candidate_pigment_db","buffered","pre_feature_pigment_db","8","1","key_map","vector","ordinary_write","1","32","5","8","126848","100017518","1268257.826594","746","0"
"protocol-v5-20260807-220443","6d7edc7c29a60a94c59effeeb2b78d8b95038135","default-hasher:e33e9641d6e15aea","6d7edc7c29a60a94c59effeeb2b78d8b95038135","default-hasher:f20647ba796d9a0c","rustc 1.97.0 (2d8144b78 2026-07-07)","x86_64-unknown-linux-gnu","Linux 7.0.11-76070011-generic x86_64","Intel(R) Core(TM) Ultra 7 155H","/dev/nvme0n1p3[/tmp] ext4   rw,nosuid,nodev,noatime,errors=remount-ro","/tmp/pigment-db-durability-bench","12-19","candidate","candidate_pigment_db","buffered","pre_feature_pigment_db","9","0","key_map","vector","ordinary_write","1","32","5","9","126976","100030083","1269378.132976","756","0"
"protocol-v5-20260807-220443","6d7edc7c29a60a94c59effeeb2b78d8b95038135","default-hasher:e33e9641d6e15aea","6d7edc7c29a60a94c59effeeb2b78d8b95038135","default-hasher:f20647ba796d9a0c","rustc 1.97.0 (2d8144b78 2026-07-07)","x86_64-unknown-linux-gnu","Linux 7.0.11-76070011-generic x86_64","Intel(R) Core(TM) Ultra 7 155H","/dev/nvme0n1p3[/tmp] ext4   rw,nosuid,nodev,noatime,errors=remount-ro","/tmp/pigment-db-durability-bench","12-19","comparator","pre_feature_pigment_db","buffered","pre_feature_pigment_db","9","1","key_map","vector","ordinary_write","1","32","5","9","127360","100033504","1273173.435972","736","0"
"protocol-v5-20260807-220443","6d7edc7c29a60a94c59effeeb2b78d8b95038135","default-hasher:e33e9641d6e15aea","6d7edc7c29a60a94c59effeeb2b78d8b95038135","default-hasher:f20647ba796d9a0c","rustc 1.97.0 (2d8144b78 2026-07-07)","x86_64-unknown-linux-gnu","Linux 7.0.11-76070011-generic x86_64","Intel(R) Core(TM) Ultra 7 155H","/dev/nvme0n1p3[/tmp] ext4   rw,nosuid,nodev,noatime,errors=remount-ro","/tmp/pigment-db-durability-bench","12-19","comparator","pre_feature_pigment_db","buffered","pre_feature_pigment_db","10","0","key_map","vector","ordinary_write","1","32","5","10","127168","100047236","1271079.592844","741","0"
"protocol-v5-20260807-220443","6d7edc7c29a60a94c59effeeb2b78d8b95038135","default-hasher:e33e9641d6e15aea","6d7edc7c29a60a94c59effeeb2b78d8b95038135","default-hasher:f20647ba796d9a0c","rustc 1.97.0 (2d8144b78 2026-07-07)","x86_64-unknown-linux-gnu","Linux 7.0.11-76070011-generic x86_64","Intel(R) Core(TM) Ultra 7 155H","/dev/nvme0n1p3[/tmp] ext4   rw,nosuid,nodev,noatime,errors=remount-ro","/tmp/pigment-db-durability-bench","12-19","candidate","candidate_pigment_db","buffered","pre_feature_pigment_db","10","1","key_map","vector","ordinary_write","1","32","5","10","130752","100013259","1307346.658906","726","0"
"protocol-v5-20260807-220443","6d7edc7c29a60a94c59effeeb2b78d8b95038135","default-hasher:e33e9641d6e15aea","6d7edc7c29a60a94c59effeeb2b78d8b95038135","default-hasher:f20647ba796d9a0c","rustc 1.97.0 (2d8144b78 2026-07-07)","x86_64-unknown-linux-gnu","Linux 7.0.11-76070011-generic x86_64","Intel(R) Core(TM) Ultra 7 155H","/dev/nvme0n1p3[/tmp] ext4   rw,nosuid,nodev,noatime,errors=remount-ro","/tmp/pigment-db-durability-bench","12-19","comparator","pre_feature_pigment_db","buffered","pre_feature_pigment_db","0","0","key_map","vector","ordinary_write","8","32","5","0","102400","100367151","1020254.126771","11250","0"
"protocol-v5-20260807-220443","6d7edc7c29a60a94c59effeeb2b78d8b95038135","default-hasher:e33e9641d6e15aea","6d7edc7c29a60a94c59effeeb2b78d8b95038135","default-hasher:f20647ba796d9a0c","rustc 1.97.0 (2d8144b78 2026-07-07)","x86_64-unknown-linux-gnu","Linux 7.0.11-76070011-generic x86_64","Intel(R) Core(TM) Ultra 7 155H","/dev/nvme0n1p3[/tmp] ext4   rw,nosuid,nodev,noatime,errors=remount-ro","/tmp/pigment-db-durability-bench","12-19","candidate","candidate_pigment_db","buffered","pre_feature_pigment_db","0","1","key_map","vector","ordinary_write","8","32","5","0","107008","100223491","1067693.800448","12305","0"
"protocol-v5-20260807-220443","6d7edc7c29a60a94c59effeeb2b78d8b95038135","default-hasher:e33e9641d6e15aea","6d7edc7c29a60a94c59effeeb2b78d8b95038135","default-hasher:f20647ba796d9a0c","rustc 1.97.0 (2d8144b78 2026-07-07)","x86_64-unknown-linux-gnu","Linux 7.0.11-76070011-generic x86_64","Intel(R) Core(TM) Ultra 7 155H","/dev/nvme0n1p3[/tmp] ext4   rw,nosuid,nodev,noatime,errors=remount-ro","/tmp/pigment-db-durability-bench","12-19","candidate","candidate_pigment_db","buffered","pre_feature_pigment_db","1","0","key_map","vector","ordinary_write","8","32","5","1","103936","100101636","1038304.708626","15194","0"
"protocol-v5-20260807-220443","6d7edc7c29a60a94c59effeeb2b78d8b95038135","default-hasher:e33e9641d6e15aea","6d7edc7c29a60a94c59effeeb2b78d8b95038135","default-hasher:f20647ba796d9a0c","rustc 1.97.0 (2d8144b78 2026-07-07)","x86_64-unknown-linux-gnu","Linux 7.0.11-76070011-generic x86_64","Intel(R) Core(TM) Ultra 7 155H","/dev/nvme0n1p3[/tmp] ext4   rw,nosuid,nodev,noatime,errors=remount-ro","/tmp/pigment-db-durability-bench","12-19","comparator","pre_feature_pigment_db","buffered","pre_feature_pigment_db","1","1","key_map","vector","ordinary_write","8","32","5","1","103424","100228729","1031879.791671","15737","0"
"protocol-v5-20260807-220443","6d7edc7c29a60a94c59effeeb2b78d8b95038135","default-hasher:e33e9641d6e15aea","6d7edc7c29a60a94c59effeeb2b78d8b95038135","default-hasher:f20647ba796d9a0c","rustc 1.97.0 (2d8144b78 2026-07-07)","x86_64-unknown-linux-gnu","Linux 7.0.11-76070011-generic x86_64","Intel(R) Core(TM) Ultra 7 155H","/dev/nvme0n1p3[/tmp] ext4   rw,nosuid,nodev,noatime,errors=remount-ro","/tmp/pigment-db-durability-bench","12-19","comparator","pre_feature_pigment_db","buffered","pre_feature_pigment_db","2","0","key_map","vector","ordinary_write","8","32","5","2","87040","100107123","869468.599153","14994","0"
"protocol-v5-20260807-220443","6d7edc7c29a60a94c59effeeb2b78d8b95038135","default-hasher:e33e9641d6e15aea","6d7edc7c29a60a94c59effeeb2b78d8b95038135","default-hasher:f20647ba796d9a0c","rustc 1.97.0 (2d8144b78 2026-07-07)","x86_64-unknown-linux-gnu","Linux 7.0.11-76070011-generic x86_64","Intel(R) Core(TM) Ultra 7 155H","/dev/nvme0n1p3[/tmp] ext4   rw,nosuid,nodev,noatime,errors=remount-ro","/tmp/pigment-db-durability-bench","12-19","candidate","candidate_pigment_db","buffered","pre_feature_pigment_db","2","1","key_map","vector","ordinary_write","8","32","5","2","100864","100344693","1005175.231340","17591","0"
"protocol-v5-20260807-220443","6d7edc7c29a60a94c59effeeb2b78d8b95038135","default-hasher:e33e9641d6e15aea","6d7edc7c29a60a94c59effeeb2b78d8b95038135","default-hasher:f20647ba796d9a0c","rustc 1.97.0 (2d8144b78 2026-07-07)","x86_64-unknown-linux-gnu","Linux 7.0.11-76070011-generic x86_64","Intel(R) Core(TM) Ultra 7 155H","/dev/nvme0n1p3[/tmp] ext4   rw,nosuid,nodev,noatime,errors=remount-ro","/tmp/pigment-db-durability-bench","12-19","candidate","candidate_pigment_db","buffered","pre_feature_pigment_db","3","0","key_map","vector","ordinary_write","8","32","5","3","96768","100260006","965170.498793","15681","0"
"protocol-v5-20260807-220443","6d7edc7c29a60a94c59effeeb2b78d8b95038135","default-hasher:e33e9641d6e15aea","6d7edc7c29a60a94c59effeeb2b78d8b95038135","default-hasher:f20647ba796d9a0c","rustc 1.97.0 (2d8144b78 2026-07-07)","x86_64-unknown-linux-gnu","Linux 7.0.11-76070011-generic x86_64","Intel(R) Core(TM) Ultra 7 155H","/dev/nvme0n1p3[/tmp] ext4   rw,nosuid,nodev,noatime,errors=remount-ro","/tmp/pigment-db-durability-bench","12-19","comparator","pre_feature_pigment_db","buffered","pre_feature_pigment_db","3","1","key_map","vector","ordinary_write","8","32","5","3","97792","100355462","974456.178579","13808","0"
"protocol-v5-20260807-220443","6d7edc7c29a60a94c59effeeb2b78d8b95038135","default-hasher:e33e9641d6e15aea","6d7edc7c29a60a94c59effeeb2b78d8b95038135","default-hasher:f20647ba796d9a0c","rustc 1.97.0 (2d8144b78 2026-07-07)","x86_64-unknown-linux-gnu","Linux 7.0.11-76070011-generic x86_64","Intel(R) Core(TM) Ultra 7 155H","/dev/nvme0n1p3[/tmp] ext4   rw,nosuid,nodev,noatime,errors=remount-ro","/tmp/pigment-db-durability-bench","12-19","comparator","pre_feature_pigment_db","buffered","pre_feature_pigment_db","4","0","key_map","vector","ordinary_write","8","32","5","4","111616","100224004","1113665.345080","15132","0"
"protocol-v5-20260807-220443","6d7edc7c29a60a94c59effeeb2b78d8b95038135","default-hasher:e33e9641d6e15aea","6d7edc7c29a60a94c59effeeb2b78d8b95038135","default-hasher:f20647ba796d9a0c","rustc 1.97.0 (2d8144b78 2026-07-07)","x86_64-unknown-linux-gnu","Linux 7.0.11-76070011-generic x86_64","Intel(R) Core(TM) Ultra 7 155H","/dev/nvme0n1p3[/tmp] ext4   rw,nosuid,nodev,noatime,errors=remount-ro","/tmp/pigment-db-durability-bench","12-19","candidate","candidate_pigment_db","buffered","pre_feature_pigment_db","4","1","key_map","vector","ordinary_write","8","32","5","4","101888","100084211","1018022.712893","14913","0"
"protocol-v5-20260807-220443","6d7edc7c29a60a94c59effeeb2b78d8b95038135","default-hasher:e33e9641d6e15aea","6d7edc7c29a60a94c59effeeb2b78d8b95038135","default-hasher:f20647ba796d9a0c","rustc 1.97.0 (2d8144b78 2026-07-07)","x86_64-unknown-linux-gnu","Linux 7.0.11-76070011-generic x86_64","Intel(R) Core(TM) Ultra 7 155H","/dev/nvme0n1p3[/tmp] ext4   rw,nosuid,nodev,noatime,errors=remount-ro","/tmp/pigment-db-durability-bench","12-19","candidate","candidate_pigment_db","buffered","pre_feature_pigment_db","5","0","key_map","vector","ordinary_write","8","32","5","5","106496","100338473","1061367.557387","16221","0"
"protocol-v5-20260807-220443","6d7edc7c29a60a94c59effeeb2b78d8b95038135","default-hasher:e33e9641d6e15aea","6d7edc7c29a60a94c59effeeb2b78d8b95038135","default-hasher:f20647ba796d9a0c","rustc 1.97.0 (2d8144b78 2026-07-07)","x86_64-unknown-linux-gnu","Linux 7.0.11-76070011-generic x86_64","Intel(R) Core(TM) Ultra 7 155H","/dev/nvme0n1p3[/tmp] ext4   rw,nosuid,nodev,noatime,errors=remount-ro","/tmp/pigment-db-durability-bench","12-19","comparator","pre_feature_pigment_db","buffered","pre_feature_pigment_db","5","1","key_map","vector","ordinary_write","8","32","5","5","96768","100181650","965925.396517","12871","0"
"protocol-v5-20260807-220443","6d7edc7c29a60a94c59effeeb2b78d8b95038135","default-hasher:e33e9641d6e15aea","6d7edc7c29a60a94c59effeeb2b78d8b95038135","default-hasher:f20647ba796d9a0c","rustc 1.97.0 (2d8144b78 2026-07-07)","x86_64-unknown-linux-gnu","Linux 7.0.11-76070011-generic x86_64","Intel(R) Core(TM) Ultra 7 155H","/dev/nvme0n1p3[/tmp] ext4   rw,nosuid,nodev,noatime,errors=remount-ro","/tmp/pigment-db-durability-bench","12-19","comparator","pre_feature_pigment_db","buffered","pre_feature_pigment_db","6","0","key_map","vector","ordinary_write","8","32","5","6","91648","100248748","914205.931031","14838","0"
"protocol-v5-20260807-220443","6d7edc7c29a60a94c59effeeb2b78d8b95038135","default-hasher:e33e9641d6e15aea","6d7edc7c29a60a94c59effeeb2b78d8b95038135","default-hasher:f20647ba796d9a0c","rustc 1.97.0 (2d8144b78 2026-07-07)","x86_64-unknown-linux-gnu","Linux 7.0.11-76070011-generic x86_64","Intel(R) Core(TM) Ultra 7 155H","/dev/nvme0n1p3[/tmp] ext4   rw,nosuid,nodev,noatime,errors=remount-ro","/tmp/pigment-db-durability-bench","12-19","candidate","candidate_pigment_db","buffered","pre_feature_pigment_db","6","1","key_map","vector","ordinary_write","8","32","5","6","105472","100391656","1050605.241535","13016","0"
"protocol-v5-20260807-220443","6d7edc7c29a60a94c59effeeb2b78d8b95038135","default-hasher:e33e9641d6e15aea","6d7edc7c29a60a94c59effeeb2b78d8b95038135","default-hasher:f20647ba796d9a0c","rustc 1.97.0 (2d8144b78 2026-07-07)","x86_64-unknown-linux-gnu","Linux 7.0.11-76070011-generic x86_64","Intel(R) Core(TM) Ultra 7 155H","/dev/nvme0n1p3[/tmp] ext4   rw,nosuid,nodev,noatime,errors=remount-ro","/tmp/pigment-db-durability-bench","12-19","candidate","candidate_pigment_db","buffered","pre_feature_pigment_db","7","0","key_map","vector","ordinary_write","8","32","5","7","97792","100199467","975973.255427","15328","0"
"protocol-v5-20260807-220443","6d7edc7c29a60a94c59effeeb2b78d8b95038135","default-hasher:e33e9641d6e15aea","6d7edc7c29a60a94c59effeeb2b78d8b95038135","default-hasher:f20647ba796d9a0c","rustc 1.97.0 (2d8144b78 2026-07-07)","x86_64-unknown-linux-gnu","Linux 7.0.11-76070011-generic x86_64","Intel(R) Core(TM) Ultra 7 155H","/dev/nvme0n1p3[/tmp] ext4   rw,nosuid,nodev,noatime,errors=remount-ro","/tmp/pigment-db-durability-bench","12-19","comparator","pre_feature_pigment_db","buffered","pre_feature_pigment_db","7","1","key_map","vector","ordinary_write","8","32","5","7","90112","100340771","898059.673071","15498","0"
"protocol-v5-20260807-220443","6d7edc7c29a60a94c59effeeb2b78d8b95038135","default-hasher:e33e9641d6e15aea","6d7edc7c29a60a94c59effeeb2b78d8b95038135","default-hasher:f20647ba796d9a0c","rustc 1.97.0 (2d8144b78 2026-07-07)","x86_64-unknown-linux-gnu","Linux 7.0.11-76070011-generic x86_64","Intel(R) Core(TM) Ultra 7 155H","/dev/nvme0n1p3[/tmp] ext4   rw,nosuid,nodev,noatime,errors=remount-ro","/tmp/pigment-db-durability-bench","12-19","comparator","pre_feature_pigment_db","buffered","pre_feature_pigment_db","8","0","key_map","vector","ordinary_write","8","32","5","8","104448","100311829","1041233.133133","16474","0"
"protocol-v5-20260807-220443","6d7edc7c29a60a94c59effeeb2b78d8b95038135","default-hasher:e33e9641d6e15aea","6d7edc7c29a60a94c59effeeb2b78d8b95038135","default-hasher:f20647ba796d9a0c","rustc 1.97.0 (2d8144b78 2026-07-07)","x86_64-unknown-linux-gnu","Linux 7.0.11-76070011-generic x86_64","Intel(R) Core(TM) Ultra 7 155H","/dev/nvme0n1p3[/tmp] ext4   rw,nosuid,nodev,noatime,errors=remount-ro","/tmp/pigment-db-durability-bench","12-19","candidate","candidate_pigment_db","buffered","pre_feature_pigment_db","8","1","key_map","vector","ordinary_write","8","32","5","8","101376","101244493","1001298.905216","15664","0"
"protocol-v5-20260807-220443","6d7edc7c29a60a94c59effeeb2b78d8b95038135","default-hasher:e33e9641d6e15aea","6d7edc7c29a60a94c59effeeb2b78d8b95038135","default-hasher:f20647ba796d9a0c","rustc 1.97.0 (2d8144b78 2026-07-07)","x86_64-unknown-linux-gnu","Linux 7.0.11-76070011-generic x86_64","Intel(R) Core(TM) Ultra 7 155H","/dev/nvme0n1p3[/tmp] ext4   rw,nosuid,nodev,noatime,errors=remount-ro","/tmp/pigment-db-durability-bench","12-19","candidate","candidate_pigment_db","buffered","pre_feature_pigment_db","9","0","key_map","vector","ordinary_write","8","32","5","9","95744","100153959","955968.200918","17046","0"
"protocol-v5-20260807-220443","6d7edc7c29a60a94c59effeeb2b78d8b95038135","default-hasher:e33e9641d6e15aea","6d7edc7c29a60a94c59effeeb2b78d8b95038135","default-hasher:f20647ba796d9a0c","rustc 1.97.0 (2d8144b78 2026-07-07)","x86_64-unknown-linux-gnu","Linux 7.0.11-76070011-generic x86_64","Intel(R) Core(TM) Ultra 7 155H","/dev/nvme0n1p3[/tmp] ext4   rw,nosuid,nodev,noatime,errors=remount-ro","/tmp/pigment-db-durability-bench","12-19","comparator","pre_feature_pigment_db","buffered","pre_feature_pigment_db","9","1","key_map","vector","ordinary_write","8","32","5","9","101376","100035619","1013399.037397","16533","0"
"protocol-v5-20260807-220443","6d7edc7c29a60a94c59effeeb2b78d8b95038135","default-hasher:e33e9641d6e15aea","6d7edc7c29a60a94c59effeeb2b78d8b95038135","default-hasher:f20647ba796d9a0c","rustc 1.97.0 (2d8144b78 2026-07-07)","x86_64-unknown-linux-gnu","Linux 7.0.11-76070011-generic x86_64","Intel(R) Core(TM) Ultra 7 155H","/dev/nvme0n1p3[/tmp] ext4   rw,nosuid,nodev,noatime,errors=remount-ro","/tmp/pigment-db-durability-bench","12-19","comparator","pre_feature_pigment_db","buffered","pre_feature_pigment_db","10","0","key_map","vector","ordinary_write","8","32","5","10","102912","100320977","1025827.330210","16278","0"
"protocol-v5-20260807-220443","6d7edc7c29a60a94c59effeeb2b78d8b95038135","default-hasher:e33e9641d6e15aea","6d7edc7c29a60a94c59effeeb2b78d8b95038135","default-hasher:f20647ba796d9a0c","rustc 1.97.0 (2d8144b78 2026-07-07)","x86_64-unknown-linux-gnu","Linux 7.0.11-76070011-generic x86_64","Intel(R) Core(TM) Ultra 7 155H","/dev/nvme0n1p3[/tmp] ext4   rw,nosuid,nodev,noatime,errors=remount-ro","/tmp/pigment-db-durability-bench","12-19","candidate","candidate_pigment_db","buffered","pre_feature_pigment_db","10","1","key_map","vector","ordinary_write","8","32","5","10","100864","100212446","1006501.727340","17348","0"
"protocol-v5-20260807-220443","6d7edc7c29a60a94c59effeeb2b78d8b95038135","default-hasher:e33e9641d6e15aea","6d7edc7c29a60a94c59effeeb2b78d8b95038135","default-hasher:f20647ba796d9a0c","rustc 1.97.0 (2d8144b78 2026-07-07)","x86_64-unknown-linux-gnu","Linux 7.0.11-76070011-generic x86_64","Intel(R) Core(TM) Ultra 7 155H","/dev/nvme0n1p3[/tmp] ext4   rw,nosuid,nodev,noatime,errors=remount-ro","/tmp/pigment-db-durability-bench","12-19","comparator","pre_feature_pigment_db","buffered","pre_feature_pigment_db","0","0","key_map","vector","successful_remove","1","32","5","0","94592","100022026","945711.697541","1120","0"
"protocol-v5-20260807-220443","6d7edc7c29a60a94c59effeeb2b78d8b95038135","default-hasher:e33e9641d6e15aea","6d7edc7c29a60a94c59effeeb2b78d8b95038135","default-hasher:f20647ba796d9a0c","rustc 1.97.0 (2d8144b78 2026-07-07)","x86_64-unknown-linux-gnu","Linux 7.0.11-76070011-generic x86_64","Intel(R) Core(TM) Ultra 7 155H","/dev/nvme0n1p3[/tmp] ext4   rw,nosuid,nodev,noatime,errors=remount-ro","/tmp/pigment-db-durability-bench","12-19","candidate","candidate_pigment_db","buffered","pre_feature_pigment_db","0","1","key_map","vector","successful_remove","1","32","5","0","94464","100064768","944028.571575","1131","0"
"protocol-v5-20260807-220443","6d7edc7c29a60a94c59effeeb2b78d8b95038135","default-hasher:e33e9641d6e15aea","6d7edc7c29a60a94c59effeeb2b78d8b95038135","default-hasher:f20647ba796d9a0c","rustc 1.97.0 (2d8144b78 2026-07-07)","x86_64-unknown-linux-gnu","Linux 7.0.11-76070011-generic x86_64","Intel(R) Core(TM) Ultra 7 155H","/dev/nvme0n1p3[/tmp] ext4   rw,nosuid,nodev,noatime,errors=remount-ro","/tmp/pigment-db-durability-bench","12-19","candidate","candidate_pigment_db","buffered","pre_feature_pigment_db","1","0","key_map","vector","successful_remove","1","32","5","1","94464","100025709","944397.204923","1130","0"
"protocol-v5-20260807-220443","6d7edc7c29a60a94c59effeeb2b78d8b95038135","default-hasher:e33e9641d6e15aea","6d7edc7c29a60a94c59effeeb2b78d8b95038135","default-hasher:f20647ba796d9a0c","rustc 1.97.0 (2d8144b78 2026-07-07)","x86_64-unknown-linux-gnu","Linux 7.0.11-76070011-generic x86_64","Intel(R) Core(TM) Ultra 7 155H","/dev/nvme0n1p3[/tmp] ext4   rw,nosuid,nodev,noatime,errors=remount-ro","/tmp/pigment-db-durability-bench","12-19","comparator","pre_feature_pigment_db","buffered","pre_feature_pigment_db","1","1","key_map","vector","successful_remove","1","32","5","1","93760","100064119","936999.205479","1129","0"
"protocol-v5-20260807-220443","6d7edc7c29a60a94c59effeeb2b78d8b95038135","default-hasher:e33e9641d6e15aea","6d7edc7c29a60a94c59effeeb2b78d8b95038135","default-hasher:f20647ba796d9a0c","rustc 1.97.0 (2d8144b78 2026-07-07)","x86_64-unknown-linux-gnu","Linux 7.0.11-76070011-generic x86_64","Intel(R) Core(TM) Ultra 7 155H","/dev/nvme0n1p3[/tmp] ext4   rw,nosuid,nodev,noatime,errors=remount-ro","/tmp/pigment-db-durability-bench","12-19","comparator","pre_feature_pigment_db","buffered","pre_feature_pigment_db","2","0","key_map","vector","successful_remove","1","32","5","2","94592","100011112","945814.901048","1123","0"
"protocol-v5-20260807-220443","6d7edc7c29a60a94c59effeeb2b78d8b95038135","default-hasher:e33e9641d6e15aea","6d7edc7c29a60a94c59effeeb2b78d8b95038135","default-hasher:f20647ba796d9a0c","rustc 1.97.0 (2d8144b78 2026-07-07)","x86_64-unknown-linux-gnu","Linux 7.0.11-76070011-generic x86_64","Intel(R) Core(TM) Ultra 7 155H","/dev/nvme0n1p3[/tmp] ext4   rw,nosuid,nodev,noatime,errors=remount-ro","/tmp/pigment-db-durability-bench","12-19","candidate","candidate_pigment_db","buffered","pre_feature_pigment_db","2","1","key_map","vector","successful_remove","1","32","5","2","94336","100022822","943144.755504","1122","0"
"protocol-v5-20260807-220443","6d7edc7c29a60a94c59effeeb2b78d8b95038135","default-hasher:e33e9641d6e15aea","6d7edc7c29a60a94c59effeeb2b78d8b95038135","default-hasher:f20647ba796d9a0c","rustc 1.97.0 (2d8144b78 2026-07-07)","x86_64-unknown-linux-gnu","Linux 7.0.11-76070011-generic x86_64","Intel(R) Core(TM) Ultra 7 155H","/dev/nvme0n1p3[/tmp] ext4   rw,nosuid,nodev,noatime,errors=remount-ro","/tmp/pigment-db-durability-bench","12-19","candidate","candidate_pigment_db","buffered","pre_feature_pigment_db","3","0","key_map","vector","successful_remove","1","32","5","3","93888","100011132","938775.495512","1128","0"
"protocol-v5-20260807-220443","6d7edc7c29a60a94c59effeeb2b78d8b95038135","default-hasher:e33e9641d6e15aea","6d7edc7c29a60a94c59effeeb2b78d8b95038135","default-hasher:f20647ba796d9a0c","rustc 1.97.0 (2d8144b78 2026-07-07)","x86_64-unknown-linux-gnu","Linux 7.0.11-76070011-generic x86_64","Intel(R) Core(TM) Ultra 7 155H","/dev/nvme0n1p3[/tmp] ext4   rw,nosuid,nodev,noatime,errors=remount-ro","/tmp/pigment-db-durability-bench","12-19","comparator","pre_feature_pigment_db","buffered","pre_feature_pigment_db","3","1","key_map","vector","successful_remove","1","32","5","3","94528","100010614","945179.678629","1125","0"
"protocol-v5-20260807-220443","6d7edc7c29a60a94c59effeeb2b78d8b95038135","default-hasher:e33e9641d6e15aea","6d7edc7c29a60a94c59effeeb2b78d8b95038135","default-hasher:f20647ba796d9a0c","rustc 1.97.0 (2d8144b78 2026-07-07)","x86_64-unknown-linux-gnu","Linux 7.0.11-76070011-generic x86_64","Intel(R) Core(TM) Ultra 7 155H","/dev/nvme0n1p3[/tmp] ext4   rw,nosuid,nodev,noatime,errors=remount-ro","/tmp/pigment-db-durability-bench","12-19","comparator","pre_feature_pigment_db","buffered","pre_feature_pigment_db","4","0","key_map","vector","successful_remove","1","32","5","4","94592","100041101","945531.377149","1126","0"
"protocol-v5-20260807-220443","6d7edc7c29a60a94c59effeeb2b78d8b95038135","default-hasher:e33e9641d6e15aea","6d7edc7c29a60a94c59effeeb2b78d8b95038135","default-hasher:f20647ba796d9a0c","rustc 1.97.0 (2d8144b78 2026-07-07)","x86_64-unknown-linux-gnu","Linux 7.0.11-76070011-generic x86_64","Intel(R) Core(TM) Ultra 7 155H","/dev/nvme0n1p3[/tmp] ext4   rw,nosuid,nodev,noatime,errors=remount-ro","/tmp/pigment-db-durability-bench","12-19","candidate","candidate_pigment_db","buffered","pre_feature_pigment_db","4","1","key_map","vector","successful_remove","1","32","5","4","93120","100016962","931042.076643","1134","0"
"protocol-v5-20260807-220443","6d7edc7c29a60a94c59effeeb2b78d8b95038135","default-hasher:e33e9641d6e15aea","6d7edc7c29a60a94c59effeeb2b78d8b95038135","default-hasher:f20647ba796d9a0c","rustc 1.97.0 (2d8144b78 2026-07-07)","x86_64-unknown-linux-gnu","Linux 7.0.11-76070011-generic x86_64","Intel(R) Core(TM) Ultra 7 155H","/dev/nvme0n1p3[/tmp] ext4   rw,nosuid,nodev,noatime,errors=remount-ro","/tmp/pigment-db-durability-bench","12-19","candidate","candidate_pigment_db","buffered","pre_feature_pigment_db","5","0","key_map","vector","successful_remove","1","32","5","5","94400","100054304","943487.648467","1136","0"
"protocol-v5-20260807-220443","6d7edc7c29a60a94c59effeeb2b78d8b95038135","default-hasher:e33e9641d6e15aea","6d7edc7c29a60a94c59effeeb2b78d8b95038135","default-hasher:f20647ba796d9a0c","rustc 1.97.0 (2d8144b78 2026-07-07)","x86_64-unknown-linux-gnu","Linux 7.0.11-76070011-generic x86_64","Intel(R) Core(TM) Ultra 7 155H","/dev/nvme0n1p3[/tmp] ext4   rw,nosuid,nodev,noatime,errors=remount-ro","/tmp/pigment-db-durability-bench","12-19","comparator","pre_feature_pigment_db","buffered","pre_feature_pigment_db","5","1","key_map","vector","successful_remove","1","32","5","5","95424","100029861","953955.139456","1115","0"
"protocol-v5-20260807-220443","6d7edc7c29a60a94c59effeeb2b78d8b95038135","default-hasher:e33e9641d6e15aea","6d7edc7c29a60a94c59effeeb2b78d8b95038135","default-hasher:f20647ba796d9a0c","rustc 1.97.0 (2d8144b78 2026-07-07)","x86_64-unknown-linux-gnu","Linux 7.0.11-76070011-generic x86_64","Intel(R) Core(TM) Ultra 7 155H","/dev/nvme0n1p3[/tmp] ext4   rw,nosuid,nodev,noatime,errors=remount-ro","/tmp/pigment-db-durability-bench","12-19","comparator","pre_feature_pigment_db","buffered","pre_feature_pigment_db","6","0","key_map","vector","successful_remove","1","32","5","6","95936","100006334","959299.237986","1130","0"
"protocol-v5-20260807-220443","6d7edc7c29a60a94c59effeeb2b78d8b95038135","default-hasher:e33e9641d6e15aea","6d7edc7c29a60a94c59effeeb2b78d8b95038135","default-hasher:f20647ba796d9a0c","rustc 1.97.0 (2d8144b78 2026-07-07)","x86_64-unknown-linux-gnu","Linux 7.0.11-76070011-generic x86_64","Intel(R) Core(TM) Ultra 7 155H","/dev/nvme0n1p3[/tmp] ext4   rw,nosuid,nodev,noatime,errors=remount-ro","/tmp/pigment-db-durability-bench","12-19","candidate","candidate_pigment_db","buffered","pre_feature_pigment_db","6","1","key_map","vector","successful_remove","1","32","5","6","94080","100039057","940432.695202","1126","0"
"protocol-v5-20260807-220443","6d7edc7c29a60a94c59effeeb2b78d8b95038135","default-hasher:e33e9641d6e15aea","6d7edc7c29a60a94c59effeeb2b78d8b95038135","default-hasher:f20647ba796d9a0c","rustc 1.97.0 (2d8144b78 2026-07-07)","x86_64-unknown-linux-gnu","Linux 7.0.11-76070011-generic x86_64","Intel(R) Core(TM) Ultra 7 155H","/dev/nvme0n1p3[/tmp] ext4   rw,nosuid,nodev,noatime,errors=remount-ro","/tmp/pigment-db-durability-bench","12-19","candidate","candidate_pigment_db","buffered","pre_feature_pigment_db","7","0","key_map","vector","successful_remove","1","32","5","7","94016","100012757","940040.079087","1126","0"
"protocol-v5-20260807-220443","6d7edc7c29a60a94c59effeeb2b78d8b95038135","default-hasher:e33e9641d6e15aea","6d7edc7c29a60a94c59effeeb2b78d8b95038135","default-hasher:f20647ba796d9a0c","rustc 1.97.0 (2d8144b78 2026-07-07)","x86_64-unknown-linux-gnu","Linux 7.0.11-76070011-generic x86_64","Intel(R) Core(TM) Ultra 7 155H","/dev/nvme0n1p3[/tmp] ext4   rw,nosuid,nodev,noatime,errors=remount-ro","/tmp/pigment-db-durability-bench","12-19","comparator","pre_feature_pigment_db","buffered","pre_feature_pigment_db","7","1","key_map","vector","successful_remove","1","32","5","7","94208","100002983","942051.898592","1128","0"
"protocol-v5-20260807-220443","6d7edc7c29a60a94c59effeeb2b78d8b95038135","default-hasher:e33e9641d6e15aea","6d7edc7c29a60a94c59effeeb2b78d8b95038135","default-hasher:f20647ba796d9a0c","rustc 1.97.0 (2d8144b78 2026-07-07)","x86_64-unknown-linux-gnu","Linux 7.0.11-76070011-generic x86_64","Intel(R) Core(TM) Ultra 7 155H","/dev/nvme0n1p3[/tmp] ext4   rw,nosuid,nodev,noatime,errors=remount-ro","/tmp/pigment-db-durability-bench","12-19","comparator","pre_feature_pigment_db","buffered","pre_feature_pigment_db","8","0","key_map","vector","successful_remove","1","32","5","8","94400","100049613","943531.885526","1126","0"
"protocol-v5-20260807-220443","6d7edc7c29a60a94c59effeeb2b78d8b95038135","default-hasher:e33e9641d6e15aea","6d7edc7c29a60a94c59effeeb2b78d8b95038135","default-hasher:f20647ba796d9a0c","rustc 1.97.0 (2d8144b78 2026-07-07)","x86_64-unknown-linux-gnu","Linux 7.0.11-76070011-generic x86_64","Intel(R) Core(TM) Ultra 7 155H","/dev/nvme0n1p3[/tmp] ext4   rw,nosuid,nodev,noatime,errors=remount-ro","/tmp/pigment-db-durability-bench","12-19","candidate","candidate_pigment_db","buffered","pre_feature_pigment_db","8","1","key_map","vector","successful_remove","1","32","5","8","94016","100041757","939767.581251","1130","0"
"protocol-v5-20260807-220443","6d7edc7c29a60a94c59effeeb2b78d8b95038135","default-hasher:e33e9641d6e15aea","6d7edc7c29a60a94c59effeeb2b78d8b95038135","default-hasher:f20647ba796d9a0c","rustc 1.97.0 (2d8144b78 2026-07-07)","x86_64-unknown-linux-gnu","Linux 7.0.11-76070011-generic x86_64","Intel(R) Core(TM) Ultra 7 155H","/dev/nvme0n1p3[/tmp] ext4   rw,nosuid,nodev,noatime,errors=remount-ro","/tmp/pigment-db-durability-bench","12-19","candidate","candidate_pigment_db","buffered","pre_feature_pigment_db","9","0","key_map","vector","successful_remove","1","32","5","9","93632","100056823","935788.257039","1128","0"
"protocol-v5-20260807-220443","6d7edc7c29a60a94c59effeeb2b78d8b95038135","default-hasher:e33e9641d6e15aea","6d7edc7c29a60a94c59effeeb2b78d8b95038135","default-hasher:f20647ba796d9a0c","rustc 1.97.0 (2d8144b78 2026-07-07)","x86_64-unknown-linux-gnu","Linux 7.0.11-76070011-generic x86_64","Intel(R) Core(TM) Ultra 7 155H","/dev/nvme0n1p3[/tmp] ext4   rw,nosuid,nodev,noatime,errors=remount-ro","/tmp/pigment-db-durability-bench","12-19","comparator","pre_feature_pigment_db","buffered","pre_feature_pigment_db","9","1","key_map","vector","successful_remove","1","32","5","9","94720","100071561","946522.658920","1138","0"
"protocol-v5-20260807-220443","6d7edc7c29a60a94c59effeeb2b78d8b95038135","default-hasher:e33e9641d6e15aea","6d7edc7c29a60a94c59effeeb2b78d8b95038135","default-hasher:f20647ba796d9a0c","rustc 1.97.0 (2d8144b78 2026-07-07)","x86_64-unknown-linux-gnu","Linux 7.0.11-76070011-generic x86_64","Intel(R) Core(TM) Ultra 7 155H","/dev/nvme0n1p3[/tmp] ext4   rw,nosuid,nodev,noatime,errors=remount-ro","/tmp/pigment-db-durability-bench","12-19","comparator","pre_feature_pigment_db","buffered","pre_feature_pigment_db","10","0","key_map","vector","successful_remove","1","32","5","10","95424","100041319","953845.880421","1116","0"
"protocol-v5-20260807-220443","6d7edc7c29a60a94c59effeeb2b78d8b95038135","default-hasher:e33e9641d6e15aea","6d7edc7c29a60a94c59effeeb2b78d8b95038135","default-hasher:f20647ba796d9a0c","rustc 1.97.0 (2d8144b78 2026-07-07)","x86_64-unknown-linux-gnu","Linux 7.0.11-76070011-generic x86_64","Intel(R) Core(TM) Ultra 7 155H","/dev/nvme0n1p3[/tmp] ext4   rw,nosuid,nodev,noatime,errors=remount-ro","/tmp/pigment-db-durability-bench","12-19","candidate","candidate_pigment_db","buffered","pre_feature_pigment_db","10","1","key_map","vector","successful_remove","1","32","5","10","94464","100048657","944180.590050","1129","0"
"protocol-v5-20260807-220443","6d7edc7c29a60a94c59effeeb2b78d8b95038135","default-hasher:e33e9641d6e15aea","6d7edc7c29a60a94c59effeeb2b78d8b95038135","default-hasher:f20647ba796d9a0c","rustc 1.97.0 (2d8144b78 2026-07-07)","x86_64-unknown-linux-gnu","Linux 7.0.11-76070011-generic x86_64","Intel(R) Core(TM) Ultra 7 155H","/dev/nvme0n1p3[/tmp] ext4   rw,nosuid,nodev,noatime,errors=remount-ro","/tmp/pigment-db-durability-bench","12-19","comparator","pre_feature_pigment_db","buffered","pre_feature_pigment_db","0","0","key_map","vector","successful_remove","8","32","5","0","64512","100511472","641837.182526","27123","0"
"protocol-v5-20260807-220443","6d7edc7c29a60a94c59effeeb2b78d8b95038135","default-hasher:e33e9641d6e15aea","6d7edc7c29a60a94c59effeeb2b78d8b95038135","default-hasher:f20647ba796d9a0c","rustc 1.97.0 (2d8144b78 2026-07-07)","x86_64-unknown-linux-gnu","Linux 7.0.11-76070011-generic x86_64","Intel(R) Core(TM) Ultra 7 155H","/dev/nvme0n1p3[/tmp] ext4   rw,nosuid,nodev,noatime,errors=remount-ro","/tmp/pigment-db-durability-bench","12-19","candidate","candidate_pigment_db","buffered","pre_feature_pigment_db","0","1","key_map","vector","successful_remove","8","32","5","0","69120","100559887","687351.607704","28004","0"
"protocol-v5-20260807-220443","6d7edc7c29a60a94c59effeeb2b78d8b95038135","default-hasher:e33e9641d6e15aea","6d7edc7c29a60a94c59effeeb2b78d8b95038135","default-hasher:f20647ba796d9a0c","rustc 1.97.0 (2d8144b78 2026-07-07)","x86_64-unknown-linux-gnu","Linux 7.0.11-76070011-generic x86_64","Intel(R) Core(TM) Ultra 7 155H","/dev/nvme0n1p3[/tmp] ext4   rw,nosuid,nodev,noatime,errors=remount-ro","/tmp/pigment-db-durability-bench","12-19","candidate","candidate_pigment_db","buffered","pre_feature_pigment_db","1","0","key_map","vector","successful_remove","8","32","5","1","71680","100185868","715470.169905","27798","0"
"protocol-v5-20260807-220443","6d7edc7c29a60a94c59effeeb2b78d8b95038135","default-hasher:e33e9641d6e15aea","6d7edc7c29a60a94c59effeeb2b78d8b95038135","default-hasher:f20647ba796d9a0c","rustc 1.97.0 (2d8144b78 2026-07-07)","x86_64-unknown-linux-gnu","Linux 7.0.11-76070011-generic x86_64","Intel(R) Core(TM) Ultra 7 155H","/dev/nvme0n1p3[/tmp] ext4   rw,nosuid,nodev,noatime,errors=remount-ro","/tmp/pigment-db-durability-bench","12-19","comparator","pre_feature_pigment_db","buffered","pre_feature_pigment_db","1","1","key_map","vector","successful_remove","8","32","5","1","70656","100076449","706020.254576","25822","0"
"protocol-v5-20260807-220443","6d7edc7c29a60a94c59effeeb2b78d8b95038135","default-hasher:e33e9641d6e15aea","6d7edc7c29a60a94c59effeeb2b78d8b95038135","default-hasher:f20647ba796d9a0c","rustc 1.97.0 (2d8144b78 2026-07-07)","x86_64-unknown-linux-gnu","Linux 7.0.11-76070011-generic x86_64","Intel(R) Core(TM) Ultra 7 155H","/dev/nvme0n1p3[/tmp] ext4   rw,nosuid,nodev,noatime,errors=remount-ro","/tmp/pigment-db-durability-bench","12-19","comparator","pre_feature_pigment_db","buffered","pre_feature_pigment_db","2","0","key_map","vector","successful_remove","8","32","5","2","70144","100112302","700653.152497","27844","0"
"protocol-v5-20260807-220443","6d7edc7c29a60a94c59effeeb2b78d8b95038135","default-hasher:e33e9641d6e15aea","6d7edc7c29a60a94c59effeeb2b78d8b95038135","default-hasher:f20647ba796d9a0c","rustc 1.97.0 (2d8144b78 2026-07-07)","x86_64-unknown-linux-gnu","Linux 7.0.11-76070011-generic x86_64","Intel(R) Core(TM) Ultra 7 155H","/dev/nvme0n1p3[/tmp] ext4   rw,nosuid,nodev,noatime,errors=remount-ro","/tmp/pigment-db-durability-bench","12-19","candidate","candidate_pigment_db","buffered","pre_feature_pigment_db","2","1","key_map","vector","successful_remove","8","32","5","2","70656","100651362","701987.520050","27486","0"
"protocol-v5-20260807-220443","6d7edc7c29a60a94c59effeeb2b78d8b95038135","default-hasher:e33e9641d6e15aea","6d7edc7c29a60a94c59effeeb2b78d8b95038135","default-hasher:f20647ba796d9a0c","rustc 1.97.0 (2d8144b78 2026-07-07)","x86_64-unknown-linux-gnu","Linux 7.0.11-76070011-generic x86_64","Intel(R) Core(TM) Ultra 7 155H","/dev/nvme0n1p3[/tmp] ext4   rw,nosuid,nodev,noatime,errors=remount-ro","/tmp/pigment-db-durability-bench","12-19","candidate","candidate_pigment_db","buffered","pre_feature_pigment_db","3","0","key_map","vector","successful_remove","8","32","5","3","70144","100031545","701218.800529","28543","0"
"protocol-v5-20260807-220443","6d7edc7c29a60a94c59effeeb2b78d8b95038135","default-hasher:e33e9641d6e15aea","6d7edc7c29a60a94c59effeeb2b78d8b95038135","default-hasher:f20647ba796d9a0c","rustc 1.97.0 (2d8144b78 2026-07-07)","x86_64-unknown-linux-gnu","Linux 7.0.11-76070011-generic x86_64","Intel(R) Core(TM) Ultra 7 155H","/dev/nvme0n1p3[/tmp] ext4   rw,nosuid,nodev,noatime,errors=remount-ro","/tmp/pigment-db-durability-bench","12-19","comparator","pre_feature_pigment_db","buffered","pre_feature_pigment_db","3","1","key_map","vector","successful_remove","8","32","5","3","68608","100416685","683233.070281","27462","0"
"protocol-v5-20260807-220443","6d7edc7c29a60a94c59effeeb2b78d8b95038135","default-hasher:e33e9641d6e15aea","6d7edc7c29a60a94c59effeeb2b78d8b95038135","default-hasher:f20647ba796d9a0c","rustc 1.97.0 (2d8144b78 2026-07-07)","x86_64-unknown-linux-gnu","Linux 7.0.11-76070011-generic x86_64","Intel(R) Core(TM) Ultra 7 155H","/dev/nvme0n1p3[/tmp] ext4   rw,nosuid,nodev,noatime,errors=remount-ro","/tmp/pigment-db-durability-bench","12-19","comparator","pre_feature_pigment_db","buffered","pre_feature_pigment_db","4","0","key_map","vector","successful_remove","8","32","5","4","70144","100407228","698595.125044","27620","0"
"protocol-v5-20260807-220443","6d7edc7c29a60a94c59effeeb2b78d8b95038135","default-hasher:e33e9641d6e15aea","6d7edc7c29a60a94c59effeeb2b78d8b95038135","default-hasher:f20647ba796d9a0c","rustc 1.97.0 (2d8144b78 2026-07-07)","x86_64-unknown-linux-gnu","Linux 7.0.11-76070011-generic x86_64","Intel(R) Core(TM) Ultra 7 155H","/dev/nvme0n1p3[/tmp] ext4   rw,nosuid,nodev,noatime,errors=remount-ro","/tmp/pigment-db-durability-bench","12-19","candidate","candidate_pigment_db","buffered","pre_feature_pigment_db","4","1","key_map","vector","successful_remove","8","32","5","4","70144","100477971","698103.268825","27964","0"
"protocol-v5-20260807-220443","6d7edc7c29a60a94c59effeeb2b78d8b95038135","default-hasher:e33e9641d6e15aea","6d7edc7c29a60a94c59effeeb2b78d8b95038135","default-hasher:f20647ba796d9a0c","rustc 1.97.0 (2d8144b78 2026-07-07)","x86_64-unknown-linux-gnu","Linux 7.0.11-76070011-generic x86_64","Intel(R) Core(TM) Ultra 7 155H","/dev/nvme0n1p3[/tmp] ext4   rw,nosuid,nodev,noatime,errors=remount-ro","/tmp/pigment-db-durability-bench","12-19","candidate","candidate_pigment_db","buffered","pre_feature_pigment_db","5","0","key_map","vector","successful_remove","8","32","5","5","62976","100108937","629074.704889","26093","0"
"protocol-v5-20260807-220443","6d7edc7c29a60a94c59effeeb2b78d8b95038135","default-hasher:e33e9641d6e15aea","6d7edc7c29a60a94c59effeeb2b78d8b95038135","default-hasher:f20647ba796d9a0c","rustc 1.97.0 (2d8144b78 2026-07-07)","x86_64-unknown-linux-gnu","Linux 7.0.11-76070011-generic x86_64","Intel(R) Core(TM) Ultra 7 155H","/dev/nvme0n1p3[/tmp] ext4   rw,nosuid,nodev,noatime,errors=remount-ro","/tmp/pigment-db-durability-bench","12-19","comparator","pre_feature_pigment_db","buffered","pre_feature_pigment_db","5","1","key_map","vector","successful_remove","8","32","5","5","71168","100264543","709802.267787","27805","0"
"protocol-v5-20260807-220443","6d7edc7c29a60a94c59effeeb2b78d8b95038135","default-hasher:e33e9641d6e15aea","6d7edc7c29a60a94c59effeeb2b78d8b95038135","default-hasher:f20647ba796d9a0c","rustc 1.97.0 (2d8144b78 2026-07-07)","x86_64-unknown-linux-gnu","Linux 7.0.11-76070011-generic x86_64","Intel(R) Core(TM) Ultra 7 155H","/dev/nvme0n1p3[/tmp] ext4   rw,nosuid,nodev,noatime,errors=remount-ro","/tmp/pigment-db-durability-bench","12-19","comparator","pre_feature_pigment_db","buffered","pre_feature_pigment_db","6","0","key_map","vector","successful_remove","8","32","5","6","68096","100168212","679816.467124","27123","0"
"protocol-v5-20260807-220443","6d7edc7c29a60a94c59effeeb2b78d8b95038135","default-hasher:e33e9641d6e15aea","6d7edc7c29a60a94c59effeeb2b78d8b95038135","default-hasher:f20647ba796d9a0c","rustc 1.97.0 (2d8144b78 2026-07-07)","x86_64-unknown-linux-gnu","Linux 7.0.11-76070011-generic x86_64","Intel(R) Core(TM) Ultra 7 155H","/dev/nvme0n1p3[/tmp] ext4   rw,nosuid,nodev,noatime,errors=remount-ro","/tmp/pigment-db-durability-bench","12-19","candidate","candidate_pigment_db","buffered","pre_feature_pigment_db","6","1","key_map","vector","successful_remove","8","32","5","6","70144","100078626","700888.919078","27467","0"
"protocol-v5-20260807-220443","6d7edc7c29a60a94c59effeeb2b78d8b95038135","default-hasher:e33e9641d6e15aea","6d7edc7c29a60a94c59effeeb2b78d8b95038135","default-hasher:f20647ba796d9a0c","rustc 1.97.0 (2d8144b78 2026-07-07)","x86_64-unknown-linux-gnu","Linux 7.0.11-76070011-generic x86_64","Intel(R) Core(TM) Ultra 7 155H","/dev/nvme0n1p3[/tmp] ext4   rw,nosuid,nodev,noatime,errors=remount-ro","/tmp/pigment-db-durability-bench","12-19","candidate","candidate_pigment_db","buffered","pre_feature_pigment_db","7","0","key_map","vector","successful_remove","8","32","5","7","70144","100513964","697853.285341","28073","0"
"protocol-v5-20260807-220443","6d7edc7c29a60a94c59effeeb2b78d8b95038135","default-hasher:e33e9641d6e15aea","6d7edc7c29a60a94c59effeeb2b78d8b95038135","default-hasher:f20647ba796d9a0c","rustc 1.97.0 (2d8144b78 2026-07-07)","x86_64-unknown-linux-gnu","Linux 7.0.11-76070011-generic x86_64","Intel(R) Core(TM) Ultra 7 155H","/dev/nvme0n1p3[/tmp] ext4   rw,nosuid,nodev,noatime,errors=remount-ro","/tmp/pigment-db-durability-bench","12-19","comparator","pre_feature_pigment_db","buffered","pre_feature_pigment_db","7","1","key_map","vector","successful_remove","8","32","5","7","71680","100153274","715703.013363","27339","0"
"protocol-v5-20260807-220443","6d7edc7c29a60a94c59effeeb2b78d8b95038135","default-hasher:e33e9641d6e15aea","6d7edc7c29a60a94c59effeeb2b78d8b95038135","default-hasher:f20647ba796d9a0c","rustc 1.97.0 (2d8144b78 2026-07-07)","x86_64-unknown-linux-gnu","Linux 7.0.11-76070011-generic x86_64","Intel(R) Core(TM) Ultra 7 155H","/dev/nvme0n1p3[/tmp] ext4   rw,nosuid,nodev,noatime,errors=remount-ro","/tmp/pigment-db-durability-bench","12-19","comparator","pre_feature_pigment_db","buffered","pre_feature_pigment_db","8","0","key_map","vector","successful_remove","8","32","5","8","70144","100324761","699169.370560","28156","0"
"protocol-v5-20260807-220443","6d7edc7c29a60a94c59effeeb2b78d8b95038135","default-hasher:e33e9641d6e15aea","6d7edc7c29a60a94c59effeeb2b78d8b95038135","default-hasher:f20647ba796d9a0c","rustc 1.97.0 (2d8144b78 2026-07-07)","x86_64-unknown-linux-gnu","Linux 7.0.11-76070011-generic x86_64","Intel(R) Core(TM) Ultra 7 155H","/dev/nvme0n1p3[/tmp] ext4   rw,nosuid,nodev,noatime,errors=remount-ro","/tmp/pigment-db-durability-bench","12-19","candidate","candidate_pigment_db","buffered","pre_feature_pigment_db","8","1","key_map","vector","successful_remove","8","32","5","8","69632","100568697","692382.441825","28032","0"
"protocol-v5-20260807-220443","6d7edc7c29a60a94c59effeeb2b78d8b95038135","default-hasher:e33e9641d6e15aea","6d7edc7c29a60a94c59effeeb2b78d8b95038135","default-hasher:f20647ba796d9a0c","rustc 1.97.0 (2d8144b78 2026-07-07)","x86_64-unknown-linux-gnu","Linux 7.0.11-76070011-generic x86_64","Intel(R) Core(TM) Ultra 7 155H","/dev/nvme0n1p3[/tmp] ext4   rw,nosuid,nodev,noatime,errors=remount-ro","/tmp/pigment-db-durability-bench","12-19","candidate","candidate_pigment_db","buffered","pre_feature_pigment_db","9","0","key_map","vector","successful_remove","8","32","5","9","69632","100007875","696265.169118","28184","0"
"protocol-v5-20260807-220443","6d7edc7c29a60a94c59effeeb2b78d8b95038135","default-hasher:e33e9641d6e15aea","6d7edc7c29a60a94c59effeeb2b78d8b95038135","default-hasher:f20647ba796d9a0c","rustc 1.97.0 (2d8144b78 2026-07-07)","x86_64-unknown-linux-gnu","Linux 7.0.11-76070011-generic x86_64","Intel(R) Core(TM) Ultra 7 155H","/dev/nvme0n1p3[/tmp] ext4   rw,nosuid,nodev,noatime,errors=remount-ro","/tmp/pigment-db-durability-bench","12-19","comparator","pre_feature_pigment_db","buffered","pre_feature_pigment_db","9","1","key_map","vector","successful_remove","8","32","5","9","70144","100393626","698689.775385","27737","0"
"protocol-v5-20260807-220443","6d7edc7c29a60a94c59effeeb2b78d8b95038135","default-hasher:e33e9641d6e15aea","6d7edc7c29a60a94c59effeeb2b78d8b95038135","default-hasher:f20647ba796d9a0c","rustc 1.97.0 (2d8144b78 2026-07-07)","x86_64-unknown-linux-gnu","Linux 7.0.11-76070011-generic x86_64","Intel(R) Core(TM) Ultra 7 155H","/dev/nvme0n1p3[/tmp] ext4   rw,nosuid,nodev,noatime,errors=remount-ro","/tmp/pigment-db-durability-bench","12-19","comparator","pre_feature_pigment_db","buffered","pre_feature_pigment_db","10","0","key_map","vector","successful_remove","8","32","5","10","69632","100734625","691241.963724","27782","0"
"protocol-v5-20260807-220443","6d7edc7c29a60a94c59effeeb2b78d8b95038135","default-hasher:e33e9641d6e15aea","6d7edc7c29a60a94c59effeeb2b78d8b95038135","default-hasher:f20647ba796d9a0c","rustc 1.97.0 (2d8144b78 2026-07-07)","x86_64-unknown-linux-gnu","Linux 7.0.11-76070011-generic x86_64","Intel(R) Core(TM) Ultra 7 155H","/dev/nvme0n1p3[/tmp] ext4   rw,nosuid,nodev,noatime,errors=remount-ro","/tmp/pigment-db-durability-bench","12-19","candidate","candidate_pigment_db","buffered","pre_feature_pigment_db","10","1","key_map","vector","successful_remove","8","32","5","10","69632","100161621","695196.416600","28767","0"
"protocol-v5-20260807-220443","6d7edc7c29a60a94c59effeeb2b78d8b95038135","default-hasher:e33e9641d6e15aea","6d7edc7c29a60a94c59effeeb2b78d8b95038135","default-hasher:f20647ba796d9a0c","rustc 1.97.0 (2d8144b78 2026-07-07)","x86_64-unknown-linux-gnu","Linux 7.0.11-76070011-generic x86_64","Intel(R) Core(TM) Ultra 7 155H","/dev/nvme0n1p3[/tmp] ext4   rw,nosuid,nodev,noatime,errors=remount-ro","/tmp/pigment-db-durability-bench","12-19","comparator","pre_feature_pigment_db","buffered","pre_feature_pigment_db","0","0","key_map","vector","minimal_callback","1","32","5","0","52160","100056872","521303.524260","1937","0"
"protocol-v5-20260807-220443","6d7edc7c29a60a94c59effeeb2b78d8b95038135","default-hasher:e33e9641d6e15aea","6d7edc7c29a60a94c59effeeb2b78d8b95038135","default-hasher:f20647ba796d9a0c","rustc 1.97.0 (2d8144b78 2026-07-07)","x86_64-unknown-linux-gnu","Linux 7.0.11-76070011-generic x86_64","Intel(R) Core(TM) Ultra 7 155H","/dev/nvme0n1p3[/tmp] ext4   rw,nosuid,nodev,noatime,errors=remount-ro","/tmp/pigment-db-durability-bench","12-19","candidate","candidate_pigment_db","buffered","pre_feature_pigment_db","0","1","key_map","vector","minimal_callback","1","32","5","0","51840","100041711","518183.860330","1905","0"
"protocol-v5-20260807-220443","6d7edc7c29a60a94c59effeeb2b78d8b95038135","default-hasher:e33e9641d6e15aea","6d7edc7c29a60a94c59effeeb2b78d8b95038135","default-hasher:f20647ba796d9a0c","rustc 1.97.0 (2d8144b78 2026-07-07)","x86_64-unknown-linux-gnu","Linux 7.0.11-76070011-generic x86_64","Intel(R) Core(TM) Ultra 7 155H","/dev/nvme0n1p3[/tmp] ext4   rw,nosuid,nodev,noatime,errors=remount-ro","/tmp/pigment-db-durability-bench","12-19","candidate","candidate_pigment_db","buffered","pre_feature_pigment_db","1","0","key_map","vector","minimal_callback","1","32","5","1","51584","100021731","515727.927164","1934","0"
"protocol-v5-20260807-220443","6d7edc7c29a60a94c59effeeb2b78d8b95038135","default-hasher:e33e9641d6e15aea","6d7edc7c29a60a94c59effeeb2b78d8b95038135","default-hasher:f20647ba796d9a0c","rustc 1.97.0 (2d8144b78 2026-07-07)","x86_64-unknown-linux-gnu","Linux 7.0.11-76070011-generic x86_64","Intel(R) Core(TM) Ultra 7 155H","/dev/nvme0n1p3[/tmp] ext4   rw,nosuid,nodev,noatime,errors=remount-ro","/tmp/pigment-db-durability-bench","12-19","comparator","pre_feature_pigment_db","buffered","pre_feature_pigment_db","1","1","key_map","vector","minimal_callback","1","32","5","1","53120","100029780","531041.855735","1872","0"
"protocol-v5-20260807-220443","6d7edc7c29a60a94c59effeeb2b78d8b95038135","default-hasher:e33e9641d6e15aea","6d7edc7c29a60a94c59effeeb2b78d8b95038135","default-hasher:f20647ba796d9a0c","rustc 1.97.0 (2d8144b78 2026-07-07)","x86_64-unknown-linux-gnu","Linux 7.0.11-76070011-generic x86_64","Intel(R) Core(TM) Ultra 7 155H","/dev/nvme0n1p3[/tmp] ext4   rw,nosuid,nodev,noatime,errors=remount-ro","/tmp/pigment-db-durability-bench","12-19","comparator","pre_feature_pigment_db","buffered","pre_feature_pigment_db","2","0","key_map","vector","minimal_callback","1","32","5","2","52736","100079346","526941.892686","1882","0"
"protocol-v5-20260807-220443","6d7edc7c29a60a94c59effeeb2b78d8b95038135","default-hasher:e33e9641d6e15aea","6d7edc7c29a60a94c59effeeb2b78d8b95038135","default-hasher:f20647ba796d9a0c","rustc 1.97.0 (2d8144b78 2026-07-07)","x86_64-unknown-linux-gnu","Linux 7.0.11-76070011-generic x86_64","Intel(R) Core(TM) Ultra 7 155H","/dev/nvme0n1p3[/tmp] ext4   rw,nosuid,nodev,noatime,errors=remount-ro","/tmp/pigment-db-durability-bench","12-19","candidate","candidate_pigment_db","buffered","pre_feature_pigment_db","2","1","key_map","vector","minimal_callback","1","32","5","2","52352","100058706","523212.842669","1901","0"
"protocol-v5-20260807-220443","6d7edc7c29a60a94c59effeeb2b78d8b95038135","default-hasher:e33e9641d6e15aea","6d7edc7c29a60a94c59effeeb2b78d8b95038135","default-hasher:f20647ba796d9a0c","rustc 1.97.0 (2d8144b78 2026-07-07)","x86_64-unknown-linux-gnu","Linux 7.0.11-76070011-generic x86_64","Intel(R) Core(TM) Ultra 7 155H","/dev/nvme0n1p3[/tmp] ext4   rw,nosuid,nodev,noatime,errors=remount-ro","/tmp/pigment-db-durability-bench","12-19","candidate","candidate_pigment_db","buffered","pre_feature_pigment_db","3","0","key_map","vector","minimal_callback","1","32","5","3","51712","100085151","516680.041778","1922","0"
"protocol-v5-20260807-220443","6d7edc7c29a60a94c59effeeb2b78d8b95038135","default-hasher:e33e9641d6e15aea","6d7edc7c29a60a94c59effeeb2b78d8b95038135","default-hasher:f20647ba796d9a0c","rustc 1.97.0 (2d8144b78 2026-07-07)","x86_64-unknown-linux-gnu","Linux 7.0.11-76070011-generic x86_64","Intel(R) Core(TM) Ultra 7 155H","/dev/nvme0n1p3[/tmp] ext4   rw,nosuid,nodev,noatime,errors=remount-ro","/tmp/pigment-db-durability-bench","12-19","comparator","pre_feature_pigment_db","buffered","pre_feature_pigment_db","3","1","key_map","vector","minimal_callback","1","32","5","3","53056","100051056","530289.255518","1879","0"
"protocol-v5-20260807-220443","6d7edc7c29a60a94c59effeeb2b78d8b95038135","default-hasher:e33e9641d6e15aea","6d7edc7c29a60a94c59effeeb2b78d8b95038135","default-hasher:f20647ba796d9a0c","rustc 1.97.0 (2d8144b78 2026-07-07)","x86_64-unknown-linux-gnu","Linux 7.0.11-76070011-generic x86_64","Intel(R) Core(TM) Ultra 7 155H","/dev/nvme0n1p3[/tmp] ext4   rw,nosuid,nodev,noatime,errors=remount-ro","/tmp/pigment-db-durability-bench","12-19","comparator","pre_feature_pigment_db","buffered","pre_feature_pigment_db","4","0","key_map","vector","minimal_callback","1","32","5","4","52672","100065413","526375.681875","1897","0"
"protocol-v5-20260807-220443","6d7edc7c29a60a94c59effeeb2b78d8b95038135","default-hasher:e33e9641d6e15aea","6d7edc7c29a60a94c59effeeb2b78d8b95038135","default-hasher:f20647ba796d9a0c","rustc 1.97.0 (2d8144b78 2026-07-07)","x86_64-unknown-linux-gnu","Linux 7.0.11-76070011-generic x86_64","Intel(R) Core(TM) Ultra 7 155H","/dev/nvme0n1p3[/tmp] ext4   rw,nosuid,nodev,noatime,errors=remount-ro","/tmp/pigment-db-durability-bench","12-19","candidate","candidate_pigment_db","buffered","pre_feature_pigment_db","4","1","key_map","vector","minimal_callback","1","32","5","4","51712","100110595","516548.722940","1942","0"
"protocol-v5-20260807-220443","6d7edc7c29a60a94c59effeeb2b78d8b95038135","default-hasher:e33e9641d6e15aea","6d7edc7c29a60a94c59effeeb2b78d8b95038135","default-hasher:f20647ba796d9a0c","rustc 1.97.0 (2d8144b78 2026-07-07)","x86_64-unknown-linux-gnu","Linux 7.0.11-76070011-generic x86_64","Intel(R) Core(TM) Ultra 7 155H","/dev/nvme0n1p3[/tmp] ext4   rw,nosuid,nodev,noatime,errors=remount-ro","/tmp/pigment-db-durability-bench","12-19","candidate","candidate_pigment_db","buffered","pre_feature_pigment_db","5","0","key_map","vector","minimal_callback","1","32","5","5","50304","100024957","502914.487631","2102","0"
"protocol-v5-20260807-220443","6d7edc7c29a60a94c59effeeb2b78d8b95038135","default-hasher:e33e9641d6e15aea","6d7edc7c29a60a94c59effeeb2b78d8b95038135","default-hasher:f20647ba796d9a0c","rustc 1.97.0 (2d8144b78 2026-07-07)","x86_64-unknown-linux-gnu","Linux 7.0.11-76070011-generic x86_64","Intel(R) Core(TM) Ultra 7 155H","/dev/nvme0n1p3[/tmp] ext4   rw,nosuid,nodev,noatime,errors=remount-ro","/tmp/pigment-db-durability-bench","12-19","comparator","pre_feature_pigment_db","buffered","pre_feature_pigment_db","5","1","key_map","vector","minimal_callback","1","32","5","5","52992","100040052","529707.841415","1891","0"
"protocol-v5-20260807-220443","6d7edc7c29a60a94c59effeeb2b78d8b95038135","default-hasher:e33e9641d6e15aea","6d7edc7c29a60a94c59effeeb2b78d8b95038135","default-hasher:f20647ba796d9a0c","rustc 1.97.0 (2d8144b78 2026-07-07)","x86_64-unknown-linux-gnu","Linux 7.0.11-76070011-generic x86_64","Intel(R) Core(TM) Ultra 7 155H","/dev/nvme0n1p3[/tmp] ext4   rw,nosuid,nodev,noatime,errors=remount-ro","/tmp/pigment-db-durability-bench","12-19","comparator","pre_feature_pigment_db","buffered","pre_feature_pigment_db","6","0","key_map","vector","minimal_callback","1","32","5","6","51520","100103680","514666.393883","2055","0"
"protocol-v5-20260807-220443","6d7edc7c29a60a94c59effeeb2b78d8b95038135","default-hasher:e33e9641d6e15aea","6d7edc7c29a60a94c59effeeb2b78d8b95038135","default-hasher:f20647ba796d9a0c","rustc 1.97.0 (2d8144b78 2026-07-07)","x86_64-unknown-linux-gnu","Linux 7.0.11-76070011-generic x86_64","Intel(R) Core(TM) Ultra 7 155H","/dev/nvme0n1p3[/tmp] ext4   rw,nosuid,nodev,noatime,errors=remount-ro","/tmp/pigment-db-durability-bench","12-19","candidate","candidate_pigment_db","buffered","pre_feature_pigment_db","6","1","key_map","vector","minimal_callback","1","32","5","6","51072","100116535","510125.525219","2041","0"
"protocol-v5-20260807-220443","6d7edc7c29a60a94c59effeeb2b78d8b95038135","default-hasher:e33e9641d6e15aea","6d7edc7c29a60a94c59effeeb2b78d8b95038135","default-hasher:f20647ba796d9a0c","rustc 1.97.0 (2d8144b78 2026-07-07)","x86_64-unknown-linux-gnu","Linux 7.0.11-76070011-generic x86_64","Intel(R) Core(TM) Ultra 7 155H","/dev/nvme0n1p3[/tmp] ext4   rw,nosuid,nodev,noatime,errors=remount-ro","/tmp/pigment-db-durability-bench","12-19","candidate","candidate_pigment_db","buffered","pre_feature_pigment_db","7","0","key_map","vector","minimal_callback","1","32","5","7","51008","100061025","509768.913521","1953","0"
"protocol-v5-20260807-220443","6d7edc7c29a60a94c59effeeb2b78d8b95038135","default-hasher:e33e9641d6e15aea","6d7edc7c29a60a94c59effeeb2b78d8b95038135","default-hasher:f20647ba796d9a0c","rustc 1.97.0 (2d8144b78 2026-07-07)","x86_64-unknown-linux-gnu","Linux 7.0.11-76070011-generic x86_64","Intel(R) Core(TM) Ultra 7 155H","/dev/nvme0n1p3[/tmp] ext4   rw,nosuid,nodev,noatime,errors=remount-ro","/tmp/pigment-db-durability-bench","12-19","comparator","pre_feature_pigment_db","buffered","pre_feature_pigment_db","7","1","key_map","vector","minimal_callback","1","32","5","7","53376","100037287","533561.051091","1864","0"
"protocol-v5-20260807-220443","6d7edc7c29a60a94c59effeeb2b78d8b95038135","default-hasher:e33e9641d6e15aea","6d7edc7c29a60a94c59effeeb2b78d8b95038135","default-hasher:f20647ba796d9a0c","rustc 1.97.0 (2d8144b78 2026-07-07)","x86_64-unknown-linux-gnu","Linux 7.0.11-76070011-generic x86_64","Intel(R) Core(TM) Ultra 7 155H","/dev/nvme0n1p3[/tmp] ext4   rw,nosuid,nodev,noatime,errors=remount-ro","/tmp/pigment-db-durability-bench","12-19","comparator","pre_feature_pigment_db","buffered","pre_feature_pigment_db","8","0","key_map","vector","minimal_callback","1","32","5","8","52672","100099024","526198.936765","1895","0"
"protocol-v5-20260807-220443","6d7edc7c29a60a94c59effeeb2b78d8b95038135","default-hasher:e33e9641d6e15aea","6d7edc7c29a60a94c59effeeb2b78d8b95038135","default-hasher:f20647ba796d9a0c","rustc 1.97.0 (2d8144b78 2026-07-07)","x86_64-unknown-linux-gnu","Linux 7.0.11-76070011-generic x86_64","Intel(R) Core(TM) Ultra 7 155H","/dev/nvme0n1p3[/tmp] ext4   rw,nosuid,nodev,noatime,errors=remount-ro","/tmp/pigment-db-durability-bench","12-19","candidate","candidate_pigment_db","buffered","pre_feature_pigment_db","8","1","key_map","vector","minimal_callback","1","32","5","8","52288","100060866","522561.937451","1901","0"
"protocol-v5-20260807-220443","6d7edc7c29a60a94c59effeeb2b78d8b95038135","default-hasher:e33e9641d6e15aea","6d7edc7c29a60a94c59effeeb2b78d8b95038135","default-hasher:f20647ba796d9a0c","rustc 1.97.0 (2d8144b78 2026-07-07)","x86_64-unknown-linux-gnu","Linux 7.0.11-76070011-generic x86_64","Intel(R) Core(TM) Ultra 7 155H","/dev/nvme0n1p3[/tmp] ext4   rw,nosuid,nodev,noatime,errors=remount-ro","/tmp/pigment-db-durability-bench","12-19","candidate","candidate_pigment_db","buffered","pre_feature_pigment_db","9","0","key_map","vector","minimal_callback","1","32","5","9","51520","100043604","514975.450105","1920","0"
"protocol-v5-20260807-220443","6d7edc7c29a60a94c59effeeb2b78d8b95038135","default-hasher:e33e9641d6e15aea","6d7edc7c29a60a94c59effeeb2b78d8b95038135","default-hasher:f20647ba796d9a0c","rustc 1.97.0 (2d8144b78 2026-07-07)","x86_64-unknown-linux-gnu","Linux 7.0.11-76070011-generic x86_64","Intel(R) Core(TM) Ultra 7 155H","/dev/nvme0n1p3[/tmp] ext4   rw,nosuid,nodev,noatime,errors=remount-ro","/tmp/pigment-db-durability-bench","12-19","comparator","pre_feature_pigment_db","buffered","pre_feature_pigment_db","9","1","key_map","vector","minimal_callback","1","32","5","9","53440","100095005","533892.775169","1854","0"
"protocol-v5-20260807-220443","6d7edc7c29a60a94c59effeeb2b78d8b95038135","default-hasher:e33e9641d6e15aea","6d7edc7c29a60a94c59effeeb2b78d8b95038135","default-hasher:f20647ba796d9a0c","rustc 1.97.0 (2d8144b78 2026-07-07)","x86_64-unknown-linux-gnu","Linux 7.0.11-76070011-generic x86_64","Intel(R) Core(TM) Ultra 7 155H","/dev/nvme0n1p3[/tmp] ext4   rw,nosuid,nodev,noatime,errors=remount-ro","/tmp/pigment-db-durability-bench","12-19","comparator","pre_feature_pigment_db","buffered","pre_feature_pigment_db","10","0","key_map","vector","minimal_callback","1","32","5","10","52416","100103588","523617.595006","1942","0"
"protocol-v5-20260807-220443","6d7edc7c29a60a94c59effeeb2b78d8b95038135","default-hasher:e33e9641d6e15aea","6d7edc7c29a60a94c59effeeb2b78d8b95038135","default-hasher:f20647ba796d9a0c","rustc 1.97.0 (2d8144b78 2026-07-07)","x86_64-unknown-linux-gnu","Linux 7.0.11-76070011-generic x86_64","Intel(R) Core(TM) Ultra 7 155H","/dev/nvme0n1p3[/tmp] ext4   rw,nosuid,nodev,noatime,errors=remount-ro","/tmp/pigment-db-durability-bench","12-19","candidate","candidate_pigment_db","buffered","pre_feature_pigment_db","10","1","key_map","vector","minimal_callback","1","32","5","10","52544","100048586","525184.833697","1886","0"
"protocol-v5-20260807-220443","6d7edc7c29a60a94c59effeeb2b78d8b95038135","default-hasher:e33e9641d6e15aea","6d7edc7c29a60a94c59effeeb2b78d8b95038135","default-hasher:f20647ba796d9a0c","rustc 1.97.0 (2d8144b78 2026-07-07)","x86_64-unknown-linux-gnu","Linux 7.0.11-76070011-generic x86_64","Intel(R) Core(TM) Ultra 7 155H","/dev/nvme0n1p3[/tmp] ext4   rw,nosuid,nodev,noatime,errors=remount-ro","/tmp/pigment-db-durability-bench","12-19","comparator","pre_feature_pigment_db","buffered","pre_feature_pigment_db","0","0","key_map","vector","minimal_callback","8","32","5","0","31744","102245314","310468.996163","53095","0"
"protocol-v5-20260807-220443","6d7edc7c29a60a94c59effeeb2b78d8b95038135","default-hasher:e33e9641d6e15aea","6d7edc7c29a60a94c59effeeb2b78d8b95038135","default-hasher:f20647ba796d9a0c","rustc 1.97.0 (2d8144b78 2026-07-07)","x86_64-unknown-linux-gnu","Linux 7.0.11-76070011-generic x86_64","Intel(R) Core(TM) Ultra 7 155H","/dev/nvme0n1p3[/tmp] ext4   rw,nosuid,nodev,noatime,errors=remount-ro","/tmp/pigment-db-durability-bench","12-19","candidate","candidate_pigment_db","buffered","pre_feature_pigment_db","0","1","key_map","vector","minimal_callback","8","32","5","0","33280","101064108","329295.935606","81479","0"
"protocol-v5-20260807-220443","6d7edc7c29a60a94c59effeeb2b78d8b95038135","default-hasher:e33e9641d6e15aea","6d7edc7c29a60a94c59effeeb2b78d8b95038135","default-hasher:f20647ba796d9a0c","rustc 1.97.0 (2d8144b78 2026-07-07)","x86_64-unknown-linux-gnu","Linux 7.0.11-76070011-generic x86_64","Intel(R) Core(TM) Ultra 7 155H","/dev/nvme0n1p3[/tmp] ext4   rw,nosuid,nodev,noatime,errors=remount-ro","/tmp/pigment-db-durability-bench","12-19","candidate","candidate_pigment_db","buffered","pre_feature_pigment_db","1","0","key_map","vector","minimal_callback","8","32","5","1","32768","100408997","326345.257686","88865","0"
"protocol-v5-20260807-220443","6d7edc7c29a60a94c59effeeb2b78d8b95038135","default-hasher:e33e9641d6e15aea","6d7edc7c29a60a94c59effeeb2b78d8b95038135","default-hasher:f20647ba796d9a0c","rustc 1.97.0 (2d8144b78 2026-07-07)","x86_64-unknown-linux-gnu","Linux 7.0.11-76070011-generic x86_64","Intel(R) Core(TM) Ultra 7 155H","/dev/nvme0n1p3[/tmp] ext4   rw,nosuid,nodev,noatime,errors=remount-ro","/tmp/pigment-db-durability-bench","12-19","comparator","pre_feature_pigment_db","buffered","pre_feature_pigment_db","1","1","key_map","vector","minimal_callback","8","32","5","1","31232","100723996","310075.068904","72731","0"
"protocol-v5-20260807-220443","6d7edc7c29a60a94c59effeeb2b78d8b95038135","default-hasher:e33e9641d6e15aea","6d7edc7c29a60a94c59effeeb2b78d8b95038135","default-hasher:f20647ba796d9a0c","rustc 1.97.0 (2d8144b78 2026-07-07)","x86_64-unknown-linux-gnu","Linux 7.0.11-76070011-generic x86_64","Intel(R) Core(TM) Ultra 7 155H","/dev/nvme0n1p3[/tmp] ext4   rw,nosuid,nodev,noatime,errors=remount-ro","/tmp/pigment-db-durability-bench","12-19","comparator","pre_feature_pigment_db","buffered","pre_feature_pigment_db","2","0","key_map","vector","minimal_callback","8","32","5","2","32768","101485564","322883.361027","70471","0"
"protocol-v5-20260807-220443","6d7edc7c29a60a94c59effeeb2b78d8b95038135","default-hasher:e33e9641d6e15aea","6d7edc7c29a60a94c59effeeb2b78d8b95038135","default-hasher:f20647ba796d9a0c","rustc 1.97.0 (2d8144b78 2026-07-07)","x86_64-unknown-linux-gnu","Linux 7.0.11-76070011-generic x86_64","Intel(R) Core(TM) Ultra 7 155H","/dev/nvme0n1p3[/tmp] ext4   rw,nosuid,nodev,noatime,errors=remount-ro","/tmp/pigment-db-durability-bench","12-19","candidate","candidate_pigment_db","buffered","pre_feature_pigment_db","2","1","key_map","vector","minimal_callback","8","32","5","2","33792","100952911","334730.317980","79093","0"
"protocol-v5-20260807-220443","6d7edc7c29a60a94c59effeeb2b78d8b95038135","default-hasher:e33e9641d6e15aea","6d7edc7c29a60a94c59effeeb2b78d8b95038135","default-hasher:f20647ba796d9a0c","rustc 1.97.0 (2d8144b78 2026-07-07)","x86_64-unknown-linux-gnu","Linux 7.0.11-76070011-generic x86_64","Intel(R) Core(TM) Ultra 7 155H","/dev/nvme0n1p3[/tmp] ext4   rw,nosuid,nodev,noatime,errors=remount-ro","/tmp/pigment-db-durability-bench","12-19","candidate","candidate_pigment_db","buffered","pre_feature_pigment_db","3","0","key_map","vector","minimal_callback","8","32","5","3","33792","100563442","336026.684528","63415","0"
"protocol-v5-20260807-220443","6d7edc7c29a60a94c59effeeb2b78d8b95038135","default-hasher:e33e9641d6e15aea","6d7edc7c29a60a94c59effeeb2b78d8b95038135","default-hasher:f20647ba796d9a0c","rustc 1.97.0 (2d8144b78 2026-07-07)","x86_64-unknown-linux-gnu","Linux 7.0.11-76070011-generic x86_64","Intel(R) Core(TM) Ultra 7 155H","/dev/nvme0n1p3[/tmp] ext4   rw,nosuid,nodev,noatime,errors=remount-ro","/tmp/pigment-db-durability-bench","12-19","comparator","pre_feature_pigment_db","buffered","pre_feature_pigment_db","3","1","key_map","vector","minimal_callback","8","32","5","3","32768","100421872","326303.417248","80832","0"
"protocol-v5-20260807-220443","6d7edc7c29a60a94c59effeeb2b78d8b95038135","default-hasher:e33e9641d6e15aea","6d7edc7c29a60a94c59effeeb2b78d8b95038135","default-hasher:f20647ba796d9a0c","rustc 1.97.0 (2d8144b78 2026-07-07)","x86_64-unknown-linux-gnu","Linux 7.0.11-76070011-generic x86_64","Intel(R) Core(TM) Ultra 7 155H","/dev/nvme0n1p3[/tmp] ext4   rw,nosuid,nodev,noatime,errors=remount-ro","/tmp/pigment-db-durability-bench","12-19","comparator","pre_feature_pigment_db","buffered","pre_feature_pigment_db","4","0","key_map","vector","minimal_callback","8","32","5","4","28160","100901307","279084.591045","72971","0"
"protocol-v5-20260807-220443","6d7edc7c29a60a94c59effeeb2b78d8b95038135","default-hasher:e33e9641d6e15aea","6d7edc7c29a60a94c59effeeb2b78d8b95038135","default-hasher:f20647ba796d9a0c","rustc 1.97.0 (2d8144b78 2026-07-07)","x86_64-unknown-linux-gnu","Linux 7.0.11-76070011-generic x86_64","Intel(R) Core(TM) Ultra 7 155H","/dev/nvme0n1p3[/tmp] ext4   rw,nosuid,nodev,noatime,errors=remount-ro","/tmp/pigment-db-durability-bench","12-19","candidate","candidate_pigment_db","buffered","pre_feature_pigment_db","4","1","key_map","vector","minimal_callback","8","32","5","4","33280","100106645","332445.463535","48921","0"
"protocol-v5-20260807-220443","6d7edc7c29a60a94c59effeeb2b78d8b95038135","default-hasher:e33e9641d6e15aea","6d7edc7c29a60a94c59effeeb2b78d8b95038135","default-hasher:f20647ba796d9a0c","rustc 1.97.0 (2d8144b78 2026-07-07)","x86_64-unknown-linux-gnu","Linux 7.0.11-76070011-generic x86_64","Intel(R) Core(TM) Ultra 7 155H","/dev/nvme0n1p3[/tmp] ext4   rw,nosuid,nodev,noatime,errors=remount-ro","/tmp/pigment-db-durability-bench","12-19","candidate","candidate_pigment_db","buffered","pre_feature_pigment_db","5","0","key_map","vector","minimal_callback","8","32","5","5","32256","100553144","320785.593735","83459","0"
"protocol-v5-20260807-220443","6d7edc7c29a60a94c59effeeb2b78d8b95038135","default-hasher:e33e9641d6e15aea","6d7edc7c29a60a94c59effeeb2b78d8b95038135","default-hasher:f20647ba796d9a0c","rustc 1.97.0 (2d8144b78 2026-07-07)","x86_64-unknown-linux-gnu","Linux 7.0.11-76070011-generic x86_64","Intel(R) Core(TM) Ultra 7 155H","/dev/nvme0n1p3[/tmp] ext4   rw,nosuid,nodev,noatime,errors=remount-ro","/tmp/pigment-db-durability-bench","12-19","comparator","pre_feature_pigment_db","buffered","pre_feature_pigment_db","5","1","key_map","vector","minimal_callback","8","32","5","5","32256","100083792","322289.946808","82343","0"
"protocol-v5-20260807-220443","6d7edc7c29a60a94c59effeeb2b78d8b95038135","default-hasher:e33e9641d6e15aea","6d7edc7c29a60a94c59effeeb2b78d8b95038135","default-hasher:f20647ba796d9a0c","rustc 1.97.0 (2d8144b78 2026-07-07)","x86_64-unknown-linux-gnu","Linux 7.0.11-76070011-generic x86_64","Intel(R) Core(TM) Ultra 7 155H","/dev/nvme0n1p3[/tmp] ext4   rw,nosuid,nodev,noatime,errors=remount-ro","/tmp/pigment-db-durability-bench","12-19","comparator","pre_feature_pigment_db","buffered","pre_feature_pigment_db","6","0","key_map","vector","minimal_callback","8","32","5","6","32256","100288082","321633.431976","83339","0"
"protocol-v5-20260807-220443","6d7edc7c29a60a94c59effeeb2b78d8b95038135","default-hasher:e33e9641d6e15aea","6d7edc7c29a60a94c59effeeb2b78d8b95038135","default-hasher:f20647ba796d9a0c","rustc 1.97.0 (2d8144b78 2026-07-07)","x86_64-unknown-linux-gnu","Linux 7.0.11-76070011-generic x86_64","Intel(R) Core(TM) Ultra 7 155H","/dev/nvme0n1p3[/tmp] ext4   rw,nosuid,nodev,noatime,errors=remount-ro","/tmp/pigment-db-durability-bench","12-19","candidate","candidate_pigment_db","buffered","pre_feature_pigment_db","6","1","key_map","vector","minimal_callback","8","32","5","6","30720","100086795","306933.596984","60544","0"
"protocol-v5-20260807-220443","6d7edc7c29a60a94c59effeeb2b78d8b95038135","default-hasher:e33e9641d6e15aea","6d7edc7c29a60a94c59effeeb2b78d8b95038135","default-hasher:f20647ba796d9a0c","rustc 1.97.0 (2d8144b78 2026-07-07)","x86_64-unknown-linux-gnu","Linux 7.0.11-76070011-generic x86_64","Intel(R) Core(TM) Ultra 7 155H","/dev/nvme0n1p3[/tmp] ext4   rw,nosuid,nodev,noatime,errors=remount-ro","/tmp/pigment-db-durability-bench","12-19","candidate","candidate_pigment_db","buffered","pre_feature_pigment_db","7","0","key_map","vector","minimal_callback","8","32","5","7","31744","100939069","314486.752399","75947","0"
"protocol-v5-20260807-220443","6d7edc7c29a60a94c59effeeb2b78d8b95038135","default-hasher:e33e9641d6e15aea","6d7edc7c29a60a94c59effeeb2b78d8b95038135","default-hasher:f20647ba796d9a0c","rustc 1.97.0 (2d8144b78 2026-07-07)","x86_64-unknown-linux-gnu","Linux 7.0.11-76070011-generic x86_64","Intel(R) Core(TM) Ultra 7 155H","/dev/nvme0n1p3[/tmp] ext4   rw,nosuid,nodev,noatime,errors=remount-ro","/tmp/pigment-db-durability-bench","12-19","comparator","pre_feature_pigment_db","buffered","pre_feature_pigment_db","7","1","key_map","vector","minimal_callback","8","32","5","7","32768","101064110","324229.837872","86112","0"
"protocol-v5-20260807-220443","6d7edc7c29a60a94c59effeeb2b78d8b95038135","default-hasher:e33e9641d6e15aea","6d7edc7c29a60a94c59effeeb2b78d8b95038135","default-hasher:f20647ba796d9a0c","rustc 1.97.0 (2d8144b78 2026-07-07)","x86_64-unknown-linux-gnu","Linux 7.0.11-76070011-generic x86_64","Intel(R) Core(TM) Ultra 7 155H","/dev/nvme0n1p3[/tmp] ext4   rw,nosuid,nodev,noatime,errors=remount-ro","/tmp/pigment-db-durability-bench","12-19","comparator","pre_feature_pigment_db","buffered","pre_feature_pigment_db","8","0","key_map","vector","minimal_callback","8","32","5","8","29184","100101716","291543.453661","72611","0"
"protocol-v5-20260807-220443","6d7edc7c29a60a94c59effeeb2b78d8b95038135","default-hasher:e33e9641d6e15aea","6d7edc7c29a60a94c59effeeb2b78d8b95038135","default-hasher:f20647ba796d9a0c","rustc 1.97.0 (2d8144b78 2026-07-07)","x86_64-unknown-linux-gnu","Linux 7.0.11-76070011-generic x86_64","Intel(R) Core(TM) Ultra 7 155H","/dev/nvme0n1p3[/tmp] ext4   rw,nosuid,nodev,noatime,errors=remount-ro","/tmp/pigment-db-durability-bench","12-19","candidate","candidate_pigment_db","buffered","pre_feature_pigment_db","8","1","key_map","vector","minimal_callback","8","32","5","8","33280","101374893","328286.413087","74170","0"
"protocol-v5-20260807-220443","6d7edc7c29a60a94c59effeeb2b78d8b95038135","default-hasher:e33e9641d6e15aea","6d7edc7c29a60a94c59effeeb2b78d8b95038135","default-hasher:f20647ba796d9a0c","rustc 1.97.0 (2d8144b78 2026-07-07)","x86_64-unknown-linux-gnu","Linux 7.0.11-76070011-generic x86_64","Intel(R) Core(TM) Ultra 7 155H","/dev/nvme0n1p3[/tmp] ext4   rw,nosuid,nodev,noatime,errors=remount-ro","/tmp/pigment-db-durability-bench","12-19","candidate","candidate_pigment_db","buffered","pre_feature_pigment_db","9","0","key_map","vector","minimal_callback","8","32","5","9","31744","100983698","314347.767300","73450","0"
"protocol-v5-20260807-220443","6d7edc7c29a60a94c59effeeb2b78d8b95038135","default-hasher:e33e9641d6e15aea","6d7edc7c29a60a94c59effeeb2b78d8b95038135","default-hasher:f20647ba796d9a0c","rustc 1.97.0 (2d8144b78 2026-07-07)","x86_64-unknown-linux-gnu","Linux 7.0.11-76070011-generic x86_64","Intel(R) Core(TM) Ultra 7 155H","/dev/nvme0n1p3[/tmp] ext4   rw,nosuid,nodev,noatime,errors=remount-ro","/tmp/pigment-db-durability-bench","12-19","comparator","pre_feature_pigment_db","buffered","pre_feature_pigment_db","9","1","key_map","vector","minimal_callback","8","32","5","9","31232","101288013","308348.432109","74287","0"
"protocol-v5-20260807-220443","6d7edc7c29a60a94c59effeeb2b78d8b95038135","default-hasher:e33e9641d6e15aea","6d7edc7c29a60a94c59effeeb2b78d8b95038135","default-hasher:f20647ba796d9a0c","rustc 1.97.0 (2d8144b78 2026-07-07)","x86_64-unknown-linux-gnu","Linux 7.0.11-76070011-generic x86_64","Intel(R) Core(TM) Ultra 7 155H","/dev/nvme0n1p3[/tmp] ext4   rw,nosuid,nodev,noatime,errors=remount-ro","/tmp/pigment-db-durability-bench","12-19","comparator","pre_feature_pigment_db","buffered","pre_feature_pigment_db","10","0","key_map","vector","minimal_callback","8","32","5","10","32768","101474114","322919.794106","90089","0"
"protocol-v5-20260807-220443","6d7edc7c29a60a94c59effeeb2b78d8b95038135","default-hasher:e33e9641d6e15aea","6d7edc7c29a60a94c59effeeb2b78d8b95038135","default-hasher:f20647ba796d9a0c","rustc 1.97.0 (2d8144b78 2026-07-07)","x86_64-unknown-linux-gnu","Linux 7.0.11-76070011-generic x86_64","Intel(R) Core(TM) Ultra 7 155H","/dev/nvme0n1p3[/tmp] ext4   rw,nosuid,nodev,noatime,errors=remount-ro","/tmp/pigment-db-durability-bench","12-19","candidate","candidate_pigment_db","buffered","pre_feature_pigment_db","10","1","key_map","vector","minimal_callback","8","32","5","10","33280","101413609","328161.085363","60473","0"
"protocol-v5-20260807-220443","6d7edc7c29a60a94c59effeeb2b78d8b95038135","default-hasher:e33e9641d6e15aea","6d7edc7c29a60a94c59effeeb2b78d8b95038135","default-hasher:f20647ba796d9a0c","rustc 1.97.0 (2d8144b78 2026-07-07)","x86_64-unknown-linux-gnu","Linux 7.0.11-76070011-generic x86_64","Intel(R) Core(TM) Ultra 7 155H","/dev/nvme0n1p3[/tmp] ext4   rw,nosuid,nodev,noatime,errors=remount-ro","/tmp/pigment-db-durability-bench","12-19","comparator","pre_feature_pigment_db","buffered","pre_feature_pigment_db","0","0","key_map","file","ordinary_write","1","32","5","0","39104","100073632","390752.281280","3484","0"
"protocol-v5-20260807-220443","6d7edc7c29a60a94c59effeeb2b78d8b95038135","default-hasher:e33e9641d6e15aea","6d7edc7c29a60a94c59effeeb2b78d8b95038135","default-hasher:f20647ba796d9a0c","rustc 1.97.0 (2d8144b78 2026-07-07)","x86_64-unknown-linux-gnu","Linux 7.0.11-76070011-generic x86_64","Intel(R) Core(TM) Ultra 7 155H","/dev/nvme0n1p3[/tmp] ext4   rw,nosuid,nodev,noatime,errors=remount-ro","/tmp/pigment-db-durability-bench","12-19","candidate","candidate_pigment_db","buffered","pre_feature_pigment_db","0","1","key_map","file","ordinary_write","1","32","5","0","40064","100100209","400238.924576","3836","0"
"protocol-v5-20260807-220443","6d7edc7c29a60a94c59effeeb2b78d8b95038135","default-hasher:e33e9641d6e15aea","6d7edc7c29a60a94c59effeeb2b78d8b95038135","default-hasher:f20647ba796d9a0c","rustc 1.97.0 (2d8144b78 2026-07-07)","x86_64-unknown-linux-gnu","Linux 7.0.11-76070011-generic x86_64","Intel(R) Core(TM) Ultra 7 155H","/dev/nvme0n1p3[/tmp] ext4   rw,nosuid,nodev,noatime,errors=remount-ro","/tmp/pigment-db-durability-bench","12-19","candidate","candidate_pigment_db","buffered","pre_feature_pigment_db","1","0","key_map","file","ordinary_write","1","32","5","1","40320","100146196","402611.398240","3605","0"
"protocol-v5-20260807-220443","6d7edc7c29a60a94c59effeeb2b78d8b95038135","default-hasher:e33e9641d6e15aea","6d7edc7c29a60a94c59effeeb2b78d8b95038135","default-hasher:f20647ba796d9a0c","rustc 1.97.0 (2d8144b78 2026-07-07)","x86_64-unknown-linux-gnu","Linux 7.0.11-76070011-generic x86_64","Intel(R) Core(TM) Ultra 7 155H","/dev/nvme0n1p3[/tmp] ext4   rw,nosuid,nodev,noatime,errors=remount-ro","/tmp/pigment-db-durability-bench","12-19","comparator","pre_feature_pigment_db","buffered","pre_feature_pigment_db","1","1","key_map","file","ordinary_write","1","32","5","1","41472","100027195","414607.247559","3191","0"
"protocol-v5-20260807-220443","6d7edc7c29a60a94c59effeeb2b78d8b95038135","default-hasher:e33e9641d6e15aea","6d7edc7c29a60a94c59effeeb2b78d8b95038135","default-hasher:f20647ba796d9a0c","rustc 1.97.0 (2d8144b78 2026-07-07)","x86_64-unknown-linux-gnu","Linux 7.0.11-76070011-generic x86_64","Intel(R) Core(TM) Ultra 7 155H","/dev/nvme0n1p3[/tmp] ext4   rw,nosuid,nodev,noatime,errors=remount-ro","/tmp/pigment-db-durability-bench","12-19","comparator","pre_feature_pigment_db","buffered","pre_feature_pigment_db","2","0","key_map","file","ordinary_write","1","32","5","2","41216","100061061","411908.484560","3375","0"
"protocol-v5-20260807-220443","6d7edc7c29a60a94c59effeeb2b78d8b95038135","default-hasher:e33e9641d6e15aea","6d7edc7c29a60a94c59effeeb2b78d8b95038135","default-hasher:f20647ba796d9a0c","rustc 1.97.0 (2d8144b78 2026-07-07)","x86_64-unknown-linux-gnu","Linux 7.0.11-76070011-generic x86_64","Intel(R) Core(TM) Ultra 7 155H","/dev/nvme0n1p3[/tmp] ext4   rw,nosuid,nodev,noatime,errors=remount-ro","/tmp/pigment-db-durability-bench","12-19","candidate","candidate_pigment_db","buffered","pre_feature_pigment_db","2","1","key_map","file","ordinary_write","1","32","5","2","40960","100039437","409438.529727","3232","0"
"protocol-v5-20260807-220443","6d7edc7c29a60a94c59effeeb2b78d8b95038135","default-hasher:e33e9641d6e15aea","6d7edc7c29a60a94c59effeeb2b78d8b95038135","default-hasher:f20647ba796d9a0c","rustc 1.97.0 (2d8144b78 2026-07-07)","x86_64-unknown-linux-gnu","Linux 7.0.11-76070011-generic x86_64","Intel(R) Core(TM) Ultra 7 155H","/dev/nvme0n1p3[/tmp] ext4   rw,nosuid,nodev,noatime,errors=remount-ro","/tmp/pigment-db-durability-bench","12-19","candidate","candidate_pigment_db","buffered","pre_feature_pigment_db","3","0","key_map","file","ordinary_write","1","32","5","3","40512","100013967","405063.424791","3359","0"
"protocol-v5-20260807-220443","6d7edc7c29a60a94c59effeeb2b78d8b95038135","default-hasher:e33e9641d6e15aea","6d7edc7c29a60a94c59effeeb2b78d8b95038135","default-hasher:f20647ba796d9a0c","rustc 1.97.0 (2d8144b78 2026-07-07)","x86_64-unknown-linux-gnu","Linux 7.0.11-76070011-generic x86_64","Intel(R) Core(TM) Ultra 7 155H","/dev/nvme0n1p3[/tmp] ext4   rw,nosuid,nodev,noatime,errors=remount-ro","/tmp/pigment-db-durability-bench","12-19","comparator","pre_feature_pigment_db","buffered","pre_feature_pigment_db","3","1","key_map","file","ordinary_write","1","32","5","3","40704","100068111","406762.949687","3289","0"
"protocol-v5-20260807-220443","6d7edc7c29a60a94c59effeeb2b78d8b95038135","default-hasher:e33e9641d6e15aea","6d7edc7c29a60a94c59effeeb2b78d8b95038135","default-hasher:f20647ba796d9a0c","rustc 1.97.0 (2d8144b78 2026-07-07)","x86_64-unknown-linux-gnu","Linux 7.0.11-76070011-generic x86_64","Intel(R) Core(TM) Ultra 7 155H","/dev/nvme0n1p3[/tmp] ext4   rw,nosuid,nodev,noatime,errors=remount-ro","/tmp/pigment-db-durability-bench","12-19","comparator","pre_feature_pigment_db","buffered","pre_feature_pigment_db","4","0","key_map","file","ordinary_write","1","32","5","4","41600","100135041","415438.987038","3041","0"
"protocol-v5-20260807-220443","6d7edc7c29a60a94c59effeeb2b78d8b95038135","default-hasher:e33e9641d6e15aea","6d7edc7c29a60a94c59effeeb2b78d8b95038135","default-hasher:f20647ba796d9a0c","rustc 1.97.0 (2d8144b78 2026-07-07)","x86_64-unknown-linux-gnu","Linux 7.0.11-76070011-generic x86_64","Intel(R) Core(TM) Ultra 7 155H","/dev/nvme0n1p3[/tmp] ext4   rw,nosuid,nodev,noatime,errors=remount-ro","/tmp/pigment-db-durability-bench","12-19","candidate","candidate_pigment_db","buffered","pre_feature_pigment_db","4","1","key_map","file","ordinary_write","1","32","5","4","40640","100029507","406280.118925","3318","0"
"protocol-v5-20260807-220443","6d7edc7c29a60a94c59effeeb2b78d8b95038135","default-hasher:e33e9641d6e15aea","6d7edc7c29a60a94c59effeeb2b78d8b95038135","default-hasher:f20647ba796d9a0c","rustc 1.97.0 (2d8144b78 2026-07-07)","x86_64-unknown-linux-gnu","Linux 7.0.11-76070011-generic x86_64","Intel(R) Core(TM) Ultra 7 155H","/dev/nvme0n1p3[/tmp] ext4   rw,nosuid,nodev,noatime,errors=remount-ro","/tmp/pigment-db-durability-bench","12-19","candidate","candidate_pigment_db","buffered","pre_feature_pigment_db","5","0","key_map","file","ordinary_write","1","32","5","5","40832","100147054","407720.430798","3453","0"
"protocol-v5-20260807-220443","6d7edc7c29a60a94c59effeeb2b78d8b95038135","default-hasher:e33e9641d6e15aea","6d7edc7c29a60a94c59effeeb2b78d8b95038135","default-hasher:f20647ba796d9a0c","rustc 1.97.0 (2d8144b78 2026-07-07)","x86_64-unknown-linux-gnu","Linux 7.0.11-76070011-generic x86_64","Intel(R) Core(TM) Ultra 7 155H","/dev/nvme0n1p3[/tmp] ext4   rw,nosuid,nodev,noatime,errors=remount-ro","/tmp/pigment-db-durability-bench","12-19","comparator","pre_feature_pigment_db","buffered","pre_feature_pigment_db","5","1","key_map","file","ordinary_write","1","32","5","5","40832","100004073","408303.369804","3184","0"
"protocol-v5-20260807-220443","6d7edc7c29a60a94c59effeeb2b78d8b95038135","default-hasher:e33e9641d6e15aea","6d7edc7c29a60a94c59effeeb2b78d8b95038135","default-hasher:f20647ba796d9a0c","rustc 1.97.0 (2d8144b78 2026-07-07)","x86_64-unknown-linux-gnu","Linux 7.0.11-76070011-generic x86_64","Intel(R) Core(TM) Ultra 7 155H","/dev/nvme0n1p3[/tmp] ext4   rw,nosuid,nodev,noatime,errors=remount-ro","/tmp/pigment-db-durability-bench","12-19","comparator","pre_feature_pigment_db","buffered","pre_feature_pigment_db","6","0","key_map","file","ordinary_write","1","32","5","6","40064","100055453","400417.956231","5070","0"
"protocol-v5-20260807-220443","6d7edc7c29a60a94c59effeeb2b78d8b95038135","default-hasher:e33e9641d6e15aea","6d7edc7c29a60a94c59effeeb2b78d8b95038135","default-hasher:f20647ba796d9a0c","rustc 1.97.0 (2d8144b78 2026-07-07)","x86_64-unknown-linux-gnu","Linux 7.0.11-76070011-generic x86_64","Intel(R) Core(TM) Ultra 7 155H","/dev/nvme0n1p3[/tmp] ext4   rw,nosuid,nodev,noatime,errors=remount-ro","/tmp/pigment-db-durability-bench","12-19","candidate","candidate_pigment_db","buffered","pre_feature_pigment_db","6","1","key_map","file","ordinary_write","1","32","5","6","40896","100029663","408838.726169","3389","0"
"protocol-v5-20260807-220443","6d7edc7c29a60a94c59effeeb2b78d8b95038135","default-hasher:e33e9641d6e15aea","6d7edc7c29a60a94c59effeeb2b78d8b95038135","default-hasher:f20647ba796d9a0c","rustc 1.97.0 (2d8144b78 2026-07-07)","x86_64-unknown-linux-gnu","Linux 7.0.11-76070011-generic x86_64","Intel(R) Core(TM) Ultra 7 155H","/dev/nvme0n1p3[/tmp] ext4   rw,nosuid,nodev,noatime,errors=remount-ro","/tmp/pigment-db-durability-bench","12-19","candidate","candidate_pigment_db","buffered","pre_feature_pigment_db","7","0","key_map","file","ordinary_write","1","32","5","7","40512","100122581","404624.007845","3690","0"
"protocol-v5-20260807-220443","6d7edc7c29a60a94c59effeeb2b78d8b95038135","default-hasher:e33e9641d6e15aea","6d7edc7c29a60a94c59effeeb2b78d8b95038135","default-hasher:f20647ba796d9a0c","rustc 1.97.0 (2d8144b78 2026-07-07)","x86_64-unknown-linux-gnu","Linux 7.0.11-76070011-generic x86_64","Intel(R) Core(TM) Ultra 7 155H","/dev/nvme0n1p3[/tmp] ext4   rw,nosuid,nodev,noatime,errors=remount-ro","/tmp/pigment-db-durability-bench","12-19","comparator","pre_feature_pigment_db","buffered","pre_feature_pigment_db","7","1","key_map","file","ordinary_write","1","32","5","7","41024","100053337","410021.306936","3125","0"
"protocol-v5-20260807-220443","6d7edc7c29a60a94c59effeeb2b78d8b95038135","default-hasher:e33e9641d6e15aea","6d7edc7c29a60a94c59effeeb2b78d8b95038135","default-hasher:f20647ba796d9a0c","rustc 1.97.0 (2d8144b78 2026-07-07)","x86_64-unknown-linux-gnu","Linux 7.0.11-76070011-generic x86_64","Intel(R) Core(TM) Ultra 7 155H","/dev/nvme0n1p3[/tmp] ext4   rw,nosuid,nodev,noatime,errors=remount-ro","/tmp/pigment-db-durability-bench","12-19","comparator","pre_feature_pigment_db","buffered","pre_feature_pigment_db","8","0","key_map","file","ordinary_write","1","32","5","8","39808","100165631","397421.746387","3299","0"
"protocol-v5-20260807-220443","6d7edc7c29a60a94c59effeeb2b78d8b95038135","default-hasher:e33e9641d6e15aea","6d7edc7c29a60a94c59effeeb2b78d8b95038135","default-hasher:f20647ba796d9a0c","rustc 1.97.0 (2d8144b78 2026-07-07)","x86_64-unknown-linux-gnu","Linux 7.0.11-76070011-generic x86_64","Intel(R) Core(TM) Ultra 7 155H","/dev/nvme0n1p3[/tmp] ext4   rw,nosuid,nodev,noatime,errors=remount-ro","/tmp/pigment-db-durability-bench","12-19","candidate","candidate_pigment_db","buffered","pre_feature_pigment_db","8","1","key_map","file","ordinary_write","1","32","5","8","40000","100098450","399606.587315","3475","0"
"protocol-v5-20260807-220443","6d7edc7c29a60a94c59effeeb2b78d8b95038135","default-hasher:e33e9641d6e15aea","6d7edc7c29a60a94c59effeeb2b78d8b95038135","default-hasher:f20647ba796d9a0c","rustc 1.97.0 (2d8144b78 2026-07-07)","x86_64-unknown-linux-gnu","Linux 7.0.11-76070011-generic x86_64","Intel(R) Core(TM) Ultra 7 155H","/dev/nvme0n1p3[/tmp] ext4   rw,nosuid,nodev,noatime,errors=remount-ro","/tmp/pigment-db-durability-bench","12-19","candidate","candidate_pigment_db","buffered","pre_feature_pigment_db","9","0","key_map","file","ordinary_write","1","32","5","9","40896","100150080","408347.152593","3413","0"
"protocol-v5-20260807-220443","6d7edc7c29a60a94c59effeeb2b78d8b95038135","default-hasher:e33e9641d6e15aea","6d7edc7c29a60a94c59effeeb2b78d8b95038135","default-hasher:f20647ba796d9a0c","rustc 1.97.0 (2d8144b78 2026-07-07)","x86_64-unknown-linux-gnu","Linux 7.0.11-76070011-generic x86_64","Intel(R) Core(TM) Ultra 7 155H","/dev/nvme0n1p3[/tmp] ext4   rw,nosuid,nodev,noatime,errors=remount-ro","/tmp/pigment-db-durability-bench","12-19","comparator","pre_feature_pigment_db","buffered","pre_feature_pigment_db","9","1","key_map","file","ordinary_write","1","32","5","9","41472","100012696","414667.353833","3231","0"
"protocol-v5-20260807-220443","6d7edc7c29a60a94c59effeeb2b78d8b95038135","default-hasher:e33e9641d6e15aea","6d7edc7c29a60a94c59effeeb2b78d8b95038135","default-hasher:f20647ba796d9a0c","rustc 1.97.0 (2d8144b78 2026-07-07)","x86_64-unknown-linux-gnu","Linux 7.0.11-76070011-generic x86_64","Intel(R) Core(TM) Ultra 7 155H","/dev/nvme0n1p3[/tmp] ext4   rw,nosuid,nodev,noatime,errors=remount-ro","/tmp/pigment-db-durability-bench","12-19","comparator","pre_feature_pigment_db","buffered","pre_feature_pigment_db","10","0","key_map","file","ordinary_write","1","32","5","10","41088","100066118","410608.513863","3372","0"
"protocol-v5-20260807-220443","6d7edc7c29a60a94c59effeeb2b78d8b95038135","default-hasher:e33e9641d6e15aea","6d7edc7c29a60a94c59effeeb2b78d8b95038135","default-hasher:f20647ba796d9a0c","rustc 1.97.0 (2d8144b78 2026-07-07)","x86_64-unknown-linux-gnu","Linux 7.0.11-76070011-generic x86_64","Intel(R) Core(TM) Ultra 7 155H","/dev/nvme0n1p3[/tmp] ext4   rw,nosuid,nodev,noatime,errors=remount-ro","/tmp/pigment-db-durability-bench","12-19","candidate","candidate_pigment_db","buffered","pre_feature_pigment_db","10","1","key_map","file","ordinary_write","1","32","5","10","40448","100147305","403885.057117","3555","0"
"protocol-v5-20260807-220443","6d7edc7c29a60a94c59effeeb2b78d8b95038135","default-hasher:e33e9641d6e15aea","6d7edc7c29a60a94c59effeeb2b78d8b95038135","default-hasher:f20647ba796d9a0c","rustc 1.97.0 (2d8144b78 2026-07-07)","x86_64-unknown-linux-gnu","Linux 7.0.11-76070011-generic x86_64","Intel(R) Core(TM) Ultra 7 155H","/dev/nvme0n1p3[/tmp] ext4   rw,nosuid,nodev,noatime,errors=remount-ro","/tmp/pigment-db-durability-bench","12-19","comparator","pre_feature_pigment_db","buffered","pre_feature_pigment_db","0","0","key_map","file","ordinary_write","8","32","5","0","19968","102431257","194940.495556","95767","0"
"protocol-v5-20260807-220443","6d7edc7c29a60a94c59effeeb2b78d8b95038135","default-hasher:e33e9641d6e15aea","6d7edc7c29a60a94c59effeeb2b78d8b95038135","default-hasher:f20647ba796d9a0c","rustc 1.97.0 (2d8144b78 2026-07-07)","x86_64-unknown-linux-gnu","Linux 7.0.11-76070011-generic x86_64","Intel(R) Core(TM) Ultra 7 155H","/dev/nvme0n1p3[/tmp] ext4   rw,nosuid,nodev,noatime,errors=remount-ro","/tmp/pigment-db-durability-bench","12-19","candidate","candidate_pigment_db","buffered","pre_feature_pigment_db","0","1","key_map","file","ordinary_write","8","32","5","0","19968","101935992","195887.631132","106058","0"
"protocol-v5-20260807-220443","6d7edc7c29a60a94c59effeeb2b78d8b95038135","default-hasher:e33e9641d6e15aea","6d7edc7c29a60a94c59effeeb2b78d8b95038135","default-hasher:f20647ba796d9a0c","rustc 1.97.0 (2d8144b78 2026-07-07)","x86_64-unknown-linux-gnu","Linux 7.0.11-76070011-generic x86_64","Intel(R) Core(TM) Ultra 7 155H","/dev/nvme0n1p3[/tmp] ext4   rw,nosuid,nodev,noatime,errors=remount-ro","/tmp/pigment-db-durability-bench","12-19","candidate","candidate_pigment_db","buffered","pre_feature_pigment_db","1","0","key_map","file","ordinary_write","8","32","5","1","16384","100510032","163008.603957","94992","0"
"protocol-v5-20260807-220443","6d7edc7c29a60a94c59effeeb2b78d8b95038135","default-hasher:e33e9641d6e15aea","6d7edc7c29a60a94c59effeeb2b78d8b95038135","default-hasher:f20647ba796d9a0c","rustc 1.97.0 (2d8144b78 2026-07-07)","x86_64-unknown-linux-gnu","Linux 7.0.11-76070011-generic x86_64","Intel(R) Core(TM) Ultra 7 155H","/dev/nvme0n1p3[/tmp] ext4   rw,nosuid,nodev,noatime,errors=remount-ro","/tmp/pigment-db-durability-bench","12-19","comparator","pre_feature_pigment_db","buffered","pre_feature_pigment_db","1","1","key_map","file","ordinary_write","8","32","5","1","19456","100172013","194225.906192","98194","0"
"protocol-v5-20260807-220443","6d7edc7c29a60a94c59effeeb2b78d8b95038135","default-hasher:e33e9641d6e15aea","6d7edc7c29a60a94c59effeeb2b78d8b95038135","default-hasher:f20647ba796d9a0c","rustc 1.97.0 (2d8144b78 2026-07-07)","x86_64-unknown-linux-gnu","Linux 7.0.11-76070011-generic x86_64","Intel(R) Core(TM) Ultra 7 155H","/dev/nvme0n1p3[/tmp] ext4   rw,nosuid,nodev,noatime,errors=remount-ro","/tmp/pigment-db-durability-bench","12-19","comparator","pre_feature_pigment_db","buffered","pre_feature_pigment_db","2","0","key_map","file","ordinary_write","8","32","5","2","18944","102090612","185560.646850","108572","0"
"protocol-v5-20260807-220443","6d7edc7c29a60a94c59effeeb2b78d8b95038135","default-hasher:e33e9641d6e15aea","6d7edc7c29a60a94c59effeeb2b78d8b95038135","default-hasher:f20647ba796d9a0c","rustc 1.97.0 (2d8144b78 2026-07-07)","x86_64-unknown-linux-gnu","Linux 7.0.11-76070011-generic x86_64","Intel(R) Core(TM) Ultra 7 155H","/dev/nvme0n1p3[/tmp] ext4   rw,nosuid,nodev,noatime,errors=remount-ro","/tmp/pigment-db-durability-bench","12-19","candidate","candidate_pigment_db","buffered","pre_feature_pigment_db","2","1","key_map","file","ordinary_write","8","32","5","2","19968","100056136","199567.970524","104007","0"
"protocol-v5-20260807-220443","6d7edc7c29a60a94c59effeeb2b78d8b95038135","default-hasher:e33e9641d6e15aea","6d7edc7c29a60a94c59effeeb2b78d8b95038135","default-hasher:f20647ba796d9a0c","rustc 1.97.0 (2d8144b78 2026-07-07)","x86_64-unknown-linux-gnu","Linux 7.0.11-76070011-generic x86_64","Intel(R) Core(TM) Ultra 7 155H","/dev/nvme0n1p3[/tmp] ext4   rw,nosuid,nodev,noatime,errors=remount-ro","/tmp/pigment-db-durability-bench","12-19","candidate","candidate_pigment_db","buffered","pre_feature_pigment_db","3","0","key_map","file","ordinary_write","8","32","5","3","18944","102742985","184382.417933","101462","0"
"protocol-v5-20260807-220443","6d7edc7c29a60a94c59effeeb2b78d8b95038135","default-hasher:e33e9641d6e15aea","6d7edc7c29a60a94c59effeeb2b78d8b95038135","default-hasher:f20647ba796d9a0c","rustc 1.97.0 (2d8144b78 2026-07-07)","x86_64-unknown-linux-gnu","Linux 7.0.11-76070011-generic x86_64","Intel(R) Core(TM) Ultra 7 155H","/dev/nvme0n1p3[/tmp] ext4   rw,nosuid,nodev,noatime,errors=remount-ro","/tmp/pigment-db-durability-bench","12-19","comparator","pre_feature_pigment_db","buffered","pre_feature_pigment_db","3","1","key_map","file","ordinary_write","8","32","5","3","18432","104497866","176386.377115","110187","0"
"protocol-v5-20260807-220443","6d7edc7c29a60a94c59effeeb2b78d8b95038135","default-hasher:e33e9641d6e15aea","6d7edc7c29a60a94c59effeeb2b78d8b95038135","default-hasher:f20647ba796d9a0c","rustc 1.97.0 (2d8144b78 2026-07-07)","x86_64-unknown-linux-gnu","Linux 7.0.11-76070011-generic x86_64","Intel(R) Core(TM) Ultra 7 155H","/dev/nvme0n1p3[/tmp] ext4   rw,nosuid,nodev,noatime,errors=remount-ro","/tmp/pigment-db-durability-bench","12-19","comparator","pre_feature_pigment_db","buffered","pre_feature_pigment_db","4","0","key_map","file","ordinary_write","8","32","5","4","19968","102639008","194545.917669","105160","0"
"protocol-v5-20260807-220443","6d7edc7c29a60a94c59effeeb2b78d8b95038135","default-hasher:e33e9641d6e15aea","6d7edc7c29a60a94c59effeeb2b78d8b95038135","default-hasher:f20647ba796d9a0c","rustc 1.97.0 (2d8144b78 2026-07-07)","x86_64-unknown-linux-gnu","Linux 7.0.11-76070011-generic x86_64","Intel(R) Core(TM) Ultra 7 155H","/dev/nvme0n1p3[/tmp] ext4   rw,nosuid,nodev,noatime,errors=remount-ro","/tmp/pigment-db-durability-bench","12-19","candidate","candidate_pigment_db","buffered","pre_feature_pigment_db","4","1","key_map","file","ordinary_write","8","32","5","4","20480","100141984","204509.629048","109053","0"
"protocol-v5-20260807-220443","6d7edc7c29a60a94c59effeeb2b78d8b95038135","default-hasher:e33e9641d6e15aea","6d7edc7c29a60a94c59effeeb2b78d8b95038135","default-hasher:f20647ba796d9a0c","rustc 1.97.0 (2d8144b78 2026-07-07)","x86_64-unknown-linux-gnu","Linux 7.0.11-76070011-generic x86_64","Intel(R) Core(TM) Ultra 7 155H","/dev/nvme0n1p3[/tmp] ext4   rw,nosuid,nodev,noatime,errors=remount-ro","/tmp/pigment-db-durability-bench","12-19","candidate","candidate_pigment_db","buffered","pre_feature_pigment_db","5","0","key_map","file","ordinary_write","8","32","5","5","15872","100605845","157764.193522","90374","0"
"protocol-v5-20260807-220443","6d7edc7c29a60a94c59effeeb2b78d8b95038135","default-hasher:e33e9641d6e15aea","6d7edc7c29a60a94c59effeeb2b78d8b95038135","default-hasher:f20647ba796d9a0c","rustc 1.97.0 (2d8144b78 2026-07-07)","x86_64-unknown-linux-gnu","Linux 7.0.11-76070011-generic x86_64","Intel(R) Core(TM) Ultra 7 155H","/dev/nvme0n1p3[/tmp] ext4   rw,nosuid,nodev,noatime,errors=remount-ro","/tmp/pigment-db-durability-bench","12-19","comparator","pre_feature_pigment_db","buffered","pre_feature_pigment_db","5","1","key_map","file","ordinary_write","8","32","5","5","19968","102230283","195323.728097","100301","0"
"protocol-v5-20260807-220443","6d7edc7c29a60a94c59effeeb2b78d8b95038135","default-hasher:e33e9641d6e15aea","6d7edc7c29a60a94c59effeeb2b78d8b95038135","default-hasher:f20647ba796d9a0c","rustc 1.97.0 (2d8144b78 2026-07-07)","x86_64-unknown-linux-gnu","Linux 7.0.11-76070011-generic x86_64","Intel(R) Core(TM) Ultra 7 155H","/dev/nvme0n1p3[/tmp] ext4   rw,nosuid,nodev,noatime,errors=remount-ro","/tmp/pigment-db-durability-bench","12-19","comparator","pre_feature_pigment_db","buffered","pre_feature_pigment_db","6","0","key_map","file","ordinary_write","8","32","5","6","16384","100805183","162531.325398","102481","0"
"protocol-v5-20260807-220443","6d7edc7c29a60a94c59effeeb2b78d8b95038135","default-hasher:e33e9641d6e15aea","6d7edc7c29a60a94c59effeeb2b78d8b95038135","default-hasher:f20647ba796d9a0c","rustc 1.97.0 (2d8144b78 2026-07-07)","x86_64-unknown-linux-gnu","Linux 7.0.11-76070011-generic x86_64","Intel(R) Core(TM) Ultra 7 155H","/dev/nvme0n1p3[/tmp] ext4   rw,nosuid,nodev,noatime,errors=remount-ro","/tmp/pigment-db-durability-bench","12-19","candidate","candidate_pigment_db","buffered","pre_feature_pigment_db","6","1","key_map","file","ordinary_write","8","32","5","6","20992","101406019","207009.408386","99312","0"
"protocol-v5-20260807-220443","6d7edc7c29a60a94c59effeeb2b78d8b95038135","default-hasher:e33e9641d6e15aea","6d7edc7c29a60a94c59effeeb2b78d8b95038135","default-hasher:f20647ba796d9a0c","rustc 1.97.0 (2d8144b78 2026-07-07)","x86_64-unknown-linux-gnu","Linux 7.0.11-76070011-generic x86_64","Intel(R) Core(TM) Ultra 7 155H","/dev/nvme0n1p3[/tmp] ext4   rw,nosuid,nodev,noatime,errors=remount-ro","/tmp/pigment-db-durability-bench","12-19","candidate","candidate_pigment_db","buffered","pre_feature_pigment_db","7","0","key_map","file","ordinary_write","8","32","5","7","14848","100810412","147286.373554","96473","0"
"protocol-v5-20260807-220443","6d7edc7c29a60a94c59effeeb2b78d8b95038135","default-hasher:e33e9641d6e15aea","6d7edc7c29a60a94c59effeeb2b78d8b95038135","default-hasher:f20647ba796d9a0c","rustc 1.97.0 (2d8144b78 2026-07-07)","x86_64-unknown-linux-gnu","Linux 7.0.11-76070011-generic x86_64","Intel(R) Core(TM) Ultra 7 155H","/dev/nvme0n1p3[/tmp] ext4   rw,nosuid,nodev,noatime,errors=remount-ro","/tmp/pigment-db-durability-bench","12-19","comparator","pre_feature_pigment_db","buffered","pre_feature_pigment_db","7","1","key_map","file","ordinary_write","8","32","5","7","21504","100776870","213382.296950","106926","0"
"protocol-v5-20260807-220443","6d7edc7c29a60a94c59effeeb2b78d8b95038135","default-hasher:e33e9641d6e15aea","6d7edc7c29a60a94c59effeeb2b78d8b95038135","default-hasher:f20647ba796d9a0c","rustc 1.97.0 (2d8144b78 2026-07-07)","x86_64-unknown-linux-gnu","Linux 7.0.11-76070011-generic x86_64","Intel(R) Core(TM) Ultra 7 155H","/dev/nvme0n1p3[/tmp] ext4   rw,nosuid,nodev,noatime,errors=remount-ro","/tmp/pigment-db-durability-bench","12-19","comparator","pre_feature_pigment_db","buffered","pre_feature_pigment_db","8","0","key_map","file","ordinary_write","8","32","5","8","19456","101955198","190828.916835","102378","0"
"protocol-v5-20260807-220443","6d7edc7c29a60a94c59effeeb2b78d8b95038135","default-hasher:e33e9641d6e15aea","6d7edc7c29a60a94c59effeeb2b78d8b95038135","default-hasher:f20647ba796d9a0c","rustc 1.97.0 (2d8144b78 2026-07-07)","x86_64-unknown-linux-gnu","Linux 7.0.11-76070011-generic x86_64","Intel(R) Core(TM) Ultra 7 155H","/dev/nvme0n1p3[/tmp] ext4   rw,nosuid,nodev,noatime,errors=remount-ro","/tmp/pigment-db-durability-bench","12-19","candidate","candidate_pigment_db","buffered","pre_feature_pigment_db","8","1","key_map","file","ordinary_write","8","32","5","8","18432","101699265","181240.247901","106510","0"
"protocol-v5-20260807-220443","6d7edc7c29a60a94c59effeeb2b78d8b95038135","default-hasher:e33e9641d6e15aea","6d7edc7c29a60a94c59effeeb2b78d8b95038135","default-hasher:f20647ba796d9a0c","rustc 1.97.0 (2d8144b78 2026-07-07)","x86_64-unknown-linux-gnu","Linux 7.0.11-76070011-generic x86_64","Intel(R) Core(TM) Ultra 7 155H","/dev/nvme0n1p3[/tmp] ext4   rw,nosuid,nodev,noatime,errors=remount-ro","/tmp/pigment-db-durability-bench","12-19","candidate","candidate_pigment_db","buffered","pre_feature_pigment_db","9","0","key_map","file","ordinary_write","8","32","5","9","17920","101005599","177415.907409","98171","0"
"protocol-v5-20260807-220443","6d7edc7c29a60a94c59effeeb2b78d8b95038135","default-hasher:e33e9641d6e15aea","6d7edc7c29a60a94c59effeeb2b78d8b95038135","default-hasher:f20647ba796d9a0c","rustc 1.97.0 (2d8144b78 2026-07-07)","x86_64-unknown-linux-gnu","Linux 7.0.11-76070011-generic x86_64","Intel(R) Core(TM) Ultra 7 155H","/dev/nvme0n1p3[/tmp] ext4   rw,nosuid,nodev,noatime,errors=remount-ro","/tmp/pigment-db-durability-bench","12-19","comparator","pre_feature_pigment_db","buffered","pre_feature_pigment_db","9","1","key_map","file","ordinary_write","8","32","5","9","20992","102746300","204309.060278","100536","0"
"protocol-v5-20260807-220443","6d7edc7c29a60a94c59effeeb2b78d8b95038135","default-hasher:e33e9641d6e15aea","6d7edc7c29a60a94c59effeeb2b78d8b95038135","default-hasher:f20647ba796d9a0c","rustc 1.97.0 (2d8144b78 2026-07-07)","x86_64-unknown-linux-gnu","Linux 7.0.11-76070011-generic x86_64","Intel(R) Core(TM) Ultra 7 155H","/dev/nvme0n1p3[/tmp] ext4   rw,nosuid,nodev,noatime,errors=remount-ro","/tmp/pigment-db-durability-bench","12-19","comparator","pre_feature_pigment_db","buffered","pre_feature_pigment_db","10","0","key_map","file","ordinary_write","8","32","5","10","17408","100316245","173531.216205","96396","0"
"protocol-v5-20260807-220443","6d7edc7c29a60a94c59effeeb2b78d8b95038135","default-hasher:e33e9641d6e15aea","6d7edc7c29a60a94c59effeeb2b78d8b95038135","default-hasher:f20647ba796d9a0c","rustc 1.97.0 (2d8144b78 2026-07-07)","x86_64-unknown-linux-gnu","Linux 7.0.11-76070011-generic x86_64","Intel(R) Core(TM) Ultra 7 155H","/dev/nvme0n1p3[/tmp] ext4   rw,nosuid,nodev,noatime,errors=remount-ro","/tmp/pigment-db-durability-bench","12-19","candidate","candidate_pigment_db","buffered","pre_feature_pigment_db","10","1","key_map","file","ordinary_write","8","32","5","10","19456","100948392","192732.143767","124925","0"
"protocol-v5-20260807-220443","6d7edc7c29a60a94c59effeeb2b78d8b95038135","default-hasher:e33e9641d6e15aea","6d7edc7c29a60a94c59effeeb2b78d8b95038135","default-hasher:f20647ba796d9a0c","rustc 1.97.0 (2d8144b78 2026-07-07)","x86_64-unknown-linux-gnu","Linux 7.0.11-76070011-generic x86_64","Intel(R) Core(TM) Ultra 7 155H","/dev/nvme0n1p3[/tmp] ext4   rw,nosuid,nodev,noatime,errors=remount-ro","/tmp/pigment-db-durability-bench","12-19","comparator","pre_feature_pigment_db","buffered","pre_feature_pigment_db","0","0","key_map","file","successful_remove","1","32","5","0","35264","100012077","352597.416810","3342","0"
"protocol-v5-20260807-220443","6d7edc7c29a60a94c59effeeb2b78d8b95038135","default-hasher:e33e9641d6e15aea","6d7edc7c29a60a94c59effeeb2b78d8b95038135","default-hasher:f20647ba796d9a0c","rustc 1.97.0 (2d8144b78 2026-07-07)","x86_64-unknown-linux-gnu","Linux 7.0.11-76070011-generic x86_64","Intel(R) Core(TM) Ultra 7 155H","/dev/nvme0n1p3[/tmp] ext4   rw,nosuid,nodev,noatime,errors=remount-ro","/tmp/pigment-db-durability-bench","12-19","candidate","candidate_pigment_db","buffered","pre_feature_pigment_db","0","1","key_map","file","successful_remove","1","32","5","0","35584","100170251","355235.208505","3312","0"
"protocol-v5-20260807-220443","6d7edc7c29a60a94c59effeeb2b78d8b95038135","default-hasher:e33e9641d6e15aea","6d7edc7c29a60a94c59effeeb2b78d8b95038135","default-hasher:f20647ba796d9a0c","rustc 1.97.0 (2d8144b78 2026-07-07)","x86_64-unknown-linux-gnu","Linux 7.0.11-76070011-generic x86_64","Intel(R) Core(TM) Ultra 7 155H","/dev/nvme0n1p3[/tmp] ext4   rw,nosuid,nodev,noatime,errors=remount-ro","/tmp/pigment-db-durability-bench","12-19","candidate","candidate_pigment_db","buffered","pre_feature_pigment_db","1","0","key_map","file","successful_remove","1","32","5","1","35136","100079473","351080.985408","3464","0"
"protocol-v5-20260807-220443","6d7edc7c29a60a94c59effeeb2b78d8b95038135","default-hasher:e33e9641d6e15aea","6d7edc7c29a60a94c59effeeb2b78d8b95038135","default-hasher:f20647ba796d9a0c","rustc 1.97.0 (2d8144b78 2026-07-07)","x86_64-unknown-linux-gnu","Linux 7.0.11-76070011-generic x86_64","Intel(R) Core(TM) Ultra 7 155H","/dev/nvme0n1p3[/tmp] ext4   rw,nosuid,nodev,noatime,errors=remount-ro","/tmp/pigment-db-durability-bench","12-19","comparator","pre_feature_pigment_db","buffered","pre_feature_pigment_db","1","1","key_map","file","successful_remove","1","32","5","1","35008","100090205","349764.494937","3401","0"
"protocol-v5-20260807-220443","6d7edc7c29a60a94c59effeeb2b78d8b95038135","default-hasher:e33e9641d6e15aea","6d7edc7c29a60a94c59effeeb2b78d8b95038135","default-hasher:f20647ba796d9a0c","rustc 1.97.0 (2d8144b78 2026-07-07)","x86_64-unknown-linux-gnu","Linux 7.0.11-76070011-generic x86_64","Intel(R) Core(TM) Ultra 7 155H","/dev/nvme0n1p3[/tmp] ext4   rw,nosuid,nodev,noatime,errors=remount-ro","/tmp/pigment-db-durability-bench","12-19","comparator","pre_feature_pigment_db","buffered","pre_feature_pigment_db","2","0","key_map","file","successful_remove","1","32","5","2","35328","100148047","352757.752730","3285","0"
"protocol-v5-20260807-220443","6d7edc7c29a60a94c59effeeb2b78d8b95038135","default-hasher:e33e9641d6e15aea","6d7edc7c29a60a94c59effeeb2b78d8b95038135","default-hasher:f20647ba796d9a0c","rustc 1.97.0 (2d8144b78 2026-07-07)","x86_64-unknown-linux-gnu","Linux 7.0.11-76070011-generic x86_64","Intel(R) Core(TM) Ultra 7 155H","/dev/nvme0n1p3[/tmp] ext4   rw,nosuid,nodev,noatime,errors=remount-ro","/tmp/pigment-db-durability-bench","12-19","candidate","candidate_pigment_db","buffered","pre_feature_pigment_db","2","1","key_map","file","successful_remove","1","32","5","2","35328","100075758","353012.564741","3365","0"
"protocol-v5-20260807-220443","6d7edc7c29a60a94c59effeeb2b78d8b95038135","default-hasher:e33e9641d6e15aea","6d7edc7c29a60a94c59effeeb2b78d8b95038135","default-hasher:f20647ba796d9a0c","rustc 1.97.0 (2d8144b78 2026-07-07)","x86_64-unknown-linux-gnu","Linux 7.0.11-76070011-generic x86_64","Intel(R) Core(TM) Ultra 7 155H","/dev/nvme0n1p3[/tmp] ext4   rw,nosuid,nodev,noatime,errors=remount-ro","/tmp/pigment-db-durability-bench","12-19","candidate","candidate_pigment_db","buffered","pre_feature_pigment_db","3","0","key_map","file","successful_remove","1","32","5","3","35008","100167818","349493.487020","3426","0"
"protocol-v5-20260807-220443","6d7edc7c29a60a94c59effeeb2b78d8b95038135","default-hasher:e33e9641d6e15aea","6d7edc7c29a60a94c59effeeb2b78d8b95038135","default-hasher:f20647ba796d9a0c","rustc 1.97.0 (2d8144b78 2026-07-07)","x86_64-unknown-linux-gnu","Linux 7.0.11-76070011-generic x86_64","Intel(R) Core(TM) Ultra 7 155H","/dev/nvme0n1p3[/tmp] ext4   rw,nosuid,nodev,noatime,errors=remount-ro","/tmp/pigment-db-durability-bench","12-19","comparator","pre_feature_pigment_db","buffered","pre_feature_pigment_db","3","1","key_map","file","successful_remove","1","32","5","3","35200","100051148","351820.051080","3233","0"
"protocol-v5-20260807-220443","6d7edc7c29a60a94c59effeeb2b78d8b95038135","default-hasher:e33e9641d6e15aea","6d7edc7c29a60a94c59effeeb2b78d8b95038135","default-hasher:f20647ba796d9a0c","rustc 1.97.0 (2d8144b78 2026-07-07)","x86_64-unknown-linux-gnu","Linux 7.0.11-76070011-generic x86_64","Intel(R) Core(TM) Ultra 7 155H","/dev/nvme0n1p3[/tmp] ext4   rw,nosuid,nodev,noatime,errors=remount-ro","/tmp/pigment-db-durability-bench","12-19","comparator","pre_feature_pigment_db","buffered","pre_feature_pigment_db","4","0","key_map","file","successful_remove","1","32","5","4","36288","100149806","362337.197138","3151","0"
"protocol-v5-20260807-220443","6d7edc7c29a60a94c59effeeb2b78d8b95038135","default-hasher:e33e9641d6e15aea","6d7edc7c29a60a94c59effeeb2b78d8b95038135","default-hasher:f20647ba796d9a0c","rustc 1.97.0 (2d8144b78 2026-07-07)","x86_64-unknown-linux-gnu","Linux 7.0.11-76070011-generic x86_64","Intel(R) Core(TM) Ultra 7 155H","/dev/nvme0n1p3[/tmp] ext4   rw,nosuid,nodev,noatime,errors=remount-ro","/tmp/pigment-db-durability-bench","12-19","candidate","candidate_pigment_db","buffered","pre_feature_pigment_db","4","1","key_map","file","successful_remove","1","32","5","4","33216","100127123","331738.284341","3724","0"
"protocol-v5-20260807-220443","6d7edc7c29a60a94c59effeeb2b78d8b95038135","default-hasher:e33e9641d6e15aea","6d7edc7c29a60a94c59effeeb2b78d8b95038135","default-hasher:f20647ba796d9a0c","rustc 1.97.0 (2d8144b78 2026-07-07)","x86_64-unknown-linux-gnu","Linux 7.0.11-76070011-generic x86_64","Intel(R) Core(TM) Ultra 7 155H","/dev/nvme0n1p3[/tmp] ext4   rw,nosuid,nodev,noatime,errors=remount-ro","/tmp/pigment-db-durability-bench","12-19","candidate","candidate_pigment_db","buffered","pre_feature_pigment_db","5","0","key_map","file","successful_remove","1","32","5","5","33600","100022057","335925.904823","3587","0"
"protocol-v5-20260807-220443","6d7edc7c29a60a94c59effeeb2b78d8b95038135","default-hasher:e33e9641d6e15aea","6d7edc7c29a60a94c59effeeb2b78d8b95038135","default-hasher:f20647ba796d9a0c","rustc 1.97.0 (2d8144b78 2026-07-07)","x86_64-unknown-linux-gnu","Linux 7.0.11-76070011-generic x86_64","Intel(R) Core(TM) Ultra 7 155H","/dev/nvme0n1p3[/tmp] ext4   rw,nosuid,nodev,noatime,errors=remount-ro","/tmp/pigment-db-durability-bench","12-19","comparator","pre_feature_pigment_db","buffered","pre_feature_pigment_db","5","1","key_map","file","successful_remove","1","32","5","5","35200","100148113","351479.413297","3253","0"
"protocol-v5-20260807-220443","6d7edc7c29a60a94c59effeeb2b78d8b95038135","default-hasher:e33e9641d6e15aea","6d7edc7c29a60a94c59effeeb2b78d8b95038135","default-hasher:f20647ba796d9a0c","rustc 1.97.0 (2d8144b78 2026-07-07)","x86_64-unknown-linux-gnu","Linux 7.0.11-76070011-generic x86_64","Intel(R) Core(TM) Ultra 7 155H","/dev/nvme0n1p3[/tmp] ext4   rw,nosuid,nodev,noatime,errors=remount-ro","/tmp/pigment-db-durability-bench","12-19","comparator","pre_feature_pigment_db","buffered","pre_feature_pigment_db","6","0","key_map","file","successful_remove","1","32","5","6","35328","100022026","353202.203683","3264","0"
"protocol-v5-20260807-220443","6d7edc7c29a60a94c59effeeb2b78d8b95038135","default-hasher:e33e9641d6e15aea","6d7edc7c29a60a94c59effeeb2b78d8b95038135","default-hasher:f20647ba796d9a0c","rustc 1.97.0 (2d8144b78 2026-07-07)","x86_64-unknown-linux-gnu","Linux 7.0.11-76070011-generic x86_64","Intel(R) Core(TM) Ultra 7 155H","/dev/nvme0n1p3[/tmp] ext4   rw,nosuid,nodev,noatime,errors=remount-ro","/tmp/pigment-db-durability-bench","12-19","candidate","candidate_pigment_db","buffered","pre_feature_pigment_db","6","1","key_map","file","successful_remove","1","32","5","6","34432","100164374","343754.956228","3617","0"
"protocol-v5-20260807-220443","6d7edc7c29a60a94c59effeeb2b78d8b95038135","default-hasher:e33e9641d6e15aea","6d7edc7c29a60a94c59effeeb2b78d8b95038135","default-hasher:f20647ba796d9a0c","rustc 1.97.0 (2d8144b78 2026-07-07)","x86_64-unknown-linux-gnu","Linux 7.0.11-76070011-generic x86_64","Intel(R) Core(TM) Ultra 7 155H","/dev/nvme0n1p3[/tmp] ext4   rw,nosuid,nodev,noatime,errors=remount-ro","/tmp/pigment-db-durability-bench","12-19","candidate","candidate_pigment_db","buffered","pre_feature_pigment_db","7","0","key_map","file","successful_remove","1","32","5","7","34816","100005596","348140.518057","3436","0"
"protocol-v5-20260807-220443","6d7edc7c29a60a94c59effeeb2b78d8b95038135","default-hasher:e33e9641d6e15aea","6d7edc7c29a60a94c59effeeb2b78d8b95038135","default-hasher:f20647ba796d9a0c","rustc 1.97.0 (2d8144b78 2026-07-07)","x86_64-unknown-linux-gnu","Linux 7.0.11-76070011-generic x86_64","Intel(R) Core(TM) Ultra 7 155H","/dev/nvme0n1p3[/tmp] ext4   rw,nosuid,nodev,noatime,errors=remount-ro","/tmp/pigment-db-durability-bench","12-19","comparator","pre_feature_pigment_db","buffered","pre_feature_pigment_db","7","1","key_map","file","successful_remove","1","32","5","7","35712","100016506","357061.063501","3245","0"
"protocol-v5-20260807-220443","6d7edc7c29a60a94c59effeeb2b78d8b95038135","default-hasher:e33e9641d6e15aea","6d7edc7c29a60a94c59effeeb2b78d8b95038135","default-hasher:f20647ba796d9a0c","rustc 1.97.0 (2d8144b78 2026-07-07)","x86_64-unknown-linux-gnu","Linux 7.0.11-76070011-generic x86_64","Intel(R) Core(TM) Ultra 7 155H","/dev/nvme0n1p3[/tmp] ext4   rw,nosuid,nodev,noatime,errors=remount-ro","/tmp/pigment-db-durability-bench","12-19","comparator","pre_feature_pigment_db","buffered","pre_feature_pigment_db","8","0","key_map","file","successful_remove","1","32","5","8","35264","100068409","352398.927418","3265","0"
"protocol-v5-20260807-220443","6d7edc7c29a60a94c59effeeb2b78d8b95038135","default-hasher:e33e9641d6e15aea","6d7edc7c29a60a94c59effeeb2b78d8b95038135","default-hasher:f20647ba796d9a0c","rustc 1.97.0 (2d8144b78 2026-07-07)","x86_64-unknown-linux-gnu","Linux 7.0.11-76070011-generic x86_64","Intel(R) Core(TM) Ultra 7 155H","/dev/nvme0n1p3[/tmp] ext4   rw,nosuid,nodev,noatime,errors=remount-ro","/tmp/pigment-db-durability-bench","12-19","candidate","candidate_pigment_db","buffered","pre_feature_pigment_db","8","1","key_map","file","successful_remove","1","32","5","8","34944","100135266","348967.964992","3380","0"
"protocol-v5-20260807-220443","6d7edc7c29a60a94c59effeeb2b78d8b95038135","default-hasher:e33e9641d6e15aea","6d7edc7c29a60a94c59effeeb2b78d8b95038135","default-hasher:f20647ba796d9a0c","rustc 1.97.0 (2d8144b78 2026-07-07)","x86_64-unknown-linux-gnu","Linux 7.0.11-76070011-generic x86_64","Intel(R) Core(TM) Ultra 7 155H","/dev/nvme0n1p3[/tmp] ext4   rw,nosuid,nodev,noatime,errors=remount-ro","/tmp/pigment-db-durability-bench","12-19","candidate","candidate_pigment_db","buffered","pre_feature_pigment_db","9","0","key_map","file","successful_remove","1","32","5","9","34688","100158570","346330.823214","3390","0"
"protocol-v5-20260807-220443","6d7edc7c29a60a94c59effeeb2b78d8b95038135","default-hasher:e33e9641d6e15aea","6d7edc7c29a60a94c59effeeb2b78d8b95038135","default-hasher:f20647ba796d9a0c","rustc 1.97.0 (2d8144b78 2026-07-07)","x86_64-unknown-linux-gnu","Linux 7.0.11-76070011-generic x86_64","Intel(R) Core(TM) Ultra 7 155H","/dev/nvme0n1p3[/tmp] ext4   rw,nosuid,nodev,noatime,errors=remount-ro","/tmp/pigment-db-durability-bench","12-19","comparator","pre_feature_pigment_db","buffered","pre_feature_pigment_db","9","1","key_map","file","successful_remove","1","32","5","9","33856","100029410","338460.458779","3803","0"
"protocol-v5-20260807-220443","6d7edc7c29a60a94c59effeeb2b78d8b95038135","default-hasher:e33e9641d6e15aea","6d7edc7c29a60a94c59effeeb2b78d8b95038135","default-hasher:f20647ba796d9a0c","rustc 1.97.0 (2d8144b78 2026-07-07)","x86_64-unknown-linux-gnu","Linux 7.0.11-76070011-generic x86_64","Intel(R) Core(TM) Ultra 7 155H","/dev/nvme0n1p3[/tmp] ext4   rw,nosuid,nodev,noatime,errors=remount-ro","/tmp/pigment-db-durability-bench","12-19","comparator","pre_feature_pigment_db","buffered","pre_feature_pigment_db","10","0","key_map","file","successful_remove","1","32","5","10","34944","100110449","349054.472825","3420","0"
"protocol-v5-20260807-220443","6d7edc7c29a60a94c59effeeb2b78d8b95038135","default-hasher:e33e9641d6e15aea","6d7edc7c29a60a94c59effeeb2b78d8b95038135","default-hasher:f20647ba796d9a0c","rustc 1.97.0 (2d8144b78 2026-07-07)","x86_64-unknown-linux-gnu","Linux 7.0.11-76070011-generic x86_64","Intel(R) Core(TM) Ultra 7 155H","/dev/nvme0n1p3[/tmp] ext4   rw,nosuid,nodev,noatime,errors=remount-ro","/tmp/pigment-db-durability-bench","12-19","candidate","candidate_pigment_db","buffered","pre_feature_pigment_db","10","1","key_map","file","successful_remove","1","32","5","10","35200","100023882","351915.955432","3346","0"
"protocol-v5-20260807-220443","6d7edc7c29a60a94c59effeeb2b78d8b95038135","default-hasher:e33e9641d6e15aea","6d7edc7c29a60a94c59effeeb2b78d8b95038135","default-hasher:f20647ba796d9a0c","rustc 1.97.0 (2d8144b78 2026-07-07)","x86_64-unknown-linux-gnu","Linux 7.0.11-76070011-generic x86_64","Intel(R) Core(TM) Ultra 7 155H","/dev/nvme0n1p3[/tmp] ext4   rw,nosuid,nodev,noatime,errors=remount-ro","/tmp/pigment-db-durability-bench","12-19","comparator","pre_feature_pigment_db","buffered","pre_feature_pigment_db","0","0","key_map","file","successful_remove","8","32","5","0","16896","101448456","166547.630848","103601","0"
"protocol-v5-20260807-220443","6d7edc7c29a60a94c59effeeb2b78d8b95038135","default-hasher:e33e9641d6e15aea","6d7edc7c29a60a94c59effeeb2b78d8b95038135","default-hasher:f20647ba796d9a0c","rustc 1.97.0 (2d8144b78 2026-07-07)","x86_64-unknown-linux-gnu","Linux 7.0.11-76070011-generic x86_64","Intel(R) Core(TM) Ultra 7 155H","/dev/nvme0n1p3[/tmp] ext4   rw,nosuid,nodev,noatime,errors=remount-ro","/tmp/pigment-db-durability-bench","12-19","candidate","candidate_pigment_db","buffered","pre_feature_pigment_db","0","1","key_map","file","successful_remove","8","32","5","0","17408","100876830","172566.881810","94375","0"
"protocol-v5-20260807-220443","6d7edc7c29a60a94c59effeeb2b78d8b95038135","default-hasher:e33e9641d6e15aea","6d7edc7c29a60a94c59effeeb2b78d8b95038135","default-hasher:f20647ba796d9a0c","rustc 1.97.0 (2d8144b78 2026-07-07)","x86_64-unknown-linux-gnu","Linux 7.0.11-76070011-generic x86_64","Intel(R) Core(TM) Ultra 7 155H","/dev/nvme0n1p3[/tmp] ext4   rw,nosuid,nodev,noatime,errors=remount-ro","/tmp/pigment-db-durability-bench","12-19","candidate","candidate_pigment_db","buffered","pre_feature_pigment_db","1","0","key_map","file","successful_remove","8","32","5","1","17408","100798048","172701.757082","108198","0"
"protocol-v5-20260807-220443","6d7edc7c29a60a94c59effeeb2b78d8b95038135","default-hasher:e33e9641d6e15aea","6d7edc7c29a60a94c59effeeb2b78d8b95038135","default-hasher:f20647ba796d9a0c","rustc 1.97.0 (2d8144b78 2026-07-07)","x86_64-unknown-linux-gnu","Linux 7.0.11-76070011-generic x86_64","Intel(R) Core(TM) Ultra 7 155H","/dev/nvme0n1p3[/tmp] ext4   rw,nosuid,nodev,noatime,errors=remount-ro","/tmp/pigment-db-durability-bench","12-19","comparator","pre_feature_pigment_db","buffered","pre_feature_pigment_db","1","1","key_map","file","successful_remove","8","32","5","1","17408","101532441","171452.590212","114646","0"
"protocol-v5-20260807-220443","6d7edc7c29a60a94c59effeeb2b78d8b95038135","default-hasher:e33e9641d6e15aea","6d7edc7c29a60a94c59effeeb2b78d8b95038135","default-hasher:f20647ba796d9a0c","rustc 1.97.0 (2d8144b78 2026-07-07)","x86_64-unknown-linux-gnu","Linux 7.0.11-76070011-generic x86_64","Intel(R) Core(TM) Ultra 7 155H","/dev/nvme0n1p3[/tmp] ext4   rw,nosuid,nodev,noatime,errors=remount-ro","/tmp/pigment-db-durability-bench","12-19","comparator","pre_feature_pigment_db","buffered","pre_feature_pigment_db","2","0","key_map","file","successful_remove","8","32","5","2","17408","101594901","171347.182080","113771","0"
"protocol-v5-20260807-220443","6d7edc7c29a60a94c59effeeb2b78d8b95038135","default-hasher:e33e9641d6e15aea","6d7edc7c29a60a94c59effeeb2b78d8b95038135","default-hasher:f20647ba796d9a0c","rustc 1.97.0 (2d8144b78 2026-07-07)","x86_64-unknown-linux-gnu","Linux 7.0.11-76070011-generic x86_64","Intel(R) Core(TM) Ultra 7 155H","/dev/nvme0n1p3[/tmp] ext4   rw,nosuid,nodev,noatime,errors=remount-ro","/tmp/pigment-db-durability-bench","12-19","candidate","candidate_pigment_db","buffered","pre_feature_pigment_db","2","1","key_map","file","successful_remove","8","32","5","2","18944","100121604","189209.913177","98310","0"
"protocol-v5-20260807-220443","6d7edc7c29a60a94c59effeeb2b78d8b95038135","default-hasher:e33e9641d6e15aea","6d7edc7c29a60a94c59effeeb2b78d8b95038135","default-hasher:f20647ba796d9a0c","rustc 1.97.0 (2d8144b78 2026-07-07)","x86_64-unknown-linux-gnu","Linux 7.0.11-76070011-generic x86_64","Intel(R) Core(TM) Ultra 7 155H","/dev/nvme0n1p3[/tmp] ext4   rw,nosuid,nodev,noatime,errors=remount-ro","/tmp/pigment-db-durability-bench","12-19","candidate","candidate_pigment_db","buffered","pre_feature_pigment_db","3","0","key_map","file","successful_remove","8","32","5","3","18944","101851736","185995.847925","101678","0"
"protocol-v5-20260807-220443","6d7edc7c29a60a94c59effeeb2b78d8b95038135","default-hasher:e33e9641d6e15aea","6d7edc7c29a60a94c59effeeb2b78d8b95038135","default-hasher:f20647ba796d9a0c","rustc 1.97.0 (2d8144b78 2026-07-07)","x86_64-unknown-linux-gnu","Linux 7.0.11-76070011-generic x86_64","Intel(R) Core(TM) Ultra 7 155H","/dev/nvme0n1p3[/tmp] ext4   rw,nosuid,nodev,noatime,errors=remount-ro","/tmp/pigment-db-durability-bench","12-19","comparator","pre_feature_pigment_db","buffered","pre_feature_pigment_db","3","1","key_map","file","successful_remove","8","32","5","3","18432","100606021","183209.710679","107917","0"
"protocol-v5-20260807-220443","6d7edc7c29a60a94c59effeeb2b78d8b95038135","default-hasher:e33e9641d6e15aea","6d7edc7c29a60a94c59effeeb2b78d8b95038135","default-hasher:f20647ba796d9a0c","rustc 1.97.0 (2d8144b78 2026-07-07)","x86_64-unknown-linux-gnu","Linux 7.0.11-76070011-generic x86_64","Intel(R) Core(TM) Ultra 7 155H","/dev/nvme0n1p3[/tmp] ext4   rw,nosuid,nodev,noatime,errors=remount-ro","/tmp/pigment-db-durability-bench","12-19","comparator","pre_feature_pigment_db","buffered","pre_feature_pigment_db","4","0","key_map","file","successful_remove","8","32","5","4","17408","100894710","172536.300466","86730","0"
"protocol-v5-20260807-220443","6d7edc7c29a60a94c59effeeb2b78d8b95038135","default-hasher:e33e9641d6e15aea","6d7edc7c29a60a94c59effeeb2b78d8b95038135","default-hasher:f20647ba796d9a0c","rustc 1.97.0 (2d8144b78 2026-07-07)","x86_64-unknown-linux-gnu","Linux 7.0.11-76070011-generic x86_64","Intel(R) Core(TM) Ultra 7 155H","/dev/nvme0n1p3[/tmp] ext4   rw,nosuid,nodev,noatime,errors=remount-ro","/tmp/pigment-db-durability-bench","12-19","candidate","candidate_pigment_db","buffered","pre_feature_pigment_db","4","1","key_map","file","successful_remove","8","32","5","4","17920","100850814","177688.203885","110521","0"
"protocol-v5-20260807-220443","6d7edc7c29a60a94c59effeeb2b78d8b95038135","default-hasher:e33e9641d6e15aea","6d7edc7c29a60a94c59effeeb2b78d8b95038135","default-hasher:f20647ba796d9a0c","rustc 1.97.0 (2d8144b78 2026-07-07)","x86_64-unknown-linux-gnu","Linux 7.0.11-76070011-generic x86_64","Intel(R) Core(TM) Ultra 7 155H","/dev/nvme0n1p3[/tmp] ext4   rw,nosuid,nodev,noatime,errors=remount-ro","/tmp/pigment-db-durability-bench","12-19","candidate","candidate_pigment_db","buffered","pre_feature_pigment_db","5","0","key_map","file","successful_remove","8","32","5","5","15360","102482162","149879.741998","114699","0"
"protocol-v5-20260807-220443","6d7edc7c29a60a94c59effeeb2b78d8b95038135","default-hasher:e33e9641d6e15aea","6d7edc7c29a60a94c59effeeb2b78d8b95038135","default-hasher:f20647ba796d9a0c","rustc 1.97.0 (2d8144b78 2026-07-07)","x86_64-unknown-linux-gnu","Linux 7.0.11-76070011-generic x86_64","Intel(R) Core(TM) Ultra 7 155H","/dev/nvme0n1p3[/tmp] ext4   rw,nosuid,nodev,noatime,errors=remount-ro","/tmp/pigment-db-durability-bench","12-19","comparator","pre_feature_pigment_db","buffered","pre_feature_pigment_db","5","1","key_map","file","successful_remove","8","32","5","5","17920","100627835","178081.939257","104883","0"
"protocol-v5-20260807-220443","6d7edc7c29a60a94c59effeeb2b78d8b95038135","default-hasher:e33e9641d6e15aea","6d7edc7c29a60a94c59effeeb2b78d8b95038135","default-hasher:f20647ba796d9a0c","rustc 1.97.0 (2d8144b78 2026-07-07)","x86_64-unknown-linux-gnu","Linux 7.0.11-76070011-generic x86_64","Intel(R) Core(TM) Ultra 7 155H","/dev/nvme0n1p3[/tmp] ext4   rw,nosuid,nodev,noatime,errors=remount-ro","/tmp/pigment-db-durability-bench","12-19","comparator","pre_feature_pigment_db","buffered","pre_feature_pigment_db","6","0","key_map","file","successful_remove","8","32","5","6","17920","101537489","176486.538878","108646","0"
"protocol-v5-20260807-220443","6d7edc7c29a60a94c59effeeb2b78d8b95038135","default-hasher:e33e9641d6e15aea","6d7edc7c29a60a94c59effeeb2b78d8b95038135","default-hasher:f20647ba796d9a0c","rustc 1.97.0 (2d8144b78 2026-07-07)","x86_64-unknown-linux-gnu","Linux 7.0.11-76070011-generic x86_64","Intel(R) Core(TM) Ultra 7 155H","/dev/nvme0n1p3[/tmp] ext4   rw,nosuid,nodev,noatime,errors=remount-ro","/tmp/pigment-db-durability-bench","12-19","candidate","candidate_pigment_db","buffered","pre_feature_pigment_db","6","1","key_map","file","successful_remove","8","32","5","6","17408","101432440","171621.623220","89901","0"
"protocol-v5-20260807-220443","6d7edc7c29a60a94c59effeeb2b78d8b95038135","default-hasher:e33e9641d6e15aea","6d7edc7c29a60a94c59effeeb2b78d8b95038135","default-hasher:f20647ba796d9a0c","rustc 1.97.0 (2d8144b78 2026-07-07)","x86_64-unknown-linux-gnu","Linux 7.0.11-76070011-generic x86_64","Intel(R) Core(TM) Ultra 7 155H","/dev/nvme0n1p3[/tmp] ext4   rw,nosuid,nodev,noatime,errors=remount-ro","/tmp/pigment-db-durability-bench","12-19","candidate","candidate_pigment_db","buffered","pre_feature_pigment_db","7","0","key_map","file","successful_remove","8","32","5","7","17920","100052039","179106.794615","106438","0"
"protocol-v5-20260807-220443","6d7edc7c29a60a94c59effeeb2b78d8b95038135","default-hasher:e33e9641d6e15aea","6d7edc7c29a60a94c59effeeb2b78d8b95038135","default-hasher:f20647ba796d9a0c","rustc 1.97.0 (2d8144b78 2026-07-07)","x86_64-unknown-linux-gnu","Linux 7.0.11-76070011-generic x86_64","Intel(R) Core(TM) Ultra 7 155H","/dev/nvme0n1p3[/tmp] ext4   rw,nosuid,nodev,noatime,errors=remount-ro","/tmp/pigment-db-durability-bench","12-19","comparator","pre_feature_pigment_db","buffered","pre_feature_pigment_db","7","1","key_map","file","successful_remove","8","32","5","7","17408","100142727","173831.894951","111842","0"
"protocol-v5-20260807-220443","6d7edc7c29a60a94c59effeeb2b78d8b95038135","default-hasher:e33e9641d6e15aea","6d7edc7c29a60a94c59effeeb2b78d8b95038135","default-hasher:f20647ba796d9a0c","rustc 1.97.0 (2d8144b78 2026-07-07)","x86_64-unknown-linux-gnu","Linux 7.0.11-76070011-generic x86_64","Intel(R) Core(TM) Ultra 7 155H","/dev/nvme0n1p3[/tmp] ext4   rw,nosuid,nodev,noatime,errors=remount-ro","/tmp/pigment-db-durability-bench","12-19","comparator","pre_feature_pigment_db","buffered","pre_feature_pigment_db","8","0","key_map","file","successful_remove","8","32","5","8","17920","101360006","176795.569645","77438","0"
"protocol-v5-20260807-220443","6d7edc7c29a60a94c59effeeb2b78d8b95038135","default-hasher:e33e9641d6e15aea","6d7edc7c29a60a94c59effeeb2b78d8b95038135","default-hasher:f20647ba796d9a0c","rustc 1.97.0 (2d8144b78 2026-07-07)","x86_64-unknown-linux-gnu","Linux 7.0.11-76070011-generic x86_64","Intel(R) Core(TM) Ultra 7 155H","/dev/nvme0n1p3[/tmp] ext4   rw,nosuid,nodev,noatime,errors=remount-ro","/tmp/pigment-db-durability-bench","12-19","candidate","candidate_pigment_db","buffered","pre_feature_pigment_db","8","1","key_map","file","successful_remove","8","32","5","8","17920","101527827","176503.334401","105892","0"
"protocol-v5-20260807-220443","6d7edc7c29a60a94c59effeeb2b78d8b95038135","default-hasher:e33e9641d6e15aea","6d7edc7c29a60a94c59effeeb2b78d8b95038135","default-hasher:f20647ba796d9a0c","rustc 1.97.0 (2d8144b78 2026-07-07)","x86_64-unknown-linux-gnu","Linux 7.0.11-76070011-generic x86_64","Intel(R) Core(TM) Ultra 7 155H","/dev/nvme0n1p3[/tmp] ext4   rw,nosuid,nodev,noatime,errors=remount-ro","/tmp/pigment-db-durability-bench","12-19","candidate","candidate_pigment_db","buffered","pre_feature_pigment_db","9","0","key_map","file","successful_remove","8","32","5","9","16384","101039736","162154.026214","100092","0"
"protocol-v5-20260807-220443","6d7edc7c29a60a94c59effeeb2b78d8b95038135","default-hasher:e33e9641d6e15aea","6d7edc7c29a60a94c59effeeb2b78d8b95038135","default-hasher:f20647ba796d9a0c","rustc 1.97.0 (2d8144b78 2026-07-07)","x86_64-unknown-linux-gnu","Linux 7.0.11-76070011-generic x86_64","Intel(R) Core(TM) Ultra 7 155H","/dev/nvme0n1p3[/tmp] ext4   rw,nosuid,nodev,noatime,errors=remount-ro","/tmp/pigment-db-durability-bench","12-19","comparator","pre_feature_pigment_db","buffered","pre_feature_pigment_db","9","1","key_map","file","successful_remove","8","32","5","9","18432","101109049","182298.223377","96467","0"
"protocol-v5-20260807-220443","6d7edc7c29a60a94c59effeeb2b78d8b95038135","default-hasher:e33e9641d6e15aea","6d7edc7c29a60a94c59effeeb2b78d8b95038135","default-hasher:f20647ba796d9a0c","rustc 1.97.0 (2d8144b78 2026-07-07)","x86_64-unknown-linux-gnu","Linux 7.0.11-76070011-generic x86_64","Intel(R) Core(TM) Ultra 7 155H","/dev/nvme0n1p3[/tmp] ext4   rw,nosuid,nodev,noatime,errors=remount-ro","/tmp/pigment-db-durability-bench","12-19","comparator","pre_feature_pigment_db","buffered","pre_feature_pigment_db","10","0","key_map","file","successful_remove","8","32","5","10","17408","100814209","172674.072164","115683","0"
"protocol-v5-20260807-220443","6d7edc7c29a60a94c59effeeb2b78d8b95038135","default-hasher:e33e9641d6e15aea","6d7edc7c29a60a94c59effeeb2b78d8b95038135","default-hasher:f20647ba796d9a0c","rustc 1.97.0 (2d8144b78 2026-07-07)","x86_64-unknown-linux-gnu","Linux 7.0.11-76070011-generic x86_64","Intel(R) Core(TM) Ultra 7 155H","/dev/nvme0n1p3[/tmp] ext4   rw,nosuid,nodev,noatime,errors=remount-ro","/tmp/pigment-db-durability-bench","12-19","candidate","candidate_pigment_db","buffered","pre_feature_pigment_db","10","1","key_map","file","successful_remove","8","32","5","10","18432","101840944","180988.110244","101254","0"
"protocol-v5-20260807-220443","6d7edc7c29a60a94c59effeeb2b78d8b95038135","default-hasher:e33e9641d6e15aea","6d7edc7c29a60a94c59effeeb2b78d8b95038135","default-hasher:f20647ba796d9a0c","rustc 1.97.0 (2d8144b78 2026-07-07)","x86_64-unknown-linux-gnu","Linux 7.0.11-76070011-generic x86_64","Intel(R) Core(TM) Ultra 7 155H","/dev/nvme0n1p3[/tmp] ext4   rw,nosuid,nodev,noatime,errors=remount-ro","/tmp/pigment-db-durability-bench","12-19","comparator","pre_feature_pigment_db","buffered","pre_feature_pigment_db","0","0","key_map","file","minimal_callback","1","32","5","0","27584","100083620","275609.535307","5463","0"
"protocol-v5-20260807-220443","6d7edc7c29a60a94c59effeeb2b78d8b95038135","default-hasher:e33e9641d6e15aea","6d7edc7c29a60a94c59effeeb2b78d8b95038135","default-hasher:f20647ba796d9a0c","rustc 1.97.0 (2d8144b78 2026-07-07)","x86_64-unknown-linux-gnu","Linux 7.0.11-76070011-generic x86_64","Intel(R) Core(TM) Ultra 7 155H","/dev/nvme0n1p3[/tmp] ext4   rw,nosuid,nodev,noatime,errors=remount-ro","/tmp/pigment-db-durability-bench","12-19","candidate","candidate_pigment_db","buffered","pre_feature_pigment_db","0","1","key_map","file","minimal_callback","1","32","5","0","27648","100169870","276011.139877","5977","0"
"protocol-v5-20260807-220443","6d7edc7c29a60a94c59effeeb2b78d8b95038135","default-hasher:e33e9641d6e15aea","6d7edc7c29a60a94c59effeeb2b78d8b95038135","default-hasher:f20647ba796d9a0c","rustc 1.97.0 (2d8144b78 2026-07-07)","x86_64-unknown-linux-gnu","Linux 7.0.11-76070011-generic x86_64","Intel(R) Core(TM) Ultra 7 155H","/dev/nvme0n1p3[/tmp] ext4   rw,nosuid,nodev,noatime,errors=remount-ro","/tmp/pigment-db-durability-bench","12-19","candidate","candidate_pigment_db","buffered","pre_feature_pigment_db","1","0","key_map","file","minimal_callback","1","32","5","1","27456","100103022","274277.433902","6181","0"
"protocol-v5-20260807-220443","6d7edc7c29a60a94c59effeeb2b78d8b95038135","default-hasher:e33e9641d6e15aea","6d7edc7c29a60a94c59effeeb2b78d8b95038135","default-hasher:f20647ba796d9a0c","rustc 1.97.0 (2d8144b78 2026-07-07)","x86_64-unknown-linux-gnu","Linux 7.0.11-76070011-generic x86_64","Intel(R) Core(TM) Ultra 7 155H","/dev/nvme0n1p3[/tmp] ext4   rw,nosuid,nodev,noatime,errors=remount-ro","/tmp/pigment-db-durability-bench","12-19","comparator","pre_feature_pigment_db","buffered","pre_feature_pigment_db","1","1","key_map","file","minimal_callback","1","32","5","1","27840","100004640","278387.082839","5674","0"
"protocol-v5-20260807-220443","6d7edc7c29a60a94c59effeeb2b78d8b95038135","default-hasher:e33e9641d6e15aea","6d7edc7c29a60a94c59effeeb2b78d8b95038135","default-hasher:f20647ba796d9a0c","rustc 1.97.0 (2d8144b78 2026-07-07)","x86_64-unknown-linux-gnu","Linux 7.0.11-76070011-generic x86_64","Intel(R) Core(TM) Ultra 7 155H","/dev/nvme0n1p3[/tmp] ext4   rw,nosuid,nodev,noatime,errors=remount-ro","/tmp/pigment-db-durability-bench","12-19","comparator","pre_feature_pigment_db","buffered","pre_feature_pigment_db","2","0","key_map","file","minimal_callback","1","32","5","2","27776","100077013","277546.253304","5445","0"
"protocol-v5-20260807-220443","6d7edc7c29a60a94c59effeeb2b78d8b95038135","default-hasher:e33e9641d6e15aea","6d7edc7c29a60a94c59effeeb2b78d8b95038135","default-hasher:f20647ba796d9a0c","rustc 1.97.0 (2d8144b78 2026-07-07)","x86_64-unknown-linux-gnu","Linux 7.0.11-76070011-generic x86_64","Intel(R) Core(TM) Ultra 7 155H","/dev/nvme0n1p3[/tmp] ext4   rw,nosuid,nodev,noatime,errors=remount-ro","/tmp/pigment-db-durability-bench","12-19","candidate","candidate_pigment_db","buffered","pre_feature_pigment_db","2","1","key_map","file","minimal_callback","1","32","5","2","27584","100067859","275652.944668","5433","0"
"protocol-v5-20260807-220443","6d7edc7c29a60a94c59effeeb2b78d8b95038135","default-hasher:e33e9641d6e15aea","6d7edc7c29a60a94c59effeeb2b78d8b95038135","default-hasher:f20647ba796d9a0c","rustc 1.97.0 (2d8144b78 2026-07-07)","x86_64-unknown-linux-gnu","Linux 7.0.11-76070011-generic x86_64","Intel(R) Core(TM) Ultra 7 155H","/dev/nvme0n1p3[/tmp] ext4   rw,nosuid,nodev,noatime,errors=remount-ro","/tmp/pigment-db-durability-bench","12-19","candidate","candidate_pigment_db","buffered","pre_feature_pigment_db","3","0","key_map","file","minimal_callback","1","32","5","3","27584","100047610","275708.735071","5175","0"
"protocol-v5-20260807-220443","6d7edc7c29a60a94c59effeeb2b78d8b95038135","default-hasher:e33e9641d6e15aea","6d7edc7c29a60a94c59effeeb2b78d8b95038135","default-hasher:f20647ba796d9a0c","rustc 1.97.0 (2d8144b78 2026-07-07)","x86_64-unknown-linux-gnu","Linux 7.0.11-76070011-generic x86_64","Intel(R) Core(TM) Ultra 7 155H","/dev/nvme0n1p3[/tmp] ext4   rw,nosuid,nodev,noatime,errors=remount-ro","/tmp/pigment-db-durability-bench","12-19","comparator","pre_feature_pigment_db","buffered","pre_feature_pigment_db","3","1","key_map","file","minimal_callback","1","32","5","3","27584","100190558","275315.364548","5893","0"
"protocol-v5-20260807-220443","6d7edc7c29a60a94c59effeeb2b78d8b95038135","default-hasher:e33e9641d6e15aea","6d7edc7c29a60a94c59effeeb2b78d8b95038135","default-hasher:f20647ba796d9a0c","rustc 1.97.0 (2d8144b78 2026-07-07)","x86_64-unknown-linux-gnu","Linux 7.0.11-76070011-generic x86_64","Intel(R) Core(TM) Ultra 7 155H","/dev/nvme0n1p3[/tmp] ext4   rw,nosuid,nodev,noatime,errors=remount-ro","/tmp/pigment-db-durability-bench","12-19","comparator","pre_feature_pigment_db","buffered","pre_feature_pigment_db","4","0","key_map","file","minimal_callback","1","32","5","4","27584","100156444","275409.138927","6063","0"
"protocol-v5-20260807-220443","6d7edc7c29a60a94c59effeeb2b78d8b95038135","default-hasher:e33e9641d6e15aea","6d7edc7c29a60a94c59effeeb2b78d8b95038135","default-hasher:f20647ba796d9a0c","rustc 1.97.0 (2d8144b78 2026-07-07)","x86_64-unknown-linux-gnu","Linux 7.0.11-76070011-generic x86_64","Intel(R) Core(TM) Ultra 7 155H","/dev/nvme0n1p3[/tmp] ext4   rw,nosuid,nodev,noatime,errors=remount-ro","/tmp/pigment-db-durability-bench","12-19","candidate","candidate_pigment_db","buffered","pre_feature_pigment_db","4","1","key_map","file","minimal_callback","1","32","5","4","27648","100042983","276361.211660","5416","0"
"protocol-v5-20260807-220443","6d7edc7c29a60a94c59effeeb2b78d8b95038135","default-hasher:e33e9641d6e15aea","6d7edc7c29a60a94c59effeeb2b78d8b95038135","default-hasher:f20647ba796d9a0c","rustc 1.97.0 (2d8144b78 2026-07-07)","x86_64-unknown-linux-gnu","Linux 7.0.11-76070011-generic x86_64","Intel(R) Core(TM) Ultra 7 155H","/dev/nvme0n1p3[/tmp] ext4   rw,nosuid,nodev,noatime,errors=remount-ro","/tmp/pigment-db-durability-bench","12-19","candidate","candidate_pigment_db","buffered","pre_feature_pigment_db","5","0","key_map","file","minimal_callback","1","32","5","5","27200","100147637","271599.019356","6234","0"
"protocol-v5-20260807-220443","6d7edc7c29a60a94c59effeeb2b78d8b95038135","default-hasher:e33e9641d6e15aea","6d7edc7c29a60a94c59effeeb2b78d8b95038135","default-hasher:f20647ba796d9a0c","rustc 1.97.0 (2d8144b78 2026-07-07)","x86_64-unknown-linux-gnu","Linux 7.0.11-76070011-generic x86_64","Intel(R) Core(TM) Ultra 7 155H","/dev/nvme0n1p3[/tmp] ext4   rw,nosuid,nodev,noatime,errors=remount-ro","/tmp/pigment-db-durability-bench","12-19","comparator","pre_feature_pigment_db","buffered","pre_feature_pigment_db","5","1","key_map","file","minimal_callback","1","32","5","5","27264","100150192","272231.130620","5700","0"
"protocol-v5-20260807-220443","6d7edc7c29a60a94c59effeeb2b78d8b95038135","default-hasher:e33e9641d6e15aea","6d7edc7c29a60a94c59effeeb2b78d8b95038135","default-hasher:f20647ba796d9a0c","rustc 1.97.0 (2d8144b78 2026-07-07)","x86_64-unknown-linux-gnu","Linux 7.0.11-76070011-generic x86_64","Intel(R) Core(TM) Ultra 7 155H","/dev/nvme0n1p3[/tmp] ext4   rw,nosuid,nodev,noatime,errors=remount-ro","/tmp/pigment-db-durability-bench","12-19","comparator","pre_feature_pigment_db","buffered","pre_feature_pigment_db","6","0","key_map","file","minimal_callback","1","32","5","6","27840","100192828","277864.200020","5766","0"
"protocol-v5-20260807-220443","6d7edc7c29a60a94c59effeeb2b78d8b95038135","default-hasher:e33e9641d6e15aea","6d7edc7c29a60a94c59effeeb2b78d8b95038135","default-hasher:f20647ba796d9a0c","rustc 1.97.0 (2d8144b78 2026-07-07)","x86_64-unknown-linux-gnu","Linux 7.0.11-76070011-generic x86_64","Intel(R) Core(TM) Ultra 7 155H","/dev/nvme0n1p3[/tmp] ext4   rw,nosuid,nodev,noatime,errors=remount-ro","/tmp/pigment-db-durability-bench","12-19","candidate","candidate_pigment_db","buffered","pre_feature_pigment_db","6","1","key_map","file","minimal_callback","1","32","5","6","27520","100021047","275142.090844","5463","0"
"protocol-v5-20260807-220443","6d7edc7c29a60a94c59effeeb2b78d8b95038135","default-hasher:e33e9641d6e15aea","6d7edc7c29a60a94c59effeeb2b78d8b95038135","default-hasher:f20647ba796d9a0c","rustc 1.97.0 (2d8144b78 2026-07-07)","x86_64-unknown-linux-gnu","Linux 7.0.11-76070011-generic x86_64","Intel(R) Core(TM) Ultra 7 155H","/dev/nvme0n1p3[/tmp] ext4   rw,nosuid,nodev,noatime,errors=remount-ro","/tmp/pigment-db-durability-bench","12-19","candidate","candidate_pigment_db","buffered","pre_feature_pigment_db","7","0","key_map","file","minimal_callback","1","32","5","7","27584","100187526","275323.696485","5969","0"
"protocol-v5-20260807-220443","6d7edc7c29a60a94c59effeeb2b78d8b95038135","default-hasher:e33e9641d6e15aea","6d7edc7c29a60a94c59effeeb2b78d8b95038135","default-hasher:f20647ba796d9a0c","rustc 1.97.0 (2d8144b78 2026-07-07)","x86_64-unknown-linux-gnu","Linux 7.0.11-76070011-generic x86_64","Intel(R) Core(TM) Ultra 7 155H","/dev/nvme0n1p3[/tmp] ext4   rw,nosuid,nodev,noatime,errors=remount-ro","/tmp/pigment-db-durability-bench","12-19","comparator","pre_feature_pigment_db","buffered","pre_feature_pigment_db","7","1","key_map","file","minimal_callback","1","32","5","7","27712","100084157","276886.980224","6014","0"
"protocol-v5-20260807-220443","6d7edc7c29a60a94c59effeeb2b78d8b95038135","default-hasher:e33e9641d6e15aea","6d7edc7c29a60a94c59effeeb2b78d8b95038135","default-hasher:f20647ba796d9a0c","rustc 1.97.0 (2d8144b78 2026-07-07)","x86_64-unknown-linux-gnu","Linux 7.0.11-76070011-generic x86_64","Intel(R) Core(TM) Ultra 7 155H","/dev/nvme0n1p3[/tmp] ext4   rw,nosuid,nodev,noatime,errors=remount-ro","/tmp/pigment-db-durability-bench","12-19","comparator","pre_feature_pigment_db","buffered","pre_feature_pigment_db","8","0","key_map","file","minimal_callback","1","32","5","8","28096","100189818","280427.697753","5154","0"
"protocol-v5-20260807-220443","6d7edc7c29a60a94c59effeeb2b78d8b95038135","default-hasher:e33e9641d6e15aea","6d7edc7c29a60a94c59effeeb2b78d8b95038135","default-hasher:f20647ba796d9a0c","rustc 1.97.0 (2d8144b78 2026-07-07)","x86_64-unknown-linux-gnu","Linux 7.0.11-76070011-generic x86_64","Intel(R) Core(TM) Ultra 7 155H","/dev/nvme0n1p3[/tmp] ext4   rw,nosuid,nodev,noatime,errors=remount-ro","/tmp/pigment-db-durability-bench","12-19","candidate","candidate_pigment_db","buffered","pre_feature_pigment_db","8","1","key_map","file","minimal_callback","1","32","5","8","27072","100136672","270350.506556","5880","0"
"protocol-v5-20260807-220443","6d7edc7c29a60a94c59effeeb2b78d8b95038135","default-hasher:e33e9641d6e15aea","6d7edc7c29a60a94c59effeeb2b78d8b95038135","default-hasher:f20647ba796d9a0c","rustc 1.97.0 (2d8144b78 2026-07-07)","x86_64-unknown-linux-gnu","Linux 7.0.11-76070011-generic x86_64","Intel(R) Core(TM) Ultra 7 155H","/dev/nvme0n1p3[/tmp] ext4   rw,nosuid,nodev,noatime,errors=remount-ro","/tmp/pigment-db-durability-bench","12-19","candidate","candidate_pigment_db","buffered","pre_feature_pigment_db","9","0","key_map","file","minimal_callback","1","32","5","9","26112","100038963","261018.299440","6201","0"
"protocol-v5-20260807-220443","6d7edc7c29a60a94c59effeeb2b78d8b95038135","default-hasher:e33e9641d6e15aea","6d7edc7c29a60a94c59effeeb2b78d8b95038135","default-hasher:f20647ba796d9a0c","rustc 1.97.0 (2d8144b78 2026-07-07)","x86_64-unknown-linux-gnu","Linux 7.0.11-76070011-generic x86_64","Intel(R) Core(TM) Ultra 7 155H","/dev/nvme0n1p3[/tmp] ext4   rw,nosuid,nodev,noatime,errors=remount-ro","/tmp/pigment-db-durability-bench","12-19","comparator","pre_feature_pigment_db","buffered","pre_feature_pigment_db","9","1","key_map","file","minimal_callback","1","32","5","9","27584","100134884","275468.437153","5754","0"
"protocol-v5-20260807-220443","6d7edc7c29a60a94c59effeeb2b78d8b95038135","default-hasher:e33e9641d6e15aea","6d7edc7c29a60a94c59effeeb2b78d8b95038135","default-hasher:f20647ba796d9a0c","rustc 1.97.0 (2d8144b78 2026-07-07)","x86_64-unknown-linux-gnu","Linux 7.0.11-76070011-generic x86_64","Intel(R) Core(TM) Ultra 7 155H","/dev/nvme0n1p3[/tmp] ext4   rw,nosuid,nodev,noatime,errors=remount-ro","/tmp/pigment-db-durability-bench","12-19","comparator","pre_feature_pigment_db","buffered","pre_feature_pigment_db","10","0","key_map","file","minimal_callback","1","32","5","10","27712","100008931","277095.252623","5446","0"
"protocol-v5-20260807-220443","6d7edc7c29a60a94c59effeeb2b78d8b95038135","default-hasher:e33e9641d6e15aea","6d7edc7c29a60a94c59effeeb2b78d8b95038135","default-hasher:f20647ba796d9a0c","rustc 1.97.0 (2d8144b78 2026-07-07)","x86_64-unknown-linux-gnu","Linux 7.0.11-76070011-generic x86_64","Intel(R) Core(TM) Ultra 7 155H","/dev/nvme0n1p3[/tmp] ext4   rw,nosuid,nodev,noatime,errors=remount-ro","/tmp/pigment-db-durability-bench","12-19","candidate","candidate_pigment_db","buffered","pre_feature_pigment_db","10","1","key_map","file","minimal_callback","1","32","5","10","27328","100054649","273130.736784","5725","0"
"protocol-v5-20260807-220443","6d7edc7c29a60a94c59effeeb2b78d8b95038135","default-hasher:e33e9641d6e15aea","6d7edc7c29a60a94c59effeeb2b78d8b95038135","default-hasher:f20647ba796d9a0c","rustc 1.97.0 (2d8144b78 2026-07-07)","x86_64-unknown-linux-gnu","Linux 7.0.11-76070011-generic x86_64","Intel(R) Core(TM) Ultra 7 155H","/dev/nvme0n1p3[/tmp] ext4   rw,nosuid,nodev,noatime,errors=remount-ro","/tmp/pigment-db-durability-bench","12-19","comparator","pre_feature_pigment_db","buffered","pre_feature_pigment_db","0","0","key_map","file","minimal_callback","8","32","5","0","14336","103309888","138766.968753","121450","0"
"protocol-v5-20260807-220443","6d7edc7c29a60a94c59effeeb2b78d8b95038135","default-hasher:e33e9641d6e15aea","6d7edc7c29a60a94c59effeeb2b78d8b95038135","default-hasher:f20647ba796d9a0c","rustc 1.97.0 (2d8144b78 2026-07-07)","x86_64-unknown-linux-gnu","Linux 7.0.11-76070011-generic x86_64","Intel(R) Core(TM) Ultra 7 155H","/dev/nvme0n1p3[/tmp] ext4   rw,nosuid,nodev,noatime,errors=remount-ro","/tmp/pigment-db-durability-bench","12-19","candidate","candidate_pigment_db","buffered","pre_feature_pigment_db","0","1","key_map","file","minimal_callback","8","32","5","0","14848","100643206","147531.071298","123874","0"
"protocol-v5-20260807-220443","6d7edc7c29a60a94c59effeeb2b78d8b95038135","default-hasher:e33e9641d6e15aea","6d7edc7c29a60a94c59effeeb2b78d8b95038135","default-hasher:f20647ba796d9a0c","rustc 1.97.0 (2d8144b78 2026-07-07)","x86_64-unknown-linux-gnu","Linux 7.0.11-76070011-generic x86_64","Intel(R) Core(TM) Ultra 7 155H","/dev/nvme0n1p3[/tmp] ext4   rw,nosuid,nodev,noatime,errors=remount-ro","/tmp/pigment-db-durability-bench","12-19","candidate","candidate_pigment_db","buffered","pre_feature_pigment_db","1","0","key_map","file","minimal_callback","8","32","5","1","13824","100707629","137268.647244","136948","0"
"protocol-v5-20260807-220443","6d7edc7c29a60a94c59effeeb2b78d8b95038135","default-hasher:e33e9641d6e15aea","6d7edc7c29a60a94c59effeeb2b78d8b95038135","default-hasher:f20647ba796d9a0c","rustc 1.97.0 (2d8144b78 2026-07-07)","x86_64-unknown-linux-gnu","Linux 7.0.11-76070011-generic x86_64","Intel(R) Core(TM) Ultra 7 155H","/dev/nvme0n1p3[/tmp] ext4   rw,nosuid,nodev,noatime,errors=remount-ro","/tmp/pigment-db-durability-bench","12-19","comparator","pre_feature_pigment_db","buffered","pre_feature_pigment_db","1","1","key_map","file","minimal_callback","8","32","5","1","13824","101206088","136592.573364","144190","0"
"protocol-v5-20260807-220443","6d7edc7c29a60a94c59effeeb2b78d8b95038135","default-hasher:e33e9641d6e15aea","6d7edc7c29a60a94c59effeeb2b78d8b95038135","default-hasher:f20647ba796d9a0c","rustc 1.97.0 (2d8144b78 2026-07-07)","x86_64-unknown-linux-gnu","Linux 7.0.11-76070011-generic x86_64","Intel(R) Core(TM) Ultra 7 155H","/dev/nvme0n1p3[/tmp] ext4   rw,nosuid,nodev,noatime,errors=remount-ro","/tmp/pigment-db-durability-bench","12-19","comparator","pre_feature_pigment_db","buffered","pre_feature_pigment_db","2","0","key_map","file","minimal_callback","8","32","5","2","12288","100458231","122319.494159","148145","0"
"protocol-v5-20260807-220443","6d7edc7c29a60a94c59effeeb2b78d8b95038135","default-hasher:e33e9641d6e15aea","6d7edc7c29a60a94c59effeeb2b78d8b95038135","default-hasher:f20647ba796d9a0c","rustc 1.97.0 (2d8144b78 2026-07-07)","x86_64-unknown-linux-gnu","Linux 7.0.11-76070011-generic x86_64","Intel(R) Core(TM) Ultra 7 155H","/dev/nvme0n1p3[/tmp] ext4   rw,nosuid,nodev,noatime,errors=remount-ro","/tmp/pigment-db-durability-bench","12-19","candidate","candidate_pigment_db","buffered","pre_feature_pigment_db","2","1","key_map","file","minimal_callback","8","32","5","2","15360","103176885","148870.553710","132029","0"
"protocol-v5-20260807-220443","6d7edc7c29a60a94c59effeeb2b78d8b95038135","default-hasher:e33e9641d6e15aea","6d7edc7c29a60a94c59effeeb2b78d8b95038135","default-hasher:f20647ba796d9a0c","rustc 1.97.0 (2d8144b78 2026-07-07)","x86_64-unknown-linux-gnu","Linux 7.0.11-76070011-generic x86_64","Intel(R) Core(TM) Ultra 7 155H","/dev/nvme0n1p3[/tmp] ext4   rw,nosuid,nodev,noatime,errors=remount-ro","/tmp/pigment-db-durability-bench","12-19","candidate","candidate_pigment_db","buffered","pre_feature_pigment_db","3","0","key_map","file","minimal_callback","8","32","5","3","13824","103534035","133521.310166","127220","0"
"protocol-v5-20260807-220443","6d7edc7c29a60a94c59effeeb2b78d8b95038135","default-hasher:e33e9641d6e15aea","6d7edc7c29a60a94c59effeeb2b78d8b95038135","default-hasher:f20647ba796d9a0c","rustc 1.97.0 (2d8144b78 2026-07-07)","x86_64-unknown-linux-gnu","Linux 7.0.11-76070011-generic x86_64","Intel(R) Core(TM) Ultra 7 155H","/dev/nvme0n1p3[/tmp] ext4   rw,nosuid,nodev,noatime,errors=remount-ro","/tmp/pigment-db-durability-bench","12-19","comparator","pre_feature_pigment_db","buffered","pre_feature_pigment_db","3","1","key_map","file","minimal_callback","8","32","5","3","13312","101373509","131316.358004","154316","0"
"protocol-v5-20260807-220443","6d7edc7c29a60a94c59effeeb2b78d8b95038135","default-hasher:e33e9641d6e15aea","6d7edc7c29a60a94c59effeeb2b78d8b95038135","default-hasher:f20647ba796d9a0c","rustc 1.97.0 (2d8144b78 2026-07-07)","x86_64-unknown-linux-gnu","Linux 7.0.11-76070011-generic x86_64","Intel(R) Core(TM) Ultra 7 155H","/dev/nvme0n1p3[/tmp] ext4   rw,nosuid,nodev,noatime,errors=remount-ro","/tmp/pigment-db-durability-bench","12-19","comparator","pre_feature_pigment_db","buffered","pre_feature_pigment_db","4","0","key_map","file","minimal_callback","8","32","5","4","13824","100866351","137052.643056","144935","0"
"protocol-v5-20260807-220443","6d7edc7c29a60a94c59effeeb2b78d8b95038135","default-hasher:e33e9641d6e15aea","6d7edc7c29a60a94c59effeeb2b78d8b95038135","default-hasher:f20647ba796d9a0c","rustc 1.97.0 (2d8144b78 2026-07-07)","x86_64-unknown-linux-gnu","Linux 7.0.11-76070011-generic x86_64","Intel(R) Core(TM) Ultra 7 155H","/dev/nvme0n1p3[/tmp] ext4   rw,nosuid,nodev,noatime,errors=remount-ro","/tmp/pigment-db-durability-bench","12-19","candidate","candidate_pigment_db","buffered","pre_feature_pigment_db","4","1","key_map","file","minimal_callback","8","32","5","4","13312","100378904","132617.506961","152284","0"
"protocol-v5-20260807-220443","6d7edc7c29a60a94c59effeeb2b78d8b95038135","default-hasher:e33e9641d6e15aea","6d7edc7c29a60a94c59effeeb2b78d8b95038135","default-hasher:f20647ba796d9a0c","rustc 1.97.0 (2d8144b78 2026-07-07)","x86_64-unknown-linux-gnu","Linux 7.0.11-76070011-generic x86_64","Intel(R) Core(TM) Ultra 7 155H","/dev/nvme0n1p3[/tmp] ext4   rw,nosuid,nodev,noatime,errors=remount-ro","/tmp/pigment-db-durability-bench","12-19","candidate","candidate_pigment_db","buffered","pre_feature_pigment_db","5","0","key_map","file","minimal_callback","8","32","5","5","13312","100403652","132584.818728","148716","0"
"protocol-v5-20260807-220443","6d7edc7c29a60a94c59effeeb2b78d8b95038135","default-hasher:e33e9641d6e15aea","6d7edc7c29a60a94c59effeeb2b78d8b95038135","default-hasher:f20647ba796d9a0c","rustc 1.97.0 (2d8144b78 2026-07-07)","x86_64-unknown-linux-gnu","Linux 7.0.11-76070011-generic x86_64","Intel(R) Core(TM) Ultra 7 155H","/dev/nvme0n1p3[/tmp] ext4   rw,nosuid,nodev,noatime,errors=remount-ro","/tmp/pigment-db-durability-bench","12-19","comparator","pre_feature_pigment_db","buffered","pre_feature_pigment_db","5","1","key_map","file","minimal_callback","8","32","5","5","14848","104000347","142768.754416","142302","0"
"protocol-v5-20260807-220443","6d7edc7c29a60a94c59effeeb2b78d8b95038135","default-hasher:e33e9641d6e15aea","6d7edc7c29a60a94c59effeeb2b78d8b95038135","default-hasher:f20647ba796d9a0c","rustc 1.97.0 (2d8144b78 2026-07-07)","x86_64-unknown-linux-gnu","Linux 7.0.11-76070011-generic x86_64","Intel(R) Core(TM) Ultra 7 155H","/dev/nvme0n1p3[/tmp] ext4   rw,nosuid,nodev,noatime,errors=remount-ro","/tmp/pigment-db-durability-bench","12-19","comparator","pre_feature_pigment_db","buffered","pre_feature_pigment_db","6","0","key_map","file","minimal_callback","8","32","5","6","12800","100745644","127052.639616","151158","0"
"protocol-v5-20260807-220443","6d7edc7c29a60a94c59effeeb2b78d8b95038135","default-hasher:e33e9641d6e15aea","6d7edc7c29a60a94c59effeeb2b78d8b95038135","default-hasher:f20647ba796d9a0c","rustc 1.97.0 (2d8144b78 2026-07-07)","x86_64-unknown-linux-gnu","Linux 7.0.11-76070011-generic x86_64","Intel(R) Core(TM) Ultra 7 155H","/dev/nvme0n1p3[/tmp] ext4   rw,nosuid,nodev,noatime,errors=remount-ro","/tmp/pigment-db-durability-bench","12-19","candidate","candidate_pigment_db","buffered","pre_feature_pigment_db","6","1","key_map","file","minimal_callback","8","32","5","6","13312","100590686","132338.296212","167725","0"
"protocol-v5-20260807-220443","6d7edc7c29a60a94c59effeeb2b78d8b95038135","default-hasher:e33e9641d6e15aea","6d7edc7c29a60a94c59effeeb2b78d8b95038135","default-hasher:f20647ba796d9a0c","rustc 1.97.0 (2d8144b78 2026-07-07)","x86_64-unknown-linux-gnu","Linux 7.0.11-76070011-generic x86_64","Intel(R) Core(TM) Ultra 7 155H","/dev/nvme0n1p3[/tmp] ext4   rw,nosuid,nodev,noatime,errors=remount-ro","/tmp/pigment-db-durability-bench","12-19","candidate","candidate_pigment_db","buffered","pre_feature_pigment_db","7","0","key_map","file","minimal_callback","8","32","5","7","14336","101493253","141250.768659","129716","0"
"protocol-v5-20260807-220443","6d7edc7c29a60a94c59effeeb2b78d8b95038135","default-hasher:e33e9641d6e15aea","6d7edc7c29a60a94c59effeeb2b78d8b95038135","default-hasher:f20647ba796d9a0c","rustc 1.97.0 (2d8144b78 2026-07-07)","x86_64-unknown-linux-gnu","Linux 7.0.11-76070011-generic x86_64","Intel(R) Core(TM) Ultra 7 155H","/dev/nvme0n1p3[/tmp] ext4   rw,nosuid,nodev,noatime,errors=remount-ro","/tmp/pigment-db-durability-bench","12-19","comparator","pre_feature_pigment_db","buffered","pre_feature_pigment_db","7","1","key_map","file","minimal_callback","8","32","5","7","13312","101222072","131512.818667","124165","0"
"protocol-v5-20260807-220443","6d7edc7c29a60a94c59effeeb2b78d8b95038135","default-hasher:e33e9641d6e15aea","6d7edc7c29a60a94c59effeeb2b78d8b95038135","default-hasher:f20647ba796d9a0c","rustc 1.97.0 (2d8144b78 2026-07-07)","x86_64-unknown-linux-gnu","Linux 7.0.11-76070011-generic x86_64","Intel(R) Core(TM) Ultra 7 155H","/dev/nvme0n1p3[/tmp] ext4   rw,nosuid,nodev,noatime,errors=remount-ro","/tmp/pigment-db-durability-bench","12-19","comparator","pre_feature_pigment_db","buffered","pre_feature_pigment_db","8","0","key_map","file","minimal_callback","8","32","5","8","13312","100434672","132543.868914","137556","0"
"protocol-v5-20260807-220443","6d7edc7c29a60a94c59effeeb2b78d8b95038135","default-hasher:e33e9641d6e15aea","6d7edc7c29a60a94c59effeeb2b78d8b95038135","default-hasher:f20647ba796d9a0c","rustc 1.97.0 (2d8144b78 2026-07-07)","x86_64-unknown-linux-gnu","Linux 7.0.11-76070011-generic x86_64","Intel(R) Core(TM) Ultra 7 155H","/dev/nvme0n1p3[/tmp] ext4   rw,nosuid,nodev,noatime,errors=remount-ro","/tmp/pigment-db-durability-bench","12-19","candidate","candidate_pigment_db","buffered","pre_feature_pigment_db","8","1","key_map","file","minimal_callback","8","32","5","8","14336","100405822","142780.565055","127548","0"
"protocol-v5-20260807-220443","6d7edc7c29a60a94c59effeeb2b78d8b95038135","default-hasher:e33e9641d6e15aea","6d7edc7c29a60a94c59effeeb2b78d8b95038135","default-hasher:f20647ba796d9a0c","rustc 1.97.0 (2d8144b78 2026-07-07)","x86_64-unknown-linux-gnu","Linux 7.0.11-76070011-generic x86_64","Intel(R) Core(TM) Ultra 7 155H","/dev/nvme0n1p3[/tmp] ext4   rw,nosuid,nodev,noatime,errors=remount-ro","/tmp/pigment-db-durability-bench","12-19","candidate","candidate_pigment_db","buffered","pre_feature_pigment_db","9","0","key_map","file","minimal_callback","8","32","5","9","13824","101197673","136603.931594","139086","0"
"protocol-v5-20260807-220443","6d7edc7c29a60a94c59effeeb2b78d8b95038135","default-hasher:e33e9641d6e15aea","6d7edc7c29a60a94c59effeeb2b78d8b95038135","default-hasher:f20647ba796d9a0c","rustc 1.97.0 (2d8144b78 2026-07-07)","x86_64-unknown-linux-gnu","Linux 7.0.11-76070011-generic x86_64","Intel(R) Core(TM) Ultra 7 155H","/dev/nvme0n1p3[/tmp] ext4   rw,nosuid,nodev,noatime,errors=remount-ro","/tmp/pigment-db-durability-bench","12-19","comparator","pre_feature_pigment_db","buffered","pre_feature_pigment_db","9","1","key_map","file","minimal_callback","8","32","5","9","14848","102945754","144231.300691","135818","0"
"protocol-v5-20260807-220443","6d7edc7c29a60a94c59effeeb2b78d8b95038135","default-hasher:e33e9641d6e15aea","6d7edc7c29a60a94c59effeeb2b78d8b95038135","default-hasher:f20647ba796d9a0c","rustc 1.97.0 (2d8144b78 2026-07-07)","x86_64-unknown-linux-gnu","Linux 7.0.11-76070011-generic x86_64","Intel(R) Core(TM) Ultra 7 155H","/dev/nvme0n1p3[/tmp] ext4   rw,nosuid,nodev,noatime,errors=remount-ro","/tmp/pigment-db-durability-bench","12-19","comparator","pre_feature_pigment_db","buffered","pre_feature_pigment_db","10","0","key_map","file","minimal_callback","8","32","5","10","13824","101675089","135962.507001","134255","0"
"protocol-v5-20260807-220443","6d7edc7c29a60a94c59effeeb2b78d8b95038135","default-hasher:e33e9641d6e15aea","6d7edc7c29a60a94c59effeeb2b78d8b95038135","default-hasher:f20647ba796d9a0c","rustc 1.97.0 (2d8144b78 2026-07-07)","x86_64-unknown-linux-gnu","Linux 7.0.11-76070011-generic x86_64","Intel(R) Core(TM) Ultra 7 155H","/dev/nvme0n1p3[/tmp] ext4   rw,nosuid,nodev,noatime,errors=remount-ro","/tmp/pigment-db-durability-bench","12-19","candidate","candidate_pigment_db","buffered","pre_feature_pigment_db","10","1","key_map","file","minimal_callback","8","32","5","10","14336","102879393","139347.633981","138951","0"
"protocol-v5-20260807-220443","6d7edc7c29a60a94c59effeeb2b78d8b95038135","default-hasher:e33e9641d6e15aea","6d7edc7c29a60a94c59effeeb2b78d8b95038135","default-hasher:f20647ba796d9a0c","rustc 1.97.0 (2d8144b78 2026-07-07)","x86_64-unknown-linux-gnu","Linux 7.0.11-76070011-generic x86_64","Intel(R) Core(TM) Ultra 7 155H","/dev/nvme0n1p3[/tmp] ext4   rw,nosuid,nodev,noatime,errors=remount-ro","/tmp/pigment-db-durability-bench","12-19","comparator","mutex_file_reference","append_plus_barrier","append_plus_barrier","0","0","key_value","file","ordinary_write","1","32","5","0","1024","1015631851","1008.239353","998779","0"
"protocol-v5-20260807-220443","6d7edc7c29a60a94c59effeeb2b78d8b95038135","default-hasher:e33e9641d6e15aea","6d7edc7c29a60a94c59effeeb2b78d8b95038135","default-hasher:f20647ba796d9a0c","rustc 1.97.0 (2d8144b78 2026-07-07)","x86_64-unknown-linux-gnu","Linux 7.0.11-76070011-generic x86_64","Intel(R) Core(TM) Ultra 7 155H","/dev/nvme0n1p3[/tmp] ext4   rw,nosuid,nodev,noatime,errors=remount-ro","/tmp/pigment-db-durability-bench","12-19","candidate","candidate_pigment_db","physical","append_plus_barrier","0","1","key_value","file","ordinary_write","1","32","5","0","1024","1046183096","978.796163","1051724","0"
"protocol-v5-20260807-220443","6d7edc7c29a60a94c59effeeb2b78d8b95038135","default-hasher:e33e9641d6e15aea","6d7edc7c29a60a94c59effeeb2b78d8b95038135","default-hasher:f20647ba796d9a0c","rustc 1.97.0 (2d8144b78 2026-07-07)","x86_64-unknown-linux-gnu","Linux 7.0.11-76070011-generic x86_64","Intel(R) Core(TM) Ultra 7 155H","/dev/nvme0n1p3[/tmp] ext4   rw,nosuid,nodev,noatime,errors=remount-ro","/tmp/pigment-db-durability-bench","12-19","candidate","candidate_pigment_db","physical","append_plus_barrier","1","0","key_value","file","ordinary_write","1","32","5","1","1024","1065667277","960.900294","1020482","0"
"protocol-v5-20260807-220443","6d7edc7c29a60a94c59effeeb2b78d8b95038135","default-hasher:e33e9641d6e15aea","6d7edc7c29a60a94c59effeeb2b78d8b95038135","default-hasher:f20647ba796d9a0c","rustc 1.97.0 (2d8144b78 2026-07-07)","x86_64-unknown-linux-gnu","Linux 7.0.11-76070011-generic x86_64","Intel(R) Core(TM) Ultra 7 155H","/dev/nvme0n1p3[/tmp] ext4   rw,nosuid,nodev,noatime,errors=remount-ro","/tmp/pigment-db-durability-bench","12-19","comparator","mutex_file_reference","append_plus_barrier","append_plus_barrier","1","1","key_value","file","ordinary_write","1","32","5","1","1024","1042457288","982.294442","990838","0"
"protocol-v5-20260807-220443","6d7edc7c29a60a94c59effeeb2b78d8b95038135","default-hasher:e33e9641d6e15aea","6d7edc7c29a60a94c59effeeb2b78d8b95038135","default-hasher:f20647ba796d9a0c","rustc 1.97.0 (2d8144b78 2026-07-07)","x86_64-unknown-linux-gnu","Linux 7.0.11-76070011-generic x86_64","Intel(R) Core(TM) Ultra 7 155H","/dev/nvme0n1p3[/tmp] ext4   rw,nosuid,nodev,noatime,errors=remount-ro","/tmp/pigment-db-durability-bench","12-19","comparator","mutex_file_reference","append_plus_barrier","append_plus_barrier","2","0","key_value","file","ordinary_write","1","32","5","2","1024","1020523212","1003.406868","1028287","0"
"protocol-v5-20260807-220443","6d7edc7c29a60a94c59effeeb2b78d8b95038135","default-hasher:e33e9641d6e15aea","6d7edc7c29a60a94c59effeeb2b78d8b95038135","default-hasher:f20647ba796d9a0c","rustc 1.97.0 (2d8144b78 2026-07-07)","x86_64-unknown-linux-gnu","Linux 7.0.11-76070011-generic x86_64","Intel(R) Core(TM) Ultra 7 155H","/dev/nvme0n1p3[/tmp] ext4   rw,nosuid,nodev,noatime,errors=remount-ro","/tmp/pigment-db-durability-bench","12-19","candidate","candidate_pigment_db","physical","append_plus_barrier","2","1","key_value","file","ordinary_write","1","32","5","2","1024","1017643968","1006.245831","1018095","0"
"protocol-v5-20260807-220443","6d7edc7c29a60a94c59effeeb2b78d8b95038135","default-hasher:e33e9641d6e15aea","6d7edc7c29a60a94c59effeeb2b78d8b95038135","default-hasher:f20647ba796d9a0c","rustc 1.97.0 (2d8144b78 2026-07-07)","x86_64-unknown-linux-gnu","Linux 7.0.11-76070011-generic x86_64","Intel(R) Core(TM) Ultra 7 155H","/dev/nvme0n1p3[/tmp] ext4   rw,nosuid,nodev,noatime,errors=remount-ro","/tmp/pigment-db-durability-bench","12-19","candidate","candidate_pigment_db","physical","append_plus_barrier","3","0","key_value","file","ordinary_write","1","32","5","3","1024","1060647106","965.448351","1021633","0"
"protocol-v5-20260807-220443","6d7edc7c29a60a94c59effeeb2b78d8b95038135","default-hasher:e33e9641d6e15aea","6d7edc7c29a60a94c59effeeb2b78d8b95038135","default-hasher:f20647ba796d9a0c","rustc 1.97.0 (2d8144b78 2026-07-07)","x86_64-unknown-linux-gnu","Linux 7.0.11-76070011-generic x86_64","Intel(R) Core(TM) Ultra 7 155H","/dev/nvme0n1p3[/tmp] ext4   rw,nosuid,nodev,noatime,errors=remount-ro","/tmp/pigment-db-durability-bench","12-19","comparator","mutex_file_reference","append_plus_barrier","append_plus_barrier","3","1","key_value","file","ordinary_write","1","32","5","3","1024","1003905652","1020.016172","1051734","0"
"protocol-v5-20260807-220443","6d7edc7c29a60a94c59effeeb2b78d8b95038135","default-hasher:e33e9641d6e15aea","6d7edc7c29a60a94c59effeeb2b78d8b95038135","default-hasher:f20647ba796d9a0c","rustc 1.97.0 (2d8144b78 2026-07-07)","x86_64-unknown-linux-gnu","Linux 7.0.11-76070011-generic x86_64","Intel(R) Core(TM) Ultra 7 155H","/dev/nvme0n1p3[/tmp] ext4   rw,nosuid,nodev,noatime,errors=remount-ro","/tmp/pigment-db-durability-bench","12-19","comparator","mutex_file_reference","append_plus_barrier","append_plus_barrier","4","0","key_value","file","ordinary_write","1","32","5","4","1024","1031440416","992.786383","1030064","0"
"protocol-v5-20260807-220443","6d7edc7c29a60a94c59effeeb2b78d8b95038135","default-hasher:e33e9641d6e15aea","6d7edc7c29a60a94c59effeeb2b78d8b95038135","default-hasher:f20647ba796d9a0c","rustc 1.97.0 (2d8144b78 2026-07-07)","x86_64-unknown-linux-gnu","Linux 7.0.11-76070011-generic x86_64","Intel(R) Core(TM) Ultra 7 155H","/dev/nvme0n1p3[/tmp] ext4   rw,nosuid,nodev,noatime,errors=remount-ro","/tmp/pigment-db-durability-bench","12-19","candidate","candidate_pigment_db","physical","append_plus_barrier","4","1","key_value","file","ordinary_write","1","32","5","4","1024","1006536280","1017.350313","998375","0"
"protocol-v5-20260807-220443","6d7edc7c29a60a94c59effeeb2b78d8b95038135","default-hasher:e33e9641d6e15aea","6d7edc7c29a60a94c59effeeb2b78d8b95038135","default-hasher:f20647ba796d9a0c","rustc 1.97.0 (2d8144b78 2026-07-07)","x86_64-unknown-linux-gnu","Linux 7.0.11-76070011-generic x86_64","Intel(R) Core(TM) Ultra 7 155H","/dev/nvme0n1p3[/tmp] ext4   rw,nosuid,nodev,noatime,errors=remount-ro","/tmp/pigment-db-durability-bench","12-19","candidate","candidate_pigment_db","physical","append_plus_barrier","5","0","key_value","file","ordinary_write","1","32","5","5","1024","1058520825","967.387675","1009924","0"
"protocol-v5-20260807-220443","6d7edc7c29a60a94c59effeeb2b78d8b95038135","default-hasher:e33e9641d6e15aea","6d7edc7c29a60a94c59effeeb2b78d8b95038135","default-hasher:f20647ba796d9a0c","rustc 1.97.0 (2d8144b78 2026-07-07)","x86_64-unknown-linux-gnu","Linux 7.0.11-76070011-generic x86_64","Intel(R) Core(TM) Ultra 7 155H","/dev/nvme0n1p3[/tmp] ext4   rw,nosuid,nodev,noatime,errors=remount-ro","/tmp/pigment-db-durability-bench","12-19","comparator","mutex_file_reference","append_plus_barrier","append_plus_barrier","5","1","key_value","file","ordinary_write","1","32","5","5","1024","1039511644","985.077951","1005603","0"
"protocol-v5-20260807-220443","6d7edc7c29a60a94c59effeeb2b78d8b95038135","default-hasher:e33e9641d6e15aea","6d7edc7c29a60a94c59effeeb2b78d8b95038135","default-hasher:f20647ba796d9a0c","rustc 1.97.0 (2d8144b78 2026-07-07)","x86_64-unknown-linux-gnu","Linux 7.0.11-76070011-generic x86_64","Intel(R) Core(TM) Ultra 7 155H","/dev/nvme0n1p3[/tmp] ext4   rw,nosuid,nodev,noatime,errors=remount-ro","/tmp/pigment-db-durability-bench","12-19","comparator","mutex_file_reference","append_plus_barrier","append_plus_barrier","6","0","key_value","file","ordinary_write","1","32","5","6","1024","1045508929","979.427312","1017308","0"
"protocol-v5-20260807-220443","6d7edc7c29a60a94c59effeeb2b78d8b95038135","default-hasher:e33e9641d6e15aea","6d7edc7c29a60a94c59effeeb2b78d8b95038135","default-hasher:f20647ba796d9a0c","rustc 1.97.0 (2d8144b78 2026-07-07)","x86_64-unknown-linux-gnu","Linux 7.0.11-76070011-generic x86_64","Intel(R) Core(TM) Ultra 7 155H","/dev/nvme0n1p3[/tmp] ext4   rw,nosuid,nodev,noatime,errors=remount-ro","/tmp/pigment-db-durability-bench","12-19","candidate","candidate_pigment_db","physical","append_plus_barrier","6","1","key_value","file","ordinary_write","1","32","5","6","1024","1031022017","993.189266","1017263","0"
"protocol-v5-20260807-220443","6d7edc7c29a60a94c59effeeb2b78d8b95038135","default-hasher:e33e9641d6e15aea","6d7edc7c29a60a94c59effeeb2b78d8b95038135","default-hasher:f20647ba796d9a0c","rustc 1.97.0 (2d8144b78 2026-07-07)","x86_64-unknown-linux-gnu","Linux 7.0.11-76070011-generic x86_64","Intel(R) Core(TM) Ultra 7 155H","/dev/nvme0n1p3[/tmp] ext4   rw,nosuid,nodev,noatime,errors=remount-ro","/tmp/pigment-db-durability-bench","12-19","candidate","candidate_pigment_db","physical","append_plus_barrier","7","0","key_value","file","ordinary_write","1","32","5","7","1024","1041259445","983.424453","1002582","0"
"protocol-v5-20260807-220443","6d7edc7c29a60a94c59effeeb2b78d8b95038135","default-hasher:e33e9641d6e15aea","6d7edc7c29a60a94c59effeeb2b78d8b95038135","default-hasher:f20647ba796d9a0c","rustc 1.97.0 (2d8144b78 2026-07-07)","x86_64-unknown-linux-gnu","Linux 7.0.11-76070011-generic x86_64","Intel(R) Core(TM) Ultra 7 155H","/dev/nvme0n1p3[/tmp] ext4   rw,nosuid,nodev,noatime,errors=remount-ro","/tmp/pigment-db-durability-bench","12-19","comparator","mutex_file_reference","append_plus_barrier","append_plus_barrier","7","1","key_value","file","ordinary_write","1","32","5","7","1024","1056256788","969.461225","1022115","0"
"protocol-v5-20260807-220443","6d7edc7c29a60a94c59effeeb2b78d8b95038135","default-hasher:e33e9641d6e15aea","6d7edc7c29a60a94c59effeeb2b78d8b95038135","default-hasher:f20647ba796d9a0c","rustc 1.97.0 (2d8144b78 2026-07-07)","x86_64-unknown-linux-gnu","Linux 7.0.11-76070011-generic x86_64","Intel(R) Core(TM) Ultra 7 155H","/dev/nvme0n1p3[/tmp] ext4   rw,nosuid,nodev,noatime,errors=remount-ro","/tmp/pigment-db-durability-bench","12-19","comparator","mutex_file_reference","append_plus_barrier","append_plus_barrier","8","0","key_value","file","ordinary_write","1","32","5","8","1024","1019432197","1004.480733","1012468","0"
"protocol-v5-20260807-220443","6d7edc7c29a60a94c59effeeb2b78d8b95038135","default-hasher:e33e9641d6e15aea","6d7edc7c29a60a94c59effeeb2b78d8b95038135","default-hasher:f20647ba796d9a0c","rustc 1.97.0 (2d8144b78 2026-07-07)","x86_64-unknown-linux-gnu","Linux 7.0.11-76070011-generic x86_64","Intel(R) Core(TM) Ultra 7 155H","/dev/nvme0n1p3[/tmp] ext4   rw,nosuid,nodev,noatime,errors=remount-ro","/tmp/pigment-db-durability-bench","12-19","candidate","candidate_pigment_db","physical","append_plus_barrier","8","1","key_value","file","ordinary_write","1","32","5","8","1024","1044528343","980.346782","1003239","0"
"protocol-v5-20260807-220443","6d7edc7c29a60a94c59effeeb2b78d8b95038135","default-hasher:e33e9641d6e15aea","6d7edc7c29a60a94c59effeeb2b78d8b95038135","default-hasher:f20647ba796d9a0c","rustc 1.97.0 (2d8144b78 2026-07-07)","x86_64-unknown-linux-gnu","Linux 7.0.11-76070011-generic x86_64","Intel(R) Core(TM) Ultra 7 155H","/dev/nvme0n1p3[/tmp] ext4   rw,nosuid,nodev,noatime,errors=remount-ro","/tmp/pigment-db-durability-bench","12-19","candidate","candidate_pigment_db","physical","append_plus_barrier","9","0","key_value","file","ordinary_write","1","32","5","9","1024","1057982165","967.880210","1015845","0"
"protocol-v5-20260807-220443","6d7edc7c29a60a94c59effeeb2b78d8b95038135","default-hasher:e33e9641d6e15aea","6d7edc7c29a60a94c59effeeb2b78d8b95038135","default-hasher:f20647ba796d9a0c","rustc 1.97.0 (2d8144b78 2026-07-07)","x86_64-unknown-linux-gnu","Linux 7.0.11-76070011-generic x86_64","Intel(R) Core(TM) Ultra 7 155H","/dev/nvme0n1p3[/tmp] ext4   rw,nosuid,nodev,noatime,errors=remount-ro","/tmp/pigment-db-durability-bench","12-19","comparator","mutex_file_reference","append_plus_barrier","append_plus_barrier","9","1","key_value","file","ordinary_write","1","32","5","9","1024","1042202061","982.534998","1086627","0"
"protocol-v5-20260807-220443","6d7edc7c29a60a94c59effeeb2b78d8b95038135","default-hasher:e33e9641d6e15aea","6d7edc7c29a60a94c59effeeb2b78d8b95038135","default-hasher:f20647ba796d9a0c","rustc 1.97.0 (2d8144b78 2026-07-07)","x86_64-unknown-linux-gnu","Linux 7.0.11-76070011-generic x86_64","Intel(R) Core(TM) Ultra 7 155H","/dev/nvme0n1p3[/tmp] ext4   rw,nosuid,nodev,noatime,errors=remount-ro","/tmp/pigment-db-durability-bench","12-19","comparator","mutex_file_reference","append_plus_barrier","append_plus_barrier","10","0","key_value","file","ordinary_write","1","32","5","10","1024","1041514521","983.183604","1024114","0"
"protocol-v5-20260807-220443","6d7edc7c29a60a94c59effeeb2b78d8b95038135","default-hasher:e33e9641d6e15aea","6d7edc7c29a60a94c59effeeb2b78d8b95038135","default-hasher:f20647ba796d9a0c","rustc 1.97.0 (2d8144b78 2026-07-07)","x86_64-unknown-linux-gnu","Linux 7.0.11-76070011-generic x86_64","Intel(R) Core(TM) Ultra 7 155H","/dev/nvme0n1p3[/tmp] ext4   rw,nosuid,nodev,noatime,errors=remount-ro","/tmp/pigment-db-durability-bench","12-19","candidate","candidate_pigment_db","physical","append_plus_barrier","10","1","key_value","file","ordinary_write","1","32","5","10","1024","1068051540","958.755230","1079335","0"
"protocol-v5-20260807-220443","6d7edc7c29a60a94c59effeeb2b78d8b95038135","default-hasher:e33e9641d6e15aea","6d7edc7c29a60a94c59effeeb2b78d8b95038135","default-hasher:f20647ba796d9a0c","rustc 1.97.0 (2d8144b78 2026-07-07)","x86_64-unknown-linux-gnu","Linux 7.0.11-76070011-generic x86_64","Intel(R) Core(TM) Ultra 7 155H","/dev/nvme0n1p3[/tmp] ext4   rw,nosuid,nodev,noatime,errors=remount-ro","/tmp/pigment-db-durability-bench","12-19","comparator","mutex_file_reference","append_plus_barrier","append_plus_barrier","0","0","key_value","file","ordinary_write","8","32","5","0","1024","1058939603","967.005103","12690963","0"
"protocol-v5-20260807-220443","6d7edc7c29a60a94c59effeeb2b78d8b95038135","default-hasher:e33e9641d6e15aea","6d7edc7c29a60a94c59effeeb2b78d8b95038135","default-hasher:f20647ba796d9a0c","rustc 1.97.0 (2d8144b78 2026-07-07)","x86_64-unknown-linux-gnu","Linux 7.0.11-76070011-generic x86_64","Intel(R) Core(TM) Ultra 7 155H","/dev/nvme0n1p3[/tmp] ext4   rw,nosuid,nodev,noatime,errors=remount-ro","/tmp/pigment-db-durability-bench","12-19","candidate","candidate_pigment_db","physical","append_plus_barrier","0","1","key_value","file","ordinary_write","8","32","5","0","1024","1072999125","954.334422","8057776","0"
"protocol-v5-20260807-220443","6d7edc7c29a60a94c59effeeb2b78d8b95038135","default-hasher:e33e9641d6e15aea","6d7edc7c29a60a94c59effeeb2b78d8b95038135","default-hasher:f20647ba796d9a0c","rustc 1.97.0 (2d8144b78 2026-07-07)","x86_64-unknown-linux-gnu","Linux 7.0.11-76070011-generic x86_64","Intel(R) Core(TM) Ultra 7 155H","/dev/nvme0n1p3[/tmp] ext4   rw,nosuid,nodev,noatime,errors=remount-ro","/tmp/pigment-db-durability-bench","12-19","candidate","candidate_pigment_db","physical","append_plus_barrier","1","0","key_value","file","ordinary_write","8","32","5","1","1024","1077589101","950.269448","12812206","0"
"protocol-v5-20260807-220443","6d7edc7c29a60a94c59effeeb2b78d8b95038135","default-hasher:e33e9641d6e15aea","6d7edc7c29a60a94c59effeeb2b78d8b95038135","default-hasher:f20647ba796d9a0c","rustc 1.97.0 (2d8144b78 2026-07-07)","x86_64-unknown-linux-gnu","Linux 7.0.11-76070011-generic x86_64","Intel(R) Core(TM) Ultra 7 155H","/dev/nvme0n1p3[/tmp] ext4   rw,nosuid,nodev,noatime,errors=remount-ro","/tmp/pigment-db-durability-bench","12-19","comparator","mutex_file_reference","append_plus_barrier","append_plus_barrier","1","1","key_value","file","ordinary_write","8","32","5","1","1024","1094115531","935.915789","13750673","0"
"protocol-v5-20260807-220443","6d7edc7c29a60a94c59effeeb2b78d8b95038135","default-hasher:e33e9641d6e15aea","6d7edc7c29a60a94c59effeeb2b78d8b95038135","default-hasher:f20647ba796d9a0c","rustc 1.97.0 (2d8144b78 2026-07-07)","x86_64-unknown-linux-gnu","Linux 7.0.11-76070011-generic x86_64","Intel(R) Core(TM) Ultra 7 155H","/dev/nvme0n1p3[/tmp] ext4   rw,nosuid,nodev,noatime,errors=remount-ro","/tmp/pigment-db-durability-bench","12-19","comparator","mutex_file_reference","append_plus_barrier","append_plus_barrier","2","0","key_value","file","ordinary_write","8","32","5","2","1024","1052053607","973.334432","12736775","0"
"protocol-v5-20260807-220443","6d7edc7c29a60a94c59effeeb2b78d8b95038135","default-hasher:e33e9641d6e15aea","6d7edc7c29a60a94c59effeeb2b78d8b95038135","default-hasher:f20647ba796d9a0c","rustc 1.97.0 (2d8144b78 2026-07-07)","x86_64-unknown-linux-gnu","Linux 7.0.11-76070011-generic x86_64","Intel(R) Core(TM) Ultra 7 155H","/dev/nvme0n1p3[/tmp] ext4   rw,nosuid,nodev,noatime,errors=remount-ro","/tmp/pigment-db-durability-bench","12-19","candidate","candidate_pigment_db","physical","append_plus_barrier","2","1","key_value","file","ordinary_write","8","32","5","2","1024","1040324440","984.308318","10261026","0"
"protocol-v5-20260807-220443","6d7edc7c29a60a94c59effeeb2b78d8b95038135","default-hasher:e33e9641d6e15aea","6d7edc7c29a60a94c59effeeb2b78d8b95038135","default-hasher:f20647ba796d9a0c","rustc 1.97.0 (2d8144b78 2026-07-07)","x86_64-unknown-linux-gnu","Linux 7.0.11-76070011-generic x86_64","Intel(R) Core(TM) Ultra 7 155H","/dev/nvme0n1p3[/tmp] ext4   rw,nosuid,nodev,noatime,errors=remount-ro","/tmp/pigment-db-durability-bench","12-19","candidate","candidate_pigment_db","physical","append_plus_barrier","3","0","key_value","file","ordinary_write","8","32","5","3","1024","1121334458","913.197657","14170134","0"
"protocol-v5-20260807-220443","6d7edc7c29a60a94c59effeeb2b78d8b95038135","default-hasher:e33e9641d6e15aea","6d7edc7c29a60a94c59effeeb2b78d8b95038135","default-hasher:f20647ba796d9a0c","rustc 1.97.0 (2d8144b78 2026-07-07)","x86_64-unknown-linux-gnu","Linux 7.0.11-76070011-generic x86_64","Intel(R) Core(TM) Ultra 7 155H","/dev/nvme0n1p3[/tmp] ext4   rw,nosuid,nodev,noatime,errors=remount-ro","/tmp/pigment-db-durability-bench","12-19","comparator","mutex_file_reference","append_plus_barrier","append_plus_barrier","3","1","key_value","file","ordinary_write","8","32","5","3","1024","1039495334","985.093407","7548730","0"
"protocol-v5-20260807-220443","6d7edc7c29a60a94c59effeeb2b78d8b95038135","default-hasher:e33e9641d6e15aea","6d7edc7c29a60a94c59effeeb2b78d8b95038135","default-hasher:f20647ba796d9a0c","rustc 1.97.0 (2d8144b78 2026-07-07)","x86_64-unknown-linux-gnu","Linux 7.0.11-76070011-generic x86_64","Intel(R) Core(TM) Ultra 7 155H","/dev/nvme0n1p3[/tmp] ext4   rw,nosuid,nodev,noatime,errors=remount-ro","/tmp/pigment-db-durability-bench","12-19","comparator","mutex_file_reference","append_plus_barrier","append_plus_barrier","4","0","key_value","file","ordinary_write","8","32","5","4","1024","1097436975","933.083196","13682473","0"
"protocol-v5-20260807-220443","6d7edc7c29a60a94c59effeeb2b78d8b95038135","default-hasher:e33e9641d6e15aea","6d7edc7c29a60a94c59effeeb2b78d8b95038135","default-hasher:f20647ba796d9a0c","rustc 1.97.0 (2d8144b78 2026-07-07)","x86_64-unknown-linux-gnu","Linux 7.0.11-76070011-generic x86_64","Intel(R) Core(TM) Ultra 7 155H","/dev/nvme0n1p3[/tmp] ext4   rw,nosuid,nodev,noatime,errors=remount-ro","/tmp/pigment-db-durability-bench","12-19","candidate","candidate_pigment_db","physical","append_plus_barrier","4","1","key_value","file","ordinary_write","8","32","5","4","1024","1073640738","953.764107","12841537","0"
"protocol-v5-20260807-220443","6d7edc7c29a60a94c59effeeb2b78d8b95038135","default-hasher:e33e9641d6e15aea","6d7edc7c29a60a94c59effeeb2b78d8b95038135","default-hasher:f20647ba796d9a0c","rustc 1.97.0 (2d8144b78 2026-07-07)","x86_64-unknown-linux-gnu","Linux 7.0.11-76070011-generic x86_64","Intel(R) Core(TM) Ultra 7 155H","/dev/nvme0n1p3[/tmp] ext4   rw,nosuid,nodev,noatime,errors=remount-ro","/tmp/pigment-db-durability-bench","12-19","candidate","candidate_pigment_db","physical","append_plus_barrier","5","0","key_value","file","ordinary_write","8","32","5","5","1024","1080556508","947.659833","11969391","0"
"protocol-v5-20260807-220443","6d7edc7c29a60a94c59effeeb2b78d8b95038135","default-hasher:e33e9641d6e15aea","6d7edc7c29a60a94c59effeeb2b78d8b95038135","default-hasher:f20647ba796d9a0c","rustc 1.97.0 (2d8144b78 2026-07-07)","x86_64-unknown-linux-gnu","Linux 7.0.11-76070011-generic x86_64","Intel(R) Core(TM) Ultra 7 155H","/dev/nvme0n1p3[/tmp] ext4   rw,nosuid,nodev,noatime,errors=remount-ro","/tmp/pigment-db-durability-bench","12-19","comparator","mutex_file_reference","append_plus_barrier","append_plus_barrier","5","1","key_value","file","ordinary_write","8","32","5","5","1024","1078352288","949.596909","13549987","0"
"protocol-v5-20260807-220443","6d7edc7c29a60a94c59effeeb2b78d8b95038135","default-hasher:e33e9641d6e15aea","6d7edc7c29a60a94c59effeeb2b78d8b95038135","default-hasher:f20647ba796d9a0c","rustc 1.97.0 (2d8144b78 2026-07-07)","x86_64-unknown-linux-gnu","Linux 7.0.11-76070011-generic x86_64","Intel(R) Core(TM) Ultra 7 155H","/dev/nvme0n1p3[/tmp] ext4   rw,nosuid,nodev,noatime,errors=remount-ro","/tmp/pigment-db-durability-bench","12-19","comparator","mutex_file_reference","append_plus_barrier","append_plus_barrier","6","0","key_value","file","ordinary_write","8","32","5","6","1024","1085521449","943.325441","12769145","0"
"protocol-v5-20260807-220443","6d7edc7c29a60a94c59effeeb2b78d8b95038135","default-hasher:e33e9641d6e15aea","6d7edc7c29a60a94c59effeeb2b78d8b95038135","default-hasher:f20647ba796d9a0c","rustc 1.97.0 (2d8144b78 2026-07-07)","x86_64-unknown-linux-gnu","Linux 7.0.11-76070011-generic x86_64","Intel(R) Core(TM) Ultra 7 155H","/dev/nvme0n1p3[/tmp] ext4   rw,nosuid,nodev,noatime,errors=remount-ro","/tmp/pigment-db-durability-bench","12-19","candidate","candidate_pigment_db","physical","append_plus_barrier","6","1","key_value","file","ordinary_write","8","32","5","6","1024","1068337101","958.498960","12834945","0"
"protocol-v5-20260807-220443","6d7edc7c29a60a94c59effeeb2b78d8b95038135","default-hasher:e33e9641d6e15aea","6d7edc7c29a60a94c59effeeb2b78d8b95038135","default-hasher:f20647ba796d9a0c","rustc 1.97.0 (2d8144b78 2026-07-07)","x86_64-unknown-linux-gnu","Linux 7.0.11-76070011-generic x86_64","Intel(R) Core(TM) Ultra 7 155H","/dev/nvme0n1p3[/tmp] ext4   rw,nosuid,nodev,noatime,errors=remount-ro","/tmp/pigment-db-durability-bench","12-19","candidate","candidate_pigment_db","physical","append_plus_barrier","7","0","key_value","file","ordinary_write","8","32","5","7","1024","1074329574","953.152575","13758885","0"
"protocol-v5-20260807-220443","6d7edc7c29a60a94c59effeeb2b78d8b95038135","default-hasher:e33e9641d6e15aea","6d7edc7c29a60a94c59effeeb2b78d8b95038135","default-hasher:f20647ba796d9a0c","rustc 1.97.0 (2d8144b78 2026-07-07)","x86_64-unknown-linux-gnu","Linux 7.0.11-76070011-generic x86_64","Intel(R) Core(TM) Ultra 7 155H","/dev/nvme0n1p3[/tmp] ext4   rw,nosuid,nodev,noatime,errors=remount-ro","/tmp/pigment-db-durability-bench","12-19","comparator","mutex_file_reference","append_plus_barrier","append_plus_barrier","7","1","key_value","file","ordinary_write","8","32","5","7","1024","1045622764","979.320684","11831371","0"
"protocol-v5-20260807-220443","6d7edc7c29a60a94c59effeeb2b78d8b95038135","default-hasher:e33e9641d6e15aea","6d7edc7c29a60a94c59effeeb2b78d8b95038135","default-hasher:f20647ba796d9a0c","rustc 1.97.0 (2d8144b78 2026-07-07)","x86_64-unknown-linux-gnu","Linux 7.0.11-76070011-generic x86_64","Intel(R) Core(TM) Ultra 7 155H","/dev/nvme0n1p3[/tmp] ext4   rw,nosuid,nodev,noatime,errors=remount-ro","/tmp/pigment-db-durability-bench","12-19","comparator","mutex_file_reference","append_plus_barrier","append_plus_barrier","8","0","key_value","file","ordinary_write","8","32","5","8","1024","1050142263","975.105980","12712468","0"
"protocol-v5-20260807-220443","6d7edc7c29a60a94c59effeeb2b78d8b95038135","default-hasher:e33e9641d6e15aea","6d7edc7c29a60a94c59effeeb2b78d8b95038135","default-hasher:f20647ba796d9a0c","rustc 1.97.0 (2d8144b78 2026-07-07)","x86_64-unknown-linux-gnu","Linux 7.0.11-76070011-generic x86_64","Intel(R) Core(TM) Ultra 7 155H","/dev/nvme0n1p3[/tmp] ext4   rw,nosuid,nodev,noatime,errors=remount-ro","/tmp/pigment-db-durability-bench","12-19","candidate","candidate_pigment_db","physical","append_plus_barrier","8","1","key_value","file","ordinary_write","8","32","5","8","1024","1083194890","945.351579","13716331","0"
"protocol-v5-20260807-220443","6d7edc7c29a60a94c59effeeb2b78d8b95038135","default-hasher:e33e9641d6e15aea","6d7edc7c29a60a94c59effeeb2b78d8b95038135","default-hasher:f20647ba796d9a0c","rustc 1.97.0 (2d8144b78 2026-07-07)","x86_64-unknown-linux-gnu","Linux 7.0.11-76070011-generic x86_64","Intel(R) Core(TM) Ultra 7 155H","/dev/nvme0n1p3[/tmp] ext4   rw,nosuid,nodev,noatime,errors=remount-ro","/tmp/pigment-db-durability-bench","12-19","candidate","candidate_pigment_db","physical","append_plus_barrier","9","0","key_value","file","ordinary_write","8","32","5","9","1024","1111089535","921.617896","12977319","0"
"protocol-v5-20260807-220443","6d7edc7c29a60a94c59effeeb2b78d8b95038135","default-hasher:e33e9641d6e15aea","6d7edc7c29a60a94c59effeeb2b78d8b95038135","default-hasher:f20647ba796d9a0c","rustc 1.97.0 (2d8144b78 2026-07-07)","x86_64-unknown-linux-gnu","Linux 7.0.11-76070011-generic x86_64","Intel(R) Core(TM) Ultra 7 155H","/dev/nvme0n1p3[/tmp] ext4   rw,nosuid,nodev,noatime,errors=remount-ro","/tmp/pigment-db-durability-bench","12-19","comparator","mutex_file_reference","append_plus_barrier","append_plus_barrier","9","1","key_value","file","ordinary_write","8","32","5","9","1024","1072584872","954.703005","13473585","0"
"protocol-v5-20260807-220443","6d7edc7c29a60a94c59effeeb2b78d8b95038135","default-hasher:e33e9641d6e15aea","6d7edc7c29a60a94c59effeeb2b78d8b95038135","default-hasher:f20647ba796d9a0c","rustc 1.97.0 (2d8144b78 2026-07-07)","x86_64-unknown-linux-gnu","Linux 7.0.11-76070011-generic x86_64","Intel(R) Core(TM) Ultra 7 155H","/dev/nvme0n1p3[/tmp] ext4   rw,nosuid,nodev,noatime,errors=remount-ro","/tmp/pigment-db-durability-bench","12-19","comparator","mutex_file_reference","append_plus_barrier","append_plus_barrier","10","0","key_value","file","ordinary_write","8","32","5","10","1024","1043469531","981.341543","11820799","0"
"protocol-v5-20260807-220443","6d7edc7c29a60a94c59effeeb2b78d8b95038135","default-hasher:e33e9641d6e15aea","6d7edc7c29a60a94c59effeeb2b78d8b95038135","default-hasher:f20647ba796d9a0c","rustc 1.97.0 (2d8144b78 2026-07-07)","x86_64-unknown-linux-gnu","Linux 7.0.11-76070011-generic x86_64","Intel(R) Core(TM) Ultra 7 155H","/dev/nvme0n1p3[/tmp] ext4   rw,nosuid,nodev,noatime,errors=remount-ro","/tmp/pigment-db-durability-bench","12-19","candidate","candidate_pigment_db","physical","append_plus_barrier","10","1","key_value","file","ordinary_write","8","32","5","10","1024","1066006555","960.594468","12018602","0"
"protocol-v5-20260807-220443","6d7edc7c29a60a94c59effeeb2b78d8b95038135","default-hasher:e33e9641d6e15aea","6d7edc7c29a60a94c59effeeb2b78d8b95038135","default-hasher:f20647ba796d9a0c","rustc 1.97.0 (2d8144b78 2026-07-07)","x86_64-unknown-linux-gnu","Linux 7.0.11-76070011-generic x86_64","Intel(R) Core(TM) Ultra 7 155H","/dev/nvme0n1p3[/tmp] ext4   rw,nosuid,nodev,noatime,errors=remount-ro","/tmp/pigment-db-durability-bench","12-19","comparator","mutex_file_reference","append_plus_barrier","append_plus_barrier","0","0","key_value","file","successful_remove","1","32","5","0","1024","1027636093","996.461692","1001423","0"
"protocol-v5-20260807-220443","6d7edc7c29a60a94c59effeeb2b78d8b95038135","default-hasher:e33e9641d6e15aea","6d7edc7c29a60a94c59effeeb2b78d8b95038135","default-hasher:f20647ba796d9a0c","rustc 1.97.0 (2d8144b78 2026-07-07)","x86_64-unknown-linux-gnu","Linux 7.0.11-76070011-generic x86_64","Intel(R) Core(TM) Ultra 7 155H","/dev/nvme0n1p3[/tmp] ext4   rw,nosuid,nodev,noatime,errors=remount-ro","/tmp/pigment-db-durability-bench","12-19","candidate","candidate_pigment_db","physical","append_plus_barrier","0","1","key_value","file","successful_remove","1","32","5","0","1024","1029954227","994.218940","1003887","0"
"protocol-v5-20260807-220443","6d7edc7c29a60a94c59effeeb2b78d8b95038135","default-hasher:e33e9641d6e15aea","6d7edc7c29a60a94c59effeeb2b78d8b95038135","default-hasher:f20647ba796d9a0c","rustc 1.97.0 (2d8144b78 2026-07-07)","x86_64-unknown-linux-gnu","Linux 7.0.11-76070011-generic x86_64","Intel(R) Core(TM) Ultra 7 155H","/dev/nvme0n1p3[/tmp] ext4   rw,nosuid,nodev,noatime,errors=remount-ro","/tmp/pigment-db-durability-bench","12-19","candidate","candidate_pigment_db","physical","append_plus_barrier","1","0","key_value","file","successful_remove","1","32","5","1","1024","1027234085","996.851657","994063","0"
"protocol-v5-20260807-220443","6d7edc7c29a60a94c59effeeb2b78d8b95038135","default-hasher:e33e9641d6e15aea","6d7edc7c29a60a94c59effeeb2b78d8b95038135","default-hasher:f20647ba796d9a0c","rustc 1.97.0 (2d8144b78 2026-07-07)","x86_64-unknown-linux-gnu","Linux 7.0.11-76070011-generic x86_64","Intel(R) Core(TM) Ultra 7 155H","/dev/nvme0n1p3[/tmp] ext4   rw,nosuid,nodev,noatime,errors=remount-ro","/tmp/pigment-db-durability-bench","12-19","comparator","mutex_file_reference","append_plus_barrier","append_plus_barrier","1","1","key_value","file","successful_remove","1","32","5","1","1024","1044387722","980.478780","996603","0"
"protocol-v5-20260807-220443","6d7edc7c29a60a94c59effeeb2b78d8b95038135","default-hasher:e33e9641d6e15aea","6d7edc7c29a60a94c59effeeb2b78d8b95038135","default-hasher:f20647ba796d9a0c","rustc 1.97.0 (2d8144b78 2026-07-07)","x86_64-unknown-linux-gnu","Linux 7.0.11-76070011-generic x86_64","Intel(R) Core(TM) Ultra 7 155H","/dev/nvme0n1p3[/tmp] ext4   rw,nosuid,nodev,noatime,errors=remount-ro","/tmp/pigment-db-durability-bench","12-19","comparator","mutex_file_reference","append_plus_barrier","append_plus_barrier","2","0","key_value","file","successful_remove","1","32","5","2","1024","1044965032","979.937097","1007775","0"
"protocol-v5-20260807-220443","6d7edc7c29a60a94c59effeeb2b78d8b95038135","default-hasher:e33e9641d6e15aea","6d7edc7c29a60a94c59effeeb2b78d8b95038135","default-hasher:f20647ba796d9a0c","rustc 1.97.0 (2d8144b78 2026-07-07)","x86_64-unknown-linux-gnu","Linux 7.0.11-76070011-generic x86_64","Intel(R) Core(TM) Ultra 7 155H","/dev/nvme0n1p3[/tmp] ext4   rw,nosuid,nodev,noatime,errors=remount-ro","/tmp/pigment-db-durability-bench","12-19","candidate","candidate_pigment_db","physical","append_plus_barrier","2","1","key_value","file","successful_remove","1","32","5","2","1024","1038338369","986.191044","1017005","0"
"protocol-v5-20260807-220443","6d7edc7c29a60a94c59effeeb2b78d8b95038135","default-hasher:e33e9641d6e15aea","6d7edc7c29a60a94c59effeeb2b78d8b95038135","default-hasher:f20647ba796d9a0c","rustc 1.97.0 (2d8144b78 2026-07-07)","x86_64-unknown-linux-gnu","Linux 7.0.11-76070011-generic x86_64","Intel(R) Core(TM) Ultra 7 155H","/dev/nvme0n1p3[/tmp] ext4   rw,nosuid,nodev,noatime,errors=remount-ro","/tmp/pigment-db-durability-bench","12-19","candidate","candidate_pigment_db","physical","append_plus_barrier","3","0","key_value","file","successful_remove","1","32","5","3","1024","1056889543","968.880813","1040841","0"
"protocol-v5-20260807-220443","6d7edc7c29a60a94c59effeeb2b78d8b95038135","default-hasher:e33e9641d6e15aea","6d7edc7c29a60a94c59effeeb2b78d8b95038135","default-hasher:f20647ba796d9a0c","rustc 1.97.0 (2d8144b78 2026-07-07)","x86_64-unknown-linux-gnu","Linux 7.0.11-76070011-generic x86_64","Intel(R) Core(TM) Ultra 7 155H","/dev/nvme0n1p3[/tmp] ext4   rw,nosuid,nodev,noatime,errors=remount-ro","/tmp/pigment-db-durability-bench","12-19","comparator","mutex_file_reference","append_plus_barrier","append_plus_barrier","3","1","key_value","file","successful_remove","1","32","5","3","1024","1050211525","975.041671","1007542","0"
"protocol-v5-20260807-220443","6d7edc7c29a60a94c59effeeb2b78d8b95038135","default-hasher:e33e9641d6e15aea","6d7edc7c29a60a94c59effeeb2b78d8b95038135","default-hasher:f20647ba796d9a0c","rustc 1.97.0 (2d8144b78 2026-07-07)","x86_64-unknown-linux-gnu","Linux 7.0.11-76070011-generic x86_64","Intel(R) Core(TM) Ultra 7 155H","/dev/nvme0n1p3[/tmp] ext4   rw,nosuid,nodev,noatime,errors=remount-ro","/tmp/pigment-db-durability-bench","12-19","comparator","mutex_file_reference","append_plus_barrier","append_plus_barrier","4","0","key_value","file","successful_remove","1","32","5","4","1024","2225638126","460.092765","4150066","0"
"protocol-v5-20260807-220443","6d7edc7c29a60a94c59effeeb2b78d8b95038135","default-hasher:e33e9641d6e15aea","6d7edc7c29a60a94c59effeeb2b78d8b95038135","default-hasher:f20647ba796d9a0c","rustc 1.97.0 (2d8144b78 2026-07-07)","x86_64-unknown-linux-gnu","Linux 7.0.11-76070011-generic x86_64","Intel(R) Core(TM) Ultra 7 155H","/dev/nvme0n1p3[/tmp] ext4   rw,nosuid,nodev,noatime,errors=remount-ro","/tmp/pigment-db-durability-bench","12-19","candidate","candidate_pigment_db","physical","append_plus_barrier","4","1","key_value","file","successful_remove","1","32","5","4","1024","1039750051","984.852080","1007978","0"
"protocol-v5-20260807-220443","6d7edc7c29a60a94c59effeeb2b78d8b95038135","default-hasher:e33e9641d6e15aea","6d7edc7c29a60a94c59effeeb2b78d8b95038135","default-hasher:f20647ba796d9a0c","rustc 1.97.0 (2d8144b78 2026-07-07)","x86_64-unknown-linux-gnu","Linux 7.0.11-76070011-generic x86_64","Intel(R) Core(TM) Ultra 7 155H","/dev/nvme0n1p3[/tmp] ext4   rw,nosuid,nodev,noatime,errors=remount-ro","/tmp/pigment-db-durability-bench","12-19","candidate","candidate_pigment_db","physical","append_plus_barrier","5","0","key_value","file","successful_remove","1","32","5","5","1024","1033210860","991.085208","998408","0"
"protocol-v5-20260807-220443","6d7edc7c29a60a94c59effeeb2b78d8b95038135","default-hasher:e33e9641d6e15aea","6d7edc7c29a60a94c59effeeb2b78d8b95038135","default-hasher:f20647ba796d9a0c","rustc 1.97.0 (2d8144b78 2026-07-07)","x86_64-unknown-linux-gnu","Linux 7.0.11-76070011-generic x86_64","Intel(R) Core(TM) Ultra 7 155H","/dev/nvme0n1p3[/tmp] ext4   rw,nosuid,nodev,noatime,errors=remount-ro","/tmp/pigment-db-durability-bench","12-19","comparator","mutex_file_reference","append_plus_barrier","append_plus_barrier","5","1","key_value","file","successful_remove","1","32","5","5","1024","1036383609","988.051134","988586","0"
"protocol-v5-20260807-220443","6d7edc7c29a60a94c59effeeb2b78d8b95038135","default-hasher:e33e9641d6e15aea","6d7edc7c29a60a94c59effeeb2b78d8b95038135","default-hasher:f20647ba796d9a0c","rustc 1.97.0 (2d8144b78 2026-07-07)","x86_64-unknown-linux-gnu","Linux 7.0.11-76070011-generic x86_64","Intel(R) Core(TM) Ultra 7 155H","/dev/nvme0n1p3[/tmp] ext4   rw,nosuid,nodev,noatime,errors=remount-ro","/tmp/pigment-db-durability-bench","12-19","comparator","mutex_file_reference","append_plus_barrier","append_plus_barrier","6","0","key_value","file","successful_remove","1","32","5","6","1024","1041730531","982.979734","1027376","0"
"protocol-v5-20260807-220443","6d7edc7c29a60a94c59effeeb2b78d8b95038135","default-hasher:e33e9641d6e15aea","6d7edc7c29a60a94c59effeeb2b78d8b95038135","default-hasher:f20647ba796d9a0c","rustc 1.97.0 (2d8144b78 2026-07-07)","x86_64-unknown-linux-gnu","Linux 7.0.11-76070011-generic x86_64","Intel(R) Core(TM) Ultra 7 155H","/dev/nvme0n1p3[/tmp] ext4   rw,nosuid,nodev,noatime,errors=remount-ro","/tmp/pigment-db-durability-bench","12-19","candidate","candidate_pigment_db","physical","append_plus_barrier","6","1","key_value","file","successful_remove","1","32","5","6","1024","1042901416","981.876124","1055851","0"
"protocol-v5-20260807-220443","6d7edc7c29a60a94c59effeeb2b78d8b95038135","default-hasher:e33e9641d6e15aea","6d7edc7c29a60a94c59effeeb2b78d8b95038135","default-hasher:f20647ba796d9a0c","rustc 1.97.0 (2d8144b78 2026-07-07)","x86_64-unknown-linux-gnu","Linux 7.0.11-76070011-generic x86_64","Intel(R) Core(TM) Ultra 7 155H","/dev/nvme0n1p3[/tmp] ext4   rw,nosuid,nodev,noatime,errors=remount-ro","/tmp/pigment-db-durability-bench","12-19","candidate","candidate_pigment_db","physical","append_plus_barrier","7","0","key_value","file","successful_remove","1","32","5","7","1024","1040007274","984.608498","984244","0"
"protocol-v5-20260807-220443","6d7edc7c29a60a94c59effeeb2b78d8b95038135","default-hasher:e33e9641d6e15aea","6d7edc7c29a60a94c59effeeb2b78d8b95038135","default-hasher:f20647ba796d9a0c","rustc 1.97.0 (2d8144b78 2026-07-07)","x86_64-unknown-linux-gnu","Linux 7.0.11-76070011-generic x86_64","Intel(R) Core(TM) Ultra 7 155H","/dev/nvme0n1p3[/tmp] ext4   rw,nosuid,nodev,noatime,errors=remount-ro","/tmp/pigment-db-durability-bench","12-19","comparator","mutex_file_reference","append_plus_barrier","append_plus_barrier","7","1","key_value","file","successful_remove","1","32","5","7","1024","1045143473","979.769789","1015428","0"
"protocol-v5-20260807-220443","6d7edc7c29a60a94c59effeeb2b78d8b95038135","default-hasher:e33e9641d6e15aea","6d7edc7c29a60a94c59effeeb2b78d8b95038135","default-hasher:f20647ba796d9a0c","rustc 1.97.0 (2d8144b78 2026-07-07)","x86_64-unknown-linux-gnu","Linux 7.0.11-76070011-generic x86_64","Intel(R) Core(TM) Ultra 7 155H","/dev/nvme0n1p3[/tmp] ext4   rw,nosuid,nodev,noatime,errors=remount-ro","/tmp/pigment-db-durability-bench","12-19","comparator","mutex_file_reference","append_plus_barrier","append_plus_barrier","8","0","key_value","file","successful_remove","1","32","5","8","1024","1045882159","979.077797","1096803","0"
"protocol-v5-20260807-220443","6d7edc7c29a60a94c59effeeb2b78d8b95038135","default-hasher:e33e9641d6e15aea","6d7edc7c29a60a94c59effeeb2b78d8b95038135","default-hasher:f20647ba796d9a0c","rustc 1.97.0 (2d8144b78 2026-07-07)","x86_64-unknown-linux-gnu","Linux 7.0.11-76070011-generic x86_64","Intel(R) Core(TM) Ultra 7 155H","/dev/nvme0n1p3[/tmp] ext4   rw,nosuid,nodev,noatime,errors=remount-ro","/tmp/pigment-db-durability-bench","12-19","candidate","candidate_pigment_db","physical","append_plus_barrier","8","1","key_value","file","successful_remove","1","32","5","8","1024","1020323157","1003.603606","999357","0"
"protocol-v5-20260807-220443","6d7edc7c29a60a94c59effeeb2b78d8b95038135","default-hasher:e33e9641d6e15aea","6d7edc7c29a60a94c59effeeb2b78d8b95038135","default-hasher:f20647ba796d9a0c","rustc 1.97.0 (2d8144b78 2026-07-07)","x86_64-unknown-linux-gnu","Linux 7.0.11-76070011-generic x86_64","Intel(R) Core(TM) Ultra 7 155H","/dev/nvme0n1p3[/tmp] ext4   rw,nosuid,nodev,noatime,errors=remount-ro","/tmp/pigment-db-durability-bench","12-19","candidate","candidate_pigment_db","physical","append_plus_barrier","9","0","key_value","file","successful_remove","1","32","5","9","1024","1039163686","985.407798","995213","0"
"protocol-v5-20260807-220443","6d7edc7c29a60a94c59effeeb2b78d8b95038135","default-hasher:e33e9641d6e15aea","6d7edc7c29a60a94c59effeeb2b78d8b95038135","default-hasher:f20647ba796d9a0c","rustc 1.97.0 (2d8144b78 2026-07-07)","x86_64-unknown-linux-gnu","Linux 7.0.11-76070011-generic x86_64","Intel(R) Core(TM) Ultra 7 155H","/dev/nvme0n1p3[/tmp] ext4   rw,nosuid,nodev,noatime,errors=remount-ro","/tmp/pigment-db-durability-bench","12-19","comparator","mutex_file_reference","append_plus_barrier","append_plus_barrier","9","1","key_value","file","successful_remove","1","32","5","9","1024","1004076604","1019.842506","1015670","0"
"protocol-v5-20260807-220443","6d7edc7c29a60a94c59effeeb2b78d8b95038135","default-hasher:e33e9641d6e15aea","6d7edc7c29a60a94c59effeeb2b78d8b95038135","default-hasher:f20647ba796d9a0c","rustc 1.97.0 (2d8144b78 2026-07-07)","x86_64-unknown-linux-gnu","Linux 7.0.11-76070011-generic x86_64","Intel(R) Core(TM) Ultra 7 155H","/dev/nvme0n1p3[/tmp] ext4   rw,nosuid,nodev,noatime,errors=remount-ro","/tmp/pigment-db-durability-bench","12-19","comparator","mutex_file_reference","append_plus_barrier","append_plus_barrier","10","0","key_value","file","successful_remove","1","32","5","10","1024","1022143422","1001.816358","1011506","0"
"protocol-v5-20260807-220443","6d7edc7c29a60a94c59effeeb2b78d8b95038135","default-hasher:e33e9641d6e15aea","6d7edc7c29a60a94c59effeeb2b78d8b95038135","default-hasher:f20647ba796d9a0c","rustc 1.97.0 (2d8144b78 2026-07-07)","x86_64-unknown-linux-gnu","Linux 7.0.11-76070011-generic x86_64","Intel(R) Core(TM) Ultra 7 155H","/dev/nvme0n1p3[/tmp] ext4   rw,nosuid,nodev,noatime,errors=remount-ro","/tmp/pigment-db-durability-bench","12-19","candidate","candidate_pigment_db","physical","append_plus_barrier","10","1","key_value","file","successful_remove","1","32","5","10","1024","1053544431","971.957110","1055565","0"
"protocol-v5-20260807-220443","6d7edc7c29a60a94c59effeeb2b78d8b95038135","default-hasher:e33e9641d6e15aea","6d7edc7c29a60a94c59effeeb2b78d8b95038135","default-hasher:f20647ba796d9a0c","rustc 1.97.0 (2d8144b78 2026-07-07)","x86_64-unknown-linux-gnu","Linux 7.0.11-76070011-generic x86_64","Intel(R) Core(TM) Ultra 7 155H","/dev/nvme0n1p3[/tmp] ext4   rw,nosuid,nodev,noatime,errors=remount-ro","/tmp/pigment-db-durability-bench","12-19","comparator","mutex_file_reference","append_plus_barrier","append_plus_barrier","0","0","key_value","file","successful_remove","8","32","5","0","1024","1096233379","934.107663","12691316","0"
"protocol-v5-20260807-220443","6d7edc7c29a60a94c59effeeb2b78d8b95038135","default-hasher:e33e9641d6e15aea","6d7edc7c29a60a94c59effeeb2b78d8b95038135","default-hasher:f20647ba796d9a0c","rustc 1.97.0 (2d8144b78 2026-07-07)","x86_64-unknown-linux-gnu","Linux 7.0.11-76070011-generic x86_64","Intel(R) Core(TM) Ultra 7 155H","/dev/nvme0n1p3[/tmp] ext4   rw,nosuid,nodev,noatime,errors=remount-ro","/tmp/pigment-db-durability-bench","12-19","candidate","candidate_pigment_db","physical","append_plus_barrier","0","1","key_value","file","successful_remove","8","32","5","0","1024","1118793060","915.272034","10332012","0"
"protocol-v5-20260807-220443","6d7edc7c29a60a94c59effeeb2b78d8b95038135","default-hasher:e33e9641d6e15aea","6d7edc7c29a60a94c59effeeb2b78d8b95038135","default-hasher:f20647ba796d9a0c","rustc 1.97.0 (2d8144b78 2026-07-07)","x86_64-unknown-linux-gnu","Linux 7.0.11-76070011-generic x86_64","Intel(R) Core(TM) Ultra 7 155H","/dev/nvme0n1p3[/tmp] ext4   rw,nosuid,nodev,noatime,errors=remount-ro","/tmp/pigment-db-durability-bench","12-19","candidate","candidate_pigment_db","physical","append_plus_barrier","1","0","key_value","file","successful_remove","8","32","5","1","1024","1074735349","952.792705","12738140","0"
"protocol-v5-20260807-220443","6d7edc7c29a60a94c59effeeb2b78d8b95038135","default-hasher:e33e9641d6e15aea","6d7edc7c29a60a94c59effeeb2b78d8b95038135","default-hasher:f20647ba796d9a0c","rustc 1.97.0 (2d8144b78 2026-07-07)","x86_64-unknown-linux-gnu","Linux 7.0.11-76070011-generic x86_64","Intel(R) Core(TM) Ultra 7 155H","/dev/nvme0n1p3[/tmp] ext4   rw,nosuid,nodev,noatime,errors=remount-ro","/tmp/pigment-db-durability-bench","12-19","comparator","mutex_file_reference","append_plus_barrier","append_plus_barrier","1","1","key_value","file","successful_remove","8","32","5","1","1024","1082695656","945.787484","13752304","0"
"protocol-v5-20260807-220443","6d7edc7c29a60a94c59effeeb2b78d8b95038135","default-hasher:e33e9641d6e15aea","6d7edc7c29a60a94c59effeeb2b78d8b95038135","default-hasher:f20647ba796d9a0c","rustc 1.97.0 (2d8144b78 2026-07-07)","x86_64-unknown-linux-gnu","Linux 7.0.11-76070011-generic x86_64","Intel(R) Core(TM) Ultra 7 155H","/dev/nvme0n1p3[/tmp] ext4   rw,nosuid,nodev,noatime,errors=remount-ro","/tmp/pigment-db-durability-bench","12-19","comparator","mutex_file_reference","append_plus_barrier","append_plus_barrier","2","0","key_value","file","successful_remove","8","32","5","2","1024","1080040365","948.112712","13693098","0"
"protocol-v5-20260807-220443","6d7edc7c29a60a94c59effeeb2b78d8b95038135","default-hasher:e33e9641d6e15aea","6d7edc7c29a60a94c59effeeb2b78d8b95038135","default-hasher:f20647ba796d9a0c","rustc 1.97.0 (2d8144b78 2026-07-07)","x86_64-unknown-linux-gnu","Linux 7.0.11-76070011-generic x86_64","Intel(R) Core(TM) Ultra 7 155H","/dev/nvme0n1p3[/tmp] ext4   rw,nosuid,nodev,noatime,errors=remount-ro","/tmp/pigment-db-durability-bench","12-19","candidate","candidate_pigment_db","physical","append_plus_barrier","2","1","key_value","file","successful_remove","8","32","5","2","1024","1107161211","924.887893","12787570","0"
"protocol-v5-20260807-220443","6d7edc7c29a60a94c59effeeb2b78d8b95038135","default-hasher:e33e9641d6e15aea","6d7edc7c29a60a94c59effeeb2b78d8b95038135","default-hasher:f20647ba796d9a0c","rustc 1.97.0 (2d8144b78 2026-07-07)","x86_64-unknown-linux-gnu","Linux 7.0.11-76070011-generic x86_64","Intel(R) Core(TM) Ultra 7 155H","/dev/nvme0n1p3[/tmp] ext4   rw,nosuid,nodev,noatime,errors=remount-ro","/tmp/pigment-db-durability-bench","12-19","candidate","candidate_pigment_db","physical","append_plus_barrier","3","0","key_value","file","successful_remove","8","32","5","3","1024","1094463322","935.618380","12672509","0"
"protocol-v5-20260807-220443","6d7edc7c29a60a94c59effeeb2b78d8b95038135","default-hasher:e33e9641d6e15aea","6d7edc7c29a60a94c59effeeb2b78d8b95038135","default-hasher:f20647ba796d9a0c","rustc 1.97.0 (2d8144b78 2026-07-07)","x86_64-unknown-linux-gnu","Linux 7.0.11-76070011-generic x86_64","Intel(R) Core(TM) Ultra 7 155H","/dev/nvme0n1p3[/tmp] ext4   rw,nosuid,nodev,noatime,errors=remount-ro","/tmp/pigment-db-durability-bench","12-19","comparator","mutex_file_reference","append_plus_barrier","append_plus_barrier","3","1","key_value","file","successful_remove","8","32","5","3","1024","1073809134","953.614537","13517650","0"
"protocol-v5-20260807-220443","6d7edc7c29a60a94c59effeeb2b78d8b95038135","default-hasher:e33e9641d6e15aea","6d7edc7c29a60a94c59effeeb2b78d8b95038135","default-hasher:f20647ba796d9a0c","rustc 1.97.0 (2d8144b78 2026-07-07)","x86_64-unknown-linux-gnu","Linux 7.0.11-76070011-generic x86_64","Intel(R) Core(TM) Ultra 7 155H","/dev/nvme0n1p3[/tmp] ext4   rw,nosuid,nodev,noatime,errors=remount-ro","/tmp/pigment-db-durability-bench","12-19","comparator","mutex_file_reference","append_plus_barrier","append_plus_barrier","4","0","key_value","file","successful_remove","8","32","5","4","1024","1040837437","983.823183","8374684","0"
"protocol-v5-20260807-220443","6d7edc7c29a60a94c59effeeb2b78d8b95038135","default-hasher:e33e9641d6e15aea","6d7edc7c29a60a94c59effeeb2b78d8b95038135","default-hasher:f20647ba796d9a0c","rustc 1.97.0 (2d8144b78 2026-07-07)","x86_64-unknown-linux-gnu","Linux 7.0.11-76070011-generic x86_64","Intel(R) Core(TM) Ultra 7 155H","/dev/nvme0n1p3[/tmp] ext4   rw,nosuid,nodev,noatime,errors=remount-ro","/tmp/pigment-db-durability-bench","12-19","candidate","candidate_pigment_db","physical","append_plus_barrier","4","1","key_value","file","successful_remove","8","32","5","4","1024","1107626056","924.499739","12842542","0"
"protocol-v5-20260807-220443","6d7edc7c29a60a94c59effeeb2b78d8b95038135","default-hasher:e33e9641d6e15aea","6d7edc7c29a60a94c59effeeb2b78d8b95038135","default-hasher:f20647ba796d9a0c","rustc 1.97.0 (2d8144b78 2026-07-07)","x86_64-unknown-linux-gnu","Linux 7.0.11-76070011-generic x86_64","Intel(R) Core(TM) Ultra 7 155H","/dev/nvme0n1p3[/tmp] ext4   rw,nosuid,nodev,noatime,errors=remount-ro","/tmp/pigment-db-durability-bench","12-19","candidate","candidate_pigment_db","physical","append_plus_barrier","5","0","key_value","file","successful_remove","8","32","5","5","1024","1088599544","940.658120","12860234","0"
"protocol-v5-20260807-220443","6d7edc7c29a60a94c59effeeb2b78d8b95038135","default-hasher:e33e9641d6e15aea","6d7edc7c29a60a94c59effeeb2b78d8b95038135","default-hasher:f20647ba796d9a0c","rustc 1.97.0 (2d8144b78 2026-07-07)","x86_64-unknown-linux-gnu","Linux 7.0.11-76070011-generic x86_64","Intel(R) Core(TM) Ultra 7 155H","/dev/nvme0n1p3[/tmp] ext4   rw,nosuid,nodev,noatime,errors=remount-ro","/tmp/pigment-db-durability-bench","12-19","comparator","mutex_file_reference","append_plus_barrier","append_plus_barrier","5","1","key_value","file","successful_remove","8","32","5","5","1024","1123706275","911.270163","10061833","0"
"protocol-v5-20260807-220443","6d7edc7c29a60a94c59effeeb2b78d8b95038135","default-hasher:e33e9641d6e15aea","6d7edc7c29a60a94c59effeeb2b78d8b95038135","default-hasher:f20647ba796d9a0c","rustc 1.97.0 (2d8144b78 2026-07-07)","x86_64-unknown-linux-gnu","Linux 7.0.11-76070011-generic x86_64","Intel(R) Core(TM) Ultra 7 155H","/dev/nvme0n1p3[/tmp] ext4   rw,nosuid,nodev,noatime,errors=remount-ro","/tmp/pigment-db-durability-bench","12-19","comparator","mutex_file_reference","append_plus_barrier","append_plus_barrier","6","0","key_value","file","successful_remove","8","32","5","6","1024","1045968335","978.997132","11066305","0"
"protocol-v5-20260807-220443","6d7edc7c29a60a94c59effeeb2b78d8b95038135","default-hasher:e33e9641d6e15aea","6d7edc7c29a60a94c59effeeb2b78d8b95038135","default-hasher:f20647ba796d9a0c","rustc 1.97.0 (2d8144b78 2026-07-07)","x86_64-unknown-linux-gnu","Linux 7.0.11-76070011-generic x86_64","Intel(R) Core(TM) Ultra 7 155H","/dev/nvme0n1p3[/tmp] ext4   rw,nosuid,nodev,noatime,errors=remount-ro","/tmp/pigment-db-durability-bench","12-19","candidate","candidate_pigment_db","physical","append_plus_barrier","6","1","key_value","file","successful_remove","8","32","5","6","1024","1112724860","920.263433","12891887","0"
"protocol-v5-20260807-220443","6d7edc7c29a60a94c59effeeb2b78d8b95038135","default-hasher:e33e9641d6e15aea","6d7edc7c29a60a94c59effeeb2b78d8b95038135","default-hasher:f20647ba796d9a0c","rustc 1.97.0 (2d8144b78 2026-07-07)","x86_64-unknown-linux-gnu","Linux 7.0.11-76070011-generic x86_64","Intel(R) Core(TM) Ultra 7 155H","/dev/nvme0n1p3[/tmp] ext4   rw,nosuid,nodev,noatime,errors=remount-ro","/tmp/pigment-db-durability-bench","12-19","candidate","candidate_pigment_db","physical","append_plus_barrier","7","0","key_value","file","successful_remove","8","32","5","7","1024","1097666443","932.888134","13648891","0"
"protocol-v5-20260807-220443","6d7edc7c29a60a94c59effeeb2b78d8b95038135","default-hasher:e33e9641d6e15aea","6d7edc7c29a60a94c59effeeb2b78d8b95038135","default-hasher:f20647ba796d9a0c","rustc 1.97.0 (2d8144b78 2026-07-07)","x86_64-unknown-linux-gnu","Linux 7.0.11-76070011-generic x86_64","Intel(R) Core(TM) Ultra 7 155H","/dev/nvme0n1p3[/tmp] ext4   rw,nosuid,nodev,noatime,errors=remount-ro","/tmp/pigment-db-durability-bench","12-19","comparator","mutex_file_reference","append_plus_barrier","append_plus_barrier","7","1","key_value","file","successful_remove","8","32","5","7","1024","1082037624","946.362656","14002906","0"
"protocol-v5-20260807-220443","6d7edc7c29a60a94c59effeeb2b78d8b95038135","default-hasher:e33e9641d6e15aea","6d7edc7c29a60a94c59effeeb2b78d8b95038135","default-hasher:f20647ba796d9a0c","rustc 1.97.0 (2d8144b78 2026-07-07)","x86_64-unknown-linux-gnu","Linux 7.0.11-76070011-generic x86_64","Intel(R) Core(TM) Ultra 7 155H","/dev/nvme0n1p3[/tmp] ext4   rw,nosuid,nodev,noatime,errors=remount-ro","/tmp/pigment-db-durability-bench","12-19","comparator","mutex_file_reference","append_plus_barrier","append_plus_barrier","8","0","key_value","file","successful_remove","8","32","5","8","1024","1072566550","954.719313","12728021","0"
"protocol-v5-20260807-220443","6d7edc7c29a60a94c59effeeb2b78d8b95038135","default-hasher:e33e9641d6e15aea","6d7edc7c29a60a94c59effeeb2b78d8b95038135","default-hasher:f20647ba796d9a0c","rustc 1.97.0 (2d8144b78 2026-07-07)","x86_64-unknown-linux-gnu","Linux 7.0.11-76070011-generic x86_64","Intel(R) Core(TM) Ultra 7 155H","/dev/nvme0n1p3[/tmp] ext4   rw,nosuid,nodev,noatime,errors=remount-ro","/tmp/pigment-db-durability-bench","12-19","candidate","candidate_pigment_db","physical","append_plus_barrier","8","1","key_value","file","successful_remove","8","32","5","8","1024","1052158330","973.237554","11303877","0"
"protocol-v5-20260807-220443","6d7edc7c29a60a94c59effeeb2b78d8b95038135","default-hasher:e33e9641d6e15aea","6d7edc7c29a60a94c59effeeb2b78d8b95038135","default-hasher:f20647ba796d9a0c","rustc 1.97.0 (2d8144b78 2026-07-07)","x86_64-unknown-linux-gnu","Linux 7.0.11-76070011-generic x86_64","Intel(R) Core(TM) Ultra 7 155H","/dev/nvme0n1p3[/tmp] ext4   rw,nosuid,nodev,noatime,errors=remount-ro","/tmp/pigment-db-durability-bench","12-19","candidate","candidate_pigment_db","physical","append_plus_barrier","9","0","key_value","file","successful_remove","8","32","5","9","1024","1097320299","933.182409","14074921","0"
"protocol-v5-20260807-220443","6d7edc7c29a60a94c59effeeb2b78d8b95038135","default-hasher:e33e9641d6e15aea","6d7edc7c29a60a94c59effeeb2b78d8b95038135","default-hasher:f20647ba796d9a0c","rustc 1.97.0 (2d8144b78 2026-07-07)","x86_64-unknown-linux-gnu","Linux 7.0.11-76070011-generic x86_64","Intel(R) Core(TM) Ultra 7 155H","/dev/nvme0n1p3[/tmp] ext4   rw,nosuid,nodev,noatime,errors=remount-ro","/tmp/pigment-db-durability-bench","12-19","comparator","mutex_file_reference","append_plus_barrier","append_plus_barrier","9","1","key_value","file","successful_remove","8","32","5","9","1024","1050784091","974.510376","12882118","0"
"protocol-v5-20260807-220443","6d7edc7c29a60a94c59effeeb2b78d8b95038135","default-hasher:e33e9641d6e15aea","6d7edc7c29a60a94c59effeeb2b78d8b95038135","default-hasher:f20647ba796d9a0c","rustc 1.97.0 (2d8144b78 2026-07-07)","x86_64-unknown-linux-gnu","Linux 7.0.11-76070011-generic x86_64","Intel(R) Core(TM) Ultra 7 155H","/dev/nvme0n1p3[/tmp] ext4   rw,nosuid,nodev,noatime,errors=remount-ro","/tmp/pigment-db-durability-bench","12-19","comparator","mutex_file_reference","append_plus_barrier","append_plus_barrier","10","0","key_value","file","successful_remove","8","32","5","10","1024","1088997932","940.313999","13726271","0"
"protocol-v5-20260807-220443","6d7edc7c29a60a94c59effeeb2b78d8b95038135","default-hasher:e33e9641d6e15aea","6d7edc7c29a60a94c59effeeb2b78d8b95038135","default-hasher:f20647ba796d9a0c","rustc 1.97.0 (2d8144b78 2026-07-07)","x86_64-unknown-linux-gnu","Linux 7.0.11-76070011-generic x86_64","Intel(R) Core(TM) Ultra 7 155H","/dev/nvme0n1p3[/tmp] ext4   rw,nosuid,nodev,noatime,errors=remount-ro","/tmp/pigment-db-durability-bench","12-19","candidate","candidate_pigment_db","physical","append_plus_barrier","10","1","key_value","file","successful_remove","8","32","5","10","1024","1128605404","907.314458","14470319","0"
"protocol-v5-20260807-220443","6d7edc7c29a60a94c59effeeb2b78d8b95038135","default-hasher:e33e9641d6e15aea","6d7edc7c29a60a94c59effeeb2b78d8b95038135","default-hasher:f20647ba796d9a0c","rustc 1.97.0 (2d8144b78 2026-07-07)","x86_64-unknown-linux-gnu","Linux 7.0.11-76070011-generic x86_64","Intel(R) Core(TM) Ultra 7 155H","/dev/nvme0n1p3[/tmp] ext4   rw,nosuid,nodev,noatime,errors=remount-ro","/tmp/pigment-db-durability-bench","12-19","comparator","mutex_file_reference","append_plus_barrier","append_plus_barrier","0","0","key_value","file","minimal_callback","1","32","5","0","1024","1065428375","961.115758","1081408","0"
"protocol-v5-20260807-220443","6d7edc7c29a60a94c59effeeb2b78d8b95038135","default-hasher:e33e9641d6e15aea","6d7edc7c29a60a94c59effeeb2b78d8b95038135","default-hasher:f20647ba796d9a0c","rustc 1.97.0 (2d8144b78 2026-07-07)","x86_64-unknown-linux-gnu","Linux 7.0.11-76070011-generic x86_64","Intel(R) Core(TM) Ultra 7 155H","/dev/nvme0n1p3[/tmp] ext4   rw,nosuid,nodev,noatime,errors=remount-ro","/tmp/pigment-db-durability-bench","12-19","candidate","candidate_pigment_db","physical","append_plus_barrier","0","1","key_value","file","minimal_callback","1","32","5","0","1024","1028359455","995.760767","1019106","0"
"protocol-v5-20260807-220443","6d7edc7c29a60a94c59effeeb2b78d8b95038135","default-hasher:e33e9641d6e15aea","6d7edc7c29a60a94c59effeeb2b78d8b95038135","default-hasher:f20647ba796d9a0c","rustc 1.97.0 (2d8144b78 2026-07-07)","x86_64-unknown-linux-gnu","Linux 7.0.11-76070011-generic x86_64","Intel(R) Core(TM) Ultra 7 155H","/dev/nvme0n1p3[/tmp] ext4   rw,nosuid,nodev,noatime,errors=remount-ro","/tmp/pigment-db-durability-bench","12-19","candidate","candidate_pigment_db","physical","append_plus_barrier","1","0","key_value","file","minimal_callback","1","32","5","1","1024","1012681974","1011.176289","988481","0"
"protocol-v5-20260807-220443","6d7edc7c29a60a94c59effeeb2b78d8b95038135","default-hasher:e33e9641d6e15aea","6d7edc7c29a60a94c59effeeb2b78d8b95038135","default-hasher:f20647ba796d9a0c","rustc 1.97.0 (2d8144b78 2026-07-07)","x86_64-unknown-linux-gnu","Linux 7.0.11-76070011-generic x86_64","Intel(R) Core(TM) Ultra 7 155H","/dev/nvme0n1p3[/tmp] ext4   rw,nosuid,nodev,noatime,errors=remount-ro","/tmp/pigment-db-durability-bench","12-19","comparator","mutex_file_reference","append_plus_barrier","append_plus_barrier","1","1","key_value","file","minimal_callback","1","32","5","1","1024","1018262883","1005.634220","971002","0"
"protocol-v5-20260807-220443","6d7edc7c29a60a94c59effeeb2b78d8b95038135","default-hasher:e33e9641d6e15aea","6d7edc7c29a60a94c59effeeb2b78d8b95038135","default-hasher:f20647ba796d9a0c","rustc 1.97.0 (2d8144b78 2026-07-07)","x86_64-unknown-linux-gnu","Linux 7.0.11-76070011-generic x86_64","Intel(R) Core(TM) Ultra 7 155H","/dev/nvme0n1p3[/tmp] ext4   rw,nosuid,nodev,noatime,errors=remount-ro","/tmp/pigment-db-durability-bench","12-19","comparator","mutex_file_reference","append_plus_barrier","append_plus_barrier","2","0","key_value","file","minimal_callback","1","32","5","2","1024","1033448583","990.857230","1085373","0"
"protocol-v5-20260807-220443","6d7edc7c29a60a94c59effeeb2b78d8b95038135","default-hasher:e33e9641d6e15aea","6d7edc7c29a60a94c59effeeb2b78d8b95038135","default-hasher:f20647ba796d9a0c","rustc 1.97.0 (2d8144b78 2026-07-07)","x86_64-unknown-linux-gnu","Linux 7.0.11-76070011-generic x86_64","Intel(R) Core(TM) Ultra 7 155H","/dev/nvme0n1p3[/tmp] ext4   rw,nosuid,nodev,noatime,errors=remount-ro","/tmp/pigment-db-durability-bench","12-19","candidate","candidate_pigment_db","physical","append_plus_barrier","2","1","key_value","file","minimal_callback","1","32","5","2","1024","992900990","1031.321361","1040735","0"
"protocol-v5-20260807-220443","6d7edc7c29a60a94c59effeeb2b78d8b95038135","default-hasher:e33e9641d6e15aea","6d7edc7c29a60a94c59effeeb2b78d8b95038135","default-hasher:f20647ba796d9a0c","rustc 1.97.0 (2d8144b78 2026-07-07)","x86_64-unknown-linux-gnu","Linux 7.0.11-76070011-generic x86_64","Intel(R) Core(TM) Ultra 7 155H","/dev/nvme0n1p3[/tmp] ext4   rw,nosuid,nodev,noatime,errors=remount-ro","/tmp/pigment-db-durability-bench","12-19","candidate","candidate_pigment_db","physical","append_plus_barrier","3","0","key_value","file","minimal_callback","1","32","5","3","1024","1053968688","971.565865","1001959","0"
"protocol-v5-20260807-220443","6d7edc7c29a60a94c59effeeb2b78d8b95038135","default-hasher:e33e9641d6e15aea","6d7edc7c29a60a94c59effeeb2b78d8b95038135","default-hasher:f20647ba796d9a0c","rustc 1.97.0 (2d8144b78 2026-07-07)","x86_64-unknown-linux-gnu","Linux 7.0.11-76070011-generic x86_64","Intel(R) Core(TM) Ultra 7 155H","/dev/nvme0n1p3[/tmp] ext4   rw,nosuid,nodev,noatime,errors=remount-ro","/tmp/pigment-db-durability-bench","12-19","comparator","mutex_file_reference","append_plus_barrier","append_plus_barrier","3","1","key_value","file","minimal_callback","1","32","5","3","1024","1032142759","992.110821","1054716","0"
"protocol-v5-20260807-220443","6d7edc7c29a60a94c59effeeb2b78d8b95038135","default-hasher:e33e9641d6e15aea","6d7edc7c29a60a94c59effeeb2b78d8b95038135","default-hasher:f20647ba796d9a0c","rustc 1.97.0 (2d8144b78 2026-07-07)","x86_64-unknown-linux-gnu","Linux 7.0.11-76070011-generic x86_64","Intel(R) Core(TM) Ultra 7 155H","/dev/nvme0n1p3[/tmp] ext4   rw,nosuid,nodev,noatime,errors=remount-ro","/tmp/pigment-db-durability-bench","12-19","comparator","mutex_file_reference","append_plus_barrier","append_plus_barrier","4","0","key_value","file","minimal_callback","1","32","5","4","1024","1044515069","980.359241","995911","0"
"protocol-v5-20260807-220443","6d7edc7c29a60a94c59effeeb2b78d8b95038135","default-hasher:e33e9641d6e15aea","6d7edc7c29a60a94c59effeeb2b78d8b95038135","default-hasher:f20647ba796d9a0c","rustc 1.97.0 (2d8144b78 2026-07-07)","x86_64-unknown-linux-gnu","Linux 7.0.11-76070011-generic x86_64","Intel(R) Core(TM) Ultra 7 155H","/dev/nvme0n1p3[/tmp] ext4   rw,nosuid,nodev,noatime,errors=remount-ro","/tmp/pigment-db-durability-bench","12-19","candidate","candidate_pigment_db","physical","append_plus_barrier","4","1","key_value","file","minimal_callback","1","32","5","4","1024","1013882300","1009.979166","999922","0"
"protocol-v5-20260807-220443","6d7edc7c29a60a94c59effeeb2b78d8b95038135","default-hasher:e33e9641d6e15aea","6d7edc7c29a60a94c59effeeb2b78d8b95038135","default-hasher:f20647ba796d9a0c","rustc 1.97.0 (2d8144b78 2026-07-07)","x86_64-unknown-linux-gnu","Linux 7.0.11-76070011-generic x86_64","Intel(R) Core(TM) Ultra 7 155H","/dev/nvme0n1p3[/tmp] ext4   rw,nosuid,nodev,noatime,errors=remount-ro","/tmp/pigment-db-durability-bench","12-19","candidate","candidate_pigment_db","physical","append_plus_barrier","5","0","key_value","file","minimal_callback","1","32","5","5","1024","1050757042","974.535463","1063044","0"
"protocol-v5-20260807-220443","6d7edc7c29a60a94c59effeeb2b78d8b95038135","default-hasher:e33e9641d6e15aea","6d7edc7c29a60a94c59effeeb2b78d8b95038135","default-hasher:f20647ba796d9a0c","rustc 1.97.0 (2d8144b78 2026-07-07)","x86_64-unknown-linux-gnu","Linux 7.0.11-76070011-generic x86_64","Intel(R) Core(TM) Ultra 7 155H","/dev/nvme0n1p3[/tmp] ext4   rw,nosuid,nodev,noatime,errors=remount-ro","/tmp/pigment-db-durability-bench","12-19","comparator","mutex_file_reference","append_plus_barrier","append_plus_barrier","5","1","key_value","file","minimal_callback","1","32","5","5","1024","1024985499","999.038524","1003730","0"
"protocol-v5-20260807-220443","6d7edc7c29a60a94c59effeeb2b78d8b95038135","default-hasher:e33e9641d6e15aea","6d7edc7c29a60a94c59effeeb2b78d8b95038135","default-hasher:f20647ba796d9a0c","rustc 1.97.0 (2d8144b78 2026-07-07)","x86_64-unknown-linux-gnu","Linux 7.0.11-76070011-generic x86_64","Intel(R) Core(TM) Ultra 7 155H","/dev/nvme0n1p3[/tmp] ext4   rw,nosuid,nodev,noatime,errors=remount-ro","/tmp/pigment-db-durability-bench","12-19","comparator","mutex_file_reference","append_plus_barrier","append_plus_barrier","6","0","key_value","file","minimal_callback","1","32","5","6","1024","1020552452","1003.378119","1032118","0"
"protocol-v5-20260807-220443","6d7edc7c29a60a94c59effeeb2b78d8b95038135","default-hasher:e33e9641d6e15aea","6d7edc7c29a60a94c59effeeb2b78d8b95038135","default-hasher:f20647ba796d9a0c","rustc 1.97.0 (2d8144b78 2026-07-07)","x86_64-unknown-linux-gnu","Linux 7.0.11-76070011-generic x86_64","Intel(R) Core(TM) Ultra 7 155H","/dev/nvme0n1p3[/tmp] ext4   rw,nosuid,nodev,noatime,errors=remount-ro","/tmp/pigment-db-durability-bench","12-19","candidate","candidate_pigment_db","physical","append_plus_barrier","6","1","key_value","file","minimal_callback","1","32","5","6","1024","1038853395","985.702126","1011769","0"
"protocol-v5-20260807-220443","6d7edc7c29a60a94c59effeeb2b78d8b95038135","default-hasher:e33e9641d6e15aea","6d7edc7c29a60a94c59effeeb2b78d8b95038135","default-hasher:f20647ba796d9a0c","rustc 1.97.0 (2d8144b78 2026-07-07)","x86_64-unknown-linux-gnu","Linux 7.0.11-76070011-generic x86_64","Intel(R) Core(TM) Ultra 7 155H","/dev/nvme0n1p3[/tmp] ext4   rw,nosuid,nodev,noatime,errors=remount-ro","/tmp/pigment-db-durability-bench","12-19","candidate","candidate_pigment_db","physical","append_plus_barrier","7","0","key_value","file","minimal_callback","1","32","5","7","1024","1040797057","983.861352","1017303","0"
"protocol-v5-20260807-220443","6d7edc7c29a60a94c59effeeb2b78d8b95038135","default-hasher:e33e9641d6e15aea","6d7edc7c29a60a94c59effeeb2b78d8b95038135","default-hasher:f20647ba796d9a0c","rustc 1.97.0 (2d8144b78 2026-07-07)","x86_64-unknown-linux-gnu","Linux 7.0.11-76070011-generic x86_64","Intel(R) Core(TM) Ultra 7 155H","/dev/nvme0n1p3[/tmp] ext4   rw,nosuid,nodev,noatime,errors=remount-ro","/tmp/pigment-db-durability-bench","12-19","comparator","mutex_file_reference","append_plus_barrier","append_plus_barrier","7","1","key_value","file","minimal_callback","1","32","5","7","1024","1012306964","1011.550880","1010219","0"
"protocol-v5-20260807-220443","6d7edc7c29a60a94c59effeeb2b78d8b95038135","default-hasher:e33e9641d6e15aea","6d7edc7c29a60a94c59effeeb2b78d8b95038135","default-hasher:f20647ba796d9a0c","rustc 1.97.0 (2d8144b78 2026-07-07)","x86_64-unknown-linux-gnu","Linux 7.0.11-76070011-generic x86_64","Intel(R) Core(TM) Ultra 7 155H","/dev/nvme0n1p3[/tmp] ext4   rw,nosuid,nodev,noatime,errors=remount-ro","/tmp/pigment-db-durability-bench","12-19","comparator","mutex_file_reference","append_plus_barrier","append_plus_barrier","8","0","key_value","file","minimal_callback","1","32","5","8","1024","1050374865","974.890046","1010210","0"
"protocol-v5-20260807-220443","6d7edc7c29a60a94c59effeeb2b78d8b95038135","default-hasher:e33e9641d6e15aea","6d7edc7c29a60a94c59effeeb2b78d8b95038135","default-hasher:f20647ba796d9a0c","rustc 1.97.0 (2d8144b78 2026-07-07)","x86_64-unknown-linux-gnu","Linux 7.0.11-76070011-generic x86_64","Intel(R) Core(TM) Ultra 7 155H","/dev/nvme0n1p3[/tmp] ext4   rw,nosuid,nodev,noatime,errors=remount-ro","/tmp/pigment-db-durability-bench","12-19","candidate","candidate_pigment_db","physical","append_plus_barrier","8","1","key_value","file","minimal_callback","1","32","5","8","1024","1031801749","992.438713","1017637","0"
"protocol-v5-20260807-220443","6d7edc7c29a60a94c59effeeb2b78d8b95038135","default-hasher:e33e9641d6e15aea","6d7edc7c29a60a94c59effeeb2b78d8b95038135","default-hasher:f20647ba796d9a0c","rustc 1.97.0 (2d8144b78 2026-07-07)","x86_64-unknown-linux-gnu","Linux 7.0.11-76070011-generic x86_64","Intel(R) Core(TM) Ultra 7 155H","/dev/nvme0n1p3[/tmp] ext4   rw,nosuid,nodev,noatime,errors=remount-ro","/tmp/pigment-db-durability-bench","12-19","candidate","candidate_pigment_db","physical","append_plus_barrier","9","0","key_value","file","minimal_callback","1","32","5","9","1024","1065893130","960.696688","1044009","0"
"protocol-v5-20260807-220443","6d7edc7c29a60a94c59effeeb2b78d8b95038135","default-hasher:e33e9641d6e15aea","6d7edc7c29a60a94c59effeeb2b78d8b95038135","default-hasher:f20647ba796d9a0c","rustc 1.97.0 (2d8144b78 2026-07-07)","x86_64-unknown-linux-gnu","Linux 7.0.11-76070011-generic x86_64","Intel(R) Core(TM) Ultra 7 155H","/dev/nvme0n1p3[/tmp] ext4   rw,nosuid,nodev,noatime,errors=remount-ro","/tmp/pigment-db-durability-bench","12-19","comparator","mutex_file_reference","append_plus_barrier","append_plus_barrier","9","1","key_value","file","minimal_callback","1","32","5","9","1024","1016425315","1007.452279","1034124","0"
"protocol-v5-20260807-220443","6d7edc7c29a60a94c59effeeb2b78d8b95038135","default-hasher:e33e9641d6e15aea","6d7edc7c29a60a94c59effeeb2b78d8b95038135","default-hasher:f20647ba796d9a0c","rustc 1.97.0 (2d8144b78 2026-07-07)","x86_64-unknown-linux-gnu","Linux 7.0.11-76070011-generic x86_64","Intel(R) Core(TM) Ultra 7 155H","/dev/nvme0n1p3[/tmp] ext4   rw,nosuid,nodev,noatime,errors=remount-ro","/tmp/pigment-db-durability-bench","12-19","comparator","mutex_file_reference","append_plus_barrier","append_plus_barrier","10","0","key_value","file","minimal_callback","1","32","5","10","1024","1058821342","967.113109","1085835","0"
"protocol-v5-20260807-220443","6d7edc7c29a60a94c59effeeb2b78d8b95038135","default-hasher:e33e9641d6e15aea","6d7edc7c29a60a94c59effeeb2b78d8b95038135","default-hasher:f20647ba796d9a0c","rustc 1.97.0 (2d8144b78 2026-07-07)","x86_64-unknown-linux-gnu","Linux 7.0.11-76070011-generic x86_64","Intel(R) Core(TM) Ultra 7 155H","/dev/nvme0n1p3[/tmp] ext4   rw,nosuid,nodev,noatime,errors=remount-ro","/tmp/pigment-db-durability-bench","12-19","candidate","candidate_pigment_db","physical","append_plus_barrier","10","1","key_value","file","minimal_callback","1","32","5","10","1024","1034243671","990.095496","1010561","0"
"protocol-v5-20260807-220443","6d7edc7c29a60a94c59effeeb2b78d8b95038135","default-hasher:e33e9641d6e15aea","6d7edc7c29a60a94c59effeeb2b78d8b95038135","default-hasher:f20647ba796d9a0c","rustc 1.97.0 (2d8144b78 2026-07-07)","x86_64-unknown-linux-gnu","Linux 7.0.11-76070011-generic x86_64","Intel(R) Core(TM) Ultra 7 155H","/dev/nvme0n1p3[/tmp] ext4   rw,nosuid,nodev,noatime,errors=remount-ro","/tmp/pigment-db-durability-bench","12-19","comparator","mutex_file_reference","append_plus_barrier","append_plus_barrier","0","0","key_value","file","minimal_callback","8","32","5","0","1024","1080716095","947.519894","12857647","0"
"protocol-v5-20260807-220443","6d7edc7c29a60a94c59effeeb2b78d8b95038135","default-hasher:e33e9641d6e15aea","6d7edc7c29a60a94c59effeeb2b78d8b95038135","default-hasher:f20647ba796d9a0c","rustc 1.97.0 (2d8144b78 2026-07-07)","x86_64-unknown-linux-gnu","Linux 7.0.11-76070011-generic x86_64","Intel(R) Core(TM) Ultra 7 155H","/dev/nvme0n1p3[/tmp] ext4   rw,nosuid,nodev,noatime,errors=remount-ro","/tmp/pigment-db-durability-bench","12-19","candidate","candidate_pigment_db","physical","append_plus_barrier","0","1","key_value","file","minimal_callback","8","32","5","0","1024","1090165167","939.307209","11927854","0"
"protocol-v5-20260807-220443","6d7edc7c29a60a94c59effeeb2b78d8b95038135","default-hasher:e33e9641d6e15aea","6d7edc7c29a60a94c59effeeb2b78d8b95038135","default-hasher:f20647ba796d9a0c","rustc 1.97.0 (2d8144b78 2026-07-07)","x86_64-unknown-linux-gnu","Linux 7.0.11-76070011-generic x86_64","Intel(R) Core(TM) Ultra 7 155H","/dev/nvme0n1p3[/tmp] ext4   rw,nosuid,nodev,noatime,errors=remount-ro","/tmp/pigment-db-durability-bench","12-19","candidate","candidate_pigment_db","physical","append_plus_barrier","1","0","key_value","file","minimal_callback","8","32","5","1","1024","1056941107","968.833545","10937880","0"
"protocol-v5-20260807-220443","6d7edc7c29a60a94c59effeeb2b78d8b95038135","default-hasher:e33e9641d6e15aea","6d7edc7c29a60a94c59effeeb2b78d8b95038135","default-hasher:f20647ba796d9a0c","rustc 1.97.0 (2d8144b78 2026-07-07)","x86_64-unknown-linux-gnu","Linux 7.0.11-76070011-generic x86_64","Intel(R) Core(TM) Ultra 7 155H","/dev/nvme0n1p3[/tmp] ext4   rw,nosuid,nodev,noatime,errors=remount-ro","/tmp/pigment-db-durability-bench","12-19","comparator","mutex_file_reference","append_plus_barrier","append_plus_barrier","1","1","key_value","file","minimal_callback","8","32","5","1","1024","1085995546","942.913628","13806462","0"
"protocol-v5-20260807-220443","6d7edc7c29a60a94c59effeeb2b78d8b95038135","default-hasher:e33e9641d6e15aea","6d7edc7c29a60a94c59effeeb2b78d8b95038135","default-hasher:f20647ba796d9a0c","rustc 1.97.0 (2d8144b78 2026-07-07)","x86_64-unknown-linux-gnu","Linux 7.0.11-76070011-generic x86_64","Intel(R) Core(TM) Ultra 7 155H","/dev/nvme0n1p3[/tmp] ext4   rw,nosuid,nodev,noatime,errors=remount-ro","/tmp/pigment-db-durability-bench","12-19","comparator","mutex_file_reference","append_plus_barrier","append_plus_barrier","2","0","key_value","file","minimal_callback","8","32","5","2","1024","1058509452","967.398069","12662737","0"
"protocol-v5-20260807-220443","6d7edc7c29a60a94c59effeeb2b78d8b95038135","default-hasher:e33e9641d6e15aea","6d7edc7c29a60a94c59effeeb2b78d8b95038135","default-hasher:f20647ba796d9a0c","rustc 1.97.0 (2d8144b78 2026-07-07)","x86_64-unknown-linux-gnu","Linux 7.0.11-76070011-generic x86_64","Intel(R) Core(TM) Ultra 7 155H","/dev/nvme0n1p3[/tmp] ext4   rw,nosuid,nodev,noatime,errors=remount-ro","/tmp/pigment-db-durability-bench","12-19","candidate","candidate_pigment_db","physical","append_plus_barrier","2","1","key_value","file","minimal_callback","8","32","5","2","1024","1073216490","954.141135","10990724","0"
"protocol-v5-20260807-220443","6d7edc7c29a60a94c59effeeb2b78d8b95038135","default-hasher:e33e9641d6e15aea","6d7edc7c29a60a94c59effeeb2b78d8b95038135","default-hasher:f20647ba796d9a0c","rustc 1.97.0 (2d8144b78 2026-07-07)","x86_64-unknown-linux-gnu","Linux 7.0.11-76070011-generic x86_64","Intel(R) Core(TM) Ultra 7 155H","/dev/nvme0n1p3[/tmp] ext4   rw,nosuid,nodev,noatime,errors=remount-ro","/tmp/pigment-db-durability-bench","12-19","candidate","candidate_pigment_db","physical","append_plus_barrier","3","0","key_value","file","minimal_callback","8","32","5","3","1024","1061181074","964.962555","10932253","0"
"protocol-v5-20260807-220443","6d7edc7c29a60a94c59effeeb2b78d8b95038135","default-hasher:e33e9641d6e15aea","6d7edc7c29a60a94c59effeeb2b78d8b95038135","default-hasher:f20647ba796d9a0c","rustc 1.97.0 (2d8144b78 2026-07-07)","x86_64-unknown-linux-gnu","Linux 7.0.11-76070011-generic x86_64","Intel(R) Core(TM) Ultra 7 155H","/dev/nvme0n1p3[/tmp] ext4   rw,nosuid,nodev,noatime,errors=remount-ro","/tmp/pigment-db-durability-bench","12-19","comparator","mutex_file_reference","append_plus_barrier","append_plus_barrier","3","1","key_value","file","minimal_callback","8","32","5","3","1024","1053647691","971.861855","11909017","0"
"protocol-v5-20260807-220443","6d7edc7c29a60a94c59effeeb2b78d8b95038135","default-hasher:e33e9641d6e15aea","6d7edc7c29a60a94c59effeeb2b78d8b95038135","default-hasher:f20647ba796d9a0c","rustc 1.97.0 (2d8144b78 2026-07-07)","x86_64-unknown-linux-gnu","Linux 7.0.11-76070011-generic x86_64","Intel(R) Core(TM) Ultra 7 155H","/dev/nvme0n1p3[/tmp] ext4   rw,nosuid,nodev,noatime,errors=remount-ro","/tmp/pigment-db-durability-bench","12-19","comparator","mutex_file_reference","append_plus_barrier","append_plus_barrier","4","0","key_value","file","minimal_callback","8","32","5","4","1024","1094666524","935.444702","13379113","0"
"protocol-v5-20260807-220443","6d7edc7c29a60a94c59effeeb2b78d8b95038135","default-hasher:e33e9641d6e15aea","6d7edc7c29a60a94c59effeeb2b78d8b95038135","default-hasher:f20647ba796d9a0c","rustc 1.97.0 (2d8144b78 2026-07-07)","x86_64-unknown-linux-gnu","Linux 7.0.11-76070011-generic x86_64","Intel(R) Core(TM) Ultra 7 155H","/dev/nvme0n1p3[/tmp] ext4   rw,nosuid,nodev,noatime,errors=remount-ro","/tmp/pigment-db-durability-bench","12-19","candidate","candidate_pigment_db","physical","append_plus_barrier","4","1","key_value","file","minimal_callback","8","32","5","4","1024","1080221056","947.954119","13819771","0"
"protocol-v5-20260807-220443","6d7edc7c29a60a94c59effeeb2b78d8b95038135","default-hasher:e33e9641d6e15aea","6d7edc7c29a60a94c59effeeb2b78d8b95038135","default-hasher:f20647ba796d9a0c","rustc 1.97.0 (2d8144b78 2026-07-07)","x86_64-unknown-linux-gnu","Linux 7.0.11-76070011-generic x86_64","Intel(R) Core(TM) Ultra 7 155H","/dev/nvme0n1p3[/tmp] ext4   rw,nosuid,nodev,noatime,errors=remount-ro","/tmp/pigment-db-durability-bench","12-19","candidate","candidate_pigment_db","physical","append_plus_barrier","5","0","key_value","file","minimal_callback","8","32","5","5","1024","1077701550","950.170295","13818211","0"
"protocol-v5-20260807-220443","6d7edc7c29a60a94c59effeeb2b78d8b95038135","default-hasher:e33e9641d6e15aea","6d7edc7c29a60a94c59effeeb2b78d8b95038135","default-hasher:f20647ba796d9a0c","rustc 1.97.0 (2d8144b78 2026-07-07)","x86_64-unknown-linux-gnu","Linux 7.0.11-76070011-generic x86_64","Intel(R) Core(TM) Ultra 7 155H","/dev/nvme0n1p3[/tmp] ext4   rw,nosuid,nodev,noatime,errors=remount-ro","/tmp/pigment-db-durability-bench","12-19","comparator","mutex_file_reference","append_plus_barrier","append_plus_barrier","5","1","key_value","file","minimal_callback","8","32","5","5","1024","1077356923","950.474238","12783974","0"
"protocol-v5-20260807-220443","6d7edc7c29a60a94c59effeeb2b78d8b95038135","default-hasher:e33e9641d6e15aea","6d7edc7c29a60a94c59effeeb2b78d8b95038135","default-hasher:f20647ba796d9a0c","rustc 1.97.0 (2d8144b78 2026-07-07)","x86_64-unknown-linux-gnu","Linux 7.0.11-76070011-generic x86_64","Intel(R) Core(TM) Ultra 7 155H","/dev/nvme0n1p3[/tmp] ext4   rw,nosuid,nodev,noatime,errors=remount-ro","/tmp/pigment-db-durability-bench","12-19","comparator","mutex_file_reference","append_plus_barrier","append_plus_barrier","6","0","key_value","file","minimal_callback","8","32","5","6","1024","1043523932","981.290384","8166161","0"
"protocol-v5-20260807-220443","6d7edc7c29a60a94c59effeeb2b78d8b95038135","default-hasher:e33e9641d6e15aea","6d7edc7c29a60a94c59effeeb2b78d8b95038135","default-hasher:f20647ba796d9a0c","rustc 1.97.0 (2d8144b78 2026-07-07)","x86_64-unknown-linux-gnu","Linux 7.0.11-76070011-generic x86_64","Intel(R) Core(TM) Ultra 7 155H","/dev/nvme0n1p3[/tmp] ext4   rw,nosuid,nodev,noatime,errors=remount-ro","/tmp/pigment-db-durability-bench","12-19","candidate","candidate_pigment_db","physical","append_plus_barrier","6","1","key_value","file","minimal_callback","8","32","5","6","1024","1103542389","927.920858","13638038","0"
"protocol-v5-20260807-220443","6d7edc7c29a60a94c59effeeb2b78d8b95038135","default-hasher:e33e9641d6e15aea","6d7edc7c29a60a94c59effeeb2b78d8b95038135","default-hasher:f20647ba796d9a0c","rustc 1.97.0 (2d8144b78 2026-07-07)","x86_64-unknown-linux-gnu","Linux 7.0.11-76070011-generic x86_64","Intel(R) Core(TM) Ultra 7 155H","/dev/nvme0n1p3[/tmp] ext4   rw,nosuid,nodev,noatime,errors=remount-ro","/tmp/pigment-db-durability-bench","12-19","candidate","candidate_pigment_db","physical","append_plus_barrier","7","0","key_value","file","minimal_callback","8","32","5","7","1024","1081689389","946.667325","13668943","0"
"protocol-v5-20260807-220443","6d7edc7c29a60a94c59effeeb2b78d8b95038135","default-hasher:e33e9641d6e15aea","6d7edc7c29a60a94c59effeeb2b78d8b95038135","default-hasher:f20647ba796d9a0c","rustc 1.97.0 (2d8144b78 2026-07-07)","x86_64-unknown-linux-gnu","Linux 7.0.11-76070011-generic x86_64","Intel(R) Core(TM) Ultra 7 155H","/dev/nvme0n1p3[/tmp] ext4   rw,nosuid,nodev,noatime,errors=remount-ro","/tmp/pigment-db-durability-bench","12-19","comparator","mutex_file_reference","append_plus_barrier","append_plus_barrier","7","1","key_value","file","minimal_callback","8","32","5","7","1024","1070405656","956.646664","12824545","0"
"protocol-v5-20260807-220443","6d7edc7c29a60a94c59effeeb2b78d8b95038135","default-hasher:e33e9641d6e15aea","6d7edc7c29a60a94c59effeeb2b78d8b95038135","default-hasher:f20647ba796d9a0c","rustc 1.97.0 (2d8144b78 2026-07-07)","x86_64-unknown-linux-gnu","Linux 7.0.11-76070011-generic x86_64","Intel(R) Core(TM) Ultra 7 155H","/dev/nvme0n1p3[/tmp] ext4   rw,nosuid,nodev,noatime,errors=remount-ro","/tmp/pigment-db-durability-bench","12-19","comparator","mutex_file_reference","append_plus_barrier","append_plus_barrier","8","0","key_value","file","minimal_callback","8","32","5","8","1024","1288066654","794.989915","16406347","0"
"protocol-v5-20260807-220443","6d7edc7c29a60a94c59effeeb2b78d8b95038135","default-hasher:e33e9641d6e15aea","6d7edc7c29a60a94c59effeeb2b78d8b95038135","default-hasher:f20647ba796d9a0c","rustc 1.97.0 (2d8144b78 2026-07-07)","x86_64-unknown-linux-gnu","Linux 7.0.11-76070011-generic x86_64","Intel(R) Core(TM) Ultra 7 155H","/dev/nvme0n1p3[/tmp] ext4   rw,nosuid,nodev,noatime,errors=remount-ro","/tmp/pigment-db-durability-bench","12-19","candidate","candidate_pigment_db","physical","append_plus_barrier","8","1","key_value","file","minimal_callback","8","32","5","8","1024","1108788234","923.530724","13730025","0"
"protocol-v5-20260807-220443","6d7edc7c29a60a94c59effeeb2b78d8b95038135","default-hasher:e33e9641d6e15aea","6d7edc7c29a60a94c59effeeb2b78d8b95038135","default-hasher:f20647ba796d9a0c","rustc 1.97.0 (2d8144b78 2026-07-07)","x86_64-unknown-linux-gnu","Linux 7.0.11-76070011-generic x86_64","Intel(R) Core(TM) Ultra 7 155H","/dev/nvme0n1p3[/tmp] ext4   rw,nosuid,nodev,noatime,errors=remount-ro","/tmp/pigment-db-durability-bench","12-19","candidate","candidate_pigment_db","physical","append_plus_barrier","9","0","key_value","file","minimal_callback","8","32","5","9","1024","1057157216","968.635492","13080399","0"
"protocol-v5-20260807-220443","6d7edc7c29a60a94c59effeeb2b78d8b95038135","default-hasher:e33e9641d6e15aea","6d7edc7c29a60a94c59effeeb2b78d8b95038135","default-hasher:f20647ba796d9a0c","rustc 1.97.0 (2d8144b78 2026-07-07)","x86_64-unknown-linux-gnu","Linux 7.0.11-76070011-generic x86_64","Intel(R) Core(TM) Ultra 7 155H","/dev/nvme0n1p3[/tmp] ext4   rw,nosuid,nodev,noatime,errors=remount-ro","/tmp/pigment-db-durability-bench","12-19","comparator","mutex_file_reference","append_plus_barrier","append_plus_barrier","9","1","key_value","file","minimal_callback","8","32","5","9","1024","1086935584","942.098147","7869348","0"
"protocol-v5-20260807-220443","6d7edc7c29a60a94c59effeeb2b78d8b95038135","default-hasher:e33e9641d6e15aea","6d7edc7c29a60a94c59effeeb2b78d8b95038135","default-hasher:f20647ba796d9a0c","rustc 1.97.0 (2d8144b78 2026-07-07)","x86_64-unknown-linux-gnu","Linux 7.0.11-76070011-generic x86_64","Intel(R) Core(TM) Ultra 7 155H","/dev/nvme0n1p3[/tmp] ext4   rw,nosuid,nodev,noatime,errors=remount-ro","/tmp/pigment-db-durability-bench","12-19","comparator","mutex_file_reference","append_plus_barrier","append_plus_barrier","10","0","key_value","file","minimal_callback","8","32","5","10","1024","1030819024","993.384849","9374750","0"
"protocol-v5-20260807-220443","6d7edc7c29a60a94c59effeeb2b78d8b95038135","default-hasher:e33e9641d6e15aea","6d7edc7c29a60a94c59effeeb2b78d8b95038135","default-hasher:f20647ba796d9a0c","rustc 1.97.0 (2d8144b78 2026-07-07)","x86_64-unknown-linux-gnu","Linux 7.0.11-76070011-generic x86_64","Intel(R) Core(TM) Ultra 7 155H","/dev/nvme0n1p3[/tmp] ext4   rw,nosuid,nodev,noatime,errors=remount-ro","/tmp/pigment-db-durability-bench","12-19","candidate","candidate_pigment_db","physical","append_plus_barrier","10","1","key_value","file","minimal_callback","8","32","5","10","1024","1092016096","937.715116","13164238","0"
"protocol-v5-20260807-220443","6d7edc7c29a60a94c59effeeb2b78d8b95038135","default-hasher:e33e9641d6e15aea","6d7edc7c29a60a94c59effeeb2b78d8b95038135","default-hasher:f20647ba796d9a0c","rustc 1.97.0 (2d8144b78 2026-07-07)","x86_64-unknown-linux-gnu","Linux 7.0.11-76070011-generic x86_64","Intel(R) Core(TM) Ultra 7 155H","/dev/nvme0n1p3[/tmp] ext4   rw,nosuid,nodev,noatime,errors=remount-ro","/tmp/pigment-db-durability-bench","12-19","comparator","mutex_file_reference","append_plus_barrier","append_plus_barrier","0","0","key_set","file","ordinary_write","1","32","5","0","1024","1036589602","987.854787","1054735","0"
"protocol-v5-20260807-220443","6d7edc7c29a60a94c59effeeb2b78d8b95038135","default-hasher:e33e9641d6e15aea","6d7edc7c29a60a94c59effeeb2b78d8b95038135","default-hasher:f20647ba796d9a0c","rustc 1.97.0 (2d8144b78 2026-07-07)","x86_64-unknown-linux-gnu","Linux 7.0.11-76070011-generic x86_64","Intel(R) Core(TM) Ultra 7 155H","/dev/nvme0n1p3[/tmp] ext4   rw,nosuid,nodev,noatime,errors=remount-ro","/tmp/pigment-db-durability-bench","12-19","candidate","candidate_pigment_db","physical","append_plus_barrier","0","1","key_set","file","ordinary_write","1","32","5","0","1024","1015356121","1008.513150","1007168","0"
"protocol-v5-20260807-220443","6d7edc7c29a60a94c59effeeb2b78d8b95038135","default-hasher:e33e9641d6e15aea","6d7edc7c29a60a94c59effeeb2b78d8b95038135","default-hasher:f20647ba796d9a0c","rustc 1.97.0 (2d8144b78 2026-07-07)","x86_64-unknown-linux-gnu","Linux 7.0.11-76070011-generic x86_64","Intel(R) Core(TM) Ultra 7 155H","/dev/nvme0n1p3[/tmp] ext4   rw,nosuid,nodev,noatime,errors=remount-ro","/tmp/pigment-db-durability-bench","12-19","candidate","candidate_pigment_db","physical","append_plus_barrier","1","0","key_set","file","ordinary_write","1","32","5","1","1024","1027905195","996.200822","1047279","0"
"protocol-v5-20260807-220443","6d7edc7c29a60a94c59effeeb2b78d8b95038135","default-hasher:e33e9641d6e15aea","6d7edc7c29a60a94c59effeeb2b78d8b95038135","default-hasher:f20647ba796d9a0c","rustc 1.97.0 (2d8144b78 2026-07-07)","x86_64-unknown-linux-gnu","Linux 7.0.11-76070011-generic x86_64","Intel(R) Core(TM) Ultra 7 155H","/dev/nvme0n1p3[/tmp] ext4   rw,nosuid,nodev,noatime,errors=remount-ro","/tmp/pigment-db-durability-bench","12-19","comparator","mutex_file_reference","append_plus_barrier","append_plus_barrier","1","1","key_set","file","ordinary_write","1","32","5","1","1024","1003284304","1020.647882","1019875","0"
"protocol-v5-20260807-220443","6d7edc7c29a60a94c59effeeb2b78d8b95038135","default-hasher:e33e9641d6e15aea","6d7edc7c29a60a94c59effeeb2b78d8b95038135","default-hasher:f20647ba796d9a0c","rustc 1.97.0 (2d8144b78 2026-07-07)","x86_64-unknown-linux-gnu","Linux 7.0.11-76070011-generic x86_64","Intel(R) Core(TM) Ultra 7 155H","/dev/nvme0n1p3[/tmp] ext4   rw,nosuid,nodev,noatime,errors=remount-ro","/tmp/pigment-db-durability-bench","12-19","comparator","mutex_file_reference","append_plus_barrier","append_plus_barrier","2","0","key_set","file","ordinary_write","1","32","5","2","1024","1058316439","967.574501","1082481","0"
"protocol-v5-20260807-220443","6d7edc7c29a60a94c59effeeb2b78d8b95038135","default-hasher:e33e9641d6e15aea","6d7edc7c29a60a94c59effeeb2b78d8b95038135","default-hasher:f20647ba796d9a0c","rustc 1.97.0 (2d8144b78 2026-07-07)","x86_64-unknown-linux-gnu","Linux 7.0.11-76070011-generic x86_64","Intel(R) Core(TM) Ultra 7 155H","/dev/nvme0n1p3[/tmp] ext4   rw,nosuid,nodev,noatime,errors=remount-ro","/tmp/pigment-db-durability-bench","12-19","candidate","candidate_pigment_db","physical","append_plus_barrier","2","1","key_set","file","ordinary_write","1","32","5","2","1024","1031788500","992.451457","1055949","0"
"protocol-v5-20260807-220443","6d7edc7c29a60a94c59effeeb2b78d8b95038135","default-hasher:e33e9641d6e15aea","6d7edc7c29a60a94c59effeeb2b78d8b95038135","default-hasher:f20647ba796d9a0c","rustc 1.97.0 (2d8144b78 2026-07-07)","x86_64-unknown-linux-gnu","Linux 7.0.11-76070011-generic x86_64","Intel(R) Core(TM) Ultra 7 155H","/dev/nvme0n1p3[/tmp] ext4   rw,nosuid,nodev,noatime,errors=remount-ro","/tmp/pigment-db-durability-bench","12-19","candidate","candidate_pigment_db","physical","append_plus_barrier","3","0","key_set","file","ordinary_write","1","32","5","3","1024","1030824874","993.379211","1074465","0"
"protocol-v5-20260807-220443","6d7edc7c29a60a94c59effeeb2b78d8b95038135","default-hasher:e33e9641d6e15aea","6d7edc7c29a60a94c59effeeb2b78d8b95038135","default-hasher:f20647ba796d9a0c","rustc 1.97.0 (2d8144b78 2026-07-07)","x86_64-unknown-linux-gnu","Linux 7.0.11-76070011-generic x86_64","Intel(R) Core(TM) Ultra 7 155H","/dev/nvme0n1p3[/tmp] ext4   rw,nosuid,nodev,noatime,errors=remount-ro","/tmp/pigment-db-durability-bench","12-19","comparator","mutex_file_reference","append_plus_barrier","append_plus_barrier","3","1","key_set","file","ordinary_write","1","32","5","3","1024","1050589567","974.690814","990795","0"
"protocol-v5-20260807-220443","6d7edc7c29a60a94c59effeeb2b78d8b95038135","default-hasher:e33e9641d6e15aea","6d7edc7c29a60a94c59effeeb2b78d8b95038135","default-hasher:f20647ba796d9a0c","rustc 1.97.0 (2d8144b78 2026-07-07)","x86_64-unknown-linux-gnu","Linux 7.0.11-76070011-generic x86_64","Intel(R) Core(TM) Ultra 7 155H","/dev/nvme0n1p3[/tmp] ext4   rw,nosuid,nodev,noatime,errors=remount-ro","/tmp/pigment-db-durability-bench","12-19","comparator","mutex_file_reference","append_plus_barrier","append_plus_barrier","4","0","key_set","file","ordinary_write","1","32","5","4","1024","1021360596","1002.584204","999707","0"
"protocol-v5-20260807-220443","6d7edc7c29a60a94c59effeeb2b78d8b95038135","default-hasher:e33e9641d6e15aea","6d7edc7c29a60a94c59effeeb2b78d8b95038135","default-hasher:f20647ba796d9a0c","rustc 1.97.0 (2d8144b78 2026-07-07)","x86_64-unknown-linux-gnu","Linux 7.0.11-76070011-generic x86_64","Intel(R) Core(TM) Ultra 7 155H","/dev/nvme0n1p3[/tmp] ext4   rw,nosuid,nodev,noatime,errors=remount-ro","/tmp/pigment-db-durability-bench","12-19","candidate","candidate_pigment_db","physical","append_plus_barrier","4","1","key_set","file","ordinary_write","1","32","5","4","1024","1248158240","820.408797","2788618","0"
"protocol-v5-20260807-220443","6d7edc7c29a60a94c59effeeb2b78d8b95038135","default-hasher:e33e9641d6e15aea","6d7edc7c29a60a94c59effeeb2b78d8b95038135","default-hasher:f20647ba796d9a0c","rustc 1.97.0 (2d8144b78 2026-07-07)","x86_64-unknown-linux-gnu","Linux 7.0.11-76070011-generic x86_64","Intel(R) Core(TM) Ultra 7 155H","/dev/nvme0n1p3[/tmp] ext4   rw,nosuid,nodev,noatime,errors=remount-ro","/tmp/pigment-db-durability-bench","12-19","candidate","candidate_pigment_db","physical","append_plus_barrier","5","0","key_set","file","ordinary_write","1","32","5","5","1024","1055923365","969.767347","1021480","0"
"protocol-v5-20260807-220443","6d7edc7c29a60a94c59effeeb2b78d8b95038135","default-hasher:e33e9641d6e15aea","6d7edc7c29a60a94c59effeeb2b78d8b95038135","default-hasher:f20647ba796d9a0c","rustc 1.97.0 (2d8144b78 2026-07-07)","x86_64-unknown-linux-gnu","Linux 7.0.11-76070011-generic x86_64","Intel(R) Core(TM) Ultra 7 155H","/dev/nvme0n1p3[/tmp] ext4   rw,nosuid,nodev,noatime,errors=remount-ro","/tmp/pigment-db-durability-bench","12-19","comparator","mutex_file_reference","append_plus_barrier","append_plus_barrier","5","1","key_set","file","ordinary_write","1","32","5","5","1024","1038269362","986.256590","1007575","0"
"protocol-v5-20260807-220443","6d7edc7c29a60a94c59effeeb2b78d8b95038135","default-hasher:e33e9641d6e15aea","6d7edc7c29a60a94c59effeeb2b78d8b95038135","default-hasher:f20647ba796d9a0c","rustc 1.97.0 (2d8144b78 2026-07-07)","x86_64-unknown-linux-gnu","Linux 7.0.11-76070011-generic x86_64","Intel(R) Core(TM) Ultra 7 155H","/dev/nvme0n1p3[/tmp] ext4   rw,nosuid,nodev,noatime,errors=remount-ro","/tmp/pigment-db-durability-bench","12-19","comparator","mutex_file_reference","append_plus_barrier","append_plus_barrier","6","0","key_set","file","ordinary_write","1","32","5","6","1024","1008734190","1015.133630","1008940","0"
"protocol-v5-20260807-220443","6d7edc7c29a60a94c59effeeb2b78d8b95038135","default-hasher:e33e9641d6e15aea","6d7edc7c29a60a94c59effeeb2b78d8b95038135","default-hasher:f20647ba796d9a0c","rustc 1.97.0 (2d8144b78 2026-07-07)","x86_64-unknown-linux-gnu","Linux 7.0.11-76070011-generic x86_64","Intel(R) Core(TM) Ultra 7 155H","/dev/nvme0n1p3[/tmp] ext4   rw,nosuid,nodev,noatime,errors=remount-ro","/tmp/pigment-db-durability-bench","12-19","candidate","candidate_pigment_db","physical","append_plus_barrier","6","1","key_set","file","ordinary_write","1","32","5","6","1024","1025827143","998.218859","995004","0"
"protocol-v5-20260807-220443","6d7edc7c29a60a94c59effeeb2b78d8b95038135","default-hasher:e33e9641d6e15aea","6d7edc7c29a60a94c59effeeb2b78d8b95038135","default-hasher:f20647ba796d9a0c","rustc 1.97.0 (2d8144b78 2026-07-07)","x86_64-unknown-linux-gnu","Linux 7.0.11-76070011-generic x86_64","Intel(R) Core(TM) Ultra 7 155H","/dev/nvme0n1p3[/tmp] ext4   rw,nosuid,nodev,noatime,errors=remount-ro","/tmp/pigment-db-durability-bench","12-19","candidate","candidate_pigment_db","physical","append_plus_barrier","7","0","key_set","file","ordinary_write","1","32","5","7","1024","1044055308","980.790953","1016675","0"
"protocol-v5-20260807-220443","6d7edc7c29a60a94c59effeeb2b78d8b95038135","default-hasher:e33e9641d6e15aea","6d7edc7c29a60a94c59effeeb2b78d8b95038135","default-hasher:f20647ba796d9a0c","rustc 1.97.0 (2d8144b78 2026-07-07)","x86_64-unknown-linux-gnu","Linux 7.0.11-76070011-generic x86_64","Intel(R) Core(TM) Ultra 7 155H","/dev/nvme0n1p3[/tmp] ext4   rw,nosuid,nodev,noatime,errors=remount-ro","/tmp/pigment-db-durability-bench","12-19","comparator","mutex_file_reference","append_plus_barrier","append_plus_barrier","7","1","key_set","file","ordinary_write","1","32","5","7","1024","1051707559","973.654693","995237","0"
"protocol-v5-20260807-220443","6d7edc7c29a60a94c59effeeb2b78d8b95038135","default-hasher:e33e9641d6e15aea","6d7edc7c29a60a94c59effeeb2b78d8b95038135","default-hasher:f20647ba796d9a0c","rustc 1.97.0 (2d8144b78 2026-07-07)","x86_64-unknown-linux-gnu","Linux 7.0.11-76070011-generic x86_64","Intel(R) Core(TM) Ultra 7 155H","/dev/nvme0n1p3[/tmp] ext4   rw,nosuid,nodev,noatime,errors=remount-ro","/tmp/pigment-db-durability-bench","12-19","comparator","mutex_file_reference","append_plus_barrier","append_plus_barrier","8","0","key_set","file","ordinary_write","1","32","5","8","1024","1036583565","987.860540","1032914","0"
"protocol-v5-20260807-220443","6d7edc7c29a60a94c59effeeb2b78d8b95038135","default-hasher:e33e9641d6e15aea","6d7edc7c29a60a94c59effeeb2b78d8b95038135","default-hasher:f20647ba796d9a0c","rustc 1.97.0 (2d8144b78 2026-07-07)","x86_64-unknown-linux-gnu","Linux 7.0.11-76070011-generic x86_64","Intel(R) Core(TM) Ultra 7 155H","/dev/nvme0n1p3[/tmp] ext4   rw,nosuid,nodev,noatime,errors=remount-ro","/tmp/pigment-db-durability-bench","12-19","candidate","candidate_pigment_db","physical","append_plus_barrier","8","1","key_set","file","ordinary_write","1","32","5","8","1024","1042432027","982.318246","1018935","0"
"protocol-v5-20260807-220443","6d7edc7c29a60a94c59effeeb2b78d8b95038135","default-hasher:e33e9641d6e15aea","6d7edc7c29a60a94c59effeeb2b78d8b95038135","default-hasher:f20647ba796d9a0c","rustc 1.97.0 (2d8144b78 2026-07-07)","x86_64-unknown-linux-gnu","Linux 7.0.11-76070011-generic x86_64","Intel(R) Core(TM) Ultra 7 155H","/dev/nvme0n1p3[/tmp] ext4   rw,nosuid,nodev,noatime,errors=remount-ro","/tmp/pigment-db-durability-bench","12-19","candidate","candidate_pigment_db","physical","append_plus_barrier","9","0","key_set","file","ordinary_write","1","32","5","9","1024","1041203032","983.477735","1024745","0"
"protocol-v5-20260807-220443","6d7edc7c29a60a94c59effeeb2b78d8b95038135","default-hasher:e33e9641d6e15aea","6d7edc7c29a60a94c59effeeb2b78d8b95038135","default-hasher:f20647ba796d9a0c","rustc 1.97.0 (2d8144b78 2026-07-07)","x86_64-unknown-linux-gnu","Linux 7.0.11-76070011-generic x86_64","Intel(R) Core(TM) Ultra 7 155H","/dev/nvme0n1p3[/tmp] ext4   rw,nosuid,nodev,noatime,errors=remount-ro","/tmp/pigment-db-durability-bench","12-19","comparator","mutex_file_reference","append_plus_barrier","append_plus_barrier","9","1","key_set","file","ordinary_write","1","32","5","9","1024","1023863933","1000.132896","1032698","0"
"protocol-v5-20260807-220443","6d7edc7c29a60a94c59effeeb2b78d8b95038135","default-hasher:e33e9641d6e15aea","6d7edc7c29a60a94c59effeeb2b78d8b95038135","default-hasher:f20647ba796d9a0c","rustc 1.97.0 (2d8144b78 2026-07-07)","x86_64-unknown-linux-gnu","Linux 7.0.11-76070011-generic x86_64","Intel(R) Core(TM) Ultra 7 155H","/dev/nvme0n1p3[/tmp] ext4   rw,nosuid,nodev,noatime,errors=remount-ro","/tmp/pigment-db-durability-bench","12-19","comparator","mutex_file_reference","append_plus_barrier","append_plus_barrier","10","0","key_set","file","ordinary_write","1","32","5","10","1024","1033009330","991.278559","1011134","0"
"protocol-v5-20260807-220443","6d7edc7c29a60a94c59effeeb2b78d8b95038135","default-hasher:e33e9641d6e15aea","6d7edc7c29a60a94c59effeeb2b78d8b95038135","default-hasher:f20647ba796d9a0c","rustc 1.97.0 (2d8144b78 2026-07-07)","x86_64-unknown-linux-gnu","Linux 7.0.11-76070011-generic x86_64","Intel(R) Core(TM) Ultra 7 155H","/dev/nvme0n1p3[/tmp] ext4   rw,nosuid,nodev,noatime,errors=remount-ro","/tmp/pigment-db-durability-bench","12-19","candidate","candidate_pigment_db","physical","append_plus_barrier","10","1","key_set","file","ordinary_write","1","32","5","10","1024","1057320691","968.485729","1026956","0"
"protocol-v5-20260807-220443","6d7edc7c29a60a94c59effeeb2b78d8b95038135","default-hasher:e33e9641d6e15aea","6d7edc7c29a60a94c59effeeb2b78d8b95038135","default-hasher:f20647ba796d9a0c","rustc 1.97.0 (2d8144b78 2026-07-07)","x86_64-unknown-linux-gnu","Linux 7.0.11-76070011-generic x86_64","Intel(R) Core(TM) Ultra 7 155H","/dev/nvme0n1p3[/tmp] ext4   rw,nosuid,nodev,noatime,errors=remount-ro","/tmp/pigment-db-durability-bench","12-19","comparator","mutex_file_reference","append_plus_barrier","append_plus_barrier","0","0","key_set","file","ordinary_write","8","32","5","0","1024","1114752416","918.589622","12989263","0"
"protocol-v5-20260807-220443","6d7edc7c29a60a94c59effeeb2b78d8b95038135","default-hasher:e33e9641d6e15aea","6d7edc7c29a60a94c59effeeb2b78d8b95038135","default-hasher:f20647ba796d9a0c","rustc 1.97.0 (2d8144b78 2026-07-07)","x86_64-unknown-linux-gnu","Linux 7.0.11-76070011-generic x86_64","Intel(R) Core(TM) Ultra 7 155H","/dev/nvme0n1p3[/tmp] ext4   rw,nosuid,nodev,noatime,errors=remount-ro","/tmp/pigment-db-durability-bench","12-19","candidate","candidate_pigment_db","physical","append_plus_barrier","0","1","key_set","file","ordinary_write","8","32","5","0","1024","1086949417","942.086158","13731010","0"
"protocol-v5-20260807-220443","6d7edc7c29a60a94c59effeeb2b78d8b95038135","default-hasher:e33e9641d6e15aea","6d7edc7c29a60a94c59effeeb2b78d8b95038135","default-hasher:f20647ba796d9a0c","rustc 1.97.0 (2d8144b78 2026-07-07)","x86_64-unknown-linux-gnu","Linux 7.0.11-76070011-generic x86_64","Intel(R) Core(TM) Ultra 7 155H","/dev/nvme0n1p3[/tmp] ext4   rw,nosuid,nodev,noatime,errors=remount-ro","/tmp/pigment-db-durability-bench","12-19","candidate","candidate_pigment_db","physical","append_plus_barrier","1","0","key_set","file","ordinary_write","8","32","5","1","1024","1095986123","934.318399","12900926","0"
"protocol-v5-20260807-220443","6d7edc7c29a60a94c59effeeb2b78d8b95038135","default-hasher:e33e9641d6e15aea","6d7edc7c29a60a94c59effeeb2b78d8b95038135","default-hasher:f20647ba796d9a0c","rustc 1.97.0 (2d8144b78 2026-07-07)","x86_64-unknown-linux-gnu","Linux 7.0.11-76070011-generic x86_64","Intel(R) Core(TM) Ultra 7 155H","/dev/nvme0n1p3[/tmp] ext4   rw,nosuid,nodev,noatime,errors=remount-ro","/tmp/pigment-db-durability-bench","12-19","comparator","mutex_file_reference","append_plus_barrier","append_plus_barrier","1","1","key_set","file","ordinary_write","8","32","5","1","1024","1299234297","788.156534","16396971","0"
"protocol-v5-20260807-220443","6d7edc7c29a60a94c59effeeb2b78d8b95038135","default-hasher:e33e9641d6e15aea","6d7edc7c29a60a94c59effeeb2b78d8b95038135","default-hasher:f20647ba796d9a0c","rustc 1.97.0 (2d8144b78 2026-07-07)","x86_64-unknown-linux-gnu","Linux 7.0.11-76070011-generic x86_64","Intel(R) Core(TM) Ultra 7 155H","/dev/nvme0n1p3[/tmp] ext4   rw,nosuid,nodev,noatime,errors=remount-ro","/tmp/pigment-db-durability-bench","12-19","comparator","mutex_file_reference","append_plus_barrier","append_plus_barrier","2","0","key_set","file","ordinary_write","8","32","5","2","1024","1085653747","943.210488","12989520","0"
"protocol-v5-20260807-220443","6d7edc7c29a60a94c59effeeb2b78d8b95038135","default-hasher:e33e9641d6e15aea","6d7edc7c29a60a94c59effeeb2b78d8b95038135","default-hasher:f20647ba796d9a0c","rustc 1.97.0 (2d8144b78 2026-07-07)","x86_64-unknown-linux-gnu","Linux 7.0.11-76070011-generic x86_64","Intel(R) Core(TM) Ultra 7 155H","/dev/nvme0n1p3[/tmp] ext4   rw,nosuid,nodev,noatime,errors=remount-ro","/tmp/pigment-db-durability-bench","12-19","candidate","candidate_pigment_db","physical","append_plus_barrier","2","1","key_set","file","ordinary_write","8","32","5","2","1024","1112763745","920.231275","14491862","0"
"protocol-v5-20260807-220443","6d7edc7c29a60a94c59effeeb2b78d8b95038135","default-hasher:e33e9641d6e15aea","6d7edc7c29a60a94c59effeeb2b78d8b95038135","default-hasher:f20647ba796d9a0c","rustc 1.97.0 (2d8144b78 2026-07-07)","x86_64-unknown-linux-gnu","Linux 7.0.11-76070011-generic x86_64","Intel(R) Core(TM) Ultra 7 155H","/dev/nvme0n1p3[/tmp] ext4   rw,nosuid,nodev,noatime,errors=remount-ro","/tmp/pigment-db-durability-bench","12-19","candidate","candidate_pigment_db","physical","append_plus_barrier","3","0","key_set","file","ordinary_write","8","32","5","3","1024","1066108100","960.502973","11814635","0"
"protocol-v5-20260807-220443","6d7edc7c29a60a94c59effeeb2b78d8b95038135","default-hasher:e33e9641d6e15aea","6d7edc7c29a60a94c59effeeb2b78d8b95038135","default-hasher:f20647ba796d9a0c","rustc 1.97.0 (2d8144b78 2026-07-07)","x86_64-unknown-linux-gnu","Linux 7.0.11-76070011-generic x86_64","Intel(R) Core(TM) Ultra 7 155H","/dev/nvme0n1p3[/tmp] ext4   rw,nosuid,nodev,noatime,errors=remount-ro","/tmp/pigment-db-durability-bench","12-19","comparator","mutex_file_reference","append_plus_barrier","append_plus_barrier","3","1","key_set","file","ordinary_write","8","32","5","3","1024","1051274330","974.055935","7734441","0"
"protocol-v5-20260807-220443","6d7edc7c29a60a94c59effeeb2b78d8b95038135","default-hasher:e33e9641d6e15aea","6d7edc7c29a60a94c59effeeb2b78d8b95038135","default-hasher:f20647ba796d9a0c","rustc 1.97.0 (2d8144b78 2026-07-07)","x86_64-unknown-linux-gnu","Linux 7.0.11-76070011-generic x86_64","Intel(R) Core(TM) Ultra 7 155H","/dev/nvme0n1p3[/tmp] ext4   rw,nosuid,nodev,noatime,errors=remount-ro","/tmp/pigment-db-durability-bench","12-19","comparator","mutex_file_reference","append_plus_barrier","append_plus_barrier","4","0","key_set","file","ordinary_write","8","32","5","4","1024","1051886091","973.489438","11008511","0"
"protocol-v5-20260807-220443","6d7edc7c29a60a94c59effeeb2b78d8b95038135","default-hasher:e33e9641d6e15aea","6d7edc7c29a60a94c59effeeb2b78d8b95038135","default-hasher:f20647ba796d9a0c","rustc 1.97.0 (2d8144b78 2026-07-07)","x86_64-unknown-linux-gnu","Linux 7.0.11-76070011-generic x86_64","Intel(R) Core(TM) Ultra 7 155H","/dev/nvme0n1p3[/tmp] ext4   rw,nosuid,nodev,noatime,errors=remount-ro","/tmp/pigment-db-durability-bench","12-19","candidate","candidate_pigment_db","physical","append_plus_barrier","4","1","key_set","file","ordinary_write","8","32","5","4","1024","1078954214","949.067149","12123867","0"
"protocol-v5-20260807-220443","6d7edc7c29a60a94c59effeeb2b78d8b95038135","default-hasher:e33e9641d6e15aea","6d7edc7c29a60a94c59effeeb2b78d8b95038135","default-hasher:f20647ba796d9a0c","rustc 1.97.0 (2d8144b78 2026-07-07)","x86_64-unknown-linux-gnu","Linux 7.0.11-76070011-generic x86_64","Intel(R) Core(TM) Ultra 7 155H","/dev/nvme0n1p3[/tmp] ext4   rw,nosuid,nodev,noatime,errors=remount-ro","/tmp/pigment-db-durability-bench","12-19","candidate","candidate_pigment_db","physical","append_plus_barrier","5","0","key_set","file","ordinary_write","8","32","5","5","1024","1087275445","941.803666","13645020","0"
"protocol-v5-20260807-220443","6d7edc7c29a60a94c59effeeb2b78d8b95038135","default-hasher:e33e9641d6e15aea","6d7edc7c29a60a94c59effeeb2b78d8b95038135","default-hasher:f20647ba796d9a0c","rustc 1.97.0 (2d8144b78 2026-07-07)","x86_64-unknown-linux-gnu","Linux 7.0.11-76070011-generic x86_64","Intel(R) Core(TM) Ultra 7 155H","/dev/nvme0n1p3[/tmp] ext4   rw,nosuid,nodev,noatime,errors=remount-ro","/tmp/pigment-db-durability-bench","12-19","comparator","mutex_file_reference","append_plus_barrier","append_plus_barrier","5","1","key_set","file","ordinary_write","8","32","5","5","1024","1063709339","962.668995","13556992","0"
"protocol-v5-20260807-220443","6d7edc7c29a60a94c59effeeb2b78d8b95038135","default-hasher:e33e9641d6e15aea","6d7edc7c29a60a94c59effeeb2b78d8b95038135","default-hasher:f20647ba796d9a0c","rustc 1.97.0 (2d8144b78 2026-07-07)","x86_64-unknown-linux-gnu","Linux 7.0.11-76070011-generic x86_64","Intel(R) Core(TM) Ultra 7 155H","/dev/nvme0n1p3[/tmp] ext4   rw,nosuid,nodev,noatime,errors=remount-ro","/tmp/pigment-db-durability-bench","12-19","comparator","mutex_file_reference","append_plus_barrier","append_plus_barrier","6","0","key_set","file","ordinary_write","8","32","5","6","1024","1056767064","968.993106","11927857","0"
"protocol-v5-20260807-220443","6d7edc7c29a60a94c59effeeb2b78d8b95038135","default-hasher:e33e9641d6e15aea","6d7edc7c29a60a94c59effeeb2b78d8b95038135","default-hasher:f20647ba796d9a0c","rustc 1.97.0 (2d8144b78 2026-07-07)","x86_64-unknown-linux-gnu","Linux 7.0.11-76070011-generic x86_64","Intel(R) Core(TM) Ultra 7 155H","/dev/nvme0n1p3[/tmp] ext4   rw,nosuid,nodev,noatime,errors=remount-ro","/tmp/pigment-db-durability-bench","12-19","candidate","candidate_pigment_db","physical","append_plus_barrier","6","1","key_set","file","ordinary_write","8","32","5","6","1024","1086442571","942.525659","13568187","0"
"protocol-v5-20260807-220443","6d7edc7c29a60a94c59effeeb2b78d8b95038135","default-hasher:e33e9641d6e15aea","6d7edc7c29a60a94c59effeeb2b78d8b95038135","default-hasher:f20647ba796d9a0c","rustc 1.97.0 (2d8144b78 2026-07-07)","x86_64-unknown-linux-gnu","Linux 7.0.11-76070011-generic x86_64","Intel(R) Core(TM) Ultra 7 155H","/dev/nvme0n1p3[/tmp] ext4   rw,nosuid,nodev,noatime,errors=remount-ro","/tmp/pigment-db-durability-bench","12-19","candidate","candidate_pigment_db","physical","append_plus_barrier","7","0","key_set","file","ordinary_write","8","32","5","7","1024","1080638540","947.587896","11118445","0"
"protocol-v5-20260807-220443","6d7edc7c29a60a94c59effeeb2b78d8b95038135","default-hasher:e33e9641d6e15aea","6d7edc7c29a60a94c59effeeb2b78d8b95038135","default-hasher:f20647ba796d9a0c","rustc 1.97.0 (2d8144b78 2026-07-07)","x86_64-unknown-linux-gnu","Linux 7.0.11-76070011-generic x86_64","Intel(R) Core(TM) Ultra 7 155H","/dev/nvme0n1p3[/tmp] ext4   rw,nosuid,nodev,noatime,errors=remount-ro","/tmp/pigment-db-durability-bench","12-19","comparator","mutex_file_reference","append_plus_barrier","append_plus_barrier","7","1","key_set","file","ordinary_write","8","32","5","7","1024","1086560203","942.423620","13593079","0"
"protocol-v5-20260807-220443","6d7edc7c29a60a94c59effeeb2b78d8b95038135","default-hasher:e33e9641d6e15aea","6d7edc7c29a60a94c59effeeb2b78d8b95038135","default-hasher:f20647ba796d9a0c","rustc 1.97.0 (2d8144b78 2026-07-07)","x86_64-unknown-linux-gnu","Linux 7.0.11-76070011-generic x86_64","Intel(R) Core(TM) Ultra 7 155H","/dev/nvme0n1p3[/tmp] ext4   rw,nosuid,nodev,noatime,errors=remount-ro","/tmp/pigment-db-durability-bench","12-19","comparator","mutex_file_reference","append_plus_barrier","append_plus_barrier","8","0","key_set","file","ordinary_write","8","32","5","8","1024","1036629288","987.816968","11986346","0"
"protocol-v5-20260807-220443","6d7edc7c29a60a94c59effeeb2b78d8b95038135","default-hasher:e33e9641d6e15aea","6d7edc7c29a60a94c59effeeb2b78d8b95038135","default-hasher:f20647ba796d9a0c","rustc 1.97.0 (2d8144b78 2026-07-07)","x86_64-unknown-linux-gnu","Linux 7.0.11-76070011-generic x86_64","Intel(R) Core(TM) Ultra 7 155H","/dev/nvme0n1p3[/tmp] ext4   rw,nosuid,nodev,noatime,errors=remount-ro","/tmp/pigment-db-durability-bench","12-19","candidate","candidate_pigment_db","physical","append_plus_barrier","8","1","key_set","file","ordinary_write","8","32","5","8","1024","1096020348","934.289224","12758133","0"
"protocol-v5-20260807-220443","6d7edc7c29a60a94c59effeeb2b78d8b95038135","default-hasher:e33e9641d6e15aea","6d7edc7c29a60a94c59effeeb2b78d8b95038135","default-hasher:f20647ba796d9a0c","rustc 1.97.0 (2d8144b78 2026-07-07)","x86_64-unknown-linux-gnu","Linux 7.0.11-76070011-generic x86_64","Intel(R) Core(TM) Ultra 7 155H","/dev/nvme0n1p3[/tmp] ext4   rw,nosuid,nodev,noatime,errors=remount-ro","/tmp/pigment-db-durability-bench","12-19","candidate","candidate_pigment_db","physical","append_plus_barrier","9","0","key_set","file","ordinary_write","8","32","5","9","1024","1072008831","955.216012","11749274","0"
"protocol-v5-20260807-220443","6d7edc7c29a60a94c59effeeb2b78d8b95038135","default-hasher:e33e9641d6e15aea","6d7edc7c29a60a94c59effeeb2b78d8b95038135","default-hasher:f20647ba796d9a0c","rustc 1.97.0 (2d8144b78 2026-07-07)","x86_64-unknown-linux-gnu","Linux 7.0.11-76070011-generic x86_64","Intel(R) Core(TM) Ultra 7 155H","/dev/nvme0n1p3[/tmp] ext4   rw,nosuid,nodev,noatime,errors=remount-ro","/tmp/pigment-db-durability-bench","12-19","comparator","mutex_file_reference","append_plus_barrier","append_plus_barrier","9","1","key_set","file","ordinary_write","8","32","5","9","1024","1073666712","953.741034","12864584","0"
"protocol-v5-20260807-220443","6d7edc7c29a60a94c59effeeb2b78d8b95038135","default-hasher:e33e9641d6e15aea","6d7edc7c29a60a94c59effeeb2b78d8b95038135","default-hasher:f20647ba796d9a0c","rustc 1.97.0 (2d8144b78 2026-07-07)","x86_64-unknown-linux-gnu","Linux 7.0.11-76070011-generic x86_64","Intel(R) Core(TM) Ultra 7 155H","/dev/nvme0n1p3[/tmp] ext4   rw,nosuid,nodev,noatime,errors=remount-ro","/tmp/pigment-db-durability-bench","12-19","comparator","mutex_file_reference","append_plus_barrier","append_plus_barrier","10","0","key_set","file","ordinary_write","8","32","5","10","1024","1070045873","956.968319","13646463","0"
"protocol-v5-20260807-220443","6d7edc7c29a60a94c59effeeb2b78d8b95038135","default-hasher:e33e9641d6e15aea","6d7edc7c29a60a94c59effeeb2b78d8b95038135","default-hasher:f20647ba796d9a0c","rustc 1.97.0 (2d8144b78 2026-07-07)","x86_64-unknown-linux-gnu","Linux 7.0.11-76070011-generic x86_64","Intel(R) Core(TM) Ultra 7 155H","/dev/nvme0n1p3[/tmp] ext4   rw,nosuid,nodev,noatime,errors=remount-ro","/tmp/pigment-db-durability-bench","12-19","candidate","candidate_pigment_db","physical","append_plus_barrier","10","1","key_set","file","ordinary_write","8","32","5","10","1024","1058639100","967.279595","12852159","0"
"protocol-v5-20260807-220443","6d7edc7c29a60a94c59effeeb2b78d8b95038135","default-hasher:e33e9641d6e15aea","6d7edc7c29a60a94c59effeeb2b78d8b95038135","default-hasher:f20647ba796d9a0c","rustc 1.97.0 (2d8144b78 2026-07-07)","x86_64-unknown-linux-gnu","Linux 7.0.11-76070011-generic x86_64","Intel(R) Core(TM) Ultra 7 155H","/dev/nvme0n1p3[/tmp] ext4   rw,nosuid,nodev,noatime,errors=remount-ro","/tmp/pigment-db-durability-bench","12-19","comparator","mutex_file_reference","append_plus_barrier","append_plus_barrier","0","0","key_set","file","successful_remove","1","32","5","0","1024","1077647327","950.218104","1113632","0"
"protocol-v5-20260807-220443","6d7edc7c29a60a94c59effeeb2b78d8b95038135","default-hasher:e33e9641d6e15aea","6d7edc7c29a60a94c59effeeb2b78d8b95038135","default-hasher:f20647ba796d9a0c","rustc 1.97.0 (2d8144b78 2026-07-07)","x86_64-unknown-linux-gnu","Linux 7.0.11-76070011-generic x86_64","Intel(R) Core(TM) Ultra 7 155H","/dev/nvme0n1p3[/tmp] ext4   rw,nosuid,nodev,noatime,errors=remount-ro","/tmp/pigment-db-durability-bench","12-19","candidate","candidate_pigment_db","physical","append_plus_barrier","0","1","key_set","file","successful_remove","1","32","5","0","1024","1032406673","991.857208","1006782","0"
"protocol-v5-20260807-220443","6d7edc7c29a60a94c59effeeb2b78d8b95038135","default-hasher:e33e9641d6e15aea","6d7edc7c29a60a94c59effeeb2b78d8b95038135","default-hasher:f20647ba796d9a0c","rustc 1.97.0 (2d8144b78 2026-07-07)","x86_64-unknown-linux-gnu","Linux 7.0.11-76070011-generic x86_64","Intel(R) Core(TM) Ultra 7 155H","/dev/nvme0n1p3[/tmp] ext4   rw,nosuid,nodev,noatime,errors=remount-ro","/tmp/pigment-db-durability-bench","12-19","candidate","candidate_pigment_db","physical","append_plus_barrier","1","0","key_set","file","successful_remove","1","32","5","1","1024","1056699463","969.055096","1033252","0"
"protocol-v5-20260807-220443","6d7edc7c29a60a94c59effeeb2b78d8b95038135","default-hasher:e33e9641d6e15aea","6d7edc7c29a60a94c59effeeb2b78d8b95038135","default-hasher:f20647ba796d9a0c","rustc 1.97.0 (2d8144b78 2026-07-07)","x86_64-unknown-linux-gnu","Linux 7.0.11-76070011-generic x86_64","Intel(R) Core(TM) Ultra 7 155H","/dev/nvme0n1p3[/tmp] ext4   rw,nosuid,nodev,noatime,errors=remount-ro","/tmp/pigment-db-durability-bench","12-19","comparator","mutex_file_reference","append_plus_barrier","append_plus_barrier","1","1","key_set","file","successful_remove","1","32","5","1","1024","1019463424","1004.449964","985010","0"
"protocol-v5-20260807-220443","6d7edc7c29a60a94c59effeeb2b78d8b95038135","default-hasher:e33e9641d6e15aea","6d7edc7c29a60a94c59effeeb2b78d8b95038135","default-hasher:f20647ba796d9a0c","rustc 1.97.0 (2d8144b78 2026-07-07)","x86_64-unknown-linux-gnu","Linux 7.0.11-76070011-generic x86_64","Intel(R) Core(TM) Ultra 7 155H","/dev/nvme0n1p3[/tmp] ext4   rw,nosuid,nodev,noatime,errors=remount-ro","/tmp/pigment-db-durability-bench","12-19","comparator","mutex_file_reference","append_plus_barrier","append_plus_barrier","2","0","key_set","file","successful_remove","1","32","5","2","1024","1018335593","1005.562417","1024756","0"
"protocol-v5-20260807-220443","6d7edc7c29a60a94c59effeeb2b78d8b95038135","default-hasher:e33e9641d6e15aea","6d7edc7c29a60a94c59effeeb2b78d8b95038135","default-hasher:f20647ba796d9a0c","rustc 1.97.0 (2d8144b78 2026-07-07)","x86_64-unknown-linux-gnu","Linux 7.0.11-76070011-generic x86_64","Intel(R) Core(TM) Ultra 7 155H","/dev/nvme0n1p3[/tmp] ext4   rw,nosuid,nodev,noatime,errors=remount-ro","/tmp/pigment-db-durability-bench","12-19","candidate","candidate_pigment_db","physical","append_plus_barrier","2","1","key_set","file","successful_remove","1","32","5","2","1024","1020131462","1003.792196","1006412","0"
"protocol-v5-20260807-220443","6d7edc7c29a60a94c59effeeb2b78d8b95038135","default-hasher:e33e9641d6e15aea","6d7edc7c29a60a94c59effeeb2b78d8b95038135","default-hasher:f20647ba796d9a0c","rustc 1.97.0 (2d8144b78 2026-07-07)","x86_64-unknown-linux-gnu","Linux 7.0.11-76070011-generic x86_64","Intel(R) Core(TM) Ultra 7 155H","/dev/nvme0n1p3[/tmp] ext4   rw,nosuid,nodev,noatime,errors=remount-ro","/tmp/pigment-db-durability-bench","12-19","candidate","candidate_pigment_db","physical","append_plus_barrier","3","0","key_set","file","successful_remove","1","32","5","3","1024","1049283424","975.904104","995549","0"
"protocol-v5-20260807-220443","6d7edc7c29a60a94c59effeeb2b78d8b95038135","default-hasher:e33e9641d6e15aea","6d7edc7c29a60a94c59effeeb2b78d8b95038135","default-hasher:f20647ba796d9a0c","rustc 1.97.0 (2d8144b78 2026-07-07)","x86_64-unknown-linux-gnu","Linux 7.0.11-76070011-generic x86_64","Intel(R) Core(TM) Ultra 7 155H","/dev/nvme0n1p3[/tmp] ext4   rw,nosuid,nodev,noatime,errors=remount-ro","/tmp/pigment-db-durability-bench","12-19","comparator","mutex_file_reference","append_plus_barrier","append_plus_barrier","3","1","key_set","file","successful_remove","1","32","5","3","1024","1046286849","978.699102","995703","0"
"protocol-v5-20260807-220443","6d7edc7c29a60a94c59effeeb2b78d8b95038135","default-hasher:e33e9641d6e15aea","6d7edc7c29a60a94c59effeeb2b78d8b95038135","default-hasher:f20647ba796d9a0c","rustc 1.97.0 (2d8144b78 2026-07-07)","x86_64-unknown-linux-gnu","Linux 7.0.11-76070011-generic x86_64","Intel(R) Core(TM) Ultra 7 155H","/dev/nvme0n1p3[/tmp] ext4   rw,nosuid,nodev,noatime,errors=remount-ro","/tmp/pigment-db-durability-bench","12-19","comparator","mutex_file_reference","append_plus_barrier","append_plus_barrier","4","0","key_set","file","successful_remove","1","32","5","4","1024","1031469805","992.758096","1002530","0"
"protocol-v5-20260807-220443","6d7edc7c29a60a94c59effeeb2b78d8b95038135","default-hasher:e33e9641d6e15aea","6d7edc7c29a60a94c59effeeb2b78d8b95038135","default-hasher:f20647ba796d9a0c","rustc 1.97.0 (2d8144b78 2026-07-07)","x86_64-unknown-linux-gnu","Linux 7.0.11-76070011-generic x86_64","Intel(R) Core(TM) Ultra 7 155H","/dev/nvme0n1p3[/tmp] ext4   rw,nosuid,nodev,noatime,errors=remount-ro","/tmp/pigment-db-durability-bench","12-19","candidate","candidate_pigment_db","physical","append_plus_barrier","4","1","key_set","file","successful_remove","1","32","5","4","1024","1062698279","963.584886","1093792","0"
"protocol-v5-20260807-220443","6d7edc7c29a60a94c59effeeb2b78d8b95038135","default-hasher:e33e9641d6e15aea","6d7edc7c29a60a94c59effeeb2b78d8b95038135","default-hasher:f20647ba796d9a0c","rustc 1.97.0 (2d8144b78 2026-07-07)","x86_64-unknown-linux-gnu","Linux 7.0.11-76070011-generic x86_64","Intel(R) Core(TM) Ultra 7 155H","/dev/nvme0n1p3[/tmp] ext4   rw,nosuid,nodev,noatime,errors=remount-ro","/tmp/pigment-db-durability-bench","12-19","candidate","candidate_pigment_db","physical","append_plus_barrier","5","0","key_set","file","successful_remove","1","32","5","5","1024","1035887165","988.524653","973923","0"
"protocol-v5-20260807-220443","6d7edc7c29a60a94c59effeeb2b78d8b95038135","default-hasher:e33e9641d6e15aea","6d7edc7c29a60a94c59effeeb2b78d8b95038135","default-hasher:f20647ba796d9a0c","rustc 1.97.0 (2d8144b78 2026-07-07)","x86_64-unknown-linux-gnu","Linux 7.0.11-76070011-generic x86_64","Intel(R) Core(TM) Ultra 7 155H","/dev/nvme0n1p3[/tmp] ext4   rw,nosuid,nodev,noatime,errors=remount-ro","/tmp/pigment-db-durability-bench","12-19","comparator","mutex_file_reference","append_plus_barrier","append_plus_barrier","5","1","key_set","file","successful_remove","1","32","5","5","1024","1237961104","827.166538","2793245","0"
"protocol-v5-20260807-220443","6d7edc7c29a60a94c59effeeb2b78d8b95038135","default-hasher:e33e9641d6e15aea","6d7edc7c29a60a94c59effeeb2b78d8b95038135","default-hasher:f20647ba796d9a0c","rustc 1.97.0 (2d8144b78 2026-07-07)","x86_64-unknown-linux-gnu","Linux 7.0.11-76070011-generic x86_64","Intel(R) Core(TM) Ultra 7 155H","/dev/nvme0n1p3[/tmp] ext4   rw,nosuid,nodev,noatime,errors=remount-ro","/tmp/pigment-db-durability-bench","12-19","comparator","mutex_file_reference","append_plus_barrier","append_plus_barrier","6","0","key_set","file","successful_remove","1","32","5","6","1024","1045632430","979.311631","1013758","0"
"protocol-v5-20260807-220443","6d7edc7c29a60a94c59effeeb2b78d8b95038135","default-hasher:e33e9641d6e15aea","6d7edc7c29a60a94c59effeeb2b78d8b95038135","default-hasher:f20647ba796d9a0c","rustc 1.97.0 (2d8144b78 2026-07-07)","x86_64-unknown-linux-gnu","Linux 7.0.11-76070011-generic x86_64","Intel(R) Core(TM) Ultra 7 155H","/dev/nvme0n1p3[/tmp] ext4   rw,nosuid,nodev,noatime,errors=remount-ro","/tmp/pigment-db-durability-bench","12-19","candidate","candidate_pigment_db","physical","append_plus_barrier","6","1","key_set","file","successful_remove","1","32","5","6","1024","1047667297","977.409530","1023075","0"
"protocol-v5-20260807-220443","6d7edc7c29a60a94c59effeeb2b78d8b95038135","default-hasher:e33e9641d6e15aea","6d7edc7c29a60a94c59effeeb2b78d8b95038135","default-hasher:f20647ba796d9a0c","rustc 1.97.0 (2d8144b78 2026-07-07)","x86_64-unknown-linux-gnu","Linux 7.0.11-76070011-generic x86_64","Intel(R) Core(TM) Ultra 7 155H","/dev/nvme0n1p3[/tmp] ext4   rw,nosuid,nodev,noatime,errors=remount-ro","/tmp/pigment-db-durability-bench","12-19","candidate","candidate_pigment_db","physical","append_plus_barrier","7","0","key_set","file","successful_remove","1","32","5","7","1024","1037883942","986.622838","1027095","0"
"protocol-v5-20260807-220443","6d7edc7c29a60a94c59effeeb2b78d8b95038135","default-hasher:e33e9641d6e15aea","6d7edc7c29a60a94c59effeeb2b78d8b95038135","default-hasher:f20647ba796d9a0c","rustc 1.97.0 (2d8144b78 2026-07-07)","x86_64-unknown-linux-gnu","Linux 7.0.11-76070011-generic x86_64","Intel(R) Core(TM) Ultra 7 155H","/dev/nvme0n1p3[/tmp] ext4   rw,nosuid,nodev,noatime,errors=remount-ro","/tmp/pigment-db-durability-bench","12-19","comparator","mutex_file_reference","append_plus_barrier","append_plus_barrier","7","1","key_set","file","successful_remove","1","32","5","7","1024","1077636102","950.228002","1133021","0"
"protocol-v5-20260807-220443","6d7edc7c29a60a94c59effeeb2b78d8b95038135","default-hasher:e33e9641d6e15aea","6d7edc7c29a60a94c59effeeb2b78d8b95038135","default-hasher:f20647ba796d9a0c","rustc 1.97.0 (2d8144b78 2026-07-07)","x86_64-unknown-linux-gnu","Linux 7.0.11-76070011-generic x86_64","Intel(R) Core(TM) Ultra 7 155H","/dev/nvme0n1p3[/tmp] ext4   rw,nosuid,nodev,noatime,errors=remount-ro","/tmp/pigment-db-durability-bench","12-19","comparator","mutex_file_reference","append_plus_barrier","append_plus_barrier","8","0","key_set","file","successful_remove","1","32","5","8","1024","1021914862","1002.040422","999870","0"
"protocol-v5-20260807-220443","6d7edc7c29a60a94c59effeeb2b78d8b95038135","default-hasher:e33e9641d6e15aea","6d7edc7c29a60a94c59effeeb2b78d8b95038135","default-hasher:f20647ba796d9a0c","rustc 1.97.0 (2d8144b78 2026-07-07)","x86_64-unknown-linux-gnu","Linux 7.0.11-76070011-generic x86_64","Intel(R) Core(TM) Ultra 7 155H","/dev/nvme0n1p3[/tmp] ext4   rw,nosuid,nodev,noatime,errors=remount-ro","/tmp/pigment-db-durability-bench","12-19","candidate","candidate_pigment_db","physical","append_plus_barrier","8","1","key_set","file","successful_remove","1","32","5","8","1024","1051421197","973.919874","1013605","0"
"protocol-v5-20260807-220443","6d7edc7c29a60a94c59effeeb2b78d8b95038135","default-hasher:e33e9641d6e15aea","6d7edc7c29a60a94c59effeeb2b78d8b95038135","default-hasher:f20647ba796d9a0c","rustc 1.97.0 (2d8144b78 2026-07-07)","x86_64-unknown-linux-gnu","Linux 7.0.11-76070011-generic x86_64","Intel(R) Core(TM) Ultra 7 155H","/dev/nvme0n1p3[/tmp] ext4   rw,nosuid,nodev,noatime,errors=remount-ro","/tmp/pigment-db-durability-bench","12-19","candidate","candidate_pigment_db","physical","append_plus_barrier","9","0","key_set","file","successful_remove","1","32","5","9","1024","1030885685","993.320612","1028619","0"
"protocol-v5-20260807-220443","6d7edc7c29a60a94c59effeeb2b78d8b95038135","default-hasher:e33e9641d6e15aea","6d7edc7c29a60a94c59effeeb2b78d8b95038135","default-hasher:f20647ba796d9a0c","rustc 1.97.0 (2d8144b78 2026-07-07)","x86_64-unknown-linux-gnu","Linux 7.0.11-76070011-generic x86_64","Intel(R) Core(TM) Ultra 7 155H","/dev/nvme0n1p3[/tmp] ext4   rw,nosuid,nodev,noatime,errors=remount-ro","/tmp/pigment-db-durability-bench","12-19","comparator","mutex_file_reference","append_plus_barrier","append_plus_barrier","9","1","key_set","file","successful_remove","1","32","5","9","1024","1058646034","967.273260","1048469","0"
"protocol-v5-20260807-220443","6d7edc7c29a60a94c59effeeb2b78d8b95038135","default-hasher:e33e9641d6e15aea","6d7edc7c29a60a94c59effeeb2b78d8b95038135","default-hasher:f20647ba796d9a0c","rustc 1.97.0 (2d8144b78 2026-07-07)","x86_64-unknown-linux-gnu","Linux 7.0.11-76070011-generic x86_64","Intel(R) Core(TM) Ultra 7 155H","/dev/nvme0n1p3[/tmp] ext4   rw,nosuid,nodev,noatime,errors=remount-ro","/tmp/pigment-db-durability-bench","12-19","comparator","mutex_file_reference","append_plus_barrier","append_plus_barrier","10","0","key_set","file","successful_remove","1","32","5","10","1024","1054695223","970.896594","1049121","0"
"protocol-v5-20260807-220443","6d7edc7c29a60a94c59effeeb2b78d8b95038135","default-hasher:e33e9641d6e15aea","6d7edc7c29a60a94c59effeeb2b78d8b95038135","default-hasher:f20647ba796d9a0c","rustc 1.97.0 (2d8144b78 2026-07-07)","x86_64-unknown-linux-gnu","Linux 7.0.11-76070011-generic x86_64","Intel(R) Core(TM) Ultra 7 155H","/dev/nvme0n1p3[/tmp] ext4   rw,nosuid,nodev,noatime,errors=remount-ro","/tmp/pigment-db-durability-bench","12-19","candidate","candidate_pigment_db","physical","append_plus_barrier","10","1","key_set","file","successful_remove","1","32","5","10","1024","1048392912","976.733044","1020591","0"
"protocol-v5-20260807-220443","6d7edc7c29a60a94c59effeeb2b78d8b95038135","default-hasher:e33e9641d6e15aea","6d7edc7c29a60a94c59effeeb2b78d8b95038135","default-hasher:f20647ba796d9a0c","rustc 1.97.0 (2d8144b78 2026-07-07)","x86_64-unknown-linux-gnu","Linux 7.0.11-76070011-generic x86_64","Intel(R) Core(TM) Ultra 7 155H","/dev/nvme0n1p3[/tmp] ext4   rw,nosuid,nodev,noatime,errors=remount-ro","/tmp/pigment-db-durability-bench","12-19","comparator","mutex_file_reference","append_plus_barrier","append_plus_barrier","0","0","key_set","file","successful_remove","8","32","5","0","1024","1081339817","946.973360","8432533","0"
"protocol-v5-20260807-220443","6d7edc7c29a60a94c59effeeb2b78d8b95038135","default-hasher:e33e9641d6e15aea","6d7edc7c29a60a94c59effeeb2b78d8b95038135","default-hasher:f20647ba796d9a0c","rustc 1.97.0 (2d8144b78 2026-07-07)","x86_64-unknown-linux-gnu","Linux 7.0.11-76070011-generic x86_64","Intel(R) Core(TM) Ultra 7 155H","/dev/nvme0n1p3[/tmp] ext4   rw,nosuid,nodev,noatime,errors=remount-ro","/tmp/pigment-db-durability-bench","12-19","candidate","candidate_pigment_db","physical","append_plus_barrier","0","1","key_set","file","successful_remove","8","32","5","0","1024","1101147422","929.939061","13722947","0"
"protocol-v5-20260807-220443","6d7edc7c29a60a94c59effeeb2b78d8b95038135","default-hasher:e33e9641d6e15aea","6d7edc7c29a60a94c59effeeb2b78d8b95038135","default-hasher:f20647ba796d9a0c","rustc 1.97.0 (2d8144b78 2026-07-07)","x86_64-unknown-linux-gnu","Linux 7.0.11-76070011-generic x86_64","Intel(R) Core(TM) Ultra 7 155H","/dev/nvme0n1p3[/tmp] ext4   rw,nosuid,nodev,noatime,errors=remount-ro","/tmp/pigment-db-durability-bench","12-19","candidate","candidate_pigment_db","physical","append_plus_barrier","1","0","key_set","file","successful_remove","8","32","5","1","1024","1080221603","947.953639","12661141","0"
"protocol-v5-20260807-220443","6d7edc7c29a60a94c59effeeb2b78d8b95038135","default-hasher:e33e9641d6e15aea","6d7edc7c29a60a94c59effeeb2b78d8b95038135","default-hasher:f20647ba796d9a0c","rustc 1.97.0 (2d8144b78 2026-07-07)","x86_64-unknown-linux-gnu","Linux 7.0.11-76070011-generic x86_64","Intel(R) Core(TM) Ultra 7 155H","/dev/nvme0n1p3[/tmp] ext4   rw,nosuid,nodev,noatime,errors=remount-ro","/tmp/pigment-db-durability-bench","12-19","comparator","mutex_file_reference","append_plus_barrier","append_plus_barrier","1","1","key_set","file","successful_remove","8","32","5","1","1024","1037283227","987.194214","10505075","0"
"protocol-v5-20260807-220443","6d7edc7c29a60a94c59effeeb2b78d8b95038135","default-hasher:e33e9641d6e15aea","6d7edc7c29a60a94c59effeeb2b78d8b95038135","default-hasher:f20647ba796d9a0c","rustc 1.97.0 (2d8144b78 2026-07-07)","x86_64-unknown-linux-gnu","Linux 7.0.11-76070011-generic x86_64","Intel(R) Core(TM) Ultra 7 155H","/dev/nvme0n1p3[/tmp] ext4   rw,nosuid,nodev,noatime,errors=remount-ro","/tmp/pigment-db-durability-bench","12-19","comparator","mutex_file_reference","append_plus_barrier","append_plus_barrier","2","0","key_set","file","successful_remove","8","32","5","2","1024","1077295098","950.528784","11894120","0"
"protocol-v5-20260807-220443","6d7edc7c29a60a94c59effeeb2b78d8b95038135","default-hasher:e33e9641d6e15aea","6d7edc7c29a60a94c59effeeb2b78d8b95038135","default-hasher:f20647ba796d9a0c","rustc 1.97.0 (2d8144b78 2026-07-07)","x86_64-unknown-linux-gnu","Linux 7.0.11-76070011-generic x86_64","Intel(R) Core(TM) Ultra 7 155H","/dev/nvme0n1p3[/tmp] ext4   rw,nosuid,nodev,noatime,errors=remount-ro","/tmp/pigment-db-durability-bench","12-19","candidate","candidate_pigment_db","physical","append_plus_barrier","2","1","key_set","file","successful_remove","8","32","5","2","1024","1103756408","927.740933","13004275","0"
"protocol-v5-20260807-220443","6d7edc7c29a60a94c59effeeb2b78d8b95038135","default-hasher:e33e9641d6e15aea","6d7edc7c29a60a94c59effeeb2b78d8b95038135","default-hasher:f20647ba796d9a0c","rustc 1.97.0 (2d8144b78 2026-07-07)","x86_64-unknown-linux-gnu","Linux 7.0.11-76070011-generic x86_64","Intel(R) Core(TM) Ultra 7 155H","/dev/nvme0n1p3[/tmp] ext4   rw,nosuid,nodev,noatime,errors=remount-ro","/tmp/pigment-db-durability-bench","12-19","candidate","candidate_pigment_db","physical","append_plus_barrier","3","0","key_set","file","successful_remove","8","32","5","3","1024","1059276320","966.697717","10225688","0"
"protocol-v5-20260807-220443","6d7edc7c29a60a94c59effeeb2b78d8b95038135","default-hasher:e33e9641d6e15aea","6d7edc7c29a60a94c59effeeb2b78d8b95038135","default-hasher:f20647ba796d9a0c","rustc 1.97.0 (2d8144b78 2026-07-07)","x86_64-unknown-linux-gnu","Linux 7.0.11-76070011-generic x86_64","Intel(R) Core(TM) Ultra 7 155H","/dev/nvme0n1p3[/tmp] ext4   rw,nosuid,nodev,noatime,errors=remount-ro","/tmp/pigment-db-durability-bench","12-19","comparator","mutex_file_reference","append_plus_barrier","append_plus_barrier","3","1","key_set","file","successful_remove","8","32","5","3","1024","1058980610","966.967658","13566659","0"
"protocol-v5-20260807-220443","6d7edc7c29a60a94c59effeeb2b78d8b95038135","default-hasher:e33e9641d6e15aea","6d7edc7c29a60a94c59effeeb2b78d8b95038135","default-hasher:f20647ba796d9a0c","rustc 1.97.0 (2d8144b78 2026-07-07)","x86_64-unknown-linux-gnu","Linux 7.0.11-76070011-generic x86_64","Intel(R) Core(TM) Ultra 7 155H","/dev/nvme0n1p3[/tmp] ext4   rw,nosuid,nodev,noatime,errors=remount-ro","/tmp/pigment-db-durability-bench","12-19","comparator","mutex_file_reference","append_plus_barrier","append_plus_barrier","4","0","key_set","file","successful_remove","8","32","5","4","1024","1048717238","976.430980","12107809","0"
"protocol-v5-20260807-220443","6d7edc7c29a60a94c59effeeb2b78d8b95038135","default-hasher:e33e9641d6e15aea","6d7edc7c29a60a94c59effeeb2b78d8b95038135","default-hasher:f20647ba796d9a0c","rustc 1.97.0 (2d8144b78 2026-07-07)","x86_64-unknown-linux-gnu","Linux 7.0.11-76070011-generic x86_64","Intel(R) Core(TM) Ultra 7 155H","/dev/nvme0n1p3[/tmp] ext4   rw,nosuid,nodev,noatime,errors=remount-ro","/tmp/pigment-db-durability-bench","12-19","candidate","candidate_pigment_db","physical","append_plus_barrier","4","1","key_set","file","successful_remove","8","32","5","4","1024","1070295959","956.744713","7745885","0"
"protocol-v5-20260807-220443","6d7edc7c29a60a94c59effeeb2b78d8b95038135","default-hasher:e33e9641d6e15aea","6d7edc7c29a60a94c59effeeb2b78d8b95038135","default-hasher:f20647ba796d9a0c","rustc 1.97.0 (2d8144b78 2026-07-07)","x86_64-unknown-linux-gnu","Linux 7.0.11-76070011-generic x86_64","Intel(R) Core(TM) Ultra 7 155H","/dev/nvme0n1p3[/tmp] ext4   rw,nosuid,nodev,noatime,errors=remount-ro","/tmp/pigment-db-durability-bench","12-19","candidate","candidate_pigment_db","physical","append_plus_barrier","5","0","key_set","file","successful_remove","8","32","5","5","1024","1084236017","944.443815","12306798","0"
"protocol-v5-20260807-220443","6d7edc7c29a60a94c59effeeb2b78d8b95038135","default-hasher:e33e9641d6e15aea","6d7edc7c29a60a94c59effeeb2b78d8b95038135","default-hasher:f20647ba796d9a0c","rustc 1.97.0 (2d8144b78 2026-07-07)","x86_64-unknown-linux-gnu","Linux 7.0.11-76070011-generic x86_64","Intel(R) Core(TM) Ultra 7 155H","/dev/nvme0n1p3[/tmp] ext4   rw,nosuid,nodev,noatime,errors=remount-ro","/tmp/pigment-db-durability-bench","12-19","comparator","mutex_file_reference","append_plus_barrier","append_plus_barrier","5","1","key_set","file","successful_remove","8","32","5","5","1024","1079634871","948.468809","13546248","0"
"protocol-v5-20260807-220443","6d7edc7c29a60a94c59effeeb2b78d8b95038135","default-hasher:e33e9641d6e15aea","6d7edc7c29a60a94c59effeeb2b78d8b95038135","default-hasher:f20647ba796d9a0c","rustc 1.97.0 (2d8144b78 2026-07-07)","x86_64-unknown-linux-gnu","Linux 7.0.11-76070011-generic x86_64","Intel(R) Core(TM) Ultra 7 155H","/dev/nvme0n1p3[/tmp] ext4   rw,nosuid,nodev,noatime,errors=remount-ro","/tmp/pigment-db-durability-bench","12-19","comparator","mutex_file_reference","append_plus_barrier","append_plus_barrier","6","0","key_set","file","successful_remove","8","32","5","6","1024","1071698985","955.492180","13591106","0"
"protocol-v5-20260807-220443","6d7edc7c29a60a94c59effeeb2b78d8b95038135","default-hasher:e33e9641d6e15aea","6d7edc7c29a60a94c59effeeb2b78d8b95038135","default-hasher:f20647ba796d9a0c","rustc 1.97.0 (2d8144b78 2026-07-07)","x86_64-unknown-linux-gnu","Linux 7.0.11-76070011-generic x86_64","Intel(R) Core(TM) Ultra 7 155H","/dev/nvme0n1p3[/tmp] ext4   rw,nosuid,nodev,noatime,errors=remount-ro","/tmp/pigment-db-durability-bench","12-19","candidate","candidate_pigment_db","physical","append_plus_barrier","6","1","key_set","file","successful_remove","8","32","5","6","1024","1063948031","962.453024","12736291","0"
"protocol-v5-20260807-220443","6d7edc7c29a60a94c59effeeb2b78d8b95038135","default-hasher:e33e9641d6e15aea","6d7edc7c29a60a94c59effeeb2b78d8b95038135","default-hasher:f20647ba796d9a0c","rustc 1.97.0 (2d8144b78 2026-07-07)","x86_64-unknown-linux-gnu","Linux 7.0.11-76070011-generic x86_64","Intel(R) Core(TM) Ultra 7 155H","/dev/nvme0n1p3[/tmp] ext4   rw,nosuid,nodev,noatime,errors=remount-ro","/tmp/pigment-db-durability-bench","12-19","candidate","candidate_pigment_db","physical","append_plus_barrier","7","0","key_set","file","successful_remove","8","32","5","7","1024","1096213649","934.124476","13639432","0"
"protocol-v5-20260807-220443","6d7edc7c29a60a94c59effeeb2b78d8b95038135","default-hasher:e33e9641d6e15aea","6d7edc7c29a60a94c59effeeb2b78d8b95038135","default-hasher:f20647ba796d9a0c","rustc 1.97.0 (2d8144b78 2026-07-07)","x86_64-unknown-linux-gnu","Linux 7.0.11-76070011-generic x86_64","Intel(R) Core(TM) Ultra 7 155H","/dev/nvme0n1p3[/tmp] ext4   rw,nosuid,nodev,noatime,errors=remount-ro","/tmp/pigment-db-durability-bench","12-19","comparator","mutex_file_reference","append_plus_barrier","append_plus_barrier","7","1","key_set","file","successful_remove","8","32","5","7","1024","1048899137","976.261648","11790173","0"
"protocol-v5-20260807-220443","6d7edc7c29a60a94c59effeeb2b78d8b95038135","default-hasher:e33e9641d6e15aea","6d7edc7c29a60a94c59effeeb2b78d8b95038135","default-hasher:f20647ba796d9a0c","rustc 1.97.0 (2d8144b78 2026-07-07)","x86_64-unknown-linux-gnu","Linux 7.0.11-76070011-generic x86_64","Intel(R) Core(TM) Ultra 7 155H","/dev/nvme0n1p3[/tmp] ext4   rw,nosuid,nodev,noatime,errors=remount-ro","/tmp/pigment-db-durability-bench","12-19","comparator","mutex_file_reference","append_plus_barrier","append_plus_barrier","8","0","key_set","file","successful_remove","8","32","5","8","1024","1070772521","956.318901","12726711","0"
"protocol-v5-20260807-220443","6d7edc7c29a60a94c59effeeb2b78d8b95038135","default-hasher:e33e9641d6e15aea","6d7edc7c29a60a94c59effeeb2b78d8b95038135","default-hasher:f20647ba796d9a0c","rustc 1.97.0 (2d8144b78 2026-07-07)","x86_64-unknown-linux-gnu","Linux 7.0.11-76070011-generic x86_64","Intel(R) Core(TM) Ultra 7 155H","/dev/nvme0n1p3[/tmp] ext4   rw,nosuid,nodev,noatime,errors=remount-ro","/tmp/pigment-db-durability-bench","12-19","candidate","candidate_pigment_db","physical","append_plus_barrier","8","1","key_set","file","successful_remove","8","32","5","8","1024","1093230694","936.673298","13522046","0"
"protocol-v5-20260807-220443","6d7edc7c29a60a94c59effeeb2b78d8b95038135","default-hasher:e33e9641d6e15aea","6d7edc7c29a60a94c59effeeb2b78d8b95038135","default-hasher:f20647ba796d9a0c","rustc 1.97.0 (2d8144b78 2026-07-07)","x86_64-unknown-linux-gnu","Linux 7.0.11-76070011-generic x86_64","Intel(R) Core(TM) Ultra 7 155H","/dev/nvme0n1p3[/tmp] ext4   rw,nosuid,nodev,noatime,errors=remount-ro","/tmp/pigment-db-durability-bench","12-19","candidate","candidate_pigment_db","physical","append_plus_barrier","9","0","key_set","file","successful_remove","8","32","5","9","1024","1099923421","930.973903","12964753","0"
"protocol-v5-20260807-220443","6d7edc7c29a60a94c59effeeb2b78d8b95038135","default-hasher:e33e9641d6e15aea","6d7edc7c29a60a94c59effeeb2b78d8b95038135","default-hasher:f20647ba796d9a0c","rustc 1.97.0 (2d8144b78 2026-07-07)","x86_64-unknown-linux-gnu","Linux 7.0.11-76070011-generic x86_64","Intel(R) Core(TM) Ultra 7 155H","/dev/nvme0n1p3[/tmp] ext4   rw,nosuid,nodev,noatime,errors=remount-ro","/tmp/pigment-db-durability-bench","12-19","comparator","mutex_file_reference","append_plus_barrier","append_plus_barrier","9","1","key_set","file","successful_remove","8","32","5","9","1024","1083719321","944.894107","13583427","0"
"protocol-v5-20260807-220443","6d7edc7c29a60a94c59effeeb2b78d8b95038135","default-hasher:e33e9641d6e15aea","6d7edc7c29a60a94c59effeeb2b78d8b95038135","default-hasher:f20647ba796d9a0c","rustc 1.97.0 (2d8144b78 2026-07-07)","x86_64-unknown-linux-gnu","Linux 7.0.11-76070011-generic x86_64","Intel(R) Core(TM) Ultra 7 155H","/dev/nvme0n1p3[/tmp] ext4   rw,nosuid,nodev,noatime,errors=remount-ro","/tmp/pigment-db-durability-bench","12-19","comparator","mutex_file_reference","append_plus_barrier","append_plus_barrier","10","0","key_set","file","successful_remove","8","32","5","10","1024","1071859168","955.349388","13766490","0"
"protocol-v5-20260807-220443","6d7edc7c29a60a94c59effeeb2b78d8b95038135","default-hasher:e33e9641d6e15aea","6d7edc7c29a60a94c59effeeb2b78d8b95038135","default-hasher:f20647ba796d9a0c","rustc 1.97.0 (2d8144b78 2026-07-07)","x86_64-unknown-linux-gnu","Linux 7.0.11-76070011-generic x86_64","Intel(R) Core(TM) Ultra 7 155H","/dev/nvme0n1p3[/tmp] ext4   rw,nosuid,nodev,noatime,errors=remount-ro","/tmp/pigment-db-durability-bench","12-19","candidate","candidate_pigment_db","physical","append_plus_barrier","10","1","key_set","file","successful_remove","8","32","5","10","1024","1121354557","913.181289","13829342","0"
"protocol-v5-20260807-220443","6d7edc7c29a60a94c59effeeb2b78d8b95038135","default-hasher:e33e9641d6e15aea","6d7edc7c29a60a94c59effeeb2b78d8b95038135","default-hasher:f20647ba796d9a0c","rustc 1.97.0 (2d8144b78 2026-07-07)","x86_64-unknown-linux-gnu","Linux 7.0.11-76070011-generic x86_64","Intel(R) Core(TM) Ultra 7 155H","/dev/nvme0n1p3[/tmp] ext4   rw,nosuid,nodev,noatime,errors=remount-ro","/tmp/pigment-db-durability-bench","12-19","comparator","mutex_file_reference","append_plus_barrier","append_plus_barrier","0","0","key_set","file","minimal_callback","1","32","5","0","1024","1055787603","969.892048","1060128","0"
"protocol-v5-20260807-220443","6d7edc7c29a60a94c59effeeb2b78d8b95038135","default-hasher:e33e9641d6e15aea","6d7edc7c29a60a94c59effeeb2b78d8b95038135","default-hasher:f20647ba796d9a0c","rustc 1.97.0 (2d8144b78 2026-07-07)","x86_64-unknown-linux-gnu","Linux 7.0.11-76070011-generic x86_64","Intel(R) Core(TM) Ultra 7 155H","/dev/nvme0n1p3[/tmp] ext4   rw,nosuid,nodev,noatime,errors=remount-ro","/tmp/pigment-db-durability-bench","12-19","candidate","candidate_pigment_db","physical","append_plus_barrier","0","1","key_set","file","minimal_callback","1","32","5","0","1024","1032330869","991.930040","1018989","0"
"protocol-v5-20260807-220443","6d7edc7c29a60a94c59effeeb2b78d8b95038135","default-hasher:e33e9641d6e15aea","6d7edc7c29a60a94c59effeeb2b78d8b95038135","default-hasher:f20647ba796d9a0c","rustc 1.97.0 (2d8144b78 2026-07-07)","x86_64-unknown-linux-gnu","Linux 7.0.11-76070011-generic x86_64","Intel(R) Core(TM) Ultra 7 155H","/dev/nvme0n1p3[/tmp] ext4   rw,nosuid,nodev,noatime,errors=remount-ro","/tmp/pigment-db-durability-bench","12-19","candidate","candidate_pigment_db","physical","append_plus_barrier","1","0","key_set","file","minimal_callback","1","32","5","1","1024","1267103535","808.142328","2773908","0"
"protocol-v5-20260807-220443","6d7edc7c29a60a94c59effeeb2b78d8b95038135","default-hasher:e33e9641d6e15aea","6d7edc7c29a60a94c59effeeb2b78d8b95038135","default-hasher:f20647ba796d9a0c","rustc 1.97.0 (2d8144b78 2026-07-07)","x86_64-unknown-linux-gnu","Linux 7.0.11-76070011-generic x86_64","Intel(R) Core(TM) Ultra 7 155H","/dev/nvme0n1p3[/tmp] ext4   rw,nosuid,nodev,noatime,errors=remount-ro","/tmp/pigment-db-durability-bench","12-19","comparator","mutex_file_reference","append_plus_barrier","append_plus_barrier","1","1","key_set","file","minimal_callback","1","32","5","1","1024","1056210626","969.503596","1015016","0"
"protocol-v5-20260807-220443","6d7edc7c29a60a94c59effeeb2b78d8b95038135","default-hasher:e33e9641d6e15aea","6d7edc7c29a60a94c59effeeb2b78d8b95038135","default-hasher:f20647ba796d9a0c","rustc 1.97.0 (2d8144b78 2026-07-07)","x86_64-unknown-linux-gnu","Linux 7.0.11-76070011-generic x86_64","Intel(R) Core(TM) Ultra 7 155H","/dev/nvme0n1p3[/tmp] ext4   rw,nosuid,nodev,noatime,errors=remount-ro","/tmp/pigment-db-durability-bench","12-19","comparator","mutex_file_reference","append_plus_barrier","append_plus_barrier","2","0","key_set","file","minimal_callback","1","32","5","2","1024","1043144690","981.647139","1012066","0"
"protocol-v5-20260807-220443","6d7edc7c29a60a94c59effeeb2b78d8b95038135","default-hasher:e33e9641d6e15aea","6d7edc7c29a60a94c59effeeb2b78d8b95038135","default-hasher:f20647ba796d9a0c","rustc 1.97.0 (2d8144b78 2026-07-07)","x86_64-unknown-linux-gnu","Linux 7.0.11-76070011-generic x86_64","Intel(R) Core(TM) Ultra 7 155H","/dev/nvme0n1p3[/tmp] ext4   rw,nosuid,nodev,noatime,errors=remount-ro","/tmp/pigment-db-durability-bench","12-19","candidate","candidate_pigment_db","physical","append_plus_barrier","2","1","key_set","file","minimal_callback","1","32","5","2","1024","1049967873","975.267936","1041021","0"
"protocol-v5-20260807-220443","6d7edc7c29a60a94c59effeeb2b78d8b95038135","default-hasher:e33e9641d6e15aea","6d7edc7c29a60a94c59effeeb2b78d8b95038135","default-hasher:f20647ba796d9a0c","rustc 1.97.0 (2d8144b78 2026-07-07)","x86_64-unknown-linux-gnu","Linux 7.0.11-76070011-generic x86_64","Intel(R) Core(TM) Ultra 7 155H","/dev/nvme0n1p3[/tmp] ext4   rw,nosuid,nodev,noatime,errors=remount-ro","/tmp/pigment-db-durability-bench","12-19","candidate","candidate_pigment_db","physical","append_plus_barrier","3","0","key_set","file","minimal_callback","1","32","5","3","1024","1026268872","997.789203","994846","0"
"protocol-v5-20260807-220443","6d7edc7c29a60a94c59effeeb2b78d8b95038135","default-hasher:e33e9641d6e15aea","6d7edc7c29a60a94c59effeeb2b78d8b95038135","default-hasher:f20647ba796d9a0c","rustc 1.97.0 (2d8144b78 2026-07-07)","x86_64-unknown-linux-gnu","Linux 7.0.11-76070011-generic x86_64","Intel(R) Core(TM) Ultra 7 155H","/dev/nvme0n1p3[/tmp] ext4   rw,nosuid,nodev,noatime,errors=remount-ro","/tmp/pigment-db-durability-bench","12-19","comparator","mutex_file_reference","append_plus_barrier","append_plus_barrier","3","1","key_set","file","minimal_callback","1","32","5","3","1024","1032675761","991.598756","1020220","0"
"protocol-v5-20260807-220443","6d7edc7c29a60a94c59effeeb2b78d8b95038135","default-hasher:e33e9641d6e15aea","6d7edc7c29a60a94c59effeeb2b78d8b95038135","default-hasher:f20647ba796d9a0c","rustc 1.97.0 (2d8144b78 2026-07-07)","x86_64-unknown-linux-gnu","Linux 7.0.11-76070011-generic x86_64","Intel(R) Core(TM) Ultra 7 155H","/dev/nvme0n1p3[/tmp] ext4   rw,nosuid,nodev,noatime,errors=remount-ro","/tmp/pigment-db-durability-bench","12-19","comparator","mutex_file_reference","append_plus_barrier","append_plus_barrier","4","0","key_set","file","minimal_callback","1","32","5","4","1024","1004672770","1019.237338","1022527","0"
"protocol-v5-20260807-220443","6d7edc7c29a60a94c59effeeb2b78d8b95038135","default-hasher:e33e9641d6e15aea","6d7edc7c29a60a94c59effeeb2b78d8b95038135","default-hasher:f20647ba796d9a0c","rustc 1.97.0 (2d8144b78 2026-07-07)","x86_64-unknown-linux-gnu","Linux 7.0.11-76070011-generic x86_64","Intel(R) Core(TM) Ultra 7 155H","/dev/nvme0n1p3[/tmp] ext4   rw,nosuid,nodev,noatime,errors=remount-ro","/tmp/pigment-db-durability-bench","12-19","candidate","candidate_pigment_db","physical","append_plus_barrier","4","1","key_set","file","minimal_callback","1","32","5","4","1024","1066726879","959.945812","1092070","0"
"protocol-v5-20260807-220443","6d7edc7c29a60a94c59effeeb2b78d8b95038135","default-hasher:e33e9641d6e15aea","6d7edc7c29a60a94c59effeeb2b78d8b95038135","default-hasher:f20647ba796d9a0c","rustc 1.97.0 (2d8144b78 2026-07-07)","x86_64-unknown-linux-gnu","Linux 7.0.11-76070011-generic x86_64","Intel(R) Core(TM) Ultra 7 155H","/dev/nvme0n1p3[/tmp] ext4   rw,nosuid,nodev,noatime,errors=remount-ro","/tmp/pigment-db-durability-bench","12-19","candidate","candidate_pigment_db","physical","append_plus_barrier","5","0","key_set","file","minimal_callback","1","32","5","5","1024","1056079494","969.623978","1012033","0"
"protocol-v5-20260807-220443","6d7edc7c29a60a94c59effeeb2b78d8b95038135","default-hasher:e33e9641d6e15aea","6d7edc7c29a60a94c59effeeb2b78d8b95038135","default-hasher:f20647ba796d9a0c","rustc 1.97.0 (2d8144b78 2026-07-07)","x86_64-unknown-linux-gnu","Linux 7.0.11-76070011-generic x86_64","Intel(R) Core(TM) Ultra 7 155H","/dev/nvme0n1p3[/tmp] ext4   rw,nosuid,nodev,noatime,errors=remount-ro","/tmp/pigment-db-durability-bench","12-19","comparator","mutex_file_reference","append_plus_barrier","append_plus_barrier","5","1","key_set","file","minimal_callback","1","32","5","5","1024","1019877866","1004.041792","1015973","0"
"protocol-v5-20260807-220443","6d7edc7c29a60a94c59effeeb2b78d8b95038135","default-hasher:e33e9641d6e15aea","6d7edc7c29a60a94c59effeeb2b78d8b95038135","default-hasher:f20647ba796d9a0c","rustc 1.97.0 (2d8144b78 2026-07-07)","x86_64-unknown-linux-gnu","Linux 7.0.11-76070011-generic x86_64","Intel(R) Core(TM) Ultra 7 155H","/dev/nvme0n1p3[/tmp] ext4   rw,nosuid,nodev,noatime,errors=remount-ro","/tmp/pigment-db-durability-bench","12-19","comparator","mutex_file_reference","append_plus_barrier","append_plus_barrier","6","0","key_set","file","minimal_callback","1","32","5","6","1024","1051597983","973.756147","1034581","0"
"protocol-v5-20260807-220443","6d7edc7c29a60a94c59effeeb2b78d8b95038135","default-hasher:e33e9641d6e15aea","6d7edc7c29a60a94c59effeeb2b78d8b95038135","default-hasher:f20647ba796d9a0c","rustc 1.97.0 (2d8144b78 2026-07-07)","x86_64-unknown-linux-gnu","Linux 7.0.11-76070011-generic x86_64","Intel(R) Core(TM) Ultra 7 155H","/dev/nvme0n1p3[/tmp] ext4   rw,nosuid,nodev,noatime,errors=remount-ro","/tmp/pigment-db-durability-bench","12-19","candidate","candidate_pigment_db","physical","append_plus_barrier","6","1","key_set","file","minimal_callback","1","32","5","6","1024","1044542058","980.333910","1032608","0"
"protocol-v5-20260807-220443","6d7edc7c29a60a94c59effeeb2b78d8b95038135","default-hasher:e33e9641d6e15aea","6d7edc7c29a60a94c59effeeb2b78d8b95038135","default-hasher:f20647ba796d9a0c","rustc 1.97.0 (2d8144b78 2026-07-07)","x86_64-unknown-linux-gnu","Linux 7.0.11-76070011-generic x86_64","Intel(R) Core(TM) Ultra 7 155H","/dev/nvme0n1p3[/tmp] ext4   rw,nosuid,nodev,noatime,errors=remount-ro","/tmp/pigment-db-durability-bench","12-19","candidate","candidate_pigment_db","physical","append_plus_barrier","7","0","key_set","file","minimal_callback","1","32","5","7","1024","1049086655","976.087147","1075079","0"
"protocol-v5-20260807-220443","6d7edc7c29a60a94c59effeeb2b78d8b95038135","default-hasher:e33e9641d6e15aea","6d7edc7c29a60a94c59effeeb2b78d8b95038135","default-hasher:f20647ba796d9a0c","rustc 1.97.0 (2d8144b78 2026-07-07)","x86_64-unknown-linux-gnu","Linux 7.0.11-76070011-generic x86_64","Intel(R) Core(TM) Ultra 7 155H","/dev/nvme0n1p3[/tmp] ext4   rw,nosuid,nodev,noatime,errors=remount-ro","/tmp/pigment-db-durability-bench","12-19","comparator","mutex_file_reference","append_plus_barrier","append_plus_barrier","7","1","key_set","file","minimal_callback","1","32","5","7","1024","1032386681","991.876415","1028209","0"
"protocol-v5-20260807-220443","6d7edc7c29a60a94c59effeeb2b78d8b95038135","default-hasher:e33e9641d6e15aea","6d7edc7c29a60a94c59effeeb2b78d8b95038135","default-hasher:f20647ba796d9a0c","rustc 1.97.0 (2d8144b78 2026-07-07)","x86_64-unknown-linux-gnu","Linux 7.0.11-76070011-generic x86_64","Intel(R) Core(TM) Ultra 7 155H","/dev/nvme0n1p3[/tmp] ext4   rw,nosuid,nodev,noatime,errors=remount-ro","/tmp/pigment-db-durability-bench","12-19","comparator","mutex_file_reference","append_plus_barrier","append_plus_barrier","8","0","key_set","file","minimal_callback","1","32","5","8","1024","1023506855","1000.481819","1014776","0"
"protocol-v5-20260807-220443","6d7edc7c29a60a94c59effeeb2b78d8b95038135","default-hasher:e33e9641d6e15aea","6d7edc7c29a60a94c59effeeb2b78d8b95038135","default-hasher:f20647ba796d9a0c","rustc 1.97.0 (2d8144b78 2026-07-07)","x86_64-unknown-linux-gnu","Linux 7.0.11-76070011-generic x86_64","Intel(R) Core(TM) Ultra 7 155H","/dev/nvme0n1p3[/tmp] ext4   rw,nosuid,nodev,noatime,errors=remount-ro","/tmp/pigment-db-durability-bench","12-19","candidate","candidate_pigment_db","physical","append_plus_barrier","8","1","key_set","file","minimal_callback","1","32","5","8","1024","1038308900","986.219034","1031495","0"
"protocol-v5-20260807-220443","6d7edc7c29a60a94c59effeeb2b78d8b95038135","default-hasher:e33e9641d6e15aea","6d7edc7c29a60a94c59effeeb2b78d8b95038135","default-hasher:f20647ba796d9a0c","rustc 1.97.0 (2d8144b78 2026-07-07)","x86_64-unknown-linux-gnu","Linux 7.0.11-76070011-generic x86_64","Intel(R) Core(TM) Ultra 7 155H","/dev/nvme0n1p3[/tmp] ext4   rw,nosuid,nodev,noatime,errors=remount-ro","/tmp/pigment-db-durability-bench","12-19","candidate","candidate_pigment_db","physical","append_plus_barrier","9","0","key_set","file","minimal_callback","1","32","5","9","1024","1050137079","975.110793","1015098","0"
"protocol-v5-20260807-220443","6d7edc7c29a60a94c59effeeb2b78d8b95038135","default-hasher:e33e9641d6e15aea","6d7edc7c29a60a94c59effeeb2b78d8b95038135","default-hasher:f20647ba796d9a0c","rustc 1.97.0 (2d8144b78 2026-07-07)","x86_64-unknown-linux-gnu","Linux 7.0.11-76070011-generic x86_64","Intel(R) Core(TM) Ultra 7 155H","/dev/nvme0n1p3[/tmp] ext4   rw,nosuid,nodev,noatime,errors=remount-ro","/tmp/pigment-db-durability-bench","12-19","comparator","mutex_file_reference","append_plus_barrier","append_plus_barrier","9","1","key_set","file","minimal_callback","1","32","5","9","1024","1039061913","985.504316","996306","0"
"protocol-v5-20260807-220443","6d7edc7c29a60a94c59effeeb2b78d8b95038135","default-hasher:e33e9641d6e15aea","6d7edc7c29a60a94c59effeeb2b78d8b95038135","default-hasher:f20647ba796d9a0c","rustc 1.97.0 (2d8144b78 2026-07-07)","x86_64-unknown-linux-gnu","Linux 7.0.11-76070011-generic x86_64","Intel(R) Core(TM) Ultra 7 155H","/dev/nvme0n1p3[/tmp] ext4   rw,nosuid,nodev,noatime,errors=remount-ro","/tmp/pigment-db-durability-bench","12-19","comparator","mutex_file_reference","append_plus_barrier","append_plus_barrier","10","0","key_set","file","minimal_callback","1","32","5","10","1024","1039504424","985.084793","990041","0"
"protocol-v5-20260807-220443","6d7edc7c29a60a94c59effeeb2b78d8b95038135","default-hasher:e33e9641d6e15aea","6d7edc7c29a60a94c59effeeb2b78d8b95038135","default-hasher:f20647ba796d9a0c","rustc 1.97.0 (2d8144b78 2026-07-07)","x86_64-unknown-linux-gnu","Linux 7.0.11-76070011-generic x86_64","Intel(R) Core(TM) Ultra 7 155H","/dev/nvme0n1p3[/tmp] ext4   rw,nosuid,nodev,noatime,errors=remount-ro","/tmp/pigment-db-durability-bench","12-19","candidate","candidate_pigment_db","physical","append_plus_barrier","10","1","key_set","file","minimal_callback","1","32","5","10","1024","1042938930","981.840806","1037013","0"
"protocol-v5-20260807-220443","6d7edc7c29a60a94c59effeeb2b78d8b95038135","default-hasher:e33e9641d6e15aea","6d7edc7c29a60a94c59effeeb2b78d8b95038135","default-hasher:f20647ba796d9a0c","rustc 1.97.0 (2d8144b78 2026-07-07)","x86_64-unknown-linux-gnu","Linux 7.0.11-76070011-generic x86_64","Intel(R) Core(TM) Ultra 7 155H","/dev/nvme0n1p3[/tmp] ext4   rw,nosuid,nodev,noatime,errors=remount-ro","/tmp/pigment-db-durability-bench","12-19","comparator","mutex_file_reference","append_plus_barrier","append_plus_barrier","0","0","key_set","file","minimal_callback","8","32","5","0","1024","1045074365","979.834579","8124664","0"
"protocol-v5-20260807-220443","6d7edc7c29a60a94c59effeeb2b78d8b95038135","default-hasher:e33e9641d6e15aea","6d7edc7c29a60a94c59effeeb2b78d8b95038135","default-hasher:f20647ba796d9a0c","rustc 1.97.0 (2d8144b78 2026-07-07)","x86_64-unknown-linux-gnu","Linux 7.0.11-76070011-generic x86_64","Intel(R) Core(TM) Ultra 7 155H","/dev/nvme0n1p3[/tmp] ext4   rw,nosuid,nodev,noatime,errors=remount-ro","/tmp/pigment-db-durability-bench","12-19","candidate","candidate_pigment_db","physical","append_plus_barrier","0","1","key_set","file","minimal_callback","8","32","5","0","1024","1117220091","916.560674","13948531","0"
"protocol-v5-20260807-220443","6d7edc7c29a60a94c59effeeb2b78d8b95038135","default-hasher:e33e9641d6e15aea","6d7edc7c29a60a94c59effeeb2b78d8b95038135","default-hasher:f20647ba796d9a0c","rustc 1.97.0 (2d8144b78 2026-07-07)","x86_64-unknown-linux-gnu","Linux 7.0.11-76070011-generic x86_64","Intel(R) Core(TM) Ultra 7 155H","/dev/nvme0n1p3[/tmp] ext4   rw,nosuid,nodev,noatime,errors=remount-ro","/tmp/pigment-db-durability-bench","12-19","candidate","candidate_pigment_db","physical","append_plus_barrier","1","0","key_set","file","minimal_callback","8","32","5","1","1024","1066491846","960.157364","11229289","0"
"protocol-v5-20260807-220443","6d7edc7c29a60a94c59effeeb2b78d8b95038135","default-hasher:e33e9641d6e15aea","6d7edc7c29a60a94c59effeeb2b78d8b95038135","default-hasher:f20647ba796d9a0c","rustc 1.97.0 (2d8144b78 2026-07-07)","x86_64-unknown-linux-gnu","Linux 7.0.11-76070011-generic x86_64","Intel(R) Core(TM) Ultra 7 155H","/dev/nvme0n1p3[/tmp] ext4   rw,nosuid,nodev,noatime,errors=remount-ro","/tmp/pigment-db-durability-bench","12-19","comparator","mutex_file_reference","append_plus_barrier","append_plus_barrier","1","1","key_set","file","minimal_callback","8","32","5","1","1024","1004372541","1019.542011","7739159","0"
"protocol-v5-20260807-220443","6d7edc7c29a60a94c59effeeb2b78d8b95038135","default-hasher:e33e9641d6e15aea","6d7edc7c29a60a94c59effeeb2b78d8b95038135","default-hasher:f20647ba796d9a0c","rustc 1.97.0 (2d8144b78 2026-07-07)","x86_64-unknown-linux-gnu","Linux 7.0.11-76070011-generic x86_64","Intel(R) Core(TM) Ultra 7 155H","/dev/nvme0n1p3[/tmp] ext4   rw,nosuid,nodev,noatime,errors=remount-ro","/tmp/pigment-db-durability-bench","12-19","comparator","mutex_file_reference","append_plus_barrier","append_plus_barrier","2","0","key_set","file","minimal_callback","8","32","5","2","1024","1066492631","960.156658","12110556","0"
"protocol-v5-20260807-220443","6d7edc7c29a60a94c59effeeb2b78d8b95038135","default-hasher:e33e9641d6e15aea","6d7edc7c29a60a94c59effeeb2b78d8b95038135","default-hasher:f20647ba796d9a0c","rustc 1.97.0 (2d8144b78 2026-07-07)","x86_64-unknown-linux-gnu","Linux 7.0.11-76070011-generic x86_64","Intel(R) Core(TM) Ultra 7 155H","/dev/nvme0n1p3[/tmp] ext4   rw,nosuid,nodev,noatime,errors=remount-ro","/tmp/pigment-db-durability-bench","12-19","candidate","candidate_pigment_db","physical","append_plus_barrier","2","1","key_set","file","minimal_callback","8","32","5","2","1024","1060266417","965.794996","12826793","0"
"protocol-v5-20260807-220443","6d7edc7c29a60a94c59effeeb2b78d8b95038135","default-hasher:e33e9641d6e15aea","6d7edc7c29a60a94c59effeeb2b78d8b95038135","default-hasher:f20647ba796d9a0c","rustc 1.97.0 (2d8144b78 2026-07-07)","x86_64-unknown-linux-gnu","Linux 7.0.11-76070011-generic x86_64","Intel(R) Core(TM) Ultra 7 155H","/dev/nvme0n1p3[/tmp] ext4   rw,nosuid,nodev,noatime,errors=remount-ro","/tmp/pigment-db-durability-bench","12-19","candidate","candidate_pigment_db","physical","append_plus_barrier","3","0","key_set","file","minimal_callback","8","32","5","3","1024","1083998235","944.650985","9179210","0"
"protocol-v5-20260807-220443","6d7edc7c29a60a94c59effeeb2b78d8b95038135","default-hasher:e33e9641d6e15aea","6d7edc7c29a60a94c59effeeb2b78d8b95038135","default-hasher:f20647ba796d9a0c","rustc 1.97.0 (2d8144b78 2026-07-07)","x86_64-unknown-linux-gnu","Linux 7.0.11-76070011-generic x86_64","Intel(R) Core(TM) Ultra 7 155H","/dev/nvme0n1p3[/tmp] ext4   rw,nosuid,nodev,noatime,errors=remount-ro","/tmp/pigment-db-durability-bench","12-19","comparator","mutex_file_reference","append_plus_barrier","append_plus_barrier","3","1","key_set","file","minimal_callback","8","32","5","3","1024","1049961787","975.273589","12716485","0"
"protocol-v5-20260807-220443","6d7edc7c29a60a94c59effeeb2b78d8b95038135","default-hasher:e33e9641d6e15aea","6d7edc7c29a60a94c59effeeb2b78d8b95038135","default-hasher:f20647ba796d9a0c","rustc 1.97.0 (2d8144b78 2026-07-07)","x86_64-unknown-linux-gnu","Linux 7.0.11-76070011-generic x86_64","Intel(R) Core(TM) Ultra 7 155H","/dev/nvme0n1p3[/tmp] ext4   rw,nosuid,nodev,noatime,errors=remount-ro","/tmp/pigment-db-durability-bench","12-19","comparator","mutex_file_reference","append_plus_barrier","append_plus_barrier","4","0","key_set","file","minimal_callback","8","32","5","4","1024","1070137869","956.886051","13566064","0"
"protocol-v5-20260807-220443","6d7edc7c29a60a94c59effeeb2b78d8b95038135","default-hasher:e33e9641d6e15aea","6d7edc7c29a60a94c59effeeb2b78d8b95038135","default-hasher:f20647ba796d9a0c","rustc 1.97.0 (2d8144b78 2026-07-07)","x86_64-unknown-linux-gnu","Linux 7.0.11-76070011-generic x86_64","Intel(R) Core(TM) Ultra 7 155H","/dev/nvme0n1p3[/tmp] ext4   rw,nosuid,nodev,noatime,errors=remount-ro","/tmp/pigment-db-durability-bench","12-19","candidate","candidate_pigment_db","physical","append_plus_barrier","4","1","key_set","file","minimal_callback","8","32","5","4","1024","1172433523","873.397067","13996703","0"
"protocol-v5-20260807-220443","6d7edc7c29a60a94c59effeeb2b78d8b95038135","default-hasher:e33e9641d6e15aea","6d7edc7c29a60a94c59effeeb2b78d8b95038135","default-hasher:f20647ba796d9a0c","rustc 1.97.0 (2d8144b78 2026-07-07)","x86_64-unknown-linux-gnu","Linux 7.0.11-76070011-generic x86_64","Intel(R) Core(TM) Ultra 7 155H","/dev/nvme0n1p3[/tmp] ext4   rw,nosuid,nodev,noatime,errors=remount-ro","/tmp/pigment-db-durability-bench","12-19","candidate","candidate_pigment_db","physical","append_plus_barrier","5","0","key_set","file","minimal_callback","8","32","5","5","1024","1092341944","937.435393","13066468","0"
"protocol-v5-20260807-220443","6d7edc7c29a60a94c59effeeb2b78d8b95038135","default-hasher:e33e9641d6e15aea","6d7edc7c29a60a94c59effeeb2b78d8b95038135","default-hasher:f20647ba796d9a0c","rustc 1.97.0 (2d8144b78 2026-07-07)","x86_64-unknown-linux-gnu","Linux 7.0.11-76070011-generic x86_64","Intel(R) Core(TM) Ultra 7 155H","/dev/nvme0n1p3[/tmp] ext4   rw,nosuid,nodev,noatime,errors=remount-ro","/tmp/pigment-db-durability-bench","12-19","comparator","mutex_file_reference","append_plus_barrier","append_plus_barrier","5","1","key_set","file","minimal_callback","8","32","5","5","1024","1053724998","971.790554","12762310","0"
"protocol-v5-20260807-220443","6d7edc7c29a60a94c59effeeb2b78d8b95038135","default-hasher:e33e9641d6e15aea","6d7edc7c29a60a94c59effeeb2b78d8b95038135","default-hasher:f20647ba796d9a0c","rustc 1.97.0 (2d8144b78 2026-07-07)","x86_64-unknown-linux-gnu","Linux 7.0.11-76070011-generic x86_64","Intel(R) Core(TM) Ultra 7 155H","/dev/nvme0n1p3[/tmp] ext4   rw,nosuid,nodev,noatime,errors=remount-ro","/tmp/pigment-db-durability-bench","12-19","comparator","mutex_file_reference","append_plus_barrier","append_plus_barrier","6","0","key_set","file","minimal_callback","8","32","5","6","1024","1090027803","939.425579","12882660","0"
"protocol-v5-20260807-220443","6d7edc7c29a60a94c59effeeb2b78d8b95038135","default-hasher:e33e9641d6e15aea","6d7edc7c29a60a94c59effeeb2b78d8b95038135","default-hasher:f20647ba796d9a0c","rustc 1.97.0 (2d8144b78 2026-07-07)","x86_64-unknown-linux-gnu","Linux 7.0.11-76070011-generic x86_64","Intel(R) Core(TM) Ultra 7 155H","/dev/nvme0n1p3[/tmp] ext4   rw,nosuid,nodev,noatime,errors=remount-ro","/tmp/pigment-db-durability-bench","12-19","candidate","candidate_pigment_db","physical","append_plus_barrier","6","1","key_set","file","minimal_callback","8","32","5","6","1024","1101462623","929.672945","13789849","0"
"protocol-v5-20260807-220443","6d7edc7c29a60a94c59effeeb2b78d8b95038135","default-hasher:e33e9641d6e15aea","6d7edc7c29a60a94c59effeeb2b78d8b95038135","default-hasher:f20647ba796d9a0c","rustc 1.97.0 (2d8144b78 2026-07-07)","x86_64-unknown-linux-gnu","Linux 7.0.11-76070011-generic x86_64","Intel(R) Core(TM) Ultra 7 155H","/dev/nvme0n1p3[/tmp] ext4   rw,nosuid,nodev,noatime,errors=remount-ro","/tmp/pigment-db-durability-bench","12-19","candidate","candidate_pigment_db","physical","append_plus_barrier","7","0","key_set","file","minimal_callback","8","32","5","7","1024","1101892012","929.310666","13093932","0"
"protocol-v5-20260807-220443","6d7edc7c29a60a94c59effeeb2b78d8b95038135","default-hasher:e33e9641d6e15aea","6d7edc7c29a60a94c59effeeb2b78d8b95038135","default-hasher:f20647ba796d9a0c","rustc 1.97.0 (2d8144b78 2026-07-07)","x86_64-unknown-linux-gnu","Linux 7.0.11-76070011-generic x86_64","Intel(R) Core(TM) Ultra 7 155H","/dev/nvme0n1p3[/tmp] ext4   rw,nosuid,nodev,noatime,errors=remount-ro","/tmp/pigment-db-durability-bench","12-19","comparator","mutex_file_reference","append_plus_barrier","append_plus_barrier","7","1","key_set","file","minimal_callback","8","32","5","7","1024","1090253896","939.230764","13642348","0"
"protocol-v5-20260807-220443","6d7edc7c29a60a94c59effeeb2b78d8b95038135","default-hasher:e33e9641d6e15aea","6d7edc7c29a60a94c59effeeb2b78d8b95038135","default-hasher:f20647ba796d9a0c","rustc 1.97.0 (2d8144b78 2026-07-07)","x86_64-unknown-linux-gnu","Linux 7.0.11-76070011-generic x86_64","Intel(R) Core(TM) Ultra 7 155H","/dev/nvme0n1p3[/tmp] ext4   rw,nosuid,nodev,noatime,errors=remount-ro","/tmp/pigment-db-durability-bench","12-19","comparator","mutex_file_reference","append_plus_barrier","append_plus_barrier","8","0","key_set","file","minimal_callback","8","32","5","8","1024","1074764858","952.766545","12861495","0"
"protocol-v5-20260807-220443","6d7edc7c29a60a94c59effeeb2b78d8b95038135","default-hasher:e33e9641d6e15aea","6d7edc7c29a60a94c59effeeb2b78d8b95038135","default-hasher:f20647ba796d9a0c","rustc 1.97.0 (2d8144b78 2026-07-07)","x86_64-unknown-linux-gnu","Linux 7.0.11-76070011-generic x86_64","Intel(R) Core(TM) Ultra 7 155H","/dev/nvme0n1p3[/tmp] ext4   rw,nosuid,nodev,noatime,errors=remount-ro","/tmp/pigment-db-durability-bench","12-19","candidate","candidate_pigment_db","physical","append_plus_barrier","8","1","key_set","file","minimal_callback","8","32","5","8","1024","1049017071","976.151893","12679389","0"
"protocol-v5-20260807-220443","6d7edc7c29a60a94c59effeeb2b78d8b95038135","default-hasher:e33e9641d6e15aea","6d7edc7c29a60a94c59effeeb2b78d8b95038135","default-hasher:f20647ba796d9a0c","rustc 1.97.0 (2d8144b78 2026-07-07)","x86_64-unknown-linux-gnu","Linux 7.0.11-76070011-generic x86_64","Intel(R) Core(TM) Ultra 7 155H","/dev/nvme0n1p3[/tmp] ext4   rw,nosuid,nodev,noatime,errors=remount-ro","/tmp/pigment-db-durability-bench","12-19","candidate","candidate_pigment_db","physical","append_plus_barrier","9","0","key_set","file","minimal_callback","8","32","5","9","1024","1091004434","938.584636","13611668","0"
"protocol-v5-20260807-220443","6d7edc7c29a60a94c59effeeb2b78d8b95038135","default-hasher:e33e9641d6e15aea","6d7edc7c29a60a94c59effeeb2b78d8b95038135","default-hasher:f20647ba796d9a0c","rustc 1.97.0 (2d8144b78 2026-07-07)","x86_64-unknown-linux-gnu","Linux 7.0.11-76070011-generic x86_64","Intel(R) Core(TM) Ultra 7 155H","/dev/nvme0n1p3[/tmp] ext4   rw,nosuid,nodev,noatime,errors=remount-ro","/tmp/pigment-db-durability-bench","12-19","comparator","mutex_file_reference","append_plus_barrier","append_plus_barrier","9","1","key_set","file","minimal_callback","8","32","5","9","1024","1097050680","933.411755","13835646","0"
"protocol-v5-20260807-220443","6d7edc7c29a60a94c59effeeb2b78d8b95038135","default-hasher:e33e9641d6e15aea","6d7edc7c29a60a94c59effeeb2b78d8b95038135","default-hasher:f20647ba796d9a0c","rustc 1.97.0 (2d8144b78 2026-07-07)","x86_64-unknown-linux-gnu","Linux 7.0.11-76070011-generic x86_64","Intel(R) Core(TM) Ultra 7 155H","/dev/nvme0n1p3[/tmp] ext4   rw,nosuid,nodev,noatime,errors=remount-ro","/tmp/pigment-db-durability-bench","12-19","comparator","mutex_file_reference","append_plus_barrier","append_plus_barrier","10","0","key_set","file","minimal_callback","8","32","5","10","1024","1277519991","801.553015","16169199","0"
"protocol-v5-20260807-220443","6d7edc7c29a60a94c59effeeb2b78d8b95038135","default-hasher:e33e9641d6e15aea","6d7edc7c29a60a94c59effeeb2b78d8b95038135","default-hasher:f20647ba796d9a0c","rustc 1.97.0 (2d8144b78 2026-07-07)","x86_64-unknown-linux-gnu","Linux 7.0.11-76070011-generic x86_64","Intel(R) Core(TM) Ultra 7 155H","/dev/nvme0n1p3[/tmp] ext4   rw,nosuid,nodev,noatime,errors=remount-ro","/tmp/pigment-db-durability-bench","12-19","candidate","candidate_pigment_db","physical","append_plus_barrier","10","1","key_set","file","minimal_callback","8","32","5","10","1024","1136376119","901.110102","12826728","0"
"protocol-v5-20260807-220443","6d7edc7c29a60a94c59effeeb2b78d8b95038135","default-hasher:e33e9641d6e15aea","6d7edc7c29a60a94c59effeeb2b78d8b95038135","default-hasher:f20647ba796d9a0c","rustc 1.97.0 (2d8144b78 2026-07-07)","x86_64-unknown-linux-gnu","Linux 7.0.11-76070011-generic x86_64","Intel(R) Core(TM) Ultra 7 155H","/dev/nvme0n1p3[/tmp] ext4   rw,nosuid,nodev,noatime,errors=remount-ro","/tmp/pigment-db-durability-bench","12-19","comparator","mutex_file_reference","append_plus_barrier","append_plus_barrier","0","0","key_map","file","ordinary_write","1","32","5","0","1024","1030911093","993.296131","1069345","0"
"protocol-v5-20260807-220443","6d7edc7c29a60a94c59effeeb2b78d8b95038135","default-hasher:e33e9641d6e15aea","6d7edc7c29a60a94c59effeeb2b78d8b95038135","default-hasher:f20647ba796d9a0c","rustc 1.97.0 (2d8144b78 2026-07-07)","x86_64-unknown-linux-gnu","Linux 7.0.11-76070011-generic x86_64","Intel(R) Core(TM) Ultra 7 155H","/dev/nvme0n1p3[/tmp] ext4   rw,nosuid,nodev,noatime,errors=remount-ro","/tmp/pigment-db-durability-bench","12-19","candidate","candidate_pigment_db","physical","append_plus_barrier","0","1","key_map","file","ordinary_write","1","32","5","0","1024","1035192931","989.187589","1032297","0"
"protocol-v5-20260807-220443","6d7edc7c29a60a94c59effeeb2b78d8b95038135","default-hasher:e33e9641d6e15aea","6d7edc7c29a60a94c59effeeb2b78d8b95038135","default-hasher:f20647ba796d9a0c","rustc 1.97.0 (2d8144b78 2026-07-07)","x86_64-unknown-linux-gnu","Linux 7.0.11-76070011-generic x86_64","Intel(R) Core(TM) Ultra 7 155H","/dev/nvme0n1p3[/tmp] ext4   rw,nosuid,nodev,noatime,errors=remount-ro","/tmp/pigment-db-durability-bench","12-19","candidate","candidate_pigment_db","physical","append_plus_barrier","1","0","key_map","file","ordinary_write","1","32","5","1","1024","1046363065","978.627815","1001131","0"
"protocol-v5-20260807-220443","6d7edc7c29a60a94c59effeeb2b78d8b95038135","default-hasher:e33e9641d6e15aea","6d7edc7c29a60a94c59effeeb2b78d8b95038135","default-hasher:f20647ba796d9a0c","rustc 1.97.0 (2d8144b78 2026-07-07)","x86_64-unknown-linux-gnu","Linux 7.0.11-76070011-generic x86_64","Intel(R) Core(TM) Ultra 7 155H","/dev/nvme0n1p3[/tmp] ext4   rw,nosuid,nodev,noatime,errors=remount-ro","/tmp/pigment-db-durability-bench","12-19","comparator","mutex_file_reference","append_plus_barrier","append_plus_barrier","1","1","key_map","file","ordinary_write","1","32","5","1","1024","1048298324","976.821174","1021386","0"
"protocol-v5-20260807-220443","6d7edc7c29a60a94c59effeeb2b78d8b95038135","default-hasher:e33e9641d6e15aea","6d7edc7c29a60a94c59effeeb2b78d8b95038135","default-hasher:f20647ba796d9a0c","rustc 1.97.0 (2d8144b78 2026-07-07)","x86_64-unknown-linux-gnu","Linux 7.0.11-76070011-generic x86_64","Intel(R) Core(TM) Ultra 7 155H","/dev/nvme0n1p3[/tmp] ext4   rw,nosuid,nodev,noatime,errors=remount-ro","/tmp/pigment-db-durability-bench","12-19","comparator","mutex_file_reference","append_plus_barrier","append_plus_barrier","2","0","key_map","file","ordinary_write","1","32","5","2","1024","1055770629","969.907641","1029575","0"
"protocol-v5-20260807-220443","6d7edc7c29a60a94c59effeeb2b78d8b95038135","default-hasher:e33e9641d6e15aea","6d7edc7c29a60a94c59effeeb2b78d8b95038135","default-hasher:f20647ba796d9a0c","rustc 1.97.0 (2d8144b78 2026-07-07)","x86_64-unknown-linux-gnu","Linux 7.0.11-76070011-generic x86_64","Intel(R) Core(TM) Ultra 7 155H","/dev/nvme0n1p3[/tmp] ext4   rw,nosuid,nodev,noatime,errors=remount-ro","/tmp/pigment-db-durability-bench","12-19","candidate","candidate_pigment_db","physical","append_plus_barrier","2","1","key_map","file","ordinary_write","1","32","5","2","1024","1041769177","982.943269","1017327","0"
"protocol-v5-20260807-220443","6d7edc7c29a60a94c59effeeb2b78d8b95038135","default-hasher:e33e9641d6e15aea","6d7edc7c29a60a94c59effeeb2b78d8b95038135","default-hasher:f20647ba796d9a0c","rustc 1.97.0 (2d8144b78 2026-07-07)","x86_64-unknown-linux-gnu","Linux 7.0.11-76070011-generic x86_64","Intel(R) Core(TM) Ultra 7 155H","/dev/nvme0n1p3[/tmp] ext4   rw,nosuid,nodev,noatime,errors=remount-ro","/tmp/pigment-db-durability-bench","12-19","candidate","candidate_pigment_db","physical","append_plus_barrier","3","0","key_map","file","ordinary_write","1","32","5","3","1024","1030870639","993.335110","1022293","0"
"protocol-v5-20260807-220443","6d7edc7c29a60a94c59effeeb2b78d8b95038135","default-hasher:e33e9641d6e15aea","6d7edc7c29a60a94c59effeeb2b78d8b95038135","default-hasher:f20647ba796d9a0c","rustc 1.97.0 (2d8144b78 2026-07-07)","x86_64-unknown-linux-gnu","Linux 7.0.11-76070011-generic x86_64","Intel(R) Core(TM) Ultra 7 155H","/dev/nvme0n1p3[/tmp] ext4   rw,nosuid,nodev,noatime,errors=remount-ro","/tmp/pigment-db-durability-bench","12-19","comparator","mutex_file_reference","append_plus_barrier","append_plus_barrier","3","1","key_map","file","ordinary_write","1","32","5","3","1024","1040860531","983.801354","1028699","0"
"protocol-v5-20260807-220443","6d7edc7c29a60a94c59effeeb2b78d8b95038135","default-hasher:e33e9641d6e15aea","6d7edc7c29a60a94c59effeeb2b78d8b95038135","default-hasher:f20647ba796d9a0c","rustc 1.97.0 (2d8144b78 2026-07-07)","x86_64-unknown-linux-gnu","Linux 7.0.11-76070011-generic x86_64","Intel(R) Core(TM) Ultra 7 155H","/dev/nvme0n1p3[/tmp] ext4   rw,nosuid,nodev,noatime,errors=remount-ro","/tmp/pigment-db-durability-bench","12-19","comparator","mutex_file_reference","append_plus_barrier","append_plus_barrier","4","0","key_map","file","ordinary_write","1","32","5","4","1024","1037714816","986.783637","995930","0"
"protocol-v5-20260807-220443","6d7edc7c29a60a94c59effeeb2b78d8b95038135","default-hasher:e33e9641d6e15aea","6d7edc7c29a60a94c59effeeb2b78d8b95038135","default-hasher:f20647ba796d9a0c","rustc 1.97.0 (2d8144b78 2026-07-07)","x86_64-unknown-linux-gnu","Linux 7.0.11-76070011-generic x86_64","Intel(R) Core(TM) Ultra 7 155H","/dev/nvme0n1p3[/tmp] ext4   rw,nosuid,nodev,noatime,errors=remount-ro","/tmp/pigment-db-durability-bench","12-19","candidate","candidate_pigment_db","physical","append_plus_barrier","4","1","key_map","file","ordinary_write","1","32","5","4","1024","1071715732","955.477250","1035898","0"
"protocol-v5-20260807-220443","6d7edc7c29a60a94c59effeeb2b78d8b95038135","default-hasher:e33e9641d6e15aea","6d7edc7c29a60a94c59effeeb2b78d8b95038135","default-hasher:f20647ba796d9a0c","rustc 1.97.0 (2d8144b78 2026-07-07)","x86_64-unknown-linux-gnu","Linux 7.0.11-76070011-generic x86_64","Intel(R) Core(TM) Ultra 7 155H","/dev/nvme0n1p3[/tmp] ext4   rw,nosuid,nodev,noatime,errors=remount-ro","/tmp/pigment-db-durability-bench","12-19","candidate","candidate_pigment_db","physical","append_plus_barrier","5","0","key_map","file","ordinary_write","1","32","5","5","1024","1038220843","986.302680","1013147","0"
"protocol-v5-20260807-220443","6d7edc7c29a60a94c59effeeb2b78d8b95038135","default-hasher:e33e9641d6e15aea","6d7edc7c29a60a94c59effeeb2b78d8b95038135","default-hasher:f20647ba796d9a0c","rustc 1.97.0 (2d8144b78 2026-07-07)","x86_64-unknown-linux-gnu","Linux 7.0.11-76070011-generic x86_64","Intel(R) Core(TM) Ultra 7 155H","/dev/nvme0n1p3[/tmp] ext4   rw,nosuid,nodev,noatime,errors=remount-ro","/tmp/pigment-db-durability-bench","12-19","comparator","mutex_file_reference","append_plus_barrier","append_plus_barrier","5","1","key_map","file","ordinary_write","1","32","5","5","1024","1031543441","992.687229","1025996","0"
"protocol-v5-20260807-220443","6d7edc7c29a60a94c59effeeb2b78d8b95038135","default-hasher:e33e9641d6e15aea","6d7edc7c29a60a94c59effeeb2b78d8b95038135","default-hasher:f20647ba796d9a0c","rustc 1.97.0 (2d8144b78 2026-07-07)","x86_64-unknown-linux-gnu","Linux 7.0.11-76070011-generic x86_64","Intel(R) Core(TM) Ultra 7 155H","/dev/nvme0n1p3[/tmp] ext4   rw,nosuid,nodev,noatime,errors=remount-ro","/tmp/pigment-db-durability-bench","12-19","comparator","mutex_file_reference","append_plus_barrier","append_plus_barrier","6","0","key_map","file","ordinary_write","1","32","5","6","1024","1046561298","978.442450","1017915","0"
"protocol-v5-20260807-220443","6d7edc7c29a60a94c59effeeb2b78d8b95038135","default-hasher:e33e9641d6e15aea","6d7edc7c29a60a94c59effeeb2b78d8b95038135","default-hasher:f20647ba796d9a0c","rustc 1.97.0 (2d8144b78 2026-07-07)","x86_64-unknown-linux-gnu","Linux 7.0.11-76070011-generic x86_64","Intel(R) Core(TM) Ultra 7 155H","/dev/nvme0n1p3[/tmp] ext4   rw,nosuid,nodev,noatime,errors=remount-ro","/tmp/pigment-db-durability-bench","12-19","candidate","candidate_pigment_db","physical","append_plus_barrier","6","1","key_map","file","ordinary_write","1","32","5","6","1024","1271051283","805.632325","2842462","0"
"protocol-v5-20260807-220443","6d7edc7c29a60a94c59effeeb2b78d8b95038135","default-hasher:e33e9641d6e15aea","6d7edc7c29a60a94c59effeeb2b78d8b95038135","default-hasher:f20647ba796d9a0c","rustc 1.97.0 (2d8144b78 2026-07-07)","x86_64-unknown-linux-gnu","Linux 7.0.11-76070011-generic x86_64","Intel(R) Core(TM) Ultra 7 155H","/dev/nvme0n1p3[/tmp] ext4   rw,nosuid,nodev,noatime,errors=remount-ro","/tmp/pigment-db-durability-bench","12-19","candidate","candidate_pigment_db","physical","append_plus_barrier","7","0","key_map","file","ordinary_write","1","32","5","7","1024","1038055407","986.459868","1023442","0"
"protocol-v5-20260807-220443","6d7edc7c29a60a94c59effeeb2b78d8b95038135","default-hasher:e33e9641d6e15aea","6d7edc7c29a60a94c59effeeb2b78d8b95038135","default-hasher:f20647ba796d9a0c","rustc 1.97.0 (2d8144b78 2026-07-07)","x86_64-unknown-linux-gnu","Linux 7.0.11-76070011-generic x86_64","Intel(R) Core(TM) Ultra 7 155H","/dev/nvme0n1p3[/tmp] ext4   rw,nosuid,nodev,noatime,errors=remount-ro","/tmp/pigment-db-durability-bench","12-19","comparator","mutex_file_reference","append_plus_barrier","append_plus_barrier","7","1","key_map","file","ordinary_write","1","32","5","7","1024","1017734290","1006.156528","1024968","0"
"protocol-v5-20260807-220443","6d7edc7c29a60a94c59effeeb2b78d8b95038135","default-hasher:e33e9641d6e15aea","6d7edc7c29a60a94c59effeeb2b78d8b95038135","default-hasher:f20647ba796d9a0c","rustc 1.97.0 (2d8144b78 2026-07-07)","x86_64-unknown-linux-gnu","Linux 7.0.11-76070011-generic x86_64","Intel(R) Core(TM) Ultra 7 155H","/dev/nvme0n1p3[/tmp] ext4   rw,nosuid,nodev,noatime,errors=remount-ro","/tmp/pigment-db-durability-bench","12-19","comparator","mutex_file_reference","append_plus_barrier","append_plus_barrier","8","0","key_map","file","ordinary_write","1","32","5","8","1024","1018682575","1005.219904","989860","0"
"protocol-v5-20260807-220443","6d7edc7c29a60a94c59effeeb2b78d8b95038135","default-hasher:e33e9641d6e15aea","6d7edc7c29a60a94c59effeeb2b78d8b95038135","default-hasher:f20647ba796d9a0c","rustc 1.97.0 (2d8144b78 2026-07-07)","x86_64-unknown-linux-gnu","Linux 7.0.11-76070011-generic x86_64","Intel(R) Core(TM) Ultra 7 155H","/dev/nvme0n1p3[/tmp] ext4   rw,nosuid,nodev,noatime,errors=remount-ro","/tmp/pigment-db-durability-bench","12-19","candidate","candidate_pigment_db","physical","append_plus_barrier","8","1","key_map","file","ordinary_write","1","32","5","8","1024","1047914258","977.179184","1022343","0"
"protocol-v5-20260807-220443","6d7edc7c29a60a94c59effeeb2b78d8b95038135","default-hasher:e33e9641d6e15aea","6d7edc7c29a60a94c59effeeb2b78d8b95038135","default-hasher:f20647ba796d9a0c","rustc 1.97.0 (2d8144b78 2026-07-07)","x86_64-unknown-linux-gnu","Linux 7.0.11-76070011-generic x86_64","Intel(R) Core(TM) Ultra 7 155H","/dev/nvme0n1p3[/tmp] ext4   rw,nosuid,nodev,noatime,errors=remount-ro","/tmp/pigment-db-durability-bench","12-19","candidate","candidate_pigment_db","physical","append_plus_barrier","9","0","key_map","file","ordinary_write","1","32","5","9","1024","1027301106","996.786623","990941","0"
"protocol-v5-20260807-220443","6d7edc7c29a60a94c59effeeb2b78d8b95038135","default-hasher:e33e9641d6e15aea","6d7edc7c29a60a94c59effeeb2b78d8b95038135","default-hasher:f20647ba796d9a0c","rustc 1.97.0 (2d8144b78 2026-07-07)","x86_64-unknown-linux-gnu","Linux 7.0.11-76070011-generic x86_64","Intel(R) Core(TM) Ultra 7 155H","/dev/nvme0n1p3[/tmp] ext4   rw,nosuid,nodev,noatime,errors=remount-ro","/tmp/pigment-db-durability-bench","12-19","comparator","mutex_file_reference","append_plus_barrier","append_plus_barrier","9","1","key_map","file","ordinary_write","1","32","5","9","1024","1035417941","988.972626","1037163","0"
"protocol-v5-20260807-220443","6d7edc7c29a60a94c59effeeb2b78d8b95038135","default-hasher:e33e9641d6e15aea","6d7edc7c29a60a94c59effeeb2b78d8b95038135","default-hasher:f20647ba796d9a0c","rustc 1.97.0 (2d8144b78 2026-07-07)","x86_64-unknown-linux-gnu","Linux 7.0.11-76070011-generic x86_64","Intel(R) Core(TM) Ultra 7 155H","/dev/nvme0n1p3[/tmp] ext4   rw,nosuid,nodev,noatime,errors=remount-ro","/tmp/pigment-db-durability-bench","12-19","comparator","mutex_file_reference","append_plus_barrier","append_plus_barrier","10","0","key_map","file","ordinary_write","1","32","5","10","1024","1037128344","987.341640","1028736","0"
"protocol-v5-20260807-220443","6d7edc7c29a60a94c59effeeb2b78d8b95038135","default-hasher:e33e9641d6e15aea","6d7edc7c29a60a94c59effeeb2b78d8b95038135","default-hasher:f20647ba796d9a0c","rustc 1.97.0 (2d8144b78 2026-07-07)","x86_64-unknown-linux-gnu","Linux 7.0.11-76070011-generic x86_64","Intel(R) Core(TM) Ultra 7 155H","/dev/nvme0n1p3[/tmp] ext4   rw,nosuid,nodev,noatime,errors=remount-ro","/tmp/pigment-db-durability-bench","12-19","candidate","candidate_pigment_db","physical","append_plus_barrier","10","1","key_map","file","ordinary_write","1","32","5","10","1024","1021016669","1002.921922","1041330","0"
"protocol-v5-20260807-220443","6d7edc7c29a60a94c59effeeb2b78d8b95038135","default-hasher:e33e9641d6e15aea","6d7edc7c29a60a94c59effeeb2b78d8b95038135","default-hasher:f20647ba796d9a0c","rustc 1.97.0 (2d8144b78 2026-07-07)","x86_64-unknown-linux-gnu","Linux 7.0.11-76070011-generic x86_64","Intel(R) Core(TM) Ultra 7 155H","/dev/nvme0n1p3[/tmp] ext4   rw,nosuid,nodev,noatime,errors=remount-ro","/tmp/pigment-db-durability-bench","12-19","comparator","mutex_file_reference","append_plus_barrier","append_plus_barrier","0","0","key_map","file","ordinary_write","8","32","5","0","1024","1078174435","949.753553","13509183","0"
"protocol-v5-20260807-220443","6d7edc7c29a60a94c59effeeb2b78d8b95038135","default-hasher:e33e9641d6e15aea","6d7edc7c29a60a94c59effeeb2b78d8b95038135","default-hasher:f20647ba796d9a0c","rustc 1.97.0 (2d8144b78 2026-07-07)","x86_64-unknown-linux-gnu","Linux 7.0.11-76070011-generic x86_64","Intel(R) Core(TM) Ultra 7 155H","/dev/nvme0n1p3[/tmp] ext4   rw,nosuid,nodev,noatime,errors=remount-ro","/tmp/pigment-db-durability-bench","12-19","candidate","candidate_pigment_db","physical","append_plus_barrier","0","1","key_map","file","ordinary_write","8","32","5","0","1024","1078037698","949.874018","12836184","0"
"protocol-v5-20260807-220443","6d7edc7c29a60a94c59effeeb2b78d8b95038135","default-hasher:e33e9641d6e15aea","6d7edc7c29a60a94c59effeeb2b78d8b95038135","default-hasher:f20647ba796d9a0c","rustc 1.97.0 (2d8144b78 2026-07-07)","x86_64-unknown-linux-gnu","Linux 7.0.11-76070011-generic x86_64","Intel(R) Core(TM) Ultra 7 155H","/dev/nvme0n1p3[/tmp] ext4   rw,nosuid,nodev,noatime,errors=remount-ro","/tmp/pigment-db-durability-bench","12-19","candidate","candidate_pigment_db","physical","append_plus_barrier","1","0","key_map","file","ordinary_write","8","32","5","1","1024","1091316829","938.315962","13562238","0"
"protocol-v5-20260807-220443","6d7edc7c29a60a94c59effeeb2b78d8b95038135","default-hasher:e33e9641d6e15aea","6d7edc7c29a60a94c59effeeb2b78d8b95038135","default-hasher:f20647ba796d9a0c","rustc 1.97.0 (2d8144b78 2026-07-07)","x86_64-unknown-linux-gnu","Linux 7.0.11-76070011-generic x86_64","Intel(R) Core(TM) Ultra 7 155H","/dev/nvme0n1p3[/tmp] ext4   rw,nosuid,nodev,noatime,errors=remount-ro","/tmp/pigment-db-durability-bench","12-19","comparator","mutex_file_reference","append_plus_barrier","append_plus_barrier","1","1","key_map","file","ordinary_write","8","32","5","1","1024","1048226657","976.887959","13293637","0"
"protocol-v5-20260807-220443","6d7edc7c29a60a94c59effeeb2b78d8b95038135","default-hasher:e33e9641d6e15aea","6d7edc7c29a60a94c59effeeb2b78d8b95038135","default-hasher:f20647ba796d9a0c","rustc 1.97.0 (2d8144b78 2026-07-07)","x86_64-unknown-linux-gnu","Linux 7.0.11-76070011-generic x86_64","Intel(R) Core(TM) Ultra 7 155H","/dev/nvme0n1p3[/tmp] ext4   rw,nosuid,nodev,noatime,errors=remount-ro","/tmp/pigment-db-durability-bench","12-19","comparator","mutex_file_reference","append_plus_barrier","append_plus_barrier","2","0","key_map","file","ordinary_write","8","32","5","2","1024","1070307549","956.734353","13610445","0"
"protocol-v5-20260807-220443","6d7edc7c29a60a94c59effeeb2b78d8b95038135","default-hasher:e33e9641d6e15aea","6d7edc7c29a60a94c59effeeb2b78d8b95038135","default-hasher:f20647ba796d9a0c","rustc 1.97.0 (2d8144b78 2026-07-07)","x86_64-unknown-linux-gnu","Linux 7.0.11-76070011-generic x86_64","Intel(R) Core(TM) Ultra 7 155H","/dev/nvme0n1p3[/tmp] ext4   rw,nosuid,nodev,noatime,errors=remount-ro","/tmp/pigment-db-durability-bench","12-19","candidate","candidate_pigment_db","physical","append_plus_barrier","2","1","key_map","file","ordinary_write","8","32","5","2","1024","1137841797","899.949363","14656179","0"
"protocol-v5-20260807-220443","6d7edc7c29a60a94c59effeeb2b78d8b95038135","default-hasher:e33e9641d6e15aea","6d7edc7c29a60a94c59effeeb2b78d8b95038135","default-hasher:f20647ba796d9a0c","rustc 1.97.0 (2d8144b78 2026-07-07)","x86_64-unknown-linux-gnu","Linux 7.0.11-76070011-generic x86_64","Intel(R) Core(TM) Ultra 7 155H","/dev/nvme0n1p3[/tmp] ext4   rw,nosuid,nodev,noatime,errors=remount-ro","/tmp/pigment-db-durability-bench","12-19","candidate","candidate_pigment_db","physical","append_plus_barrier","3","0","key_map","file","ordinary_write","8","32","5","3","1024","1043143127","981.648609","8104836","0"
"protocol-v5-20260807-220443","6d7edc7c29a60a94c59effeeb2b78d8b95038135","default-hasher:e33e9641d6e15aea","6d7edc7c29a60a94c59effeeb2b78d8b95038135","default-hasher:f20647ba796d9a0c","rustc 1.97.0 (2d8144b78 2026-07-07)","x86_64-unknown-linux-gnu","Linux 7.0.11-76070011-generic x86_64","Intel(R) Core(TM) Ultra 7 155H","/dev/nvme0n1p3[/tmp] ext4   rw,nosuid,nodev,noatime,errors=remount-ro","/tmp/pigment-db-durability-bench","12-19","comparator","mutex_file_reference","append_plus_barrier","append_plus_barrier","3","1","key_map","file","ordinary_write","8","32","5","3","1024","1298919594","788.347489","16260925","0"
"protocol-v5-20260807-220443","6d7edc7c29a60a94c59effeeb2b78d8b95038135","default-hasher:e33e9641d6e15aea","6d7edc7c29a60a94c59effeeb2b78d8b95038135","default-hasher:f20647ba796d9a0c","rustc 1.97.0 (2d8144b78 2026-07-07)","x86_64-unknown-linux-gnu","Linux 7.0.11-76070011-generic x86_64","Intel(R) Core(TM) Ultra 7 155H","/dev/nvme0n1p3[/tmp] ext4   rw,nosuid,nodev,noatime,errors=remount-ro","/tmp/pigment-db-durability-bench","12-19","comparator","mutex_file_reference","append_plus_barrier","append_plus_barrier","4","0","key_map","file","ordinary_write","8","32","5","4","1024","1082008716","946.387940","12878573","0"
"protocol-v5-20260807-220443","6d7edc7c29a60a94c59effeeb2b78d8b95038135","default-hasher:e33e9641d6e15aea","6d7edc7c29a60a94c59effeeb2b78d8b95038135","default-hasher:f20647ba796d9a0c","rustc 1.97.0 (2d8144b78 2026-07-07)","x86_64-unknown-linux-gnu","Linux 7.0.11-76070011-generic x86_64","Intel(R) Core(TM) Ultra 7 155H","/dev/nvme0n1p3[/tmp] ext4   rw,nosuid,nodev,noatime,errors=remount-ro","/tmp/pigment-db-durability-bench","12-19","candidate","candidate_pigment_db","physical","append_plus_barrier","4","1","key_map","file","ordinary_write","8","32","5","4","1024","1122521434","912.232024","13846568","0"
"protocol-v5-20260807-220443","6d7edc7c29a60a94c59effeeb2b78d8b95038135","default-hasher:e33e9641d6e15aea","6d7edc7c29a60a94c59effeeb2b78d8b95038135","default-hasher:f20647ba796d9a0c","rustc 1.97.0 (2d8144b78 2026-07-07)","x86_64-unknown-linux-gnu","Linux 7.0.11-76070011-generic x86_64","Intel(R) Core(TM) Ultra 7 155H","/dev/nvme0n1p3[/tmp] ext4   rw,nosuid,nodev,noatime,errors=remount-ro","/tmp/pigment-db-durability-bench","12-19","candidate","candidate_pigment_db","physical","append_plus_barrier","5","0","key_map","file","ordinary_write","8","32","5","5","1024","1047880500","977.210665","9850895","0"
"protocol-v5-20260807-220443","6d7edc7c29a60a94c59effeeb2b78d8b95038135","default-hasher:e33e9641d6e15aea","6d7edc7c29a60a94c59effeeb2b78d8b95038135","default-hasher:f20647ba796d9a0c","rustc 1.97.0 (2d8144b78 2026-07-07)","x86_64-unknown-linux-gnu","Linux 7.0.11-76070011-generic x86_64","Intel(R) Core(TM) Ultra 7 155H","/dev/nvme0n1p3[/tmp] ext4   rw,nosuid,nodev,noatime,errors=remount-ro","/tmp/pigment-db-durability-bench","12-19","comparator","mutex_file_reference","append_plus_barrier","append_plus_barrier","5","1","key_map","file","ordinary_write","8","32","5","5","1024","1065545895","961.009755","13574823","0"
"protocol-v5-20260807-220443","6d7edc7c29a60a94c59effeeb2b78d8b95038135","default-hasher:e33e9641d6e15aea","6d7edc7c29a60a94c59effeeb2b78d8b95038135","default-hasher:f20647ba796d9a0c","rustc 1.97.0 (2d8144b78 2026-07-07)","x86_64-unknown-linux-gnu","Linux 7.0.11-76070011-generic x86_64","Intel(R) Core(TM) Ultra 7 155H","/dev/nvme0n1p3[/tmp] ext4   rw,nosuid,nodev,noatime,errors=remount-ro","/tmp/pigment-db-durability-bench","12-19","comparator","mutex_file_reference","append_plus_barrier","append_plus_barrier","6","0","key_map","file","ordinary_write","8","32","5","6","1024","1101400766","929.725157","13776661","0"
"protocol-v5-20260807-220443","6d7edc7c29a60a94c59effeeb2b78d8b95038135","default-hasher:e33e9641d6e15aea","6d7edc7c29a60a94c59effeeb2b78d8b95038135","default-hasher:f20647ba796d9a0c","rustc 1.97.0 (2d8144b78 2026-07-07)","x86_64-unknown-linux-gnu","Linux 7.0.11-76070011-generic x86_64","Intel(R) Core(TM) Ultra 7 155H","/dev/nvme0n1p3[/tmp] ext4   rw,nosuid,nodev,noatime,errors=remount-ro","/tmp/pigment-db-durability-bench","12-19","candidate","candidate_pigment_db","physical","append_plus_barrier","6","1","key_map","file","ordinary_write","8","32","5","6","1024","1086339851","942.614780","13017190","0"
"protocol-v5-20260807-220443","6d7edc7c29a60a94c59effeeb2b78d8b95038135","default-hasher:e33e9641d6e15aea","6d7edc7c29a60a94c59effeeb2b78d8b95038135","default-hasher:f20647ba796d9a0c","rustc 1.97.0 (2d8144b78 2026-07-07)","x86_64-unknown-linux-gnu","Linux 7.0.11-76070011-generic x86_64","Intel(R) Core(TM) Ultra 7 155H","/dev/nvme0n1p3[/tmp] ext4   rw,nosuid,nodev,noatime,errors=remount-ro","/tmp/pigment-db-durability-bench","12-19","candidate","candidate_pigment_db","physical","append_plus_barrier","7","0","key_map","file","ordinary_write","8","32","5","7","1024","1068809025","958.075742","13665869","0"
"protocol-v5-20260807-220443","6d7edc7c29a60a94c59effeeb2b78d8b95038135","default-hasher:e33e9641d6e15aea","6d7edc7c29a60a94c59effeeb2b78d8b95038135","default-hasher:f20647ba796d9a0c","rustc 1.97.0 (2d8144b78 2026-07-07)","x86_64-unknown-linux-gnu","Linux 7.0.11-76070011-generic x86_64","Intel(R) Core(TM) Ultra 7 155H","/dev/nvme0n1p3[/tmp] ext4   rw,nosuid,nodev,noatime,errors=remount-ro","/tmp/pigment-db-durability-bench","12-19","comparator","mutex_file_reference","append_plus_barrier","append_plus_barrier","7","1","key_map","file","ordinary_write","8","32","5","7","1024","1071465251","955.700616","13528827","0"
"protocol-v5-20260807-220443","6d7edc7c29a60a94c59effeeb2b78d8b95038135","default-hasher:e33e9641d6e15aea","6d7edc7c29a60a94c59effeeb2b78d8b95038135","default-hasher:f20647ba796d9a0c","rustc 1.97.0 (2d8144b78 2026-07-07)","x86_64-unknown-linux-gnu","Linux 7.0.11-76070011-generic x86_64","Intel(R) Core(TM) Ultra 7 155H","/dev/nvme0n1p3[/tmp] ext4   rw,nosuid,nodev,noatime,errors=remount-ro","/tmp/pigment-db-durability-bench","12-19","comparator","mutex_file_reference","append_plus_barrier","append_plus_barrier","8","0","key_map","file","ordinary_write","8","32","5","8","1024","1072738539","954.566246","12662129","0"
"protocol-v5-20260807-220443","6d7edc7c29a60a94c59effeeb2b78d8b95038135","default-hasher:e33e9641d6e15aea","6d7edc7c29a60a94c59effeeb2b78d8b95038135","default-hasher:f20647ba796d9a0c","rustc 1.97.0 (2d8144b78 2026-07-07)","x86_64-unknown-linux-gnu","Linux 7.0.11-76070011-generic x86_64","Intel(R) Core(TM) Ultra 7 155H","/dev/nvme0n1p3[/tmp] ext4   rw,nosuid,nodev,noatime,errors=remount-ro","/tmp/pigment-db-durability-bench","12-19","candidate","candidate_pigment_db","physical","append_plus_barrier","8","1","key_map","file","ordinary_write","8","32","5","8","1024","1079765705","948.353884","12935925","0"
"protocol-v5-20260807-220443","6d7edc7c29a60a94c59effeeb2b78d8b95038135","default-hasher:e33e9641d6e15aea","6d7edc7c29a60a94c59effeeb2b78d8b95038135","default-hasher:f20647ba796d9a0c","rustc 1.97.0 (2d8144b78 2026-07-07)","x86_64-unknown-linux-gnu","Linux 7.0.11-76070011-generic x86_64","Intel(R) Core(TM) Ultra 7 155H","/dev/nvme0n1p3[/tmp] ext4   rw,nosuid,nodev,noatime,errors=remount-ro","/tmp/pigment-db-durability-bench","12-19","candidate","candidate_pigment_db","physical","append_plus_barrier","9","0","key_map","file","ordinary_write","8","32","5","9","1024","1111156603","921.562269","12912488","0"
"protocol-v5-20260807-220443","6d7edc7c29a60a94c59effeeb2b78d8b95038135","default-hasher:e33e9641d6e15aea","6d7edc7c29a60a94c59effeeb2b78d8b95038135","default-hasher:f20647ba796d9a0c","rustc 1.97.0 (2d8144b78 2026-07-07)","x86_64-unknown-linux-gnu","Linux 7.0.11-76070011-generic x86_64","Intel(R) Core(TM) Ultra 7 155H","/dev/nvme0n1p3[/tmp] ext4   rw,nosuid,nodev,noatime,errors=remount-ro","/tmp/pigment-db-durability-bench","12-19","comparator","mutex_file_reference","append_plus_barrier","append_plus_barrier","9","1","key_map","file","ordinary_write","8","32","5","9","1024","1037614921","986.878638","11814048","0"
"protocol-v5-20260807-220443","6d7edc7c29a60a94c59effeeb2b78d8b95038135","default-hasher:e33e9641d6e15aea","6d7edc7c29a60a94c59effeeb2b78d8b95038135","default-hasher:f20647ba796d9a0c","rustc 1.97.0 (2d8144b78 2026-07-07)","x86_64-unknown-linux-gnu","Linux 7.0.11-76070011-generic x86_64","Intel(R) Core(TM) Ultra 7 155H","/dev/nvme0n1p3[/tmp] ext4   rw,nosuid,nodev,noatime,errors=remount-ro","/tmp/pigment-db-durability-bench","12-19","comparator","mutex_file_reference","append_plus_barrier","append_plus_barrier","10","0","key_map","file","ordinary_write","8","32","5","10","1024","1050864185","974.436102","13561199","0"
"protocol-v5-20260807-220443","6d7edc7c29a60a94c59effeeb2b78d8b95038135","default-hasher:e33e9641d6e15aea","6d7edc7c29a60a94c59effeeb2b78d8b95038135","default-hasher:f20647ba796d9a0c","rustc 1.97.0 (2d8144b78 2026-07-07)","x86_64-unknown-linux-gnu","Linux 7.0.11-76070011-generic x86_64","Intel(R) Core(TM) Ultra 7 155H","/dev/nvme0n1p3[/tmp] ext4   rw,nosuid,nodev,noatime,errors=remount-ro","/tmp/pigment-db-durability-bench","12-19","candidate","candidate_pigment_db","physical","append_plus_barrier","10","1","key_map","file","ordinary_write","8","32","5","10","1024","1035251426","989.131697","10613869","0"
"protocol-v5-20260807-220443","6d7edc7c29a60a94c59effeeb2b78d8b95038135","default-hasher:e33e9641d6e15aea","6d7edc7c29a60a94c59effeeb2b78d8b95038135","default-hasher:f20647ba796d9a0c","rustc 1.97.0 (2d8144b78 2026-07-07)","x86_64-unknown-linux-gnu","Linux 7.0.11-76070011-generic x86_64","Intel(R) Core(TM) Ultra 7 155H","/dev/nvme0n1p3[/tmp] ext4   rw,nosuid,nodev,noatime,errors=remount-ro","/tmp/pigment-db-durability-bench","12-19","comparator","mutex_file_reference","append_plus_barrier","append_plus_barrier","0","0","key_map","file","successful_remove","1","32","5","0","1024","1040876346","983.786406","994256","0"
"protocol-v5-20260807-220443","6d7edc7c29a60a94c59effeeb2b78d8b95038135","default-hasher:e33e9641d6e15aea","6d7edc7c29a60a94c59effeeb2b78d8b95038135","default-hasher:f20647ba796d9a0c","rustc 1.97.0 (2d8144b78 2026-07-07)","x86_64-unknown-linux-gnu","Linux 7.0.11-76070011-generic x86_64","Intel(R) Core(TM) Ultra 7 155H","/dev/nvme0n1p3[/tmp] ext4   rw,nosuid,nodev,noatime,errors=remount-ro","/tmp/pigment-db-durability-bench","12-19","candidate","candidate_pigment_db","physical","append_plus_barrier","0","1","key_map","file","successful_remove","1","32","5","0","1024","1053049490","972.413937","1012782","0"
"protocol-v5-20260807-220443","6d7edc7c29a60a94c59effeeb2b78d8b95038135","default-hasher:e33e9641d6e15aea","6d7edc7c29a60a94c59effeeb2b78d8b95038135","default-hasher:f20647ba796d9a0c","rustc 1.97.0 (2d8144b78 2026-07-07)","x86_64-unknown-linux-gnu","Linux 7.0.11-76070011-generic x86_64","Intel(R) Core(TM) Ultra 7 155H","/dev/nvme0n1p3[/tmp] ext4   rw,nosuid,nodev,noatime,errors=remount-ro","/tmp/pigment-db-durability-bench","12-19","candidate","candidate_pigment_db","physical","append_plus_barrier","1","0","key_map","file","successful_remove","1","32","5","1","1024","1024917552","999.104755","988136","0"
"protocol-v5-20260807-220443","6d7edc7c29a60a94c59effeeb2b78d8b95038135","default-hasher:e33e9641d6e15aea","6d7edc7c29a60a94c59effeeb2b78d8b95038135","default-hasher:f20647ba796d9a0c","rustc 1.97.0 (2d8144b78 2026-07-07)","x86_64-unknown-linux-gnu","Linux 7.0.11-76070011-generic x86_64","Intel(R) Core(TM) Ultra 7 155H","/dev/nvme0n1p3[/tmp] ext4   rw,nosuid,nodev,noatime,errors=remount-ro","/tmp/pigment-db-durability-bench","12-19","comparator","mutex_file_reference","append_plus_barrier","append_plus_barrier","1","1","key_map","file","successful_remove","1","32","5","1","1024","1043905855","980.931370","1005629","0"
"protocol-v5-20260807-220443","6d7edc7c29a60a94c59effeeb2b78d8b95038135","default-hasher:e33e9641d6e15aea","6d7edc7c29a60a94c59effeeb2b78d8b95038135","default-hasher:f20647ba796d9a0c","rustc 1.97.0 (2d8144b78 2026-07-07)","x86_64-unknown-linux-gnu","Linux 7.0.11-76070011-generic x86_64","Intel(R) Core(TM) Ultra 7 155H","/dev/nvme0n1p3[/tmp] ext4   rw,nosuid,nodev,noatime,errors=remount-ro","/tmp/pigment-db-durability-bench","12-19","comparator","mutex_file_reference","append_plus_barrier","append_plus_barrier","2","0","key_map","file","successful_remove","1","32","5","2","1024","1009295980","1014.568591","1012773","0"
"protocol-v5-20260807-220443","6d7edc7c29a60a94c59effeeb2b78d8b95038135","default-hasher:e33e9641d6e15aea","6d7edc7c29a60a94c59effeeb2b78d8b95038135","default-hasher:f20647ba796d9a0c","rustc 1.97.0 (2d8144b78 2026-07-07)","x86_64-unknown-linux-gnu","Linux 7.0.11-76070011-generic x86_64","Intel(R) Core(TM) Ultra 7 155H","/dev/nvme0n1p3[/tmp] ext4   rw,nosuid,nodev,noatime,errors=remount-ro","/tmp/pigment-db-durability-bench","12-19","candidate","candidate_pigment_db","physical","append_plus_barrier","2","1","key_map","file","successful_remove","1","32","5","2","1024","1041848229","982.868686","1023034","0"
"protocol-v5-20260807-220443","6d7edc7c29a60a94c59effeeb2b78d8b95038135","default-hasher:e33e9641d6e15aea","6d7edc7c29a60a94c59effeeb2b78d8b95038135","default-hasher:f20647ba796d9a0c","rustc 1.97.0 (2d8144b78 2026-07-07)","x86_64-unknown-linux-gnu","Linux 7.0.11-76070011-generic x86_64","Intel(R) Core(TM) Ultra 7 155H","/dev/nvme0n1p3[/tmp] ext4   rw,nosuid,nodev,noatime,errors=remount-ro","/tmp/pigment-db-durability-bench","12-19","candidate","candidate_pigment_db","physical","append_plus_barrier","3","0","key_map","file","successful_remove","1","32","5","3","1024","1039626392","984.969223","1023370","0"
"protocol-v5-20260807-220443","6d7edc7c29a60a94c59effeeb2b78d8b95038135","default-hasher:e33e9641d6e15aea","6d7edc7c29a60a94c59effeeb2b78d8b95038135","default-hasher:f20647ba796d9a0c","rustc 1.97.0 (2d8144b78 2026-07-07)","x86_64-unknown-linux-gnu","Linux 7.0.11-76070011-generic x86_64","Intel(R) Core(TM) Ultra 7 155H","/dev/nvme0n1p3[/tmp] ext4   rw,nosuid,nodev,noatime,errors=remount-ro","/tmp/pigment-db-durability-bench","12-19","comparator","mutex_file_reference","append_plus_barrier","append_plus_barrier","3","1","key_map","file","successful_remove","1","32","5","3","1024","1038805438","985.747631","1081950","0"
"protocol-v5-20260807-220443","6d7edc7c29a60a94c59effeeb2b78d8b95038135","default-hasher:e33e9641d6e15aea","6d7edc7c29a60a94c59effeeb2b78d8b95038135","default-hasher:f20647ba796d9a0c","rustc 1.97.0 (2d8144b78 2026-07-07)","x86_64-unknown-linux-gnu","Linux 7.0.11-76070011-generic x86_64","Intel(R) Core(TM) Ultra 7 155H","/dev/nvme0n1p3[/tmp] ext4   rw,nosuid,nodev,noatime,errors=remount-ro","/tmp/pigment-db-durability-bench","12-19","comparator","mutex_file_reference","append_plus_barrier","append_plus_barrier","4","0","key_map","file","successful_remove","1","32","5","4","1024","1039083782","985.483575","1001239","0"
"protocol-v5-20260807-220443","6d7edc7c29a60a94c59effeeb2b78d8b95038135","default-hasher:e33e9641d6e15aea","6d7edc7c29a60a94c59effeeb2b78d8b95038135","default-hasher:f20647ba796d9a0c","rustc 1.97.0 (2d8144b78 2026-07-07)","x86_64-unknown-linux-gnu","Linux 7.0.11-76070011-generic x86_64","Intel(R) Core(TM) Ultra 7 155H","/dev/nvme0n1p3[/tmp] ext4   rw,nosuid,nodev,noatime,errors=remount-ro","/tmp/pigment-db-durability-bench","12-19","candidate","candidate_pigment_db","physical","append_plus_barrier","4","1","key_map","file","successful_remove","1","32","5","4","1024","1047222916","977.824286","1007418","0"
"protocol-v5-20260807-220443","6d7edc7c29a60a94c59effeeb2b78d8b95038135","default-hasher:e33e9641d6e15aea","6d7edc7c29a60a94c59effeeb2b78d8b95038135","default-hasher:f20647ba796d9a0c","rustc 1.97.0 (2d8144b78 2026-07-07)","x86_64-unknown-linux-gnu","Linux 7.0.11-76070011-generic x86_64","Intel(R) Core(TM) Ultra 7 155H","/dev/nvme0n1p3[/tmp] ext4   rw,nosuid,nodev,noatime,errors=remount-ro","/tmp/pigment-db-durability-bench","12-19","candidate","candidate_pigment_db","physical","append_plus_barrier","5","0","key_map","file","successful_remove","1","32","5","5","1024","1027789315","996.313140","998423","0"
"protocol-v5-20260807-220443","6d7edc7c29a60a94c59effeeb2b78d8b95038135","default-hasher:e33e9641d6e15aea","6d7edc7c29a60a94c59effeeb2b78d8b95038135","default-hasher:f20647ba796d9a0c","rustc 1.97.0 (2d8144b78 2026-07-07)","x86_64-unknown-linux-gnu","Linux 7.0.11-76070011-generic x86_64","Intel(R) Core(TM) Ultra 7 155H","/dev/nvme0n1p3[/tmp] ext4   rw,nosuid,nodev,noatime,errors=remount-ro","/tmp/pigment-db-durability-bench","12-19","comparator","mutex_file_reference","append_plus_barrier","append_plus_barrier","5","1","key_map","file","successful_remove","1","32","5","5","1024","1036845114","987.611347","1030391","0"
"protocol-v5-20260807-220443","6d7edc7c29a60a94c59effeeb2b78d8b95038135","default-hasher:e33e9641d6e15aea","6d7edc7c29a60a94c59effeeb2b78d8b95038135","default-hasher:f20647ba796d9a0c","rustc 1.97.0 (2d8144b78 2026-07-07)","x86_64-unknown-linux-gnu","Linux 7.0.11-76070011-generic x86_64","Intel(R) Core(TM) Ultra 7 155H","/dev/nvme0n1p3[/tmp] ext4   rw,nosuid,nodev,noatime,errors=remount-ro","/tmp/pigment-db-durability-bench","12-19","comparator","mutex_file_reference","append_plus_barrier","append_plus_barrier","6","0","key_map","file","successful_remove","1","32","5","6","1024","1036773474","987.679590","1016837","0"
"protocol-v5-20260807-220443","6d7edc7c29a60a94c59effeeb2b78d8b95038135","default-hasher:e33e9641d6e15aea","6d7edc7c29a60a94c59effeeb2b78d8b95038135","default-hasher:f20647ba796d9a0c","rustc 1.97.0 (2d8144b78 2026-07-07)","x86_64-unknown-linux-gnu","Linux 7.0.11-76070011-generic x86_64","Intel(R) Core(TM) Ultra 7 155H","/dev/nvme0n1p3[/tmp] ext4   rw,nosuid,nodev,noatime,errors=remount-ro","/tmp/pigment-db-durability-bench","12-19","candidate","candidate_pigment_db","physical","append_plus_barrier","6","1","key_map","file","successful_remove","1","32","5","6","1024","1047139013","977.902635","1004107","0"
"protocol-v5-20260807-220443","6d7edc7c29a60a94c59effeeb2b78d8b95038135","default-hasher:e33e9641d6e15aea","6d7edc7c29a60a94c59effeeb2b78d8b95038135","default-hasher:f20647ba796d9a0c","rustc 1.97.0 (2d8144b78 2026-07-07)","x86_64-unknown-linux-gnu","Linux 7.0.11-76070011-generic x86_64","Intel(R) Core(TM) Ultra 7 155H","/dev/nvme0n1p3[/tmp] ext4   rw,nosuid,nodev,noatime,errors=remount-ro","/tmp/pigment-db-durability-bench","12-19","candidate","candidate_pigment_db","physical","append_plus_barrier","7","0","key_map","file","successful_remove","1","32","5","7","1024","1136041407","901.375596","2694432","0"
"protocol-v5-20260807-220443","6d7edc7c29a60a94c59effeeb2b78d8b95038135","default-hasher:e33e9641d6e15aea","6d7edc7c29a60a94c59effeeb2b78d8b95038135","default-hasher:f20647ba796d9a0c","rustc 1.97.0 (2d8144b78 2026-07-07)","x86_64-unknown-linux-gnu","Linux 7.0.11-76070011-generic x86_64","Intel(R) Core(TM) Ultra 7 155H","/dev/nvme0n1p3[/tmp] ext4   rw,nosuid,nodev,noatime,errors=remount-ro","/tmp/pigment-db-durability-bench","12-19","comparator","mutex_file_reference","append_plus_barrier","append_plus_barrier","7","1","key_map","file","successful_remove","1","32","5","7","1024","1011251223","1012.606934","1024319","0"
"protocol-v5-20260807-220443","6d7edc7c29a60a94c59effeeb2b78d8b95038135","default-hasher:e33e9641d6e15aea","6d7edc7c29a60a94c59effeeb2b78d8b95038135","default-hasher:f20647ba796d9a0c","rustc 1.97.0 (2d8144b78 2026-07-07)","x86_64-unknown-linux-gnu","Linux 7.0.11-76070011-generic x86_64","Intel(R) Core(TM) Ultra 7 155H","/dev/nvme0n1p3[/tmp] ext4   rw,nosuid,nodev,noatime,errors=remount-ro","/tmp/pigment-db-durability-bench","12-19","comparator","mutex_file_reference","append_plus_barrier","append_plus_barrier","8","0","key_map","file","successful_remove","1","32","5","8","1024","1069241018","957.688662","1152878","0"
"protocol-v5-20260807-220443","6d7edc7c29a60a94c59effeeb2b78d8b95038135","default-hasher:e33e9641d6e15aea","6d7edc7c29a60a94c59effeeb2b78d8b95038135","default-hasher:f20647ba796d9a0c","rustc 1.97.0 (2d8144b78 2026-07-07)","x86_64-unknown-linux-gnu","Linux 7.0.11-76070011-generic x86_64","Intel(R) Core(TM) Ultra 7 155H","/dev/nvme0n1p3[/tmp] ext4   rw,nosuid,nodev,noatime,errors=remount-ro","/tmp/pigment-db-durability-bench","12-19","candidate","candidate_pigment_db","physical","append_plus_barrier","8","1","key_map","file","successful_remove","1","32","5","8","1024","1043718680","981.107285","1028425","0"
"protocol-v5-20260807-220443","6d7edc7c29a60a94c59effeeb2b78d8b95038135","default-hasher:e33e9641d6e15aea","6d7edc7c29a60a94c59effeeb2b78d8b95038135","default-hasher:f20647ba796d9a0c","rustc 1.97.0 (2d8144b78 2026-07-07)","x86_64-unknown-linux-gnu","Linux 7.0.11-76070011-generic x86_64","Intel(R) Core(TM) Ultra 7 155H","/dev/nvme0n1p3[/tmp] ext4   rw,nosuid,nodev,noatime,errors=remount-ro","/tmp/pigment-db-durability-bench","12-19","candidate","candidate_pigment_db","physical","append_plus_barrier","9","0","key_map","file","successful_remove","1","32","5","9","1024","1038190182","986.331809","996528","0"
"protocol-v5-20260807-220443","6d7edc7c29a60a94c59effeeb2b78d8b95038135","default-hasher:e33e9641d6e15aea","6d7edc7c29a60a94c59effeeb2b78d8b95038135","default-hasher:f20647ba796d9a0c","rustc 1.97.0 (2d8144b78 2026-07-07)","x86_64-unknown-linux-gnu","Linux 7.0.11-76070011-generic x86_64","Intel(R) Core(TM) Ultra 7 155H","/dev/nvme0n1p3[/tmp] ext4   rw,nosuid,nodev,noatime,errors=remount-ro","/tmp/pigment-db-durability-bench","12-19","comparator","mutex_file_reference","append_plus_barrier","append_plus_barrier","9","1","key_map","file","successful_remove","1","32","5","9","1024","1048406406","976.720472","1000756","0"
"protocol-v5-20260807-220443","6d7edc7c29a60a94c59effeeb2b78d8b95038135","default-hasher:e33e9641d6e15aea","6d7edc7c29a60a94c59effeeb2b78d8b95038135","default-hasher:f20647ba796d9a0c","rustc 1.97.0 (2d8144b78 2026-07-07)","x86_64-unknown-linux-gnu","Linux 7.0.11-76070011-generic x86_64","Intel(R) Core(TM) Ultra 7 155H","/dev/nvme0n1p3[/tmp] ext4   rw,nosuid,nodev,noatime,errors=remount-ro","/tmp/pigment-db-durability-bench","12-19","comparator","mutex_file_reference","append_plus_barrier","append_plus_barrier","10","0","key_map","file","successful_remove","1","32","5","10","1024","1034917723","989.450637","964687","0"
"protocol-v5-20260807-220443","6d7edc7c29a60a94c59effeeb2b78d8b95038135","default-hasher:e33e9641d6e15aea","6d7edc7c29a60a94c59effeeb2b78d8b95038135","default-hasher:f20647ba796d9a0c","rustc 1.97.0 (2d8144b78 2026-07-07)","x86_64-unknown-linux-gnu","Linux 7.0.11-76070011-generic x86_64","Intel(R) Core(TM) Ultra 7 155H","/dev/nvme0n1p3[/tmp] ext4   rw,nosuid,nodev,noatime,errors=remount-ro","/tmp/pigment-db-durability-bench","12-19","candidate","candidate_pigment_db","physical","append_plus_barrier","10","1","key_map","file","successful_remove","1","32","5","10","1024","1049309760","975.879611","1033173","0"
"protocol-v5-20260807-220443","6d7edc7c29a60a94c59effeeb2b78d8b95038135","default-hasher:e33e9641d6e15aea","6d7edc7c29a60a94c59effeeb2b78d8b95038135","default-hasher:f20647ba796d9a0c","rustc 1.97.0 (2d8144b78 2026-07-07)","x86_64-unknown-linux-gnu","Linux 7.0.11-76070011-generic x86_64","Intel(R) Core(TM) Ultra 7 155H","/dev/nvme0n1p3[/tmp] ext4   rw,nosuid,nodev,noatime,errors=remount-ro","/tmp/pigment-db-durability-bench","12-19","comparator","mutex_file_reference","append_plus_barrier","append_plus_barrier","0","0","key_map","file","successful_remove","8","32","5","0","1024","1079541774","948.550602","12928515","0"
"protocol-v5-20260807-220443","6d7edc7c29a60a94c59effeeb2b78d8b95038135","default-hasher:e33e9641d6e15aea","6d7edc7c29a60a94c59effeeb2b78d8b95038135","default-hasher:f20647ba796d9a0c","rustc 1.97.0 (2d8144b78 2026-07-07)","x86_64-unknown-linux-gnu","Linux 7.0.11-76070011-generic x86_64","Intel(R) Core(TM) Ultra 7 155H","/dev/nvme0n1p3[/tmp] ext4   rw,nosuid,nodev,noatime,errors=remount-ro","/tmp/pigment-db-durability-bench","12-19","candidate","candidate_pigment_db","physical","append_plus_barrier","0","1","key_map","file","successful_remove","8","32","5","0","1024","1093913611","936.088545","11003195","0"
"protocol-v5-20260807-220443","6d7edc7c29a60a94c59effeeb2b78d8b95038135","default-hasher:e33e9641d6e15aea","6d7edc7c29a60a94c59effeeb2b78d8b95038135","default-hasher:f20647ba796d9a0c","rustc 1.97.0 (2d8144b78 2026-07-07)","x86_64-unknown-linux-gnu","Linux 7.0.11-76070011-generic x86_64","Intel(R) Core(TM) Ultra 7 155H","/dev/nvme0n1p3[/tmp] ext4   rw,nosuid,nodev,noatime,errors=remount-ro","/tmp/pigment-db-durability-bench","12-19","candidate","candidate_pigment_db","physical","append_plus_barrier","1","0","key_map","file","successful_remove","8","32","5","1","1024","1062105872","964.122341","10635651","0"
"protocol-v5-20260807-220443","6d7edc7c29a60a94c59effeeb2b78d8b95038135","default-hasher:e33e9641d6e15aea","6d7edc7c29a60a94c59effeeb2b78d8b95038135","default-hasher:f20647ba796d9a0c","rustc 1.97.0 (2d8144b78 2026-07-07)","x86_64-unknown-linux-gnu","Linux 7.0.11-76070011-generic x86_64","Intel(R) Core(TM) Ultra 7 155H","/dev/nvme0n1p3[/tmp] ext4   rw,nosuid,nodev,noatime,errors=remount-ro","/tmp/pigment-db-durability-bench","12-19","comparator","mutex_file_reference","append_plus_barrier","append_plus_barrier","1","1","key_map","file","successful_remove","8","32","5","1","1024","1066141281","960.473080","11777518","0"
"protocol-v5-20260807-220443","6d7edc7c29a60a94c59effeeb2b78d8b95038135","default-hasher:e33e9641d6e15aea","6d7edc7c29a60a94c59effeeb2b78d8b95038135","default-hasher:f20647ba796d9a0c","rustc 1.97.0 (2d8144b78 2026-07-07)","x86_64-unknown-linux-gnu","Linux 7.0.11-76070011-generic x86_64","Intel(R) Core(TM) Ultra 7 155H","/dev/nvme0n1p3[/tmp] ext4   rw,nosuid,nodev,noatime,errors=remount-ro","/tmp/pigment-db-durability-bench","12-19","comparator","mutex_file_reference","append_plus_barrier","append_plus_barrier","2","0","key_map","file","successful_remove","8","32","5","2","1024","1047807016","977.279198","8095981","0"
"protocol-v5-20260807-220443","6d7edc7c29a60a94c59effeeb2b78d8b95038135","default-hasher:e33e9641d6e15aea","6d7edc7c29a60a94c59effeeb2b78d8b95038135","default-hasher:f20647ba796d9a0c","rustc 1.97.0 (2d8144b78 2026-07-07)","x86_64-unknown-linux-gnu","Linux 7.0.11-76070011-generic x86_64","Intel(R) Core(TM) Ultra 7 155H","/dev/nvme0n1p3[/tmp] ext4   rw,nosuid,nodev,noatime,errors=remount-ro","/tmp/pigment-db-durability-bench","12-19","candidate","candidate_pigment_db","physical","append_plus_barrier","2","1","key_map","file","successful_remove","8","32","5","2","1024","1087085352","941.968354","13410992","0"
"protocol-v5-20260807-220443","6d7edc7c29a60a94c59effeeb2b78d8b95038135","default-hasher:e33e9641d6e15aea","6d7edc7c29a60a94c59effeeb2b78d8b95038135","default-hasher:f20647ba796d9a0c","rustc 1.97.0 (2d8144b78 2026-07-07)","x86_64-unknown-linux-gnu","Linux 7.0.11-76070011-generic x86_64","Intel(R) Core(TM) Ultra 7 155H","/dev/nvme0n1p3[/tmp] ext4   rw,nosuid,nodev,noatime,errors=remount-ro","/tmp/pigment-db-durability-bench","12-19","candidate","candidate_pigment_db","physical","append_plus_barrier","3","0","key_map","file","successful_remove","8","32","5","3","1024","1045256074","979.664243","11930355","0"
"protocol-v5-20260807-220443","6d7edc7c29a60a94c59effeeb2b78d8b95038135","default-hasher:e33e9641d6e15aea","6d7edc7c29a60a94c59effeeb2b78d8b95038135","default-hasher:f20647ba796d9a0c","rustc 1.97.0 (2d8144b78 2026-07-07)","x86_64-unknown-linux-gnu","Linux 7.0.11-76070011-generic x86_64","Intel(R) Core(TM) Ultra 7 155H","/dev/nvme0n1p3[/tmp] ext4   rw,nosuid,nodev,noatime,errors=remount-ro","/tmp/pigment-db-durability-bench","12-19","comparator","mutex_file_reference","append_plus_barrier","append_plus_barrier","3","1","key_map","file","successful_remove","8","32","5","3","1024","1073858111","953.571044","12732491","0"
"protocol-v5-20260807-220443","6d7edc7c29a60a94c59effeeb2b78d8b95038135","default-hasher:e33e9641d6e15aea","6d7edc7c29a60a94c59effeeb2b78d8b95038135","default-hasher:f20647ba796d9a0c","rustc 1.97.0 (2d8144b78 2026-07-07)","x86_64-unknown-linux-gnu","Linux 7.0.11-76070011-generic x86_64","Intel(R) Core(TM) Ultra 7 155H","/dev/nvme0n1p3[/tmp] ext4   rw,nosuid,nodev,noatime,errors=remount-ro","/tmp/pigment-db-durability-bench","12-19","comparator","mutex_file_reference","append_plus_barrier","append_plus_barrier","4","0","key_map","file","successful_remove","8","32","5","4","1024","1045405677","979.524047","12704559","0"
"protocol-v5-20260807-220443","6d7edc7c29a60a94c59effeeb2b78d8b95038135","default-hasher:e33e9641d6e15aea","6d7edc7c29a60a94c59effeeb2b78d8b95038135","default-hasher:f20647ba796d9a0c","rustc 1.97.0 (2d8144b78 2026-07-07)","x86_64-unknown-linux-gnu","Linux 7.0.11-76070011-generic x86_64","Intel(R) Core(TM) Ultra 7 155H","/dev/nvme0n1p3[/tmp] ext4   rw,nosuid,nodev,noatime,errors=remount-ro","/tmp/pigment-db-durability-bench","12-19","candidate","candidate_pigment_db","physical","append_plus_barrier","4","1","key_map","file","successful_remove","8","32","5","4","1024","1088397113","940.833073","10320922","0"
"protocol-v5-20260807-220443","6d7edc7c29a60a94c59effeeb2b78d8b95038135","default-hasher:e33e9641d6e15aea","6d7edc7c29a60a94c59effeeb2b78d8b95038135","default-hasher:f20647ba796d9a0c","rustc 1.97.0 (2d8144b78 2026-07-07)","x86_64-unknown-linux-gnu","Linux 7.0.11-76070011-generic x86_64","Intel(R) Core(TM) Ultra 7 155H","/dev/nvme0n1p3[/tmp] ext4   rw,nosuid,nodev,noatime,errors=remount-ro","/tmp/pigment-db-durability-bench","12-19","candidate","candidate_pigment_db","physical","append_plus_barrier","5","0","key_map","file","successful_remove","8","32","5","5","1024","1103970380","927.561118","10436091","0"
"protocol-v5-20260807-220443","6d7edc7c29a60a94c59effeeb2b78d8b95038135","default-hasher:e33e9641d6e15aea","6d7edc7c29a60a94c59effeeb2b78d8b95038135","default-hasher:f20647ba796d9a0c","rustc 1.97.0 (2d8144b78 2026-07-07)","x86_64-unknown-linux-gnu","Linux 7.0.11-76070011-generic x86_64","Intel(R) Core(TM) Ultra 7 155H","/dev/nvme0n1p3[/tmp] ext4   rw,nosuid,nodev,noatime,errors=remount-ro","/tmp/pigment-db-durability-bench","12-19","comparator","mutex_file_reference","append_plus_barrier","append_plus_barrier","5","1","key_map","file","successful_remove","8","32","5","5","1024","1054136500","971.411198","12675083","0"
"protocol-v5-20260807-220443","6d7edc7c29a60a94c59effeeb2b78d8b95038135","default-hasher:e33e9641d6e15aea","6d7edc7c29a60a94c59effeeb2b78d8b95038135","default-hasher:f20647ba796d9a0c","rustc 1.97.0 (2d8144b78 2026-07-07)","x86_64-unknown-linux-gnu","Linux 7.0.11-76070011-generic x86_64","Intel(R) Core(TM) Ultra 7 155H","/dev/nvme0n1p3[/tmp] ext4   rw,nosuid,nodev,noatime,errors=remount-ro","/tmp/pigment-db-durability-bench","12-19","comparator","mutex_file_reference","append_plus_barrier","append_plus_barrier","6","0","key_map","file","successful_remove","8","32","5","6","1024","1078712532","949.279785","12839394","0"
"protocol-v5-20260807-220443","6d7edc7c29a60a94c59effeeb2b78d8b95038135","default-hasher:e33e9641d6e15aea","6d7edc7c29a60a94c59effeeb2b78d8b95038135","default-hasher:f20647ba796d9a0c","rustc 1.97.0 (2d8144b78 2026-07-07)","x86_64-unknown-linux-gnu","Linux 7.0.11-76070011-generic x86_64","Intel(R) Core(TM) Ultra 7 155H","/dev/nvme0n1p3[/tmp] ext4   rw,nosuid,nodev,noatime,errors=remount-ro","/tmp/pigment-db-durability-bench","12-19","candidate","candidate_pigment_db","physical","append_plus_barrier","6","1","key_map","file","successful_remove","8","32","5","6","1024","1070286536","956.753136","13634565","0"
"protocol-v5-20260807-220443","6d7edc7c29a60a94c59effeeb2b78d8b95038135","default-hasher:e33e9641d6e15aea","6d7edc7c29a60a94c59effeeb2b78d8b95038135","default-hasher:f20647ba796d9a0c","rustc 1.97.0 (2d8144b78 2026-07-07)","x86_64-unknown-linux-gnu","Linux 7.0.11-76070011-generic x86_64","Intel(R) Core(TM) Ultra 7 155H","/dev/nvme0n1p3[/tmp] ext4   rw,nosuid,nodev,noatime,errors=remount-ro","/tmp/pigment-db-durability-bench","12-19","candidate","candidate_pigment_db","physical","append_plus_barrier","7","0","key_map","file","successful_remove","8","32","5","7","1024","1147102175","892.684211","13820492","0"
"protocol-v5-20260807-220443","6d7edc7c29a60a94c59effeeb2b78d8b95038135","default-hasher:e33e9641d6e15aea","6d7edc7c29a60a94c59effeeb2b78d8b95038135","default-hasher:f20647ba796d9a0c","rustc 1.97.0 (2d8144b78 2026-07-07)","x86_64-unknown-linux-gnu","Linux 7.0.11-76070011-generic x86_64","Intel(R) Core(TM) Ultra 7 155H","/dev/nvme0n1p3[/tmp] ext4   rw,nosuid,nodev,noatime,errors=remount-ro","/tmp/pigment-db-durability-bench","12-19","comparator","mutex_file_reference","append_plus_barrier","append_plus_barrier","7","1","key_map","file","successful_remove","8","32","5","7","1024","1270608239","805.913238","16169535","0"
"protocol-v5-20260807-220443","6d7edc7c29a60a94c59effeeb2b78d8b95038135","default-hasher:e33e9641d6e15aea","6d7edc7c29a60a94c59effeeb2b78d8b95038135","default-hasher:f20647ba796d9a0c","rustc 1.97.0 (2d8144b78 2026-07-07)","x86_64-unknown-linux-gnu","Linux 7.0.11-76070011-generic x86_64","Intel(R) Core(TM) Ultra 7 155H","/dev/nvme0n1p3[/tmp] ext4   rw,nosuid,nodev,noatime,errors=remount-ro","/tmp/pigment-db-durability-bench","12-19","comparator","mutex_file_reference","append_plus_barrier","append_plus_barrier","8","0","key_map","file","successful_remove","8","32","5","8","1024","1068558473","958.300389","13668247","0"
"protocol-v5-20260807-220443","6d7edc7c29a60a94c59effeeb2b78d8b95038135","default-hasher:e33e9641d6e15aea","6d7edc7c29a60a94c59effeeb2b78d8b95038135","default-hasher:f20647ba796d9a0c","rustc 1.97.0 (2d8144b78 2026-07-07)","x86_64-unknown-linux-gnu","Linux 7.0.11-76070011-generic x86_64","Intel(R) Core(TM) Ultra 7 155H","/dev/nvme0n1p3[/tmp] ext4   rw,nosuid,nodev,noatime,errors=remount-ro","/tmp/pigment-db-durability-bench","12-19","candidate","candidate_pigment_db","physical","append_plus_barrier","8","1","key_map","file","successful_remove","8","32","5","8","1024","1072942831","954.384493","8518460","0"
"protocol-v5-20260807-220443","6d7edc7c29a60a94c59effeeb2b78d8b95038135","default-hasher:e33e9641d6e15aea","6d7edc7c29a60a94c59effeeb2b78d8b95038135","default-hasher:f20647ba796d9a0c","rustc 1.97.0 (2d8144b78 2026-07-07)","x86_64-unknown-linux-gnu","Linux 7.0.11-76070011-generic x86_64","Intel(R) Core(TM) Ultra 7 155H","/dev/nvme0n1p3[/tmp] ext4   rw,nosuid,nodev,noatime,errors=remount-ro","/tmp/pigment-db-durability-bench","12-19","candidate","candidate_pigment_db","physical","append_plus_barrier","9","0","key_map","file","successful_remove","8","32","5","9","1024","1078272358","949.667301","12051871","0"
"protocol-v5-20260807-220443","6d7edc7c29a60a94c59effeeb2b78d8b95038135","default-hasher:e33e9641d6e15aea","6d7edc7c29a60a94c59effeeb2b78d8b95038135","default-hasher:f20647ba796d9a0c","rustc 1.97.0 (2d8144b78 2026-07-07)","x86_64-unknown-linux-gnu","Linux 7.0.11-76070011-generic x86_64","Intel(R) Core(TM) Ultra 7 155H","/dev/nvme0n1p3[/tmp] ext4   rw,nosuid,nodev,noatime,errors=remount-ro","/tmp/pigment-db-durability-bench","12-19","comparator","mutex_file_reference","append_plus_barrier","append_plus_barrier","9","1","key_map","file","successful_remove","8","32","5","9","1024","1095712948","934.551337","12821986","0"
"protocol-v5-20260807-220443","6d7edc7c29a60a94c59effeeb2b78d8b95038135","default-hasher:e33e9641d6e15aea","6d7edc7c29a60a94c59effeeb2b78d8b95038135","default-hasher:f20647ba796d9a0c","rustc 1.97.0 (2d8144b78 2026-07-07)","x86_64-unknown-linux-gnu","Linux 7.0.11-76070011-generic x86_64","Intel(R) Core(TM) Ultra 7 155H","/dev/nvme0n1p3[/tmp] ext4   rw,nosuid,nodev,noatime,errors=remount-ro","/tmp/pigment-db-durability-bench","12-19","comparator","mutex_file_reference","append_plus_barrier","append_plus_barrier","10","0","key_map","file","successful_remove","8","32","5","10","1024","1044563149","980.314116","10038947","0"
"protocol-v5-20260807-220443","6d7edc7c29a60a94c59effeeb2b78d8b95038135","default-hasher:e33e9641d6e15aea","6d7edc7c29a60a94c59effeeb2b78d8b95038135","default-hasher:f20647ba796d9a0c","rustc 1.97.0 (2d8144b78 2026-07-07)","x86_64-unknown-linux-gnu","Linux 7.0.11-76070011-generic x86_64","Intel(R) Core(TM) Ultra 7 155H","/dev/nvme0n1p3[/tmp] ext4   rw,nosuid,nodev,noatime,errors=remount-ro","/tmp/pigment-db-durability-bench","12-19","candidate","candidate_pigment_db","physical","append_plus_barrier","10","1","key_map","file","successful_remove","8","32","5","10","1024","1098771965","931.949515","10987597","0"
"protocol-v5-20260807-220443","6d7edc7c29a60a94c59effeeb2b78d8b95038135","default-hasher:e33e9641d6e15aea","6d7edc7c29a60a94c59effeeb2b78d8b95038135","default-hasher:f20647ba796d9a0c","rustc 1.97.0 (2d8144b78 2026-07-07)","x86_64-unknown-linux-gnu","Linux 7.0.11-76070011-generic x86_64","Intel(R) Core(TM) Ultra 7 155H","/dev/nvme0n1p3[/tmp] ext4   rw,nosuid,nodev,noatime,errors=remount-ro","/tmp/pigment-db-durability-bench","12-19","comparator","mutex_file_reference","append_plus_barrier","append_plus_barrier","0","0","key_map","file","minimal_callback","1","32","5","0","1024","1027645489","996.452581","974325","0"
"protocol-v5-20260807-220443","6d7edc7c29a60a94c59effeeb2b78d8b95038135","default-hasher:e33e9641d6e15aea","6d7edc7c29a60a94c59effeeb2b78d8b95038135","default-hasher:f20647ba796d9a0c","rustc 1.97.0 (2d8144b78 2026-07-07)","x86_64-unknown-linux-gnu","Linux 7.0.11-76070011-generic x86_64","Intel(R) Core(TM) Ultra 7 155H","/dev/nvme0n1p3[/tmp] ext4   rw,nosuid,nodev,noatime,errors=remount-ro","/tmp/pigment-db-durability-bench","12-19","candidate","candidate_pigment_db","physical","append_plus_barrier","0","1","key_map","file","minimal_callback","1","32","5","0","1024","1031522558","992.707326","1024334","0"
"protocol-v5-20260807-220443","6d7edc7c29a60a94c59effeeb2b78d8b95038135","default-hasher:e33e9641d6e15aea","6d7edc7c29a60a94c59effeeb2b78d8b95038135","default-hasher:f20647ba796d9a0c","rustc 1.97.0 (2d8144b78 2026-07-07)","x86_64-unknown-linux-gnu","Linux 7.0.11-76070011-generic x86_64","Intel(R) Core(TM) Ultra 7 155H","/dev/nvme0n1p3[/tmp] ext4   rw,nosuid,nodev,noatime,errors=remount-ro","/tmp/pigment-db-durability-bench","12-19","candidate","candidate_pigment_db","physical","append_plus_barrier","1","0","key_map","file","minimal_callback","1","32","5","1","1024","1043816163","981.015658","1042378","0"
"protocol-v5-20260807-220443","6d7edc7c29a60a94c59effeeb2b78d8b95038135","default-hasher:e33e9641d6e15aea","6d7edc7c29a60a94c59effeeb2b78d8b95038135","default-hasher:f20647ba796d9a0c","rustc 1.97.0 (2d8144b78 2026-07-07)","x86_64-unknown-linux-gnu","Linux 7.0.11-76070011-generic x86_64","Intel(R) Core(TM) Ultra 7 155H","/dev/nvme0n1p3[/tmp] ext4   rw,nosuid,nodev,noatime,errors=remount-ro","/tmp/pigment-db-durability-bench","12-19","comparator","mutex_file_reference","append_plus_barrier","append_plus_barrier","1","1","key_map","file","minimal_callback","1","32","5","1","1024","1015198645","1008.669589","999729","0"
"protocol-v5-20260807-220443","6d7edc7c29a60a94c59effeeb2b78d8b95038135","default-hasher:e33e9641d6e15aea","6d7edc7c29a60a94c59effeeb2b78d8b95038135","default-hasher:f20647ba796d9a0c","rustc 1.97.0 (2d8144b78 2026-07-07)","x86_64-unknown-linux-gnu","Linux 7.0.11-76070011-generic x86_64","Intel(R) Core(TM) Ultra 7 155H","/dev/nvme0n1p3[/tmp] ext4   rw,nosuid,nodev,noatime,errors=remount-ro","/tmp/pigment-db-durability-bench","12-19","comparator","mutex_file_reference","append_plus_barrier","append_plus_barrier","2","0","key_map","file","minimal_callback","1","32","5","2","1024","1046537924","978.464303","1003757","0"
"protocol-v5-20260807-220443","6d7edc7c29a60a94c59effeeb2b78d8b95038135","default-hasher:e33e9641d6e15aea","6d7edc7c29a60a94c59effeeb2b78d8b95038135","default-hasher:f20647ba796d9a0c","rustc 1.97.0 (2d8144b78 2026-07-07)","x86_64-unknown-linux-gnu","Linux 7.0.11-76070011-generic x86_64","Intel(R) Core(TM) Ultra 7 155H","/dev/nvme0n1p3[/tmp] ext4   rw,nosuid,nodev,noatime,errors=remount-ro","/tmp/pigment-db-durability-bench","12-19","candidate","candidate_pigment_db","physical","append_plus_barrier","2","1","key_map","file","minimal_callback","1","32","5","2","1024","1060004649","966.033499","1020939","0"
"protocol-v5-20260807-220443","6d7edc7c29a60a94c59effeeb2b78d8b95038135","default-hasher:e33e9641d6e15aea","6d7edc7c29a60a94c59effeeb2b78d8b95038135","default-hasher:f20647ba796d9a0c","rustc 1.97.0 (2d8144b78 2026-07-07)","x86_64-unknown-linux-gnu","Linux 7.0.11-76070011-generic x86_64","Intel(R) Core(TM) Ultra 7 155H","/dev/nvme0n1p3[/tmp] ext4   rw,nosuid,nodev,noatime,errors=remount-ro","/tmp/pigment-db-durability-bench","12-19","candidate","candidate_pigment_db","physical","append_plus_barrier","3","0","key_map","file","minimal_callback","1","32","5","3","1024","1223163333","837.173558","2786377","0"
"protocol-v5-20260807-220443","6d7edc7c29a60a94c59effeeb2b78d8b95038135","default-hasher:e33e9641d6e15aea","6d7edc7c29a60a94c59effeeb2b78d8b95038135","default-hasher:f20647ba796d9a0c","rustc 1.97.0 (2d8144b78 2026-07-07)","x86_64-unknown-linux-gnu","Linux 7.0.11-76070011-generic x86_64","Intel(R) Core(TM) Ultra 7 155H","/dev/nvme0n1p3[/tmp] ext4   rw,nosuid,nodev,noatime,errors=remount-ro","/tmp/pigment-db-durability-bench","12-19","comparator","mutex_file_reference","append_plus_barrier","append_plus_barrier","3","1","key_map","file","minimal_callback","1","32","5","3","1024","1049801645","975.422362","989740","0"
"protocol-v5-20260807-220443","6d7edc7c29a60a94c59effeeb2b78d8b95038135","default-hasher:e33e9641d6e15aea","6d7edc7c29a60a94c59effeeb2b78d8b95038135","default-hasher:f20647ba796d9a0c","rustc 1.97.0 (2d8144b78 2026-07-07)","x86_64-unknown-linux-gnu","Linux 7.0.11-76070011-generic x86_64","Intel(R) Core(TM) Ultra 7 155H","/dev/nvme0n1p3[/tmp] ext4   rw,nosuid,nodev,noatime,errors=remount-ro","/tmp/pigment-db-durability-bench","12-19","comparator","mutex_file_reference","append_plus_barrier","append_plus_barrier","4","0","key_map","file","minimal_callback","1","32","5","4","1024","1052279261","973.125707","1039351","0"
"protocol-v5-20260807-220443","6d7edc7c29a60a94c59effeeb2b78d8b95038135","default-hasher:e33e9641d6e15aea","6d7edc7c29a60a94c59effeeb2b78d8b95038135","default-hasher:f20647ba796d9a0c","rustc 1.97.0 (2d8144b78 2026-07-07)","x86_64-unknown-linux-gnu","Linux 7.0.11-76070011-generic x86_64","Intel(R) Core(TM) Ultra 7 155H","/dev/nvme0n1p3[/tmp] ext4   rw,nosuid,nodev,noatime,errors=remount-ro","/tmp/pigment-db-durability-bench","12-19","candidate","candidate_pigment_db","physical","append_plus_barrier","4","1","key_map","file","minimal_callback","1","32","5","4","1024","1024436085","999.574317","1044014","0"
"protocol-v5-20260807-220443","6d7edc7c29a60a94c59effeeb2b78d8b95038135","default-hasher:e33e9641d6e15aea","6d7edc7c29a60a94c59effeeb2b78d8b95038135","default-hasher:f20647ba796d9a0c","rustc 1.97.0 (2d8144b78 2026-07-07)","x86_64-unknown-linux-gnu","Linux 7.0.11-76070011-generic x86_64","Intel(R) Core(TM) Ultra 7 155H","/dev/nvme0n1p3[/tmp] ext4   rw,nosuid,nodev,noatime,errors=remount-ro","/tmp/pigment-db-durability-bench","12-19","candidate","candidate_pigment_db","physical","append_plus_barrier","5","0","key_map","file","minimal_callback","1","32","5","5","1024","1078491960","949.473930","1106980","0"
"protocol-v5-20260807-220443","6d7edc7c29a60a94c59effeeb2b78d8b95038135","default-hasher:e33e9641d6e15aea","6d7edc7c29a60a94c59effeeb2b78d8b95038135","default-hasher:f20647ba796d9a0c","rustc 1.97.0 (2d8144b78 2026-07-07)","x86_64-unknown-linux-gnu","Linux 7.0.11-76070011-generic x86_64","Intel(R) Core(TM) Ultra 7 155H","/dev/nvme0n1p3[/tmp] ext4   rw,nosuid,nodev,noatime,errors=remount-ro","/tmp/pigment-db-durability-bench","12-19","comparator","mutex_file_reference","append_plus_barrier","append_plus_barrier","5","1","key_map","file","minimal_callback","1","32","5","5","1024","1010896745","1012.962011","1001604","0"
"protocol-v5-20260807-220443","6d7edc7c29a60a94c59effeeb2b78d8b95038135","default-hasher:e33e9641d6e15aea","6d7edc7c29a60a94c59effeeb2b78d8b95038135","default-hasher:f20647ba796d9a0c","rustc 1.97.0 (2d8144b78 2026-07-07)","x86_64-unknown-linux-gnu","Linux 7.0.11-76070011-generic x86_64","Intel(R) Core(TM) Ultra 7 155H","/dev/nvme0n1p3[/tmp] ext4   rw,nosuid,nodev,noatime,errors=remount-ro","/tmp/pigment-db-durability-bench","12-19","comparator","mutex_file_reference","append_plus_barrier","append_plus_barrier","6","0","key_map","file","minimal_callback","1","32","5","6","1024","1037327326","987.152246","1023751","0"
"protocol-v5-20260807-220443","6d7edc7c29a60a94c59effeeb2b78d8b95038135","default-hasher:e33e9641d6e15aea","6d7edc7c29a60a94c59effeeb2b78d8b95038135","default-hasher:f20647ba796d9a0c","rustc 1.97.0 (2d8144b78 2026-07-07)","x86_64-unknown-linux-gnu","Linux 7.0.11-76070011-generic x86_64","Intel(R) Core(TM) Ultra 7 155H","/dev/nvme0n1p3[/tmp] ext4   rw,nosuid,nodev,noatime,errors=remount-ro","/tmp/pigment-db-durability-bench","12-19","candidate","candidate_pigment_db","physical","append_plus_barrier","6","1","key_map","file","minimal_callback","1","32","5","6","1024","1054107086","971.438304","1017123","0"
"protocol-v5-20260807-220443","6d7edc7c29a60a94c59effeeb2b78d8b95038135","default-hasher:e33e9641d6e15aea","6d7edc7c29a60a94c59effeeb2b78d8b95038135","default-hasher:f20647ba796d9a0c","rustc 1.97.0 (2d8144b78 2026-07-07)","x86_64-unknown-linux-gnu","Linux 7.0.11-76070011-generic x86_64","Intel(R) Core(TM) Ultra 7 155H","/dev/nvme0n1p3[/tmp] ext4   rw,nosuid,nodev,noatime,errors=remount-ro","/tmp/pigment-db-durability-bench","12-19","candidate","candidate_pigment_db","physical","append_plus_barrier","7","0","key_map","file","minimal_callback","1","32","5","7","1024","1041915083","982.805621","1043026","0"
"protocol-v5-20260807-220443","6d7edc7c29a60a94c59effeeb2b78d8b95038135","default-hasher:e33e9641d6e15aea","6d7edc7c29a60a94c59effeeb2b78d8b95038135","default-hasher:f20647ba796d9a0c","rustc 1.97.0 (2d8144b78 2026-07-07)","x86_64-unknown-linux-gnu","Linux 7.0.11-76070011-generic x86_64","Intel(R) Core(TM) Ultra 7 155H","/dev/nvme0n1p3[/tmp] ext4   rw,nosuid,nodev,noatime,errors=remount-ro","/tmp/pigment-db-durability-bench","12-19","comparator","mutex_file_reference","append_plus_barrier","append_plus_barrier","7","1","key_map","file","minimal_callback","1","32","5","7","1024","1054459209","971.113905","1008319","0"
"protocol-v5-20260807-220443","6d7edc7c29a60a94c59effeeb2b78d8b95038135","default-hasher:e33e9641d6e15aea","6d7edc7c29a60a94c59effeeb2b78d8b95038135","default-hasher:f20647ba796d9a0c","rustc 1.97.0 (2d8144b78 2026-07-07)","x86_64-unknown-linux-gnu","Linux 7.0.11-76070011-generic x86_64","Intel(R) Core(TM) Ultra 7 155H","/dev/nvme0n1p3[/tmp] ext4   rw,nosuid,nodev,noatime,errors=remount-ro","/tmp/pigment-db-durability-bench","12-19","comparator","mutex_file_reference","append_plus_barrier","append_plus_barrier","8","0","key_map","file","minimal_callback","1","32","5","8","1024","1021063676","1002.875750","1045689","0"
"protocol-v5-20260807-220443","6d7edc7c29a60a94c59effeeb2b78d8b95038135","default-hasher:e33e9641d6e15aea","6d7edc7c29a60a94c59effeeb2b78d8b95038135","default-hasher:f20647ba796d9a0c","rustc 1.97.0 (2d8144b78 2026-07-07)","x86_64-unknown-linux-gnu","Linux 7.0.11-76070011-generic x86_64","Intel(R) Core(TM) Ultra 7 155H","/dev/nvme0n1p3[/tmp] ext4   rw,nosuid,nodev,noatime,errors=remount-ro","/tmp/pigment-db-durability-bench","12-19","candidate","candidate_pigment_db","physical","append_plus_barrier","8","1","key_map","file","minimal_callback","1","32","5","8","1024","1028230347","995.885798","1023571","0"
"protocol-v5-20260807-220443","6d7edc7c29a60a94c59effeeb2b78d8b95038135","default-hasher:e33e9641d6e15aea","6d7edc7c29a60a94c59effeeb2b78d8b95038135","default-hasher:f20647ba796d9a0c","rustc 1.97.0 (2d8144b78 2026-07-07)","x86_64-unknown-linux-gnu","Linux 7.0.11-76070011-generic x86_64","Intel(R) Core(TM) Ultra 7 155H","/dev/nvme0n1p3[/tmp] ext4   rw,nosuid,nodev,noatime,errors=remount-ro","/tmp/pigment-db-durability-bench","12-19","candidate","candidate_pigment_db","physical","append_plus_barrier","9","0","key_map","file","minimal_callback","1","32","5","9","1024","1066458838","960.187082","1034229","0"
"protocol-v5-20260807-220443","6d7edc7c29a60a94c59effeeb2b78d8b95038135","default-hasher:e33e9641d6e15aea","6d7edc7c29a60a94c59effeeb2b78d8b95038135","default-hasher:f20647ba796d9a0c","rustc 1.97.0 (2d8144b78 2026-07-07)","x86_64-unknown-linux-gnu","Linux 7.0.11-76070011-generic x86_64","Intel(R) Core(TM) Ultra 7 155H","/dev/nvme0n1p3[/tmp] ext4   rw,nosuid,nodev,noatime,errors=remount-ro","/tmp/pigment-db-durability-bench","12-19","comparator","mutex_file_reference","append_plus_barrier","append_plus_barrier","9","1","key_map","file","minimal_callback","1","32","5","9","1024","1045073217","979.835655","1013061","0"
"protocol-v5-20260807-220443","6d7edc7c29a60a94c59effeeb2b78d8b95038135","default-hasher:e33e9641d6e15aea","6d7edc7c29a60a94c59effeeb2b78d8b95038135","default-hasher:f20647ba796d9a0c","rustc 1.97.0 (2d8144b78 2026-07-07)","x86_64-unknown-linux-gnu","Linux 7.0.11-76070011-generic x86_64","Intel(R) Core(TM) Ultra 7 155H","/dev/nvme0n1p3[/tmp] ext4   rw,nosuid,nodev,noatime,errors=remount-ro","/tmp/pigment-db-durability-bench","12-19","comparator","mutex_file_reference","append_plus_barrier","append_plus_barrier","10","0","key_map","file","minimal_callback","1","32","5","10","1024","1038402404","986.130229","1009066","0"
"protocol-v5-20260807-220443","6d7edc7c29a60a94c59effeeb2b78d8b95038135","default-hasher:e33e9641d6e15aea","6d7edc7c29a60a94c59effeeb2b78d8b95038135","default-hasher:f20647ba796d9a0c","rustc 1.97.0 (2d8144b78 2026-07-07)","x86_64-unknown-linux-gnu","Linux 7.0.11-76070011-generic x86_64","Intel(R) Core(TM) Ultra 7 155H","/dev/nvme0n1p3[/tmp] ext4   rw,nosuid,nodev,noatime,errors=remount-ro","/tmp/pigment-db-durability-bench","12-19","candidate","candidate_pigment_db","physical","append_plus_barrier","10","1","key_map","file","minimal_callback","1","32","5","10","1024","1082860298","945.643683","1076443","0"
"protocol-v5-20260807-220443","6d7edc7c29a60a94c59effeeb2b78d8b95038135","default-hasher:e33e9641d6e15aea","6d7edc7c29a60a94c59effeeb2b78d8b95038135","default-hasher:f20647ba796d9a0c","rustc 1.97.0 (2d8144b78 2026-07-07)","x86_64-unknown-linux-gnu","Linux 7.0.11-76070011-generic x86_64","Intel(R) Core(TM) Ultra 7 155H","/dev/nvme0n1p3[/tmp] ext4   rw,nosuid,nodev,noatime,errors=remount-ro","/tmp/pigment-db-durability-bench","12-19","comparator","mutex_file_reference","append_plus_barrier","append_plus_barrier","0","0","key_map","file","minimal_callback","8","32","5","0","1024","1086057995","942.859410","12706144","0"
"protocol-v5-20260807-220443","6d7edc7c29a60a94c59effeeb2b78d8b95038135","default-hasher:e33e9641d6e15aea","6d7edc7c29a60a94c59effeeb2b78d8b95038135","default-hasher:f20647ba796d9a0c","rustc 1.97.0 (2d8144b78 2026-07-07)","x86_64-unknown-linux-gnu","Linux 7.0.11-76070011-generic x86_64","Intel(R) Core(TM) Ultra 7 155H","/dev/nvme0n1p3[/tmp] ext4   rw,nosuid,nodev,noatime,errors=remount-ro","/tmp/pigment-db-durability-bench","12-19","candidate","candidate_pigment_db","physical","append_plus_barrier","0","1","key_map","file","minimal_callback","8","32","5","0","1024","1088964119","940.343196","11874551","0"
"protocol-v5-20260807-220443","6d7edc7c29a60a94c59effeeb2b78d8b95038135","default-hasher:e33e9641d6e15aea","6d7edc7c29a60a94c59effeeb2b78d8b95038135","default-hasher:f20647ba796d9a0c","rustc 1.97.0 (2d8144b78 2026-07-07)","x86_64-unknown-linux-gnu","Linux 7.0.11-76070011-generic x86_64","Intel(R) Core(TM) Ultra 7 155H","/dev/nvme0n1p3[/tmp] ext4   rw,nosuid,nodev,noatime,errors=remount-ro","/tmp/pigment-db-durability-bench","12-19","candidate","candidate_pigment_db","physical","append_plus_barrier","1","0","key_map","file","minimal_callback","8","32","5","1","1024","1067556384","959.199922","12724226","0"
"protocol-v5-20260807-220443","6d7edc7c29a60a94c59effeeb2b78d8b95038135","default-hasher:e33e9641d6e15aea","6d7edc7c29a60a94c59effeeb2b78d8b95038135","default-hasher:f20647ba796d9a0c","rustc 1.97.0 (2d8144b78 2026-07-07)","x86_64-unknown-linux-gnu","Linux 7.0.11-76070011-generic x86_64","Intel(R) Core(TM) Ultra 7 155H","/dev/nvme0n1p3[/tmp] ext4   rw,nosuid,nodev,noatime,errors=remount-ro","/tmp/pigment-db-durability-bench","12-19","comparator","mutex_file_reference","append_plus_barrier","append_plus_barrier","1","1","key_map","file","minimal_callback","8","32","5","1","1024","1046221164","978.760548","10057301","0"
"protocol-v5-20260807-220443","6d7edc7c29a60a94c59effeeb2b78d8b95038135","default-hasher:e33e9641d6e15aea","6d7edc7c29a60a94c59effeeb2b78d8b95038135","default-hasher:f20647ba796d9a0c","rustc 1.97.0 (2d8144b78 2026-07-07)","x86_64-unknown-linux-gnu","Linux 7.0.11-76070011-generic x86_64","Intel(R) Core(TM) Ultra 7 155H","/dev/nvme0n1p3[/tmp] ext4   rw,nosuid,nodev,noatime,errors=remount-ro","/tmp/pigment-db-durability-bench","12-19","comparator","mutex_file_reference","append_plus_barrier","append_plus_barrier","2","0","key_map","file","minimal_callback","8","32","5","2","1024","1061711406","964.480549","12997609","0"
"protocol-v5-20260807-220443","6d7edc7c29a60a94c59effeeb2b78d8b95038135","default-hasher:e33e9641d6e15aea","6d7edc7c29a60a94c59effeeb2b78d8b95038135","default-hasher:f20647ba796d9a0c","rustc 1.97.0 (2d8144b78 2026-07-07)","x86_64-unknown-linux-gnu","Linux 7.0.11-76070011-generic x86_64","Intel(R) Core(TM) Ultra 7 155H","/dev/nvme0n1p3[/tmp] ext4   rw,nosuid,nodev,noatime,errors=remount-ro","/tmp/pigment-db-durability-bench","12-19","candidate","candidate_pigment_db","physical","append_plus_barrier","2","1","key_map","file","minimal_callback","8","32","5","2","1024","1071091756","956.033873","12714029","0"
"protocol-v5-20260807-220443","6d7edc7c29a60a94c59effeeb2b78d8b95038135","default-hasher:e33e9641d6e15aea","6d7edc7c29a60a94c59effeeb2b78d8b95038135","default-hasher:f20647ba796d9a0c","rustc 1.97.0 (2d8144b78 2026-07-07)","x86_64-unknown-linux-gnu","Linux 7.0.11-76070011-generic x86_64","Intel(R) Core(TM) Ultra 7 155H","/dev/nvme0n1p3[/tmp] ext4   rw,nosuid,nodev,noatime,errors=remount-ro","/tmp/pigment-db-durability-bench","12-19","candidate","candidate_pigment_db","physical","append_plus_barrier","3","0","key_map","file","minimal_callback","8","32","5","3","1024","1077744838","950.132131","12786804","0"
"protocol-v5-20260807-220443","6d7edc7c29a60a94c59effeeb2b78d8b95038135","default-hasher:e33e9641d6e15aea","6d7edc7c29a60a94c59effeeb2b78d8b95038135","default-hasher:f20647ba796d9a0c","rustc 1.97.0 (2d8144b78 2026-07-07)","x86_64-unknown-linux-gnu","Linux 7.0.11-76070011-generic x86_64","Intel(R) Core(TM) Ultra 7 155H","/dev/nvme0n1p3[/tmp] ext4   rw,nosuid,nodev,noatime,errors=remount-ro","/tmp/pigment-db-durability-bench","12-19","comparator","mutex_file_reference","append_plus_barrier","append_plus_barrier","3","1","key_map","file","minimal_callback","8","32","5","3","1024","1094576613","935.521541","13637736","0"
"protocol-v5-20260807-220443","6d7edc7c29a60a94c59effeeb2b78d8b95038135","default-hasher:e33e9641d6e15aea","6d7edc7c29a60a94c59effeeb2b78d8b95038135","default-hasher:f20647ba796d9a0c","rustc 1.97.0 (2d8144b78 2026-07-07)","x86_64-unknown-linux-gnu","Linux 7.0.11-76070011-generic x86_64","Intel(R) Core(TM) Ultra 7 155H","/dev/nvme0n1p3[/tmp] ext4   rw,nosuid,nodev,noatime,errors=remount-ro","/tmp/pigment-db-durability-bench","12-19","comparator","mutex_file_reference","append_plus_barrier","append_plus_barrier","4","0","key_map","file","minimal_callback","8","32","5","4","1024","1075925912","951.738394","13664015","0"
"protocol-v5-20260807-220443","6d7edc7c29a60a94c59effeeb2b78d8b95038135","default-hasher:e33e9641d6e15aea","6d7edc7c29a60a94c59effeeb2b78d8b95038135","default-hasher:f20647ba796d9a0c","rustc 1.97.0 (2d8144b78 2026-07-07)","x86_64-unknown-linux-gnu","Linux 7.0.11-76070011-generic x86_64","Intel(R) Core(TM) Ultra 7 155H","/dev/nvme0n1p3[/tmp] ext4   rw,nosuid,nodev,noatime,errors=remount-ro","/tmp/pigment-db-durability-bench","12-19","candidate","candidate_pigment_db","physical","append_plus_barrier","4","1","key_map","file","minimal_callback","8","32","5","4","1024","1107523696","924.585184","13774333","0"
"protocol-v5-20260807-220443","6d7edc7c29a60a94c59effeeb2b78d8b95038135","default-hasher:e33e9641d6e15aea","6d7edc7c29a60a94c59effeeb2b78d8b95038135","default-hasher:f20647ba796d9a0c","rustc 1.97.0 (2d8144b78 2026-07-07)","x86_64-unknown-linux-gnu","Linux 7.0.11-76070011-generic x86_64","Intel(R) Core(TM) Ultra 7 155H","/dev/nvme0n1p3[/tmp] ext4   rw,nosuid,nodev,noatime,errors=remount-ro","/tmp/pigment-db-durability-bench","12-19","candidate","candidate_pigment_db","physical","append_plus_barrier","5","0","key_map","file","minimal_callback","8","32","5","5","1024","1059546685","966.451044","11880300","0"
"protocol-v5-20260807-220443","6d7edc7c29a60a94c59effeeb2b78d8b95038135","default-hasher:e33e9641d6e15aea","6d7edc7c29a60a94c59effeeb2b78d8b95038135","default-hasher:f20647ba796d9a0c","rustc 1.97.0 (2d8144b78 2026-07-07)","x86_64-unknown-linux-gnu","Linux 7.0.11-76070011-generic x86_64","Intel(R) Core(TM) Ultra 7 155H","/dev/nvme0n1p3[/tmp] ext4   rw,nosuid,nodev,noatime,errors=remount-ro","/tmp/pigment-db-durability-bench","12-19","comparator","mutex_file_reference","append_plus_barrier","append_plus_barrier","5","1","key_map","file","minimal_callback","8","32","5","5","1024","1083208895","945.339357","13742484","0"
"protocol-v5-20260807-220443","6d7edc7c29a60a94c59effeeb2b78d8b95038135","default-hasher:e33e9641d6e15aea","6d7edc7c29a60a94c59effeeb2b78d8b95038135","default-hasher:f20647ba796d9a0c","rustc 1.97.0 (2d8144b78 2026-07-07)","x86_64-unknown-linux-gnu","Linux 7.0.11-76070011-generic x86_64","Intel(R) Core(TM) Ultra 7 155H","/dev/nvme0n1p3[/tmp] ext4   rw,nosuid,nodev,noatime,errors=remount-ro","/tmp/pigment-db-durability-bench","12-19","comparator","mutex_file_reference","append_plus_barrier","append_plus_barrier","6","0","key_map","file","minimal_callback","8","32","5","6","1024","1059178123","966.787340","11793344","0"
"protocol-v5-20260807-220443","6d7edc7c29a60a94c59effeeb2b78d8b95038135","default-hasher:e33e9641d6e15aea","6d7edc7c29a60a94c59effeeb2b78d8b95038135","default-hasher:f20647ba796d9a0c","rustc 1.97.0 (2d8144b78 2026-07-07)","x86_64-unknown-linux-gnu","Linux 7.0.11-76070011-generic x86_64","Intel(R) Core(TM) Ultra 7 155H","/dev/nvme0n1p3[/tmp] ext4   rw,nosuid,nodev,noatime,errors=remount-ro","/tmp/pigment-db-durability-bench","12-19","candidate","candidate_pigment_db","physical","append_plus_barrier","6","1","key_map","file","minimal_callback","8","32","5","6","1024","1090203967","939.273779","11072785","0"
"protocol-v5-20260807-220443","6d7edc7c29a60a94c59effeeb2b78d8b95038135","default-hasher:e33e9641d6e15aea","6d7edc7c29a60a94c59effeeb2b78d8b95038135","default-hasher:f20647ba796d9a0c","rustc 1.97.0 (2d8144b78 2026-07-07)","x86_64-unknown-linux-gnu","Linux 7.0.11-76070011-generic x86_64","Intel(R) Core(TM) Ultra 7 155H","/dev/nvme0n1p3[/tmp] ext4   rw,nosuid,nodev,noatime,errors=remount-ro","/tmp/pigment-db-durability-bench","12-19","candidate","candidate_pigment_db","physical","append_plus_barrier","7","0","key_map","file","minimal_callback","8","32","5","7","1024","1103238488","928.176465","12833534","0"
"protocol-v5-20260807-220443","6d7edc7c29a60a94c59effeeb2b78d8b95038135","default-hasher:e33e9641d6e15aea","6d7edc7c29a60a94c59effeeb2b78d8b95038135","default-hasher:f20647ba796d9a0c","rustc 1.97.0 (2d8144b78 2026-07-07)","x86_64-unknown-linux-gnu","Linux 7.0.11-76070011-generic x86_64","Intel(R) Core(TM) Ultra 7 155H","/dev/nvme0n1p3[/tmp] ext4   rw,nosuid,nodev,noatime,errors=remount-ro","/tmp/pigment-db-durability-bench","12-19","comparator","mutex_file_reference","append_plus_barrier","append_plus_barrier","7","1","key_map","file","minimal_callback","8","32","5","7","1024","1060359501","965.710213","13602703","0"
"protocol-v5-20260807-220443","6d7edc7c29a60a94c59effeeb2b78d8b95038135","default-hasher:e33e9641d6e15aea","6d7edc7c29a60a94c59effeeb2b78d8b95038135","default-hasher:f20647ba796d9a0c","rustc 1.97.0 (2d8144b78 2026-07-07)","x86_64-unknown-linux-gnu","Linux 7.0.11-76070011-generic x86_64","Intel(R) Core(TM) Ultra 7 155H","/dev/nvme0n1p3[/tmp] ext4   rw,nosuid,nodev,noatime,errors=remount-ro","/tmp/pigment-db-durability-bench","12-19","comparator","mutex_file_reference","append_plus_barrier","append_plus_barrier","8","0","key_map","file","minimal_callback","8","32","5","8","1024","1084062710","944.594801","13709567","0"
"protocol-v5-20260807-220443","6d7edc7c29a60a94c59effeeb2b78d8b95038135","default-hasher:e33e9641d6e15aea","6d7edc7c29a60a94c59effeeb2b78d8b95038135","default-hasher:f20647ba796d9a0c","rustc 1.97.0 (2d8144b78 2026-07-07)","x86_64-unknown-linux-gnu","Linux 7.0.11-76070011-generic x86_64","Intel(R) Core(TM) Ultra 7 155H","/dev/nvme0n1p3[/tmp] ext4   rw,nosuid,nodev,noatime,errors=remount-ro","/tmp/pigment-db-durability-bench","12-19","candidate","candidate_pigment_db","physical","append_plus_barrier","8","1","key_map","file","minimal_callback","8","32","5","8","1024","1057797693","968.049001","12834556","0"
"protocol-v5-20260807-220443","6d7edc7c29a60a94c59effeeb2b78d8b95038135","default-hasher:e33e9641d6e15aea","6d7edc7c29a60a94c59effeeb2b78d8b95038135","default-hasher:f20647ba796d9a0c","rustc 1.97.0 (2d8144b78 2026-07-07)","x86_64-unknown-linux-gnu","Linux 7.0.11-76070011-generic x86_64","Intel(R) Core(TM) Ultra 7 155H","/dev/nvme0n1p3[/tmp] ext4   rw,nosuid,nodev,noatime,errors=remount-ro","/tmp/pigment-db-durability-bench","12-19","candidate","candidate_pigment_db","physical","append_plus_barrier","9","0","key_map","file","minimal_callback","8","32","5","9","1024","1076832148","950.937434","13642346","0"
"protocol-v5-20260807-220443","6d7edc7c29a60a94c59effeeb2b78d8b95038135","default-hasher:e33e9641d6e15aea","6d7edc7c29a60a94c59effeeb2b78d8b95038135","default-hasher:f20647ba796d9a0c","rustc 1.97.0 (2d8144b78 2026-07-07)","x86_64-unknown-linux-gnu","Linux 7.0.11-76070011-generic x86_64","Intel(R) Core(TM) Ultra 7 155H","/dev/nvme0n1p3[/tmp] ext4   rw,nosuid,nodev,noatime,errors=remount-ro","/tmp/pigment-db-durability-bench","12-19","comparator","mutex_file_reference","append_plus_barrier","append_plus_barrier","9","1","key_map","file","minimal_callback","8","32","5","9","1024","1085425351","943.408959","13631163","0"
"protocol-v5-20260807-220443","6d7edc7c29a60a94c59effeeb2b78d8b95038135","default-hasher:e33e9641d6e15aea","6d7edc7c29a60a94c59effeeb2b78d8b95038135","default-hasher:f20647ba796d9a0c","rustc 1.97.0 (2d8144b78 2026-07-07)","x86_64-unknown-linux-gnu","Linux 7.0.11-76070011-generic x86_64","Intel(R) Core(TM) Ultra 7 155H","/dev/nvme0n1p3[/tmp] ext4   rw,nosuid,nodev,noatime,errors=remount-ro","/tmp/pigment-db-durability-bench","12-19","comparator","mutex_file_reference","append_plus_barrier","append_plus_barrier","10","0","key_map","file","minimal_callback","8","32","5","10","1024","1079949141","948.192800","8676388","0"
"protocol-v5-20260807-220443","6d7edc7c29a60a94c59effeeb2b78d8b95038135","default-hasher:e33e9641d6e15aea","6d7edc7c29a60a94c59effeeb2b78d8b95038135","default-hasher:f20647ba796d9a0c","rustc 1.97.0 (2d8144b78 2026-07-07)","x86_64-unknown-linux-gnu","Linux 7.0.11-76070011-generic x86_64","Intel(R) Core(TM) Ultra 7 155H","/dev/nvme0n1p3[/tmp] ext4   rw,nosuid,nodev,noatime,errors=remount-ro","/tmp/pigment-db-durability-bench","12-19","candidate","candidate_pigment_db","physical","append_plus_barrier","10","1","key_map","file","minimal_callback","8","32","5","10","1024","1112448195","920.492302","12753192","0"
