capture_id,commit,dirty_hash,toolchain,target,os,cpu,filesystem,benchmark_root,implementation,policy,store_family,storage_mode,workload,workers,payload_bytes,warmup_count,sample_index,operations,elapsed_ns,ops_per_second,p95_latency_ns,failed_operations
"reference-protocol-v4-20260807-155736","6d7edc7c29a60a94c59effeeb2b78d8b95038135","default-hasher:de0de3506157cdeb","rustc 1.97.0 (2d8144b78 2026-07-07)","x86_64-unknown-linux-gnu","Linux 7.0.11-76070011-generic x86_64","Intel(R) Core(TM) Ultra 7 155H","/dev/nvme0n1p3[/tmp] ext4   rw,nosuid,nodev,noatime,errors=remount-ro","/tmp/pigment-db-durability-bench","mutex_file_reference","append_plus_barrier","key_value","file","ordinary_write","1","32","5","0","1024","1045366396","979.560854","1002076","0"
"reference-protocol-v4-20260807-155736","6d7edc7c29a60a94c59effeeb2b78d8b95038135","default-hasher:de0de3506157cdeb","rustc 1.97.0 (2d8144b78 2026-07-07)","x86_64-unknown-linux-gnu","Linux 7.0.11-76070011-generic x86_64","Intel(R) Core(TM) Ultra 7 155H","/dev/nvme0n1p3[/tmp] ext4   rw,nosuid,nodev,noatime,errors=remount-ro","/tmp/pigment-db-durability-bench","mutex_file_reference","append_plus_barrier","key_value","file","ordinary_write","1","32","5","1","1024","1056843926","968.922634","1008226","0"
"reference-protocol-v4-20260807-155736","6d7edc7c29a60a94c59effeeb2b78d8b95038135","default-hasher:de0de3506157cdeb","rustc 1.97.0 (2d8144b78 2026-07-07)","x86_64-unknown-linux-gnu","Linux 7.0.11-76070011-generic x86_64","Intel(R) Core(TM) Ultra 7 155H","/dev/nvme0n1p3[/tmp] ext4   rw,nosuid,nodev,noatime,errors=remount-ro","/tmp/pigment-db-durability-bench","mutex_file_reference","append_plus_barrier","key_value","file","ordinary_write","1","32","5","2","1024","1028797756","995.336541","978172","0"
"reference-protocol-v4-20260807-155736","6d7edc7c29a60a94c59effeeb2b78d8b95038135","default-hasher:de0de3506157cdeb","rustc 1.97.0 (2d8144b78 2026-07-07)","x86_64-unknown-linux-gnu","Linux 7.0.11-76070011-generic x86_64","Intel(R) Core(TM) Ultra 7 155H","/dev/nvme0n1p3[/tmp] ext4   rw,nosuid,nodev,noatime,errors=remount-ro","/tmp/pigment-db-durability-bench","mutex_file_reference","append_plus_barrier","key_value","file","ordinary_write","1","32","5","3","1024","994920567","1029.227894","996821","0"
"reference-protocol-v4-20260807-155736","6d7edc7c29a60a94c59effeeb2b78d8b95038135","default-hasher:de0de3506157cdeb","rustc 1.97.0 (2d8144b78 2026-07-07)","x86_64-unknown-linux-gnu","Linux 7.0.11-76070011-generic x86_64","Intel(R) Core(TM) Ultra 7 155H","/dev/nvme0n1p3[/tmp] ext4   rw,nosuid,nodev,noatime,errors=remount-ro","/tmp/pigment-db-durability-bench","mutex_file_reference","append_plus_barrier","key_value","file","ordinary_write","1","32","5","4","1024","1038001163","986.511419","1030766","0"
"reference-protocol-v4-20260807-155736","6d7edc7c29a60a94c59effeeb2b78d8b95038135","default-hasher:de0de3506157cdeb","rustc 1.97.0 (2d8144b78 2026-07-07)","x86_64-unknown-linux-gnu","Linux 7.0.11-76070011-generic x86_64","Intel(R) Core(TM) Ultra 7 155H","/dev/nvme0n1p3[/tmp] ext4   rw,nosuid,nodev,noatime,errors=remount-ro","/tmp/pigment-db-durability-bench","mutex_file_reference","append_plus_barrier","key_value","file","ordinary_write","1","32","5","5","1024","1030853512","993.351614","1024979","0"
"reference-protocol-v4-20260807-155736","6d7edc7c29a60a94c59effeeb2b78d8b95038135","default-hasher:de0de3506157cdeb","rustc 1.97.0 (2d8144b78 2026-07-07)","x86_64-unknown-linux-gnu","Linux 7.0.11-76070011-generic x86_64","Intel(R) Core(TM) Ultra 7 155H","/dev/nvme0n1p3[/tmp] ext4   rw,nosuid,nodev,noatime,errors=remount-ro","/tmp/pigment-db-durability-bench","mutex_file_reference","append_plus_barrier","key_value","file","ordinary_write","1","32","5","6","1024","1024129957","999.873105","988361","0"
"reference-protocol-v4-20260807-155736","6d7edc7c29a60a94c59effeeb2b78d8b95038135","default-hasher:de0de3506157cdeb","rustc 1.97.0 (2d8144b78 2026-07-07)","x86_64-unknown-linux-gnu","Linux 7.0.11-76070011-generic x86_64","Intel(R) Core(TM) Ultra 7 155H","/dev/nvme0n1p3[/tmp] ext4   rw,nosuid,nodev,noatime,errors=remount-ro","/tmp/pigment-db-durability-bench","mutex_file_reference","append_plus_barrier","key_value","file","ordinary_write","1","32","5","7","1024","1047974509","977.123004","1028605","0"
"reference-protocol-v4-20260807-155736","6d7edc7c29a60a94c59effeeb2b78d8b95038135","default-hasher:de0de3506157cdeb","rustc 1.97.0 (2d8144b78 2026-07-07)","x86_64-unknown-linux-gnu","Linux 7.0.11-76070011-generic x86_64","Intel(R) Core(TM) Ultra 7 155H","/dev/nvme0n1p3[/tmp] ext4   rw,nosuid,nodev,noatime,errors=remount-ro","/tmp/pigment-db-durability-bench","mutex_file_reference","append_plus_barrier","key_value","file","ordinary_write","1","32","5","8","1024","1029657589","994.505369","985149","0"
"reference-protocol-v4-20260807-155736","6d7edc7c29a60a94c59effeeb2b78d8b95038135","default-hasher:de0de3506157cdeb","rustc 1.97.0 (2d8144b78 2026-07-07)","x86_64-unknown-linux-gnu","Linux 7.0.11-76070011-generic x86_64","Intel(R) Core(TM) Ultra 7 155H","/dev/nvme0n1p3[/tmp] ext4   rw,nosuid,nodev,noatime,errors=remount-ro","/tmp/pigment-db-durability-bench","mutex_file_reference","append_plus_barrier","key_value","file","ordinary_write","1","32","5","9","1024","1026658117","997.410903","994771","0"
"reference-protocol-v4-20260807-155736","6d7edc7c29a60a94c59effeeb2b78d8b95038135","default-hasher:de0de3506157cdeb","rustc 1.97.0 (2d8144b78 2026-07-07)","x86_64-unknown-linux-gnu","Linux 7.0.11-76070011-generic x86_64","Intel(R) Core(TM) Ultra 7 155H","/dev/nvme0n1p3[/tmp] ext4   rw,nosuid,nodev,noatime,errors=remount-ro","/tmp/pigment-db-durability-bench","mutex_file_reference","append_plus_barrier","key_value","file","ordinary_write","1","32","5","10","1024","1020917372","1003.019469","991002","0"
"reference-protocol-v4-20260807-155736","6d7edc7c29a60a94c59effeeb2b78d8b95038135","default-hasher:de0de3506157cdeb","rustc 1.97.0 (2d8144b78 2026-07-07)","x86_64-unknown-linux-gnu","Linux 7.0.11-76070011-generic x86_64","Intel(R) Core(TM) Ultra 7 155H","/dev/nvme0n1p3[/tmp] ext4   rw,nosuid,nodev,noatime,errors=remount-ro","/tmp/pigment-db-durability-bench","mutex_file_reference","append_plus_barrier","key_value","file","ordinary_write","8","32","5","0","1024","1081479934","946.850670","13651197","0"
"reference-protocol-v4-20260807-155736","6d7edc7c29a60a94c59effeeb2b78d8b95038135","default-hasher:de0de3506157cdeb","rustc 1.97.0 (2d8144b78 2026-07-07)","x86_64-unknown-linux-gnu","Linux 7.0.11-76070011-generic x86_64","Intel(R) Core(TM) Ultra 7 155H","/dev/nvme0n1p3[/tmp] ext4   rw,nosuid,nodev,noatime,errors=remount-ro","/tmp/pigment-db-durability-bench","mutex_file_reference","append_plus_barrier","key_value","file","ordinary_write","8","32","5","1","1024","1054467615","971.106163","12963834","0"
"reference-protocol-v4-20260807-155736","6d7edc7c29a60a94c59effeeb2b78d8b95038135","default-hasher:de0de3506157cdeb","rustc 1.97.0 (2d8144b78 2026-07-07)","x86_64-unknown-linux-gnu","Linux 7.0.11-76070011-generic x86_64","Intel(R) Core(TM) Ultra 7 155H","/dev/nvme0n1p3[/tmp] ext4   rw,nosuid,nodev,noatime,errors=remount-ro","/tmp/pigment-db-durability-bench","mutex_file_reference","append_plus_barrier","key_value","file","ordinary_write","8","32","5","2","1024","1088080109","941.107177","13957321","0"
"reference-protocol-v4-20260807-155736","6d7edc7c29a60a94c59effeeb2b78d8b95038135","default-hasher:de0de3506157cdeb","rustc 1.97.0 (2d8144b78 2026-07-07)","x86_64-unknown-linux-gnu","Linux 7.0.11-76070011-generic x86_64","Intel(R) Core(TM) Ultra 7 155H","/dev/nvme0n1p3[/tmp] ext4   rw,nosuid,nodev,noatime,errors=remount-ro","/tmp/pigment-db-durability-bench","mutex_file_reference","append_plus_barrier","key_value","file","ordinary_write","8","32","5","3","1024","1067046463","959.658305","13662003","0"
"reference-protocol-v4-20260807-155736","6d7edc7c29a60a94c59effeeb2b78d8b95038135","default-hasher:de0de3506157cdeb","rustc 1.97.0 (2d8144b78 2026-07-07)","x86_64-unknown-linux-gnu","Linux 7.0.11-76070011-generic x86_64","Intel(R) Core(TM) Ultra 7 155H","/dev/nvme0n1p3[/tmp] ext4   rw,nosuid,nodev,noatime,errors=remount-ro","/tmp/pigment-db-durability-bench","mutex_file_reference","append_plus_barrier","key_value","file","ordinary_write","8","32","5","4","1024","1055333691","970.309210","12875143","0"
"reference-protocol-v4-20260807-155736","6d7edc7c29a60a94c59effeeb2b78d8b95038135","default-hasher:de0de3506157cdeb","rustc 1.97.0 (2d8144b78 2026-07-07)","x86_64-unknown-linux-gnu","Linux 7.0.11-76070011-generic x86_64","Intel(R) Core(TM) Ultra 7 155H","/dev/nvme0n1p3[/tmp] ext4   rw,nosuid,nodev,noatime,errors=remount-ro","/tmp/pigment-db-durability-bench","mutex_file_reference","append_plus_barrier","key_value","file","ordinary_write","8","32","5","5","1024","1081000396","947.270698","13738181","0"
"reference-protocol-v4-20260807-155736","6d7edc7c29a60a94c59effeeb2b78d8b95038135","default-hasher:de0de3506157cdeb","rustc 1.97.0 (2d8144b78 2026-07-07)","x86_64-unknown-linux-gnu","Linux 7.0.11-76070011-generic x86_64","Intel(R) Core(TM) Ultra 7 155H","/dev/nvme0n1p3[/tmp] ext4   rw,nosuid,nodev,noatime,errors=remount-ro","/tmp/pigment-db-durability-bench","mutex_file_reference","append_plus_barrier","key_value","file","ordinary_write","8","32","5","6","1024","1051624327","973.731754","12808218","0"
"reference-protocol-v4-20260807-155736","6d7edc7c29a60a94c59effeeb2b78d8b95038135","default-hasher:de0de3506157cdeb","rustc 1.97.0 (2d8144b78 2026-07-07)","x86_64-unknown-linux-gnu","Linux 7.0.11-76070011-generic x86_64","Intel(R) Core(TM) Ultra 7 155H","/dev/nvme0n1p3[/tmp] ext4   rw,nosuid,nodev,noatime,errors=remount-ro","/tmp/pigment-db-durability-bench","mutex_file_reference","append_plus_barrier","key_value","file","ordinary_write","8","32","5","7","1024","1067647480","959.118079","12919381","0"
"reference-protocol-v4-20260807-155736","6d7edc7c29a60a94c59effeeb2b78d8b95038135","default-hasher:de0de3506157cdeb","rustc 1.97.0 (2d8144b78 2026-07-07)","x86_64-unknown-linux-gnu","Linux 7.0.11-76070011-generic x86_64","Intel(R) Core(TM) Ultra 7 155H","/dev/nvme0n1p3[/tmp] ext4   rw,nosuid,nodev,noatime,errors=remount-ro","/tmp/pigment-db-durability-bench","mutex_file_reference","append_plus_barrier","key_value","file","ordinary_write","8","32","5","8","1024","1062213420","964.024725","7946088","0"
"reference-protocol-v4-20260807-155736","6d7edc7c29a60a94c59effeeb2b78d8b95038135","default-hasher:de0de3506157cdeb","rustc 1.97.0 (2d8144b78 2026-07-07)","x86_64-unknown-linux-gnu","Linux 7.0.11-76070011-generic x86_64","Intel(R) Core(TM) Ultra 7 155H","/dev/nvme0n1p3[/tmp] ext4   rw,nosuid,nodev,noatime,errors=remount-ro","/tmp/pigment-db-durability-bench","mutex_file_reference","append_plus_barrier","key_value","file","ordinary_write","8","32","5","9","1024","1085698626","943.171498","13560837","0"
"reference-protocol-v4-20260807-155736","6d7edc7c29a60a94c59effeeb2b78d8b95038135","default-hasher:de0de3506157cdeb","rustc 1.97.0 (2d8144b78 2026-07-07)","x86_64-unknown-linux-gnu","Linux 7.0.11-76070011-generic x86_64","Intel(R) Core(TM) Ultra 7 155H","/dev/nvme0n1p3[/tmp] ext4   rw,nosuid,nodev,noatime,errors=remount-ro","/tmp/pigment-db-durability-bench","mutex_file_reference","append_plus_barrier","key_value","file","ordinary_write","8","32","5","10","1024","1073343661","954.028087","12856294","0"
"reference-protocol-v4-20260807-155736","6d7edc7c29a60a94c59effeeb2b78d8b95038135","default-hasher:de0de3506157cdeb","rustc 1.97.0 (2d8144b78 2026-07-07)","x86_64-unknown-linux-gnu","Linux 7.0.11-76070011-generic x86_64","Intel(R) Core(TM) Ultra 7 155H","/dev/nvme0n1p3[/tmp] ext4   rw,nosuid,nodev,noatime,errors=remount-ro","/tmp/pigment-db-durability-bench","mutex_file_reference","append_plus_barrier","key_value","file","successful_remove","1","32","5","0","1024","1020538767","1003.391574","1038361","0"
"reference-protocol-v4-20260807-155736","6d7edc7c29a60a94c59effeeb2b78d8b95038135","default-hasher:de0de3506157cdeb","rustc 1.97.0 (2d8144b78 2026-07-07)","x86_64-unknown-linux-gnu","Linux 7.0.11-76070011-generic x86_64","Intel(R) Core(TM) Ultra 7 155H","/dev/nvme0n1p3[/tmp] ext4   rw,nosuid,nodev,noatime,errors=remount-ro","/tmp/pigment-db-durability-bench","mutex_file_reference","append_plus_barrier","key_value","file","successful_remove","1","32","5","1","1024","1047991149","977.107489","1027191","0"
"reference-protocol-v4-20260807-155736","6d7edc7c29a60a94c59effeeb2b78d8b95038135","default-hasher:de0de3506157cdeb","rustc 1.97.0 (2d8144b78 2026-07-07)","x86_64-unknown-linux-gnu","Linux 7.0.11-76070011-generic x86_64","Intel(R) Core(TM) Ultra 7 155H","/dev/nvme0n1p3[/tmp] ext4   rw,nosuid,nodev,noatime,errors=remount-ro","/tmp/pigment-db-durability-bench","mutex_file_reference","append_plus_barrier","key_value","file","successful_remove","1","32","5","2","1024","1036640111","987.806655","1024810","0"
"reference-protocol-v4-20260807-155736","6d7edc7c29a60a94c59effeeb2b78d8b95038135","default-hasher:de0de3506157cdeb","rustc 1.97.0 (2d8144b78 2026-07-07)","x86_64-unknown-linux-gnu","Linux 7.0.11-76070011-generic x86_64","Intel(R) Core(TM) Ultra 7 155H","/dev/nvme0n1p3[/tmp] ext4   rw,nosuid,nodev,noatime,errors=remount-ro","/tmp/pigment-db-durability-bench","mutex_file_reference","append_plus_barrier","key_value","file","successful_remove","1","32","5","3","1024","1005335801","1018.565139","1024744","0"
"reference-protocol-v4-20260807-155736","6d7edc7c29a60a94c59effeeb2b78d8b95038135","default-hasher:de0de3506157cdeb","rustc 1.97.0 (2d8144b78 2026-07-07)","x86_64-unknown-linux-gnu","Linux 7.0.11-76070011-generic x86_64","Intel(R) Core(TM) Ultra 7 155H","/dev/nvme0n1p3[/tmp] ext4   rw,nosuid,nodev,noatime,errors=remount-ro","/tmp/pigment-db-durability-bench","mutex_file_reference","append_plus_barrier","key_value","file","successful_remove","1","32","5","4","1024","1043501005","981.311944","988941","0"
"reference-protocol-v4-20260807-155736","6d7edc7c29a60a94c59effeeb2b78d8b95038135","default-hasher:de0de3506157cdeb","rustc 1.97.0 (2d8144b78 2026-07-07)","x86_64-unknown-linux-gnu","Linux 7.0.11-76070011-generic x86_64","Intel(R) Core(TM) Ultra 7 155H","/dev/nvme0n1p3[/tmp] ext4   rw,nosuid,nodev,noatime,errors=remount-ro","/tmp/pigment-db-durability-bench","mutex_file_reference","append_plus_barrier","key_value","file","successful_remove","1","32","5","5","1024","1041614372","983.089354","1040483","0"
"reference-protocol-v4-20260807-155736","6d7edc7c29a60a94c59effeeb2b78d8b95038135","default-hasher:de0de3506157cdeb","rustc 1.97.0 (2d8144b78 2026-07-07)","x86_64-unknown-linux-gnu","Linux 7.0.11-76070011-generic x86_64","Intel(R) Core(TM) Ultra 7 155H","/dev/nvme0n1p3[/tmp] ext4   rw,nosuid,nodev,noatime,errors=remount-ro","/tmp/pigment-db-durability-bench","mutex_file_reference","append_plus_barrier","key_value","file","successful_remove","1","32","5","6","1024","1028906041","995.231789","1002802","0"
"reference-protocol-v4-20260807-155736","6d7edc7c29a60a94c59effeeb2b78d8b95038135","default-hasher:de0de3506157cdeb","rustc 1.97.0 (2d8144b78 2026-07-07)","x86_64-unknown-linux-gnu","Linux 7.0.11-76070011-generic x86_64","Intel(R) Core(TM) Ultra 7 155H","/dev/nvme0n1p3[/tmp] ext4   rw,nosuid,nodev,noatime,errors=remount-ro","/tmp/pigment-db-durability-bench","mutex_file_reference","append_plus_barrier","key_value","file","successful_remove","1","32","5","7","1024","1036698195","987.751310","1015296","0"
"reference-protocol-v4-20260807-155736","6d7edc7c29a60a94c59effeeb2b78d8b95038135","default-hasher:de0de3506157cdeb","rustc 1.97.0 (2d8144b78 2026-07-07)","x86_64-unknown-linux-gnu","Linux 7.0.11-76070011-generic x86_64","Intel(R) Core(TM) Ultra 7 155H","/dev/nvme0n1p3[/tmp] ext4   rw,nosuid,nodev,noatime,errors=remount-ro","/tmp/pigment-db-durability-bench","mutex_file_reference","append_plus_barrier","key_value","file","successful_remove","1","32","5","8","1024","1042448963","982.302287","1002490","0"
"reference-protocol-v4-20260807-155736","6d7edc7c29a60a94c59effeeb2b78d8b95038135","default-hasher:de0de3506157cdeb","rustc 1.97.0 (2d8144b78 2026-07-07)","x86_64-unknown-linux-gnu","Linux 7.0.11-76070011-generic x86_64","Intel(R) Core(TM) Ultra 7 155H","/dev/nvme0n1p3[/tmp] ext4   rw,nosuid,nodev,noatime,errors=remount-ro","/tmp/pigment-db-durability-bench","mutex_file_reference","append_plus_barrier","key_value","file","successful_remove","1","32","5","9","1024","1038454253","986.080992","1029105","0"
"reference-protocol-v4-20260807-155736","6d7edc7c29a60a94c59effeeb2b78d8b95038135","default-hasher:de0de3506157cdeb","rustc 1.97.0 (2d8144b78 2026-07-07)","x86_64-unknown-linux-gnu","Linux 7.0.11-76070011-generic x86_64","Intel(R) Core(TM) Ultra 7 155H","/dev/nvme0n1p3[/tmp] ext4   rw,nosuid,nodev,noatime,errors=remount-ro","/tmp/pigment-db-durability-bench","mutex_file_reference","append_plus_barrier","key_value","file","successful_remove","1","32","5","10","1024","1021079685","1002.860027","961543","0"
"reference-protocol-v4-20260807-155736","6d7edc7c29a60a94c59effeeb2b78d8b95038135","default-hasher:de0de3506157cdeb","rustc 1.97.0 (2d8144b78 2026-07-07)","x86_64-unknown-linux-gnu","Linux 7.0.11-76070011-generic x86_64","Intel(R) Core(TM) Ultra 7 155H","/dev/nvme0n1p3[/tmp] ext4   rw,nosuid,nodev,noatime,errors=remount-ro","/tmp/pigment-db-durability-bench","mutex_file_reference","append_plus_barrier","key_value","file","successful_remove","8","32","5","0","1024","1085058668","943.727773","12905471","0"
"reference-protocol-v4-20260807-155736","6d7edc7c29a60a94c59effeeb2b78d8b95038135","default-hasher:de0de3506157cdeb","rustc 1.97.0 (2d8144b78 2026-07-07)","x86_64-unknown-linux-gnu","Linux 7.0.11-76070011-generic x86_64","Intel(R) Core(TM) Ultra 7 155H","/dev/nvme0n1p3[/tmp] ext4   rw,nosuid,nodev,noatime,errors=remount-ro","/tmp/pigment-db-durability-bench","mutex_file_reference","append_plus_barrier","key_value","file","successful_remove","8","32","5","1","1024","1067853603","958.932945","12832696","0"
"reference-protocol-v4-20260807-155736","6d7edc7c29a60a94c59effeeb2b78d8b95038135","default-hasher:de0de3506157cdeb","rustc 1.97.0 (2d8144b78 2026-07-07)","x86_64-unknown-linux-gnu","Linux 7.0.11-76070011-generic x86_64","Intel(R) Core(TM) Ultra 7 155H","/dev/nvme0n1p3[/tmp] ext4   rw,nosuid,nodev,noatime,errors=remount-ro","/tmp/pigment-db-durability-bench","mutex_file_reference","append_plus_barrier","key_value","file","successful_remove","8","32","5","2","1024","1074238852","953.233071","13798461","0"
"reference-protocol-v4-20260807-155736","6d7edc7c29a60a94c59effeeb2b78d8b95038135","default-hasher:de0de3506157cdeb","rustc 1.97.0 (2d8144b78 2026-07-07)","x86_64-unknown-linux-gnu","Linux 7.0.11-76070011-generic x86_64","Intel(R) Core(TM) Ultra 7 155H","/dev/nvme0n1p3[/tmp] ext4   rw,nosuid,nodev,noatime,errors=remount-ro","/tmp/pigment-db-durability-bench","mutex_file_reference","append_plus_barrier","key_value","file","successful_remove","8","32","5","3","1024","1074277756","953.198551","13736782","0"
"reference-protocol-v4-20260807-155736","6d7edc7c29a60a94c59effeeb2b78d8b95038135","default-hasher:de0de3506157cdeb","rustc 1.97.0 (2d8144b78 2026-07-07)","x86_64-unknown-linux-gnu","Linux 7.0.11-76070011-generic x86_64","Intel(R) Core(TM) Ultra 7 155H","/dev/nvme0n1p3[/tmp] ext4   rw,nosuid,nodev,noatime,errors=remount-ro","/tmp/pigment-db-durability-bench","mutex_file_reference","append_plus_barrier","key_value","file","successful_remove","8","32","5","4","1024","1061974855","964.241286","12706486","0"
"reference-protocol-v4-20260807-155736","6d7edc7c29a60a94c59effeeb2b78d8b95038135","default-hasher:de0de3506157cdeb","rustc 1.97.0 (2d8144b78 2026-07-07)","x86_64-unknown-linux-gnu","Linux 7.0.11-76070011-generic x86_64","Intel(R) Core(TM) Ultra 7 155H","/dev/nvme0n1p3[/tmp] ext4   rw,nosuid,nodev,noatime,errors=remount-ro","/tmp/pigment-db-durability-bench","mutex_file_reference","append_plus_barrier","key_value","file","successful_remove","8","32","5","5","1024","1071873994","955.336174","12948927","0"
"reference-protocol-v4-20260807-155736","6d7edc7c29a60a94c59effeeb2b78d8b95038135","default-hasher:de0de3506157cdeb","rustc 1.97.0 (2d8144b78 2026-07-07)","x86_64-unknown-linux-gnu","Linux 7.0.11-76070011-generic x86_64","Intel(R) Core(TM) Ultra 7 155H","/dev/nvme0n1p3[/tmp] ext4   rw,nosuid,nodev,noatime,errors=remount-ro","/tmp/pigment-db-durability-bench","mutex_file_reference","append_plus_barrier","key_value","file","successful_remove","8","32","5","6","1024","1096378524","933.984001","13809739","0"
"reference-protocol-v4-20260807-155736","6d7edc7c29a60a94c59effeeb2b78d8b95038135","default-hasher:de0de3506157cdeb","rustc 1.97.0 (2d8144b78 2026-07-07)","x86_64-unknown-linux-gnu","Linux 7.0.11-76070011-generic x86_64","Intel(R) Core(TM) Ultra 7 155H","/dev/nvme0n1p3[/tmp] ext4   rw,nosuid,nodev,noatime,errors=remount-ro","/tmp/pigment-db-durability-bench","mutex_file_reference","append_plus_barrier","key_value","file","successful_remove","8","32","5","7","1024","1093249379","936.657289","13774309","0"
"reference-protocol-v4-20260807-155736","6d7edc7c29a60a94c59effeeb2b78d8b95038135","default-hasher:de0de3506157cdeb","rustc 1.97.0 (2d8144b78 2026-07-07)","x86_64-unknown-linux-gnu","Linux 7.0.11-76070011-generic x86_64","Intel(R) Core(TM) Ultra 7 155H","/dev/nvme0n1p3[/tmp] ext4   rw,nosuid,nodev,noatime,errors=remount-ro","/tmp/pigment-db-durability-bench","mutex_file_reference","append_plus_barrier","key_value","file","successful_remove","8","32","5","8","1024","1092226284","937.534662","12043626","0"
"reference-protocol-v4-20260807-155736","6d7edc7c29a60a94c59effeeb2b78d8b95038135","default-hasher:de0de3506157cdeb","rustc 1.97.0 (2d8144b78 2026-07-07)","x86_64-unknown-linux-gnu","Linux 7.0.11-76070011-generic x86_64","Intel(R) Core(TM) Ultra 7 155H","/dev/nvme0n1p3[/tmp] ext4   rw,nosuid,nodev,noatime,errors=remount-ro","/tmp/pigment-db-durability-bench","mutex_file_reference","append_plus_barrier","key_value","file","successful_remove","8","32","5","9","1024","1037717032","986.781529","8221004","0"
"reference-protocol-v4-20260807-155736","6d7edc7c29a60a94c59effeeb2b78d8b95038135","default-hasher:de0de3506157cdeb","rustc 1.97.0 (2d8144b78 2026-07-07)","x86_64-unknown-linux-gnu","Linux 7.0.11-76070011-generic x86_64","Intel(R) Core(TM) Ultra 7 155H","/dev/nvme0n1p3[/tmp] ext4   rw,nosuid,nodev,noatime,errors=remount-ro","/tmp/pigment-db-durability-bench","mutex_file_reference","append_plus_barrier","key_value","file","successful_remove","8","32","5","10","1024","1050006008","975.232515","12599632","0"
"reference-protocol-v4-20260807-155736","6d7edc7c29a60a94c59effeeb2b78d8b95038135","default-hasher:de0de3506157cdeb","rustc 1.97.0 (2d8144b78 2026-07-07)","x86_64-unknown-linux-gnu","Linux 7.0.11-76070011-generic x86_64","Intel(R) Core(TM) Ultra 7 155H","/dev/nvme0n1p3[/tmp] ext4   rw,nosuid,nodev,noatime,errors=remount-ro","/tmp/pigment-db-durability-bench","mutex_file_reference","append_plus_barrier","key_value","file","minimal_callback","1","32","5","0","1024","1040052377","984.565799","1020825","0"
"reference-protocol-v4-20260807-155736","6d7edc7c29a60a94c59effeeb2b78d8b95038135","default-hasher:de0de3506157cdeb","rustc 1.97.0 (2d8144b78 2026-07-07)","x86_64-unknown-linux-gnu","Linux 7.0.11-76070011-generic x86_64","Intel(R) Core(TM) Ultra 7 155H","/dev/nvme0n1p3[/tmp] ext4   rw,nosuid,nodev,noatime,errors=remount-ro","/tmp/pigment-db-durability-bench","mutex_file_reference","append_plus_barrier","key_value","file","minimal_callback","1","32","5","1","1024","1030315462","993.870361","1011054","0"
"reference-protocol-v4-20260807-155736","6d7edc7c29a60a94c59effeeb2b78d8b95038135","default-hasher:de0de3506157cdeb","rustc 1.97.0 (2d8144b78 2026-07-07)","x86_64-unknown-linux-gnu","Linux 7.0.11-76070011-generic x86_64","Intel(R) Core(TM) Ultra 7 155H","/dev/nvme0n1p3[/tmp] ext4   rw,nosuid,nodev,noatime,errors=remount-ro","/tmp/pigment-db-durability-bench","mutex_file_reference","append_plus_barrier","key_value","file","minimal_callback","1","32","5","2","1024","1012493045","1011.364972","1006163","0"
"reference-protocol-v4-20260807-155736","6d7edc7c29a60a94c59effeeb2b78d8b95038135","default-hasher:de0de3506157cdeb","rustc 1.97.0 (2d8144b78 2026-07-07)","x86_64-unknown-linux-gnu","Linux 7.0.11-76070011-generic x86_64","Intel(R) Core(TM) Ultra 7 155H","/dev/nvme0n1p3[/tmp] ext4   rw,nosuid,nodev,noatime,errors=remount-ro","/tmp/pigment-db-durability-bench","mutex_file_reference","append_plus_barrier","key_value","file","minimal_callback","1","32","5","3","1024","1063713576","962.665160","1042326","0"
"reference-protocol-v4-20260807-155736","6d7edc7c29a60a94c59effeeb2b78d8b95038135","default-hasher:de0de3506157cdeb","rustc 1.97.0 (2d8144b78 2026-07-07)","x86_64-unknown-linux-gnu","Linux 7.0.11-76070011-generic x86_64","Intel(R) Core(TM) Ultra 7 155H","/dev/nvme0n1p3[/tmp] ext4   rw,nosuid,nodev,noatime,errors=remount-ro","/tmp/pigment-db-durability-bench","mutex_file_reference","append_plus_barrier","key_value","file","minimal_callback","1","32","5","4","1024","1035888475","988.523403","1048722","0"
"reference-protocol-v4-20260807-155736","6d7edc7c29a60a94c59effeeb2b78d8b95038135","default-hasher:de0de3506157cdeb","rustc 1.97.0 (2d8144b78 2026-07-07)","x86_64-unknown-linux-gnu","Linux 7.0.11-76070011-generic x86_64","Intel(R) Core(TM) Ultra 7 155H","/dev/nvme0n1p3[/tmp] ext4   rw,nosuid,nodev,noatime,errors=remount-ro","/tmp/pigment-db-durability-bench","mutex_file_reference","append_plus_barrier","key_value","file","minimal_callback","1","32","5","5","1024","1049062800","976.109343","986772","0"
"reference-protocol-v4-20260807-155736","6d7edc7c29a60a94c59effeeb2b78d8b95038135","default-hasher:de0de3506157cdeb","rustc 1.97.0 (2d8144b78 2026-07-07)","x86_64-unknown-linux-gnu","Linux 7.0.11-76070011-generic x86_64","Intel(R) Core(TM) Ultra 7 155H","/dev/nvme0n1p3[/tmp] ext4   rw,nosuid,nodev,noatime,errors=remount-ro","/tmp/pigment-db-durability-bench","mutex_file_reference","append_plus_barrier","key_value","file","minimal_callback","1","32","5","6","1024","1034908581","989.459377","973711","0"
"reference-protocol-v4-20260807-155736","6d7edc7c29a60a94c59effeeb2b78d8b95038135","default-hasher:de0de3506157cdeb","rustc 1.97.0 (2d8144b78 2026-07-07)","x86_64-unknown-linux-gnu","Linux 7.0.11-76070011-generic x86_64","Intel(R) Core(TM) Ultra 7 155H","/dev/nvme0n1p3[/tmp] ext4   rw,nosuid,nodev,noatime,errors=remount-ro","/tmp/pigment-db-durability-bench","mutex_file_reference","append_plus_barrier","key_value","file","minimal_callback","1","32","5","7","1024","1013290698","1010.568835","976906","0"
"reference-protocol-v4-20260807-155736","6d7edc7c29a60a94c59effeeb2b78d8b95038135","default-hasher:de0de3506157cdeb","rustc 1.97.0 (2d8144b78 2026-07-07)","x86_64-unknown-linux-gnu","Linux 7.0.11-76070011-generic x86_64","Intel(R) Core(TM) Ultra 7 155H","/dev/nvme0n1p3[/tmp] ext4   rw,nosuid,nodev,noatime,errors=remount-ro","/tmp/pigment-db-durability-bench","mutex_file_reference","append_plus_barrier","key_value","file","minimal_callback","1","32","5","8","1024","1021920248","1002.035141","974610","0"
"reference-protocol-v4-20260807-155736","6d7edc7c29a60a94c59effeeb2b78d8b95038135","default-hasher:de0de3506157cdeb","rustc 1.97.0 (2d8144b78 2026-07-07)","x86_64-unknown-linux-gnu","Linux 7.0.11-76070011-generic x86_64","Intel(R) Core(TM) Ultra 7 155H","/dev/nvme0n1p3[/tmp] ext4   rw,nosuid,nodev,noatime,errors=remount-ro","/tmp/pigment-db-durability-bench","mutex_file_reference","append_plus_barrier","key_value","file","minimal_callback","1","32","5","9","1024","1048860618","976.297501","986274","0"
"reference-protocol-v4-20260807-155736","6d7edc7c29a60a94c59effeeb2b78d8b95038135","default-hasher:de0de3506157cdeb","rustc 1.97.0 (2d8144b78 2026-07-07)","x86_64-unknown-linux-gnu","Linux 7.0.11-76070011-generic x86_64","Intel(R) Core(TM) Ultra 7 155H","/dev/nvme0n1p3[/tmp] ext4   rw,nosuid,nodev,noatime,errors=remount-ro","/tmp/pigment-db-durability-bench","mutex_file_reference","append_plus_barrier","key_value","file","minimal_callback","1","32","5","10","1024","1062239912","964.000682","1070947","0"
"reference-protocol-v4-20260807-155736","6d7edc7c29a60a94c59effeeb2b78d8b95038135","default-hasher:de0de3506157cdeb","rustc 1.97.0 (2d8144b78 2026-07-07)","x86_64-unknown-linux-gnu","Linux 7.0.11-76070011-generic x86_64","Intel(R) Core(TM) Ultra 7 155H","/dev/nvme0n1p3[/tmp] ext4   rw,nosuid,nodev,noatime,errors=remount-ro","/tmp/pigment-db-durability-bench","mutex_file_reference","append_plus_barrier","key_value","file","minimal_callback","8","32","5","0","1024","1066937895","959.755957","12476140","0"
"reference-protocol-v4-20260807-155736","6d7edc7c29a60a94c59effeeb2b78d8b95038135","default-hasher:de0de3506157cdeb","rustc 1.97.0 (2d8144b78 2026-07-07)","x86_64-unknown-linux-gnu","Linux 7.0.11-76070011-generic x86_64","Intel(R) Core(TM) Ultra 7 155H","/dev/nvme0n1p3[/tmp] ext4   rw,nosuid,nodev,noatime,errors=remount-ro","/tmp/pigment-db-durability-bench","mutex_file_reference","append_plus_barrier","key_value","file","minimal_callback","8","32","5","1","1024","1050285246","974.973231","8484524","0"
"reference-protocol-v4-20260807-155736","6d7edc7c29a60a94c59effeeb2b78d8b95038135","default-hasher:de0de3506157cdeb","rustc 1.97.0 (2d8144b78 2026-07-07)","x86_64-unknown-linux-gnu","Linux 7.0.11-76070011-generic x86_64","Intel(R) Core(TM) Ultra 7 155H","/dev/nvme0n1p3[/tmp] ext4   rw,nosuid,nodev,noatime,errors=remount-ro","/tmp/pigment-db-durability-bench","mutex_file_reference","append_plus_barrier","key_value","file","minimal_callback","8","32","5","2","1024","1049474164","975.726735","11825819","0"
"reference-protocol-v4-20260807-155736","6d7edc7c29a60a94c59effeeb2b78d8b95038135","default-hasher:de0de3506157cdeb","rustc 1.97.0 (2d8144b78 2026-07-07)","x86_64-unknown-linux-gnu","Linux 7.0.11-76070011-generic x86_64","Intel(R) Core(TM) Ultra 7 155H","/dev/nvme0n1p3[/tmp] ext4   rw,nosuid,nodev,noatime,errors=remount-ro","/tmp/pigment-db-durability-bench","mutex_file_reference","append_plus_barrier","key_value","file","minimal_callback","8","32","5","3","1024","1061786090","964.412710","10940649","0"
"reference-protocol-v4-20260807-155736","6d7edc7c29a60a94c59effeeb2b78d8b95038135","default-hasher:de0de3506157cdeb","rustc 1.97.0 (2d8144b78 2026-07-07)","x86_64-unknown-linux-gnu","Linux 7.0.11-76070011-generic x86_64","Intel(R) Core(TM) Ultra 7 155H","/dev/nvme0n1p3[/tmp] ext4   rw,nosuid,nodev,noatime,errors=remount-ro","/tmp/pigment-db-durability-bench","mutex_file_reference","append_plus_barrier","key_value","file","minimal_callback","8","32","5","4","1024","1093683370","936.285609","12899438","0"
"reference-protocol-v4-20260807-155736","6d7edc7c29a60a94c59effeeb2b78d8b95038135","default-hasher:de0de3506157cdeb","rustc 1.97.0 (2d8144b78 2026-07-07)","x86_64-unknown-linux-gnu","Linux 7.0.11-76070011-generic x86_64","Intel(R) Core(TM) Ultra 7 155H","/dev/nvme0n1p3[/tmp] ext4   rw,nosuid,nodev,noatime,errors=remount-ro","/tmp/pigment-db-durability-bench","mutex_file_reference","append_plus_barrier","key_value","file","minimal_callback","8","32","5","5","1024","1055607057","970.057933","8262149","0"
"reference-protocol-v4-20260807-155736","6d7edc7c29a60a94c59effeeb2b78d8b95038135","default-hasher:de0de3506157cdeb","rustc 1.97.0 (2d8144b78 2026-07-07)","x86_64-unknown-linux-gnu","Linux 7.0.11-76070011-generic x86_64","Intel(R) Core(TM) Ultra 7 155H","/dev/nvme0n1p3[/tmp] ext4   rw,nosuid,nodev,noatime,errors=remount-ro","/tmp/pigment-db-durability-bench","mutex_file_reference","append_plus_barrier","key_value","file","minimal_callback","8","32","5","6","1024","1082114472","946.295449","13595916","0"
"reference-protocol-v4-20260807-155736","6d7edc7c29a60a94c59effeeb2b78d8b95038135","default-hasher:de0de3506157cdeb","rustc 1.97.0 (2d8144b78 2026-07-07)","x86_64-unknown-linux-gnu","Linux 7.0.11-76070011-generic x86_64","Intel(R) Core(TM) Ultra 7 155H","/dev/nvme0n1p3[/tmp] ext4   rw,nosuid,nodev,noatime,errors=remount-ro","/tmp/pigment-db-durability-bench","mutex_file_reference","append_plus_barrier","key_value","file","minimal_callback","8","32","5","7","1024","1077664999","950.202522","13807807","0"
"reference-protocol-v4-20260807-155736","6d7edc7c29a60a94c59effeeb2b78d8b95038135","default-hasher:de0de3506157cdeb","rustc 1.97.0 (2d8144b78 2026-07-07)","x86_64-unknown-linux-gnu","Linux 7.0.11-76070011-generic x86_64","Intel(R) Core(TM) Ultra 7 155H","/dev/nvme0n1p3[/tmp] ext4   rw,nosuid,nodev,noatime,errors=remount-ro","/tmp/pigment-db-durability-bench","mutex_file_reference","append_plus_barrier","key_value","file","minimal_callback","8","32","5","8","1024","1059419104","966.567429","11950196","0"
"reference-protocol-v4-20260807-155736","6d7edc7c29a60a94c59effeeb2b78d8b95038135","default-hasher:de0de3506157cdeb","rustc 1.97.0 (2d8144b78 2026-07-07)","x86_64-unknown-linux-gnu","Linux 7.0.11-76070011-generic x86_64","Intel(R) Core(TM) Ultra 7 155H","/dev/nvme0n1p3[/tmp] ext4   rw,nosuid,nodev,noatime,errors=remount-ro","/tmp/pigment-db-durability-bench","mutex_file_reference","append_plus_barrier","key_value","file","minimal_callback","8","32","5","9","1024","1069612145","957.356370","12772033","0"
"reference-protocol-v4-20260807-155736","6d7edc7c29a60a94c59effeeb2b78d8b95038135","default-hasher:de0de3506157cdeb","rustc 1.97.0 (2d8144b78 2026-07-07)","x86_64-unknown-linux-gnu","Linux 7.0.11-76070011-generic x86_64","Intel(R) Core(TM) Ultra 7 155H","/dev/nvme0n1p3[/tmp] ext4   rw,nosuid,nodev,noatime,errors=remount-ro","/tmp/pigment-db-durability-bench","mutex_file_reference","append_plus_barrier","key_value","file","minimal_callback","8","32","5","10","1024","1134722377","902.423378","12785738","0"
"reference-protocol-v4-20260807-155736","6d7edc7c29a60a94c59effeeb2b78d8b95038135","default-hasher:de0de3506157cdeb","rustc 1.97.0 (2d8144b78 2026-07-07)","x86_64-unknown-linux-gnu","Linux 7.0.11-76070011-generic x86_64","Intel(R) Core(TM) Ultra 7 155H","/dev/nvme0n1p3[/tmp] ext4   rw,nosuid,nodev,noatime,errors=remount-ro","/tmp/pigment-db-durability-bench","mutex_file_reference","append_plus_barrier","key_set","file","ordinary_write","1","32","5","0","1024","1029459040","994.697176","996574","0"
"reference-protocol-v4-20260807-155736","6d7edc7c29a60a94c59effeeb2b78d8b95038135","default-hasher:de0de3506157cdeb","rustc 1.97.0 (2d8144b78 2026-07-07)","x86_64-unknown-linux-gnu","Linux 7.0.11-76070011-generic x86_64","Intel(R) Core(TM) Ultra 7 155H","/dev/nvme0n1p3[/tmp] ext4   rw,nosuid,nodev,noatime,errors=remount-ro","/tmp/pigment-db-durability-bench","mutex_file_reference","append_plus_barrier","key_set","file","ordinary_write","1","32","5","1","1024","1012833347","1011.025163","1020799","0"
"reference-protocol-v4-20260807-155736","6d7edc7c29a60a94c59effeeb2b78d8b95038135","default-hasher:de0de3506157cdeb","rustc 1.97.0 (2d8144b78 2026-07-07)","x86_64-unknown-linux-gnu","Linux 7.0.11-76070011-generic x86_64","Intel(R) Core(TM) Ultra 7 155H","/dev/nvme0n1p3[/tmp] ext4   rw,nosuid,nodev,noatime,errors=remount-ro","/tmp/pigment-db-durability-bench","mutex_file_reference","append_plus_barrier","key_set","file","ordinary_write","1","32","5","2","1024","1050778625","974.515446","1012707","0"
"reference-protocol-v4-20260807-155736","6d7edc7c29a60a94c59effeeb2b78d8b95038135","default-hasher:de0de3506157cdeb","rustc 1.97.0 (2d8144b78 2026-07-07)","x86_64-unknown-linux-gnu","Linux 7.0.11-76070011-generic x86_64","Intel(R) Core(TM) Ultra 7 155H","/dev/nvme0n1p3[/tmp] ext4   rw,nosuid,nodev,noatime,errors=remount-ro","/tmp/pigment-db-durability-bench","mutex_file_reference","append_plus_barrier","key_set","file","ordinary_write","1","32","5","3","1024","1024809720","999.209883","985479","0"
"reference-protocol-v4-20260807-155736","6d7edc7c29a60a94c59effeeb2b78d8b95038135","default-hasher:de0de3506157cdeb","rustc 1.97.0 (2d8144b78 2026-07-07)","x86_64-unknown-linux-gnu","Linux 7.0.11-76070011-generic x86_64","Intel(R) Core(TM) Ultra 7 155H","/dev/nvme0n1p3[/tmp] ext4   rw,nosuid,nodev,noatime,errors=remount-ro","/tmp/pigment-db-durability-bench","mutex_file_reference","append_plus_barrier","key_set","file","ordinary_write","1","32","5","4","1024","1045974263","978.991583","1036254","0"
"reference-protocol-v4-20260807-155736","6d7edc7c29a60a94c59effeeb2b78d8b95038135","default-hasher:de0de3506157cdeb","rustc 1.97.0 (2d8144b78 2026-07-07)","x86_64-unknown-linux-gnu","Linux 7.0.11-76070011-generic x86_64","Intel(R) Core(TM) Ultra 7 155H","/dev/nvme0n1p3[/tmp] ext4   rw,nosuid,nodev,noatime,errors=remount-ro","/tmp/pigment-db-durability-bench","mutex_file_reference","append_plus_barrier","key_set","file","ordinary_write","1","32","5","5","1024","1037208653","987.265192","976311","0"
"reference-protocol-v4-20260807-155736","6d7edc7c29a60a94c59effeeb2b78d8b95038135","default-hasher:de0de3506157cdeb","rustc 1.97.0 (2d8144b78 2026-07-07)","x86_64-unknown-linux-gnu","Linux 7.0.11-76070011-generic x86_64","Intel(R) Core(TM) Ultra 7 155H","/dev/nvme0n1p3[/tmp] ext4   rw,nosuid,nodev,noatime,errors=remount-ro","/tmp/pigment-db-durability-bench","mutex_file_reference","append_plus_barrier","key_set","file","ordinary_write","1","32","5","6","1024","1009604373","1014.258681","977782","0"
"reference-protocol-v4-20260807-155736","6d7edc7c29a60a94c59effeeb2b78d8b95038135","default-hasher:de0de3506157cdeb","rustc 1.97.0 (2d8144b78 2026-07-07)","x86_64-unknown-linux-gnu","Linux 7.0.11-76070011-generic x86_64","Intel(R) Core(TM) Ultra 7 155H","/dev/nvme0n1p3[/tmp] ext4   rw,nosuid,nodev,noatime,errors=remount-ro","/tmp/pigment-db-durability-bench","mutex_file_reference","append_plus_barrier","key_set","file","ordinary_write","1","32","5","7","1024","1044335782","980.527545","998914","0"
"reference-protocol-v4-20260807-155736","6d7edc7c29a60a94c59effeeb2b78d8b95038135","default-hasher:de0de3506157cdeb","rustc 1.97.0 (2d8144b78 2026-07-07)","x86_64-unknown-linux-gnu","Linux 7.0.11-76070011-generic x86_64","Intel(R) Core(TM) Ultra 7 155H","/dev/nvme0n1p3[/tmp] ext4   rw,nosuid,nodev,noatime,errors=remount-ro","/tmp/pigment-db-durability-bench","mutex_file_reference","append_plus_barrier","key_set","file","ordinary_write","1","32","5","8","1024","1036120147","988.302373","999397","0"
"reference-protocol-v4-20260807-155736","6d7edc7c29a60a94c59effeeb2b78d8b95038135","default-hasher:de0de3506157cdeb","rustc 1.97.0 (2d8144b78 2026-07-07)","x86_64-unknown-linux-gnu","Linux 7.0.11-76070011-generic x86_64","Intel(R) Core(TM) Ultra 7 155H","/dev/nvme0n1p3[/tmp] ext4   rw,nosuid,nodev,noatime,errors=remount-ro","/tmp/pigment-db-durability-bench","mutex_file_reference","append_plus_barrier","key_set","file","ordinary_write","1","32","5","9","1024","1042984375","981.798025","1008238","0"
"reference-protocol-v4-20260807-155736","6d7edc7c29a60a94c59effeeb2b78d8b95038135","default-hasher:de0de3506157cdeb","rustc 1.97.0 (2d8144b78 2026-07-07)","x86_64-unknown-linux-gnu","Linux 7.0.11-76070011-generic x86_64","Intel(R) Core(TM) Ultra 7 155H","/dev/nvme0n1p3[/tmp] ext4   rw,nosuid,nodev,noatime,errors=remount-ro","/tmp/pigment-db-durability-bench","mutex_file_reference","append_plus_barrier","key_set","file","ordinary_write","1","32","5","10","1024","1034686708","989.671552","989763","0"
"reference-protocol-v4-20260807-155736","6d7edc7c29a60a94c59effeeb2b78d8b95038135","default-hasher:de0de3506157cdeb","rustc 1.97.0 (2d8144b78 2026-07-07)","x86_64-unknown-linux-gnu","Linux 7.0.11-76070011-generic x86_64","Intel(R) Core(TM) Ultra 7 155H","/dev/nvme0n1p3[/tmp] ext4   rw,nosuid,nodev,noatime,errors=remount-ro","/tmp/pigment-db-durability-bench","mutex_file_reference","append_plus_barrier","key_set","file","ordinary_write","8","32","5","0","1024","1098007260","932.598570","13884088","0"
"reference-protocol-v4-20260807-155736","6d7edc7c29a60a94c59effeeb2b78d8b95038135","default-hasher:de0de3506157cdeb","rustc 1.97.0 (2d8144b78 2026-07-07)","x86_64-unknown-linux-gnu","Linux 7.0.11-76070011-generic x86_64","Intel(R) Core(TM) Ultra 7 155H","/dev/nvme0n1p3[/tmp] ext4   rw,nosuid,nodev,noatime,errors=remount-ro","/tmp/pigment-db-durability-bench","mutex_file_reference","append_plus_barrier","key_set","file","ordinary_write","8","32","5","1","1024","1135507126","901.799713","14240448","0"
"reference-protocol-v4-20260807-155736","6d7edc7c29a60a94c59effeeb2b78d8b95038135","default-hasher:de0de3506157cdeb","rustc 1.97.0 (2d8144b78 2026-07-07)","x86_64-unknown-linux-gnu","Linux 7.0.11-76070011-generic x86_64","Intel(R) Core(TM) Ultra 7 155H","/dev/nvme0n1p3[/tmp] ext4   rw,nosuid,nodev,noatime,errors=remount-ro","/tmp/pigment-db-durability-bench","mutex_file_reference","append_plus_barrier","key_set","file","ordinary_write","8","32","5","2","1024","1096117656","934.206282","13656622","0"
"reference-protocol-v4-20260807-155736","6d7edc7c29a60a94c59effeeb2b78d8b95038135","default-hasher:de0de3506157cdeb","rustc 1.97.0 (2d8144b78 2026-07-07)","x86_64-unknown-linux-gnu","Linux 7.0.11-76070011-generic x86_64","Intel(R) Core(TM) Ultra 7 155H","/dev/nvme0n1p3[/tmp] ext4   rw,nosuid,nodev,noatime,errors=remount-ro","/tmp/pigment-db-durability-bench","mutex_file_reference","append_plus_barrier","key_set","file","ordinary_write","8","32","5","3","1024","1097959617","932.639037","13868138","0"
"reference-protocol-v4-20260807-155736","6d7edc7c29a60a94c59effeeb2b78d8b95038135","default-hasher:de0de3506157cdeb","rustc 1.97.0 (2d8144b78 2026-07-07)","x86_64-unknown-linux-gnu","Linux 7.0.11-76070011-generic x86_64","Intel(R) Core(TM) Ultra 7 155H","/dev/nvme0n1p3[/tmp] ext4   rw,nosuid,nodev,noatime,errors=remount-ro","/tmp/pigment-db-durability-bench","mutex_file_reference","append_plus_barrier","key_set","file","ordinary_write","8","32","5","4","1024","1095957608","934.342709","12101219","0"
"reference-protocol-v4-20260807-155736","6d7edc7c29a60a94c59effeeb2b78d8b95038135","default-hasher:de0de3506157cdeb","rustc 1.97.0 (2d8144b78 2026-07-07)","x86_64-unknown-linux-gnu","Linux 7.0.11-76070011-generic x86_64","Intel(R) Core(TM) Ultra 7 155H","/dev/nvme0n1p3[/tmp] ext4   rw,nosuid,nodev,noatime,errors=remount-ro","/tmp/pigment-db-durability-bench","mutex_file_reference","append_plus_barrier","key_set","file","ordinary_write","8","32","5","5","1024","1161922116","881.298312","13487538","0"
"reference-protocol-v4-20260807-155736","6d7edc7c29a60a94c59effeeb2b78d8b95038135","default-hasher:de0de3506157cdeb","rustc 1.97.0 (2d8144b78 2026-07-07)","x86_64-unknown-linux-gnu","Linux 7.0.11-76070011-generic x86_64","Intel(R) Core(TM) Ultra 7 155H","/dev/nvme0n1p3[/tmp] ext4   rw,nosuid,nodev,noatime,errors=remount-ro","/tmp/pigment-db-durability-bench","mutex_file_reference","append_plus_barrier","key_set","file","ordinary_write","8","32","5","6","1024","1092305580","937.466602","13553834","0"
"reference-protocol-v4-20260807-155736","6d7edc7c29a60a94c59effeeb2b78d8b95038135","default-hasher:de0de3506157cdeb","rustc 1.97.0 (2d8144b78 2026-07-07)","x86_64-unknown-linux-gnu","Linux 7.0.11-76070011-generic x86_64","Intel(R) Core(TM) Ultra 7 155H","/dev/nvme0n1p3[/tmp] ext4   rw,nosuid,nodev,noatime,errors=remount-ro","/tmp/pigment-db-durability-bench","mutex_file_reference","append_plus_barrier","key_set","file","ordinary_write","8","32","5","7","1024","1078732866","949.261891","13588180","0"
"reference-protocol-v4-20260807-155736","6d7edc7c29a60a94c59effeeb2b78d8b95038135","default-hasher:de0de3506157cdeb","rustc 1.97.0 (2d8144b78 2026-07-07)","x86_64-unknown-linux-gnu","Linux 7.0.11-76070011-generic x86_64","Intel(R) Core(TM) Ultra 7 155H","/dev/nvme0n1p3[/tmp] ext4   rw,nosuid,nodev,noatime,errors=remount-ro","/tmp/pigment-db-durability-bench","mutex_file_reference","append_plus_barrier","key_set","file","ordinary_write","8","32","5","8","1024","1053696505","971.816833","10042636","0"
"reference-protocol-v4-20260807-155736","6d7edc7c29a60a94c59effeeb2b78d8b95038135","default-hasher:de0de3506157cdeb","rustc 1.97.0 (2d8144b78 2026-07-07)","x86_64-unknown-linux-gnu","Linux 7.0.11-76070011-generic x86_64","Intel(R) Core(TM) Ultra 7 155H","/dev/nvme0n1p3[/tmp] ext4   rw,nosuid,nodev,noatime,errors=remount-ro","/tmp/pigment-db-durability-bench","mutex_file_reference","append_plus_barrier","key_set","file","ordinary_write","8","32","5","9","1024","1075311763","952.281966","11962790","0"
"reference-protocol-v4-20260807-155736","6d7edc7c29a60a94c59effeeb2b78d8b95038135","default-hasher:de0de3506157cdeb","rustc 1.97.0 (2d8144b78 2026-07-07)","x86_64-unknown-linux-gnu","Linux 7.0.11-76070011-generic x86_64","Intel(R) Core(TM) Ultra 7 155H","/dev/nvme0n1p3[/tmp] ext4   rw,nosuid,nodev,noatime,errors=remount-ro","/tmp/pigment-db-durability-bench","mutex_file_reference","append_plus_barrier","key_set","file","ordinary_write","8","32","5","10","1024","1039409100","985.175135","11888648","0"
"reference-protocol-v4-20260807-155736","6d7edc7c29a60a94c59effeeb2b78d8b95038135","default-hasher:de0de3506157cdeb","rustc 1.97.0 (2d8144b78 2026-07-07)","x86_64-unknown-linux-gnu","Linux 7.0.11-76070011-generic x86_64","Intel(R) Core(TM) Ultra 7 155H","/dev/nvme0n1p3[/tmp] ext4   rw,nosuid,nodev,noatime,errors=remount-ro","/tmp/pigment-db-durability-bench","mutex_file_reference","append_plus_barrier","key_set","file","successful_remove","1","32","5","0","1024","1043971806","980.869401","1001514","0"
"reference-protocol-v4-20260807-155736","6d7edc7c29a60a94c59effeeb2b78d8b95038135","default-hasher:de0de3506157cdeb","rustc 1.97.0 (2d8144b78 2026-07-07)","x86_64-unknown-linux-gnu","Linux 7.0.11-76070011-generic x86_64","Intel(R) Core(TM) Ultra 7 155H","/dev/nvme0n1p3[/tmp] ext4   rw,nosuid,nodev,noatime,errors=remount-ro","/tmp/pigment-db-durability-bench","mutex_file_reference","append_plus_barrier","key_set","file","successful_remove","1","32","5","1","1024","1045284181","979.637900","1055135","0"
"reference-protocol-v4-20260807-155736","6d7edc7c29a60a94c59effeeb2b78d8b95038135","default-hasher:de0de3506157cdeb","rustc 1.97.0 (2d8144b78 2026-07-07)","x86_64-unknown-linux-gnu","Linux 7.0.11-76070011-generic x86_64","Intel(R) Core(TM) Ultra 7 155H","/dev/nvme0n1p3[/tmp] ext4   rw,nosuid,nodev,noatime,errors=remount-ro","/tmp/pigment-db-durability-bench","mutex_file_reference","append_plus_barrier","key_set","file","successful_remove","1","32","5","2","1024","1027455810","996.636537","1067104","0"
"reference-protocol-v4-20260807-155736","6d7edc7c29a60a94c59effeeb2b78d8b95038135","default-hasher:de0de3506157cdeb","rustc 1.97.0 (2d8144b78 2026-07-07)","x86_64-unknown-linux-gnu","Linux 7.0.11-76070011-generic x86_64","Intel(R) Core(TM) Ultra 7 155H","/dev/nvme0n1p3[/tmp] ext4   rw,nosuid,nodev,noatime,errors=remount-ro","/tmp/pigment-db-durability-bench","mutex_file_reference","append_plus_barrier","key_set","file","successful_remove","1","32","5","3","1024","1063328476","963.013803","1026121","0"
"reference-protocol-v4-20260807-155736","6d7edc7c29a60a94c59effeeb2b78d8b95038135","default-hasher:de0de3506157cdeb","rustc 1.97.0 (2d8144b78 2026-07-07)","x86_64-unknown-linux-gnu","Linux 7.0.11-76070011-generic x86_64","Intel(R) Core(TM) Ultra 7 155H","/dev/nvme0n1p3[/tmp] ext4   rw,nosuid,nodev,noatime,errors=remount-ro","/tmp/pigment-db-durability-bench","mutex_file_reference","append_plus_barrier","key_set","file","successful_remove","1","32","5","4","1024","1046207243","978.773572","1051640","0"
"reference-protocol-v4-20260807-155736","6d7edc7c29a60a94c59effeeb2b78d8b95038135","default-hasher:de0de3506157cdeb","rustc 1.97.0 (2d8144b78 2026-07-07)","x86_64-unknown-linux-gnu","Linux 7.0.11-76070011-generic x86_64","Intel(R) Core(TM) Ultra 7 155H","/dev/nvme0n1p3[/tmp] ext4   rw,nosuid,nodev,noatime,errors=remount-ro","/tmp/pigment-db-durability-bench","mutex_file_reference","append_plus_barrier","key_set","file","successful_remove","1","32","5","5","1024","1049296542","975.891904","996103","0"
"reference-protocol-v4-20260807-155736","6d7edc7c29a60a94c59effeeb2b78d8b95038135","default-hasher:de0de3506157cdeb","rustc 1.97.0 (2d8144b78 2026-07-07)","x86_64-unknown-linux-gnu","Linux 7.0.11-76070011-generic x86_64","Intel(R) Core(TM) Ultra 7 155H","/dev/nvme0n1p3[/tmp] ext4   rw,nosuid,nodev,noatime,errors=remount-ro","/tmp/pigment-db-durability-bench","mutex_file_reference","append_plus_barrier","key_set","file","successful_remove","1","32","5","6","1024","1038138110","986.381282","976575","0"
"reference-protocol-v4-20260807-155736","6d7edc7c29a60a94c59effeeb2b78d8b95038135","default-hasher:de0de3506157cdeb","rustc 1.97.0 (2d8144b78 2026-07-07)","x86_64-unknown-linux-gnu","Linux 7.0.11-76070011-generic x86_64","Intel(R) Core(TM) Ultra 7 155H","/dev/nvme0n1p3[/tmp] ext4   rw,nosuid,nodev,noatime,errors=remount-ro","/tmp/pigment-db-durability-bench","mutex_file_reference","append_plus_barrier","key_set","file","successful_remove","1","32","5","7","1024","1036644471","987.802500","982066","0"
"reference-protocol-v4-20260807-155736","6d7edc7c29a60a94c59effeeb2b78d8b95038135","default-hasher:de0de3506157cdeb","rustc 1.97.0 (2d8144b78 2026-07-07)","x86_64-unknown-linux-gnu","Linux 7.0.11-76070011-generic x86_64","Intel(R) Core(TM) Ultra 7 155H","/dev/nvme0n1p3[/tmp] ext4   rw,nosuid,nodev,noatime,errors=remount-ro","/tmp/pigment-db-durability-bench","mutex_file_reference","append_plus_barrier","key_set","file","successful_remove","1","32","5","8","1024","1026909413","997.166826","989941","0"
"reference-protocol-v4-20260807-155736","6d7edc7c29a60a94c59effeeb2b78d8b95038135","default-hasher:de0de3506157cdeb","rustc 1.97.0 (2d8144b78 2026-07-07)","x86_64-unknown-linux-gnu","Linux 7.0.11-76070011-generic x86_64","Intel(R) Core(TM) Ultra 7 155H","/dev/nvme0n1p3[/tmp] ext4   rw,nosuid,nodev,noatime,errors=remount-ro","/tmp/pigment-db-durability-bench","mutex_file_reference","append_plus_barrier","key_set","file","successful_remove","1","32","5","9","1024","1040868404","983.793913","997413","0"
"reference-protocol-v4-20260807-155736","6d7edc7c29a60a94c59effeeb2b78d8b95038135","default-hasher:de0de3506157cdeb","rustc 1.97.0 (2d8144b78 2026-07-07)","x86_64-unknown-linux-gnu","Linux 7.0.11-76070011-generic x86_64","Intel(R) Core(TM) Ultra 7 155H","/dev/nvme0n1p3[/tmp] ext4   rw,nosuid,nodev,noatime,errors=remount-ro","/tmp/pigment-db-durability-bench","mutex_file_reference","append_plus_barrier","key_set","file","successful_remove","1","32","5","10","1024","1035098893","989.277456","971889","0"
"reference-protocol-v4-20260807-155736","6d7edc7c29a60a94c59effeeb2b78d8b95038135","default-hasher:de0de3506157cdeb","rustc 1.97.0 (2d8144b78 2026-07-07)","x86_64-unknown-linux-gnu","Linux 7.0.11-76070011-generic x86_64","Intel(R) Core(TM) Ultra 7 155H","/dev/nvme0n1p3[/tmp] ext4   rw,nosuid,nodev,noatime,errors=remount-ro","/tmp/pigment-db-durability-bench","mutex_file_reference","append_plus_barrier","key_set","file","successful_remove","8","32","5","0","1024","1085239837","943.570228","13698164","0"
"reference-protocol-v4-20260807-155736","6d7edc7c29a60a94c59effeeb2b78d8b95038135","default-hasher:de0de3506157cdeb","rustc 1.97.0 (2d8144b78 2026-07-07)","x86_64-unknown-linux-gnu","Linux 7.0.11-76070011-generic x86_64","Intel(R) Core(TM) Ultra 7 155H","/dev/nvme0n1p3[/tmp] ext4   rw,nosuid,nodev,noatime,errors=remount-ro","/tmp/pigment-db-durability-bench","mutex_file_reference","append_plus_barrier","key_set","file","successful_remove","8","32","5","1","1024","1075916533","951.746691","13705053","0"
"reference-protocol-v4-20260807-155736","6d7edc7c29a60a94c59effeeb2b78d8b95038135","default-hasher:de0de3506157cdeb","rustc 1.97.0 (2d8144b78 2026-07-07)","x86_64-unknown-linux-gnu","Linux 7.0.11-76070011-generic x86_64","Intel(R) Core(TM) Ultra 7 155H","/dev/nvme0n1p3[/tmp] ext4   rw,nosuid,nodev,noatime,errors=remount-ro","/tmp/pigment-db-durability-bench","mutex_file_reference","append_plus_barrier","key_set","file","successful_remove","8","32","5","2","1024","1044912753","979.986125","7386135","0"
"reference-protocol-v4-20260807-155736","6d7edc7c29a60a94c59effeeb2b78d8b95038135","default-hasher:de0de3506157cdeb","rustc 1.97.0 (2d8144b78 2026-07-07)","x86_64-unknown-linux-gnu","Linux 7.0.11-76070011-generic x86_64","Intel(R) Core(TM) Ultra 7 155H","/dev/nvme0n1p3[/tmp] ext4   rw,nosuid,nodev,noatime,errors=remount-ro","/tmp/pigment-db-durability-bench","mutex_file_reference","append_plus_barrier","key_set","file","successful_remove","8","32","5","3","1024","1085836461","943.051773","12916899","0"
"reference-protocol-v4-20260807-155736","6d7edc7c29a60a94c59effeeb2b78d8b95038135","default-hasher:de0de3506157cdeb","rustc 1.97.0 (2d8144b78 2026-07-07)","x86_64-unknown-linux-gnu","Linux 7.0.11-76070011-generic x86_64","Intel(R) Core(TM) Ultra 7 155H","/dev/nvme0n1p3[/tmp] ext4   rw,nosuid,nodev,noatime,errors=remount-ro","/tmp/pigment-db-durability-bench","mutex_file_reference","append_plus_barrier","key_set","file","successful_remove","8","32","5","4","1024","1083087543","945.445275","13565334","0"
"reference-protocol-v4-20260807-155736","6d7edc7c29a60a94c59effeeb2b78d8b95038135","default-hasher:de0de3506157cdeb","rustc 1.97.0 (2d8144b78 2026-07-07)","x86_64-unknown-linux-gnu","Linux 7.0.11-76070011-generic x86_64","Intel(R) Core(TM) Ultra 7 155H","/dev/nvme0n1p3[/tmp] ext4   rw,nosuid,nodev,noatime,errors=remount-ro","/tmp/pigment-db-durability-bench","mutex_file_reference","append_plus_barrier","key_set","file","successful_remove","8","32","5","5","1024","1049214651","975.968072","12653968","0"
"reference-protocol-v4-20260807-155736","6d7edc7c29a60a94c59effeeb2b78d8b95038135","default-hasher:de0de3506157cdeb","rustc 1.97.0 (2d8144b78 2026-07-07)","x86_64-unknown-linux-gnu","Linux 7.0.11-76070011-generic x86_64","Intel(R) Core(TM) Ultra 7 155H","/dev/nvme0n1p3[/tmp] ext4   rw,nosuid,nodev,noatime,errors=remount-ro","/tmp/pigment-db-durability-bench","mutex_file_reference","append_plus_barrier","key_set","file","successful_remove","8","32","5","6","1024","1063872593","962.521271","11132761","0"
"reference-protocol-v4-20260807-155736","6d7edc7c29a60a94c59effeeb2b78d8b95038135","default-hasher:de0de3506157cdeb","rustc 1.97.0 (2d8144b78 2026-07-07)","x86_64-unknown-linux-gnu","Linux 7.0.11-76070011-generic x86_64","Intel(R) Core(TM) Ultra 7 155H","/dev/nvme0n1p3[/tmp] ext4   rw,nosuid,nodev,noatime,errors=remount-ro","/tmp/pigment-db-durability-bench","mutex_file_reference","append_plus_barrier","key_set","file","successful_remove","8","32","5","7","1024","1057766340","968.077695","7407903","0"
"reference-protocol-v4-20260807-155736","6d7edc7c29a60a94c59effeeb2b78d8b95038135","default-hasher:de0de3506157cdeb","rustc 1.97.0 (2d8144b78 2026-07-07)","x86_64-unknown-linux-gnu","Linux 7.0.11-76070011-generic x86_64","Intel(R) Core(TM) Ultra 7 155H","/dev/nvme0n1p3[/tmp] ext4   rw,nosuid,nodev,noatime,errors=remount-ro","/tmp/pigment-db-durability-bench","mutex_file_reference","append_plus_barrier","key_set","file","successful_remove","8","32","5","8","1024","1077676453","950.192423","13629462","0"
"reference-protocol-v4-20260807-155736","6d7edc7c29a60a94c59effeeb2b78d8b95038135","default-hasher:de0de3506157cdeb","rustc 1.97.0 (2d8144b78 2026-07-07)","x86_64-unknown-linux-gnu","Linux 7.0.11-76070011-generic x86_64","Intel(R) Core(TM) Ultra 7 155H","/dev/nvme0n1p3[/tmp] ext4   rw,nosuid,nodev,noatime,errors=remount-ro","/tmp/pigment-db-durability-bench","mutex_file_reference","append_plus_barrier","key_set","file","successful_remove","8","32","5","9","1024","1074217985","953.251588","13637344","0"
"reference-protocol-v4-20260807-155736","6d7edc7c29a60a94c59effeeb2b78d8b95038135","default-hasher:de0de3506157cdeb","rustc 1.97.0 (2d8144b78 2026-07-07)","x86_64-unknown-linux-gnu","Linux 7.0.11-76070011-generic x86_64","Intel(R) Core(TM) Ultra 7 155H","/dev/nvme0n1p3[/tmp] ext4   rw,nosuid,nodev,noatime,errors=remount-ro","/tmp/pigment-db-durability-bench","mutex_file_reference","append_plus_barrier","key_set","file","successful_remove","8","32","5","10","1024","1079042342","948.989637","13453759","0"
"reference-protocol-v4-20260807-155736","6d7edc7c29a60a94c59effeeb2b78d8b95038135","default-hasher:de0de3506157cdeb","rustc 1.97.0 (2d8144b78 2026-07-07)","x86_64-unknown-linux-gnu","Linux 7.0.11-76070011-generic x86_64","Intel(R) Core(TM) Ultra 7 155H","/dev/nvme0n1p3[/tmp] ext4   rw,nosuid,nodev,noatime,errors=remount-ro","/tmp/pigment-db-durability-bench","mutex_file_reference","append_plus_barrier","key_set","file","minimal_callback","1","32","5","0","1024","1044714878","980.171740","994047","0"
"reference-protocol-v4-20260807-155736","6d7edc7c29a60a94c59effeeb2b78d8b95038135","default-hasher:de0de3506157cdeb","rustc 1.97.0 (2d8144b78 2026-07-07)","x86_64-unknown-linux-gnu","Linux 7.0.11-76070011-generic x86_64","Intel(R) Core(TM) Ultra 7 155H","/dev/nvme0n1p3[/tmp] ext4   rw,nosuid,nodev,noatime,errors=remount-ro","/tmp/pigment-db-durability-bench","mutex_file_reference","append_plus_barrier","key_set","file","minimal_callback","1","32","5","1","1024","1047716285","977.363829","1010989","0"
"reference-protocol-v4-20260807-155736","6d7edc7c29a60a94c59effeeb2b78d8b95038135","default-hasher:de0de3506157cdeb","rustc 1.97.0 (2d8144b78 2026-07-07)","x86_64-unknown-linux-gnu","Linux 7.0.11-76070011-generic x86_64","Intel(R) Core(TM) Ultra 7 155H","/dev/nvme0n1p3[/tmp] ext4   rw,nosuid,nodev,noatime,errors=remount-ro","/tmp/pigment-db-durability-bench","mutex_file_reference","append_plus_barrier","key_set","file","minimal_callback","1","32","5","2","1024","1035456075","988.936204","989211","0"
"reference-protocol-v4-20260807-155736","6d7edc7c29a60a94c59effeeb2b78d8b95038135","default-hasher:de0de3506157cdeb","rustc 1.97.0 (2d8144b78 2026-07-07)","x86_64-unknown-linux-gnu","Linux 7.0.11-76070011-generic x86_64","Intel(R) Core(TM) Ultra 7 155H","/dev/nvme0n1p3[/tmp] ext4   rw,nosuid,nodev,noatime,errors=remount-ro","/tmp/pigment-db-durability-bench","mutex_file_reference","append_plus_barrier","key_set","file","minimal_callback","1","32","5","3","1024","1051539817","973.810010","1011010","0"
"reference-protocol-v4-20260807-155736","6d7edc7c29a60a94c59effeeb2b78d8b95038135","default-hasher:de0de3506157cdeb","rustc 1.97.0 (2d8144b78 2026-07-07)","x86_64-unknown-linux-gnu","Linux 7.0.11-76070011-generic x86_64","Intel(R) Core(TM) Ultra 7 155H","/dev/nvme0n1p3[/tmp] ext4   rw,nosuid,nodev,noatime,errors=remount-ro","/tmp/pigment-db-durability-bench","mutex_file_reference","append_plus_barrier","key_set","file","minimal_callback","1","32","5","4","1024","1035586446","988.811706","1003381","0"
"reference-protocol-v4-20260807-155736","6d7edc7c29a60a94c59effeeb2b78d8b95038135","default-hasher:de0de3506157cdeb","rustc 1.97.0 (2d8144b78 2026-07-07)","x86_64-unknown-linux-gnu","Linux 7.0.11-76070011-generic x86_64","Intel(R) Core(TM) Ultra 7 155H","/dev/nvme0n1p3[/tmp] ext4   rw,nosuid,nodev,noatime,errors=remount-ro","/tmp/pigment-db-durability-bench","mutex_file_reference","append_plus_barrier","key_set","file","minimal_callback","1","32","5","5","1024","1021724842","1002.226782","993547","0"
"reference-protocol-v4-20260807-155736","6d7edc7c29a60a94c59effeeb2b78d8b95038135","default-hasher:de0de3506157cdeb","rustc 1.97.0 (2d8144b78 2026-07-07)","x86_64-unknown-linux-gnu","Linux 7.0.11-76070011-generic x86_64","Intel(R) Core(TM) Ultra 7 155H","/dev/nvme0n1p3[/tmp] ext4   rw,nosuid,nodev,noatime,errors=remount-ro","/tmp/pigment-db-durability-bench","mutex_file_reference","append_plus_barrier","key_set","file","minimal_callback","1","32","5","6","1024","1043525898","981.288535","1016816","0"
"reference-protocol-v4-20260807-155736","6d7edc7c29a60a94c59effeeb2b78d8b95038135","default-hasher:de0de3506157cdeb","rustc 1.97.0 (2d8144b78 2026-07-07)","x86_64-unknown-linux-gnu","Linux 7.0.11-76070011-generic x86_64","Intel(R) Core(TM) Ultra 7 155H","/dev/nvme0n1p3[/tmp] ext4   rw,nosuid,nodev,noatime,errors=remount-ro","/tmp/pigment-db-durability-bench","mutex_file_reference","append_plus_barrier","key_set","file","minimal_callback","1","32","5","7","1024","1012338179","1011.519689","987891","0"
"reference-protocol-v4-20260807-155736","6d7edc7c29a60a94c59effeeb2b78d8b95038135","default-hasher:de0de3506157cdeb","rustc 1.97.0 (2d8144b78 2026-07-07)","x86_64-unknown-linux-gnu","Linux 7.0.11-76070011-generic x86_64","Intel(R) Core(TM) Ultra 7 155H","/dev/nvme0n1p3[/tmp] ext4   rw,nosuid,nodev,noatime,errors=remount-ro","/tmp/pigment-db-durability-bench","mutex_file_reference","append_plus_barrier","key_set","file","minimal_callback","1","32","5","8","1024","1019746005","1004.171622","984215","0"
"reference-protocol-v4-20260807-155736","6d7edc7c29a60a94c59effeeb2b78d8b95038135","default-hasher:de0de3506157cdeb","rustc 1.97.0 (2d8144b78 2026-07-07)","x86_64-unknown-linux-gnu","Linux 7.0.11-76070011-generic x86_64","Intel(R) Core(TM) Ultra 7 155H","/dev/nvme0n1p3[/tmp] ext4   rw,nosuid,nodev,noatime,errors=remount-ro","/tmp/pigment-db-durability-bench","mutex_file_reference","append_plus_barrier","key_set","file","minimal_callback","1","32","5","9","1024","1039817778","984.787933","988247","0"
"reference-protocol-v4-20260807-155736","6d7edc7c29a60a94c59effeeb2b78d8b95038135","default-hasher:de0de3506157cdeb","rustc 1.97.0 (2d8144b78 2026-07-07)","x86_64-unknown-linux-gnu","Linux 7.0.11-76070011-generic x86_64","Intel(R) Core(TM) Ultra 7 155H","/dev/nvme0n1p3[/tmp] ext4   rw,nosuid,nodev,noatime,errors=remount-ro","/tmp/pigment-db-durability-bench","mutex_file_reference","append_plus_barrier","key_set","file","minimal_callback","1","32","5","10","1024","1043413365","981.394368","973633","0"
"reference-protocol-v4-20260807-155736","6d7edc7c29a60a94c59effeeb2b78d8b95038135","default-hasher:de0de3506157cdeb","rustc 1.97.0 (2d8144b78 2026-07-07)","x86_64-unknown-linux-gnu","Linux 7.0.11-76070011-generic x86_64","Intel(R) Core(TM) Ultra 7 155H","/dev/nvme0n1p3[/tmp] ext4   rw,nosuid,nodev,noatime,errors=remount-ro","/tmp/pigment-db-durability-bench","mutex_file_reference","append_plus_barrier","key_set","file","minimal_callback","8","32","5","0","1024","1059138434","966.823568","12661802","0"
"reference-protocol-v4-20260807-155736","6d7edc7c29a60a94c59effeeb2b78d8b95038135","default-hasher:de0de3506157cdeb","rustc 1.97.0 (2d8144b78 2026-07-07)","x86_64-unknown-linux-gnu","Linux 7.0.11-76070011-generic x86_64","Intel(R) Core(TM) Ultra 7 155H","/dev/nvme0n1p3[/tmp] ext4   rw,nosuid,nodev,noatime,errors=remount-ro","/tmp/pigment-db-durability-bench","mutex_file_reference","append_plus_barrier","key_set","file","minimal_callback","8","32","5","1","1024","1047718372","977.361882","11950311","0"
"reference-protocol-v4-20260807-155736","6d7edc7c29a60a94c59effeeb2b78d8b95038135","default-hasher:de0de3506157cdeb","rustc 1.97.0 (2d8144b78 2026-07-07)","x86_64-unknown-linux-gnu","Linux 7.0.11-76070011-generic x86_64","Intel(R) Core(TM) Ultra 7 155H","/dev/nvme0n1p3[/tmp] ext4   rw,nosuid,nodev,noatime,errors=remount-ro","/tmp/pigment-db-durability-bench","mutex_file_reference","append_plus_barrier","key_set","file","minimal_callback","8","32","5","2","1024","1068127336","958.687195","13642817","0"
"reference-protocol-v4-20260807-155736","6d7edc7c29a60a94c59effeeb2b78d8b95038135","default-hasher:de0de3506157cdeb","rustc 1.97.0 (2d8144b78 2026-07-07)","x86_64-unknown-linux-gnu","Linux 7.0.11-76070011-generic x86_64","Intel(R) Core(TM) Ultra 7 155H","/dev/nvme0n1p3[/tmp] ext4   rw,nosuid,nodev,noatime,errors=remount-ro","/tmp/pigment-db-durability-bench","mutex_file_reference","append_plus_barrier","key_set","file","minimal_callback","8","32","5","3","1024","1062568139","963.702903","13642778","0"
"reference-protocol-v4-20260807-155736","6d7edc7c29a60a94c59effeeb2b78d8b95038135","default-hasher:de0de3506157cdeb","rustc 1.97.0 (2d8144b78 2026-07-07)","x86_64-unknown-linux-gnu","Linux 7.0.11-76070011-generic x86_64","Intel(R) Core(TM) Ultra 7 155H","/dev/nvme0n1p3[/tmp] ext4   rw,nosuid,nodev,noatime,errors=remount-ro","/tmp/pigment-db-durability-bench","mutex_file_reference","append_plus_barrier","key_set","file","minimal_callback","8","32","5","4","1024","1094972135","935.183615","9266384","0"
"reference-protocol-v4-20260807-155736","6d7edc7c29a60a94c59effeeb2b78d8b95038135","default-hasher:de0de3506157cdeb","rustc 1.97.0 (2d8144b78 2026-07-07)","x86_64-unknown-linux-gnu","Linux 7.0.11-76070011-generic x86_64","Intel(R) Core(TM) Ultra 7 155H","/dev/nvme0n1p3[/tmp] ext4   rw,nosuid,nodev,noatime,errors=remount-ro","/tmp/pigment-db-durability-bench","mutex_file_reference","append_plus_barrier","key_set","file","minimal_callback","8","32","5","5","1024","1101424844","929.704832","12798858","0"
"reference-protocol-v4-20260807-155736","6d7edc7c29a60a94c59effeeb2b78d8b95038135","default-hasher:de0de3506157cdeb","rustc 1.97.0 (2d8144b78 2026-07-07)","x86_64-unknown-linux-gnu","Linux 7.0.11-76070011-generic x86_64","Intel(R) Core(TM) Ultra 7 155H","/dev/nvme0n1p3[/tmp] ext4   rw,nosuid,nodev,noatime,errors=remount-ro","/tmp/pigment-db-durability-bench","mutex_file_reference","append_plus_barrier","key_set","file","minimal_callback","8","32","5","6","1024","1053785205","971.735032","7809806","0"
"reference-protocol-v4-20260807-155736","6d7edc7c29a60a94c59effeeb2b78d8b95038135","default-hasher:de0de3506157cdeb","rustc 1.97.0 (2d8144b78 2026-07-07)","x86_64-unknown-linux-gnu","Linux 7.0.11-76070011-generic x86_64","Intel(R) Core(TM) Ultra 7 155H","/dev/nvme0n1p3[/tmp] ext4   rw,nosuid,nodev,noatime,errors=remount-ro","/tmp/pigment-db-durability-bench","mutex_file_reference","append_plus_barrier","key_set","file","minimal_callback","8","32","5","7","1024","1037008398","987.455841","11790940","0"
"reference-protocol-v4-20260807-155736","6d7edc7c29a60a94c59effeeb2b78d8b95038135","default-hasher:de0de3506157cdeb","rustc 1.97.0 (2d8144b78 2026-07-07)","x86_64-unknown-linux-gnu","Linux 7.0.11-76070011-generic x86_64","Intel(R) Core(TM) Ultra 7 155H","/dev/nvme0n1p3[/tmp] ext4   rw,nosuid,nodev,noatime,errors=remount-ro","/tmp/pigment-db-durability-bench","mutex_file_reference","append_plus_barrier","key_set","file","minimal_callback","8","32","5","8","1024","1082447974","946.003895","12898105","0"
"reference-protocol-v4-20260807-155736","6d7edc7c29a60a94c59effeeb2b78d8b95038135","default-hasher:de0de3506157cdeb","rustc 1.97.0 (2d8144b78 2026-07-07)","x86_64-unknown-linux-gnu","Linux 7.0.11-76070011-generic x86_64","Intel(R) Core(TM) Ultra 7 155H","/dev/nvme0n1p3[/tmp] ext4   rw,nosuid,nodev,noatime,errors=remount-ro","/tmp/pigment-db-durability-bench","mutex_file_reference","append_plus_barrier","key_set","file","minimal_callback","8","32","5","9","1024","1082271466","946.158180","12942213","0"
"reference-protocol-v4-20260807-155736","6d7edc7c29a60a94c59effeeb2b78d8b95038135","default-hasher:de0de3506157cdeb","rustc 1.97.0 (2d8144b78 2026-07-07)","x86_64-unknown-linux-gnu","Linux 7.0.11-76070011-generic x86_64","Intel(R) Core(TM) Ultra 7 155H","/dev/nvme0n1p3[/tmp] ext4   rw,nosuid,nodev,noatime,errors=remount-ro","/tmp/pigment-db-durability-bench","mutex_file_reference","append_plus_barrier","key_set","file","minimal_callback","8","32","5","10","1024","1035642646","988.758047","7487893","0"
"reference-protocol-v4-20260807-155736","6d7edc7c29a60a94c59effeeb2b78d8b95038135","default-hasher:de0de3506157cdeb","rustc 1.97.0 (2d8144b78 2026-07-07)","x86_64-unknown-linux-gnu","Linux 7.0.11-76070011-generic x86_64","Intel(R) Core(TM) Ultra 7 155H","/dev/nvme0n1p3[/tmp] ext4   rw,nosuid,nodev,noatime,errors=remount-ro","/tmp/pigment-db-durability-bench","mutex_file_reference","append_plus_barrier","key_map","file","ordinary_write","1","32","5","0","1024","1058486588","967.418966","1018699","0"
"reference-protocol-v4-20260807-155736","6d7edc7c29a60a94c59effeeb2b78d8b95038135","default-hasher:de0de3506157cdeb","rustc 1.97.0 (2d8144b78 2026-07-07)","x86_64-unknown-linux-gnu","Linux 7.0.11-76070011-generic x86_64","Intel(R) Core(TM) Ultra 7 155H","/dev/nvme0n1p3[/tmp] ext4   rw,nosuid,nodev,noatime,errors=remount-ro","/tmp/pigment-db-durability-bench","mutex_file_reference","append_plus_barrier","key_map","file","ordinary_write","1","32","5","1","1024","1015914689","1007.958652","989022","0"
"reference-protocol-v4-20260807-155736","6d7edc7c29a60a94c59effeeb2b78d8b95038135","default-hasher:de0de3506157cdeb","rustc 1.97.0 (2d8144b78 2026-07-07)","x86_64-unknown-linux-gnu","Linux 7.0.11-76070011-generic x86_64","Intel(R) Core(TM) Ultra 7 155H","/dev/nvme0n1p3[/tmp] ext4   rw,nosuid,nodev,noatime,errors=remount-ro","/tmp/pigment-db-durability-bench","mutex_file_reference","append_plus_barrier","key_map","file","ordinary_write","1","32","5","2","1024","1033239479","991.057757","1025173","0"
"reference-protocol-v4-20260807-155736","6d7edc7c29a60a94c59effeeb2b78d8b95038135","default-hasher:de0de3506157cdeb","rustc 1.97.0 (2d8144b78 2026-07-07)","x86_64-unknown-linux-gnu","Linux 7.0.11-76070011-generic x86_64","Intel(R) Core(TM) Ultra 7 155H","/dev/nvme0n1p3[/tmp] ext4   rw,nosuid,nodev,noatime,errors=remount-ro","/tmp/pigment-db-durability-bench","mutex_file_reference","append_plus_barrier","key_map","file","ordinary_write","1","32","5","3","1024","1022412691","1001.552513","999980","0"
"reference-protocol-v4-20260807-155736","6d7edc7c29a60a94c59effeeb2b78d8b95038135","default-hasher:de0de3506157cdeb","rustc 1.97.0 (2d8144b78 2026-07-07)","x86_64-unknown-linux-gnu","Linux 7.0.11-76070011-generic x86_64","Intel(R) Core(TM) Ultra 7 155H","/dev/nvme0n1p3[/tmp] ext4   rw,nosuid,nodev,noatime,errors=remount-ro","/tmp/pigment-db-durability-bench","mutex_file_reference","append_plus_barrier","key_map","file","ordinary_write","1","32","5","4","1024","1037807415","986.695590","997984","0"
"reference-protocol-v4-20260807-155736","6d7edc7c29a60a94c59effeeb2b78d8b95038135","default-hasher:de0de3506157cdeb","rustc 1.97.0 (2d8144b78 2026-07-07)","x86_64-unknown-linux-gnu","Linux 7.0.11-76070011-generic x86_64","Intel(R) Core(TM) Ultra 7 155H","/dev/nvme0n1p3[/tmp] ext4   rw,nosuid,nodev,noatime,errors=remount-ro","/tmp/pigment-db-durability-bench","mutex_file_reference","append_plus_barrier","key_map","file","ordinary_write","1","32","5","5","1024","1034931816","989.437163","1008157","0"
"reference-protocol-v4-20260807-155736","6d7edc7c29a60a94c59effeeb2b78d8b95038135","default-hasher:de0de3506157cdeb","rustc 1.97.0 (2d8144b78 2026-07-07)","x86_64-unknown-linux-gnu","Linux 7.0.11-76070011-generic x86_64","Intel(R) Core(TM) Ultra 7 155H","/dev/nvme0n1p3[/tmp] ext4   rw,nosuid,nodev,noatime,errors=remount-ro","/tmp/pigment-db-durability-bench","mutex_file_reference","append_plus_barrier","key_map","file","ordinary_write","1","32","5","6","1024","1094446506","935.632755","1283292","0"
"reference-protocol-v4-20260807-155736","6d7edc7c29a60a94c59effeeb2b78d8b95038135","default-hasher:de0de3506157cdeb","rustc 1.97.0 (2d8144b78 2026-07-07)","x86_64-unknown-linux-gnu","Linux 7.0.11-76070011-generic x86_64","Intel(R) Core(TM) Ultra 7 155H","/dev/nvme0n1p3[/tmp] ext4   rw,nosuid,nodev,noatime,errors=remount-ro","/tmp/pigment-db-durability-bench","mutex_file_reference","append_plus_barrier","key_map","file","ordinary_write","1","32","5","7","1024","1060411320","965.663022","1070612","0"
"reference-protocol-v4-20260807-155736","6d7edc7c29a60a94c59effeeb2b78d8b95038135","default-hasher:de0de3506157cdeb","rustc 1.97.0 (2d8144b78 2026-07-07)","x86_64-unknown-linux-gnu","Linux 7.0.11-76070011-generic x86_64","Intel(R) Core(TM) Ultra 7 155H","/dev/nvme0n1p3[/tmp] ext4   rw,nosuid,nodev,noatime,errors=remount-ro","/tmp/pigment-db-durability-bench","mutex_file_reference","append_plus_barrier","key_map","file","ordinary_write","1","32","5","8","1024","1052046282","973.341209","1050705","0"
"reference-protocol-v4-20260807-155736","6d7edc7c29a60a94c59effeeb2b78d8b95038135","default-hasher:de0de3506157cdeb","rustc 1.97.0 (2d8144b78 2026-07-07)","x86_64-unknown-linux-gnu","Linux 7.0.11-76070011-generic x86_64","Intel(R) Core(TM) Ultra 7 155H","/dev/nvme0n1p3[/tmp] ext4   rw,nosuid,nodev,noatime,errors=remount-ro","/tmp/pigment-db-durability-bench","mutex_file_reference","append_plus_barrier","key_map","file","ordinary_write","1","32","5","9","1024","1014590296","1009.274388","1014528","0"
"reference-protocol-v4-20260807-155736","6d7edc7c29a60a94c59effeeb2b78d8b95038135","default-hasher:de0de3506157cdeb","rustc 1.97.0 (2d8144b78 2026-07-07)","x86_64-unknown-linux-gnu","Linux 7.0.11-76070011-generic x86_64","Intel(R) Core(TM) Ultra 7 155H","/dev/nvme0n1p3[/tmp] ext4   rw,nosuid,nodev,noatime,errors=remount-ro","/tmp/pigment-db-durability-bench","mutex_file_reference","append_plus_barrier","key_map","file","ordinary_write","1","32","5","10","1024","1046228509","978.753677","1023530","0"
"reference-protocol-v4-20260807-155736","6d7edc7c29a60a94c59effeeb2b78d8b95038135","default-hasher:de0de3506157cdeb","rustc 1.97.0 (2d8144b78 2026-07-07)","x86_64-unknown-linux-gnu","Linux 7.0.11-76070011-generic x86_64","Intel(R) Core(TM) Ultra 7 155H","/dev/nvme0n1p3[/tmp] ext4   rw,nosuid,nodev,noatime,errors=remount-ro","/tmp/pigment-db-durability-bench","mutex_file_reference","append_plus_barrier","key_map","file","ordinary_write","8","32","5","0","1024","1054753757","970.842714","11993267","0"
"reference-protocol-v4-20260807-155736","6d7edc7c29a60a94c59effeeb2b78d8b95038135","default-hasher:de0de3506157cdeb","rustc 1.97.0 (2d8144b78 2026-07-07)","x86_64-unknown-linux-gnu","Linux 7.0.11-76070011-generic x86_64","Intel(R) Core(TM) Ultra 7 155H","/dev/nvme0n1p3[/tmp] ext4   rw,nosuid,nodev,noatime,errors=remount-ro","/tmp/pigment-db-durability-bench","mutex_file_reference","append_plus_barrier","key_map","file","ordinary_write","8","32","5","1","1024","1047636157","977.438582","11843827","0"
"reference-protocol-v4-20260807-155736","6d7edc7c29a60a94c59effeeb2b78d8b95038135","default-hasher:de0de3506157cdeb","rustc 1.97.0 (2d8144b78 2026-07-07)","x86_64-unknown-linux-gnu","Linux 7.0.11-76070011-generic x86_64","Intel(R) Core(TM) Ultra 7 155H","/dev/nvme0n1p3[/tmp] ext4   rw,nosuid,nodev,noatime,errors=remount-ro","/tmp/pigment-db-durability-bench","mutex_file_reference","append_plus_barrier","key_map","file","ordinary_write","8","32","5","2","1024","1080660796","947.568380","13670811","0"
"reference-protocol-v4-20260807-155736","6d7edc7c29a60a94c59effeeb2b78d8b95038135","default-hasher:de0de3506157cdeb","rustc 1.97.0 (2d8144b78 2026-07-07)","x86_64-unknown-linux-gnu","Linux 7.0.11-76070011-generic x86_64","Intel(R) Core(TM) Ultra 7 155H","/dev/nvme0n1p3[/tmp] ext4   rw,nosuid,nodev,noatime,errors=remount-ro","/tmp/pigment-db-durability-bench","mutex_file_reference","append_plus_barrier","key_map","file","ordinary_write","8","32","5","3","1024","1117469422","916.356170","13815167","0"
"reference-protocol-v4-20260807-155736","6d7edc7c29a60a94c59effeeb2b78d8b95038135","default-hasher:de0de3506157cdeb","rustc 1.97.0 (2d8144b78 2026-07-07)","x86_64-unknown-linux-gnu","Linux 7.0.11-76070011-generic x86_64","Intel(R) Core(TM) Ultra 7 155H","/dev/nvme0n1p3[/tmp] ext4   rw,nosuid,nodev,noatime,errors=remount-ro","/tmp/pigment-db-durability-bench","mutex_file_reference","append_plus_barrier","key_map","file","ordinary_write","8","32","5","4","1024","1076051971","951.626899","13697991","0"
"reference-protocol-v4-20260807-155736","6d7edc7c29a60a94c59effeeb2b78d8b95038135","default-hasher:de0de3506157cdeb","rustc 1.97.0 (2d8144b78 2026-07-07)","x86_64-unknown-linux-gnu","Linux 7.0.11-76070011-generic x86_64","Intel(R) Core(TM) Ultra 7 155H","/dev/nvme0n1p3[/tmp] ext4   rw,nosuid,nodev,noatime,errors=remount-ro","/tmp/pigment-db-durability-bench","mutex_file_reference","append_plus_barrier","key_map","file","ordinary_write","8","32","5","5","1024","1064881444","961.609394","11949377","0"
"reference-protocol-v4-20260807-155736","6d7edc7c29a60a94c59effeeb2b78d8b95038135","default-hasher:de0de3506157cdeb","rustc 1.97.0 (2d8144b78 2026-07-07)","x86_64-unknown-linux-gnu","Linux 7.0.11-76070011-generic x86_64","Intel(R) Core(TM) Ultra 7 155H","/dev/nvme0n1p3[/tmp] ext4   rw,nosuid,nodev,noatime,errors=remount-ro","/tmp/pigment-db-durability-bench","mutex_file_reference","append_plus_barrier","key_map","file","ordinary_write","8","32","5","6","1024","1074861490","952.680889","13703657","0"
"reference-protocol-v4-20260807-155736","6d7edc7c29a60a94c59effeeb2b78d8b95038135","default-hasher:de0de3506157cdeb","rustc 1.97.0 (2d8144b78 2026-07-07)","x86_64-unknown-linux-gnu","Linux 7.0.11-76070011-generic x86_64","Intel(R) Core(TM) Ultra 7 155H","/dev/nvme0n1p3[/tmp] ext4   rw,nosuid,nodev,noatime,errors=remount-ro","/tmp/pigment-db-durability-bench","mutex_file_reference","append_plus_barrier","key_map","file","ordinary_write","8","32","5","7","1024","1067195319","959.524449","11029941","0"
"reference-protocol-v4-20260807-155736","6d7edc7c29a60a94c59effeeb2b78d8b95038135","default-hasher:de0de3506157cdeb","rustc 1.97.0 (2d8144b78 2026-07-07)","x86_64-unknown-linux-gnu","Linux 7.0.11-76070011-generic x86_64","Intel(R) Core(TM) Ultra 7 155H","/dev/nvme0n1p3[/tmp] ext4   rw,nosuid,nodev,noatime,errors=remount-ro","/tmp/pigment-db-durability-bench","mutex_file_reference","append_plus_barrier","key_map","file","ordinary_write","8","32","5","8","1024","1061271703","964.880150","13002352","0"
"reference-protocol-v4-20260807-155736","6d7edc7c29a60a94c59effeeb2b78d8b95038135","default-hasher:de0de3506157cdeb","rustc 1.97.0 (2d8144b78 2026-07-07)","x86_64-unknown-linux-gnu","Linux 7.0.11-76070011-generic x86_64","Intel(R) Core(TM) Ultra 7 155H","/dev/nvme0n1p3[/tmp] ext4   rw,nosuid,nodev,noatime,errors=remount-ro","/tmp/pigment-db-durability-bench","mutex_file_reference","append_plus_barrier","key_map","file","ordinary_write","8","32","5","9","1024","1040248740","984.379947","9013584","0"
"reference-protocol-v4-20260807-155736","6d7edc7c29a60a94c59effeeb2b78d8b95038135","default-hasher:de0de3506157cdeb","rustc 1.97.0 (2d8144b78 2026-07-07)","x86_64-unknown-linux-gnu","Linux 7.0.11-76070011-generic x86_64","Intel(R) Core(TM) Ultra 7 155H","/dev/nvme0n1p3[/tmp] ext4   rw,nosuid,nodev,noatime,errors=remount-ro","/tmp/pigment-db-durability-bench","mutex_file_reference","append_plus_barrier","key_map","file","ordinary_write","8","32","5","10","1024","1085173583","943.627836","13050558","0"
"reference-protocol-v4-20260807-155736","6d7edc7c29a60a94c59effeeb2b78d8b95038135","default-hasher:de0de3506157cdeb","rustc 1.97.0 (2d8144b78 2026-07-07)","x86_64-unknown-linux-gnu","Linux 7.0.11-76070011-generic x86_64","Intel(R) Core(TM) Ultra 7 155H","/dev/nvme0n1p3[/tmp] ext4   rw,nosuid,nodev,noatime,errors=remount-ro","/tmp/pigment-db-durability-bench","mutex_file_reference","append_plus_barrier","key_map","file","successful_remove","1","32","5","0","1024","1046483892","978.514823","1046518","0"
"reference-protocol-v4-20260807-155736","6d7edc7c29a60a94c59effeeb2b78d8b95038135","default-hasher:de0de3506157cdeb","rustc 1.97.0 (2d8144b78 2026-07-07)","x86_64-unknown-linux-gnu","Linux 7.0.11-76070011-generic x86_64","Intel(R) Core(TM) Ultra 7 155H","/dev/nvme0n1p3[/tmp] ext4   rw,nosuid,nodev,noatime,errors=remount-ro","/tmp/pigment-db-durability-bench","mutex_file_reference","append_plus_barrier","key_map","file","successful_remove","1","32","5","1","1024","1038563669","985.977105","977338","0"
"reference-protocol-v4-20260807-155736","6d7edc7c29a60a94c59effeeb2b78d8b95038135","default-hasher:de0de3506157cdeb","rustc 1.97.0 (2d8144b78 2026-07-07)","x86_64-unknown-linux-gnu","Linux 7.0.11-76070011-generic x86_64","Intel(R) Core(TM) Ultra 7 155H","/dev/nvme0n1p3[/tmp] ext4   rw,nosuid,nodev,noatime,errors=remount-ro","/tmp/pigment-db-durability-bench","mutex_file_reference","append_plus_barrier","key_map","file","successful_remove","1","32","5","2","1024","1036958264","987.503582","1028558","0"
"reference-protocol-v4-20260807-155736","6d7edc7c29a60a94c59effeeb2b78d8b95038135","default-hasher:de0de3506157cdeb","rustc 1.97.0 (2d8144b78 2026-07-07)","x86_64-unknown-linux-gnu","Linux 7.0.11-76070011-generic x86_64","Intel(R) Core(TM) Ultra 7 155H","/dev/nvme0n1p3[/tmp] ext4   rw,nosuid,nodev,noatime,errors=remount-ro","/tmp/pigment-db-durability-bench","mutex_file_reference","append_plus_barrier","key_map","file","successful_remove","1","32","5","3","1024","1042699874","982.065909","1036463","0"
"reference-protocol-v4-20260807-155736","6d7edc7c29a60a94c59effeeb2b78d8b95038135","default-hasher:de0de3506157cdeb","rustc 1.97.0 (2d8144b78 2026-07-07)","x86_64-unknown-linux-gnu","Linux 7.0.11-76070011-generic x86_64","Intel(R) Core(TM) Ultra 7 155H","/dev/nvme0n1p3[/tmp] ext4   rw,nosuid,nodev,noatime,errors=remount-ro","/tmp/pigment-db-durability-bench","mutex_file_reference","append_plus_barrier","key_map","file","successful_remove","1","32","5","4","1024","1011177343","1012.680918","989841","0"
"reference-protocol-v4-20260807-155736","6d7edc7c29a60a94c59effeeb2b78d8b95038135","default-hasher:de0de3506157cdeb","rustc 1.97.0 (2d8144b78 2026-07-07)","x86_64-unknown-linux-gnu","Linux 7.0.11-76070011-generic x86_64","Intel(R) Core(TM) Ultra 7 155H","/dev/nvme0n1p3[/tmp] ext4   rw,nosuid,nodev,noatime,errors=remount-ro","/tmp/pigment-db-durability-bench","mutex_file_reference","append_plus_barrier","key_map","file","successful_remove","1","32","5","5","1024","994974120","1029.172497","971871","0"
"reference-protocol-v4-20260807-155736","6d7edc7c29a60a94c59effeeb2b78d8b95038135","default-hasher:de0de3506157cdeb","rustc 1.97.0 (2d8144b78 2026-07-07)","x86_64-unknown-linux-gnu","Linux 7.0.11-76070011-generic x86_64","Intel(R) Core(TM) Ultra 7 155H","/dev/nvme0n1p3[/tmp] ext4   rw,nosuid,nodev,noatime,errors=remount-ro","/tmp/pigment-db-durability-bench","mutex_file_reference","append_plus_barrier","key_map","file","successful_remove","1","32","5","6","1024","1042007213","982.718725","987752","0"
"reference-protocol-v4-20260807-155736","6d7edc7c29a60a94c59effeeb2b78d8b95038135","default-hasher:de0de3506157cdeb","rustc 1.97.0 (2d8144b78 2026-07-07)","x86_64-unknown-linux-gnu","Linux 7.0.11-76070011-generic x86_64","Intel(R) Core(TM) Ultra 7 155H","/dev/nvme0n1p3[/tmp] ext4   rw,nosuid,nodev,noatime,errors=remount-ro","/tmp/pigment-db-durability-bench","mutex_file_reference","append_plus_barrier","key_map","file","successful_remove","1","32","5","7","1024","1045777874","979.175431","1019628","0"
"reference-protocol-v4-20260807-155736","6d7edc7c29a60a94c59effeeb2b78d8b95038135","default-hasher:de0de3506157cdeb","rustc 1.97.0 (2d8144b78 2026-07-07)","x86_64-unknown-linux-gnu","Linux 7.0.11-76070011-generic x86_64","Intel(R) Core(TM) Ultra 7 155H","/dev/nvme0n1p3[/tmp] ext4   rw,nosuid,nodev,noatime,errors=remount-ro","/tmp/pigment-db-durability-bench","mutex_file_reference","append_plus_barrier","key_map","file","successful_remove","1","32","5","8","1024","1022770314","1001.202309","1013116","0"
"reference-protocol-v4-20260807-155736","6d7edc7c29a60a94c59effeeb2b78d8b95038135","default-hasher:de0de3506157cdeb","rustc 1.97.0 (2d8144b78 2026-07-07)","x86_64-unknown-linux-gnu","Linux 7.0.11-76070011-generic x86_64","Intel(R) Core(TM) Ultra 7 155H","/dev/nvme0n1p3[/tmp] ext4   rw,nosuid,nodev,noatime,errors=remount-ro","/tmp/pigment-db-durability-bench","mutex_file_reference","append_plus_barrier","key_map","file","successful_remove","1","32","5","9","1024","1028358186","995.761996","979622","0"
"reference-protocol-v4-20260807-155736","6d7edc7c29a60a94c59effeeb2b78d8b95038135","default-hasher:de0de3506157cdeb","rustc 1.97.0 (2d8144b78 2026-07-07)","x86_64-unknown-linux-gnu","Linux 7.0.11-76070011-generic x86_64","Intel(R) Core(TM) Ultra 7 155H","/dev/nvme0n1p3[/tmp] ext4   rw,nosuid,nodev,noatime,errors=remount-ro","/tmp/pigment-db-durability-bench","mutex_file_reference","append_plus_barrier","key_map","file","successful_remove","1","32","5","10","1024","1037487169","987.000158","1026112","0"
"reference-protocol-v4-20260807-155736","6d7edc7c29a60a94c59effeeb2b78d8b95038135","default-hasher:de0de3506157cdeb","rustc 1.97.0 (2d8144b78 2026-07-07)","x86_64-unknown-linux-gnu","Linux 7.0.11-76070011-generic x86_64","Intel(R) Core(TM) Ultra 7 155H","/dev/nvme0n1p3[/tmp] ext4   rw,nosuid,nodev,noatime,errors=remount-ro","/tmp/pigment-db-durability-bench","mutex_file_reference","append_plus_barrier","key_map","file","successful_remove","8","32","5","0","1024","1071488756","955.679651","12850621","0"
"reference-protocol-v4-20260807-155736","6d7edc7c29a60a94c59effeeb2b78d8b95038135","default-hasher:de0de3506157cdeb","rustc 1.97.0 (2d8144b78 2026-07-07)","x86_64-unknown-linux-gnu","Linux 7.0.11-76070011-generic x86_64","Intel(R) Core(TM) Ultra 7 155H","/dev/nvme0n1p3[/tmp] ext4   rw,nosuid,nodev,noatime,errors=remount-ro","/tmp/pigment-db-durability-bench","mutex_file_reference","append_plus_barrier","key_map","file","successful_remove","8","32","5","1","1024","1081828464","946.545625","13677186","0"
"reference-protocol-v4-20260807-155736","6d7edc7c29a60a94c59effeeb2b78d8b95038135","default-hasher:de0de3506157cdeb","rustc 1.97.0 (2d8144b78 2026-07-07)","x86_64-unknown-linux-gnu","Linux 7.0.11-76070011-generic x86_64","Intel(R) Core(TM) Ultra 7 155H","/dev/nvme0n1p3[/tmp] ext4   rw,nosuid,nodev,noatime,errors=remount-ro","/tmp/pigment-db-durability-bench","mutex_file_reference","append_plus_barrier","key_map","file","successful_remove","8","32","5","2","1024","1086917034","942.114226","13675164","0"
"reference-protocol-v4-20260807-155736","6d7edc7c29a60a94c59effeeb2b78d8b95038135","default-hasher:de0de3506157cdeb","rustc 1.97.0 (2d8144b78 2026-07-07)","x86_64-unknown-linux-gnu","Linux 7.0.11-76070011-generic x86_64","Intel(R) Core(TM) Ultra 7 155H","/dev/nvme0n1p3[/tmp] ext4   rw,nosuid,nodev,noatime,errors=remount-ro","/tmp/pigment-db-durability-bench","mutex_file_reference","append_plus_barrier","key_map","file","successful_remove","8","32","5","3","1024","1079477409","948.607161","8345797","0"
"reference-protocol-v4-20260807-155736","6d7edc7c29a60a94c59effeeb2b78d8b95038135","default-hasher:de0de3506157cdeb","rustc 1.97.0 (2d8144b78 2026-07-07)","x86_64-unknown-linux-gnu","Linux 7.0.11-76070011-generic x86_64","Intel(R) Core(TM) Ultra 7 155H","/dev/nvme0n1p3[/tmp] ext4   rw,nosuid,nodev,noatime,errors=remount-ro","/tmp/pigment-db-durability-bench","mutex_file_reference","append_plus_barrier","key_map","file","successful_remove","8","32","5","4","1024","1099181253","931.602497","10456811","0"
"reference-protocol-v4-20260807-155736","6d7edc7c29a60a94c59effeeb2b78d8b95038135","default-hasher:de0de3506157cdeb","rustc 1.97.0 (2d8144b78 2026-07-07)","x86_64-unknown-linux-gnu","Linux 7.0.11-76070011-generic x86_64","Intel(R) Core(TM) Ultra 7 155H","/dev/nvme0n1p3[/tmp] ext4   rw,nosuid,nodev,noatime,errors=remount-ro","/tmp/pigment-db-durability-bench","mutex_file_reference","append_plus_barrier","key_map","file","successful_remove","8","32","5","5","1024","1062826936","963.468242","12749380","0"
"reference-protocol-v4-20260807-155736","6d7edc7c29a60a94c59effeeb2b78d8b95038135","default-hasher:de0de3506157cdeb","rustc 1.97.0 (2d8144b78 2026-07-07)","x86_64-unknown-linux-gnu","Linux 7.0.11-76070011-generic x86_64","Intel(R) Core(TM) Ultra 7 155H","/dev/nvme0n1p3[/tmp] ext4   rw,nosuid,nodev,noatime,errors=remount-ro","/tmp/pigment-db-durability-bench","mutex_file_reference","append_plus_barrier","key_map","file","successful_remove","8","32","5","6","1024","1075892900","951.767597","12796295","0"
"reference-protocol-v4-20260807-155736","6d7edc7c29a60a94c59effeeb2b78d8b95038135","default-hasher:de0de3506157cdeb","rustc 1.97.0 (2d8144b78 2026-07-07)","x86_64-unknown-linux-gnu","Linux 7.0.11-76070011-generic x86_64","Intel(R) Core(TM) Ultra 7 155H","/dev/nvme0n1p3[/tmp] ext4   rw,nosuid,nodev,noatime,errors=remount-ro","/tmp/pigment-db-durability-bench","mutex_file_reference","append_plus_barrier","key_map","file","successful_remove","8","32","5","7","1024","1038033590","986.480601","12739982","0"
"reference-protocol-v4-20260807-155736","6d7edc7c29a60a94c59effeeb2b78d8b95038135","default-hasher:de0de3506157cdeb","rustc 1.97.0 (2d8144b78 2026-07-07)","x86_64-unknown-linux-gnu","Linux 7.0.11-76070011-generic x86_64","Intel(R) Core(TM) Ultra 7 155H","/dev/nvme0n1p3[/tmp] ext4   rw,nosuid,nodev,noatime,errors=remount-ro","/tmp/pigment-db-durability-bench","mutex_file_reference","append_plus_barrier","key_map","file","successful_remove","8","32","5","8","1024","1074363402","953.122564","12876031","0"
"reference-protocol-v4-20260807-155736","6d7edc7c29a60a94c59effeeb2b78d8b95038135","default-hasher:de0de3506157cdeb","rustc 1.97.0 (2d8144b78 2026-07-07)","x86_64-unknown-linux-gnu","Linux 7.0.11-76070011-generic x86_64","Intel(R) Core(TM) Ultra 7 155H","/dev/nvme0n1p3[/tmp] ext4   rw,nosuid,nodev,noatime,errors=remount-ro","/tmp/pigment-db-durability-bench","mutex_file_reference","append_plus_barrier","key_map","file","successful_remove","8","32","5","9","1024","1065771407","960.806411","11925642","0"
"reference-protocol-v4-20260807-155736","6d7edc7c29a60a94c59effeeb2b78d8b95038135","default-hasher:de0de3506157cdeb","rustc 1.97.0 (2d8144b78 2026-07-07)","x86_64-unknown-linux-gnu","Linux 7.0.11-76070011-generic x86_64","Intel(R) Core(TM) Ultra 7 155H","/dev/nvme0n1p3[/tmp] ext4   rw,nosuid,nodev,noatime,errors=remount-ro","/tmp/pigment-db-durability-bench","mutex_file_reference","append_plus_barrier","key_map","file","successful_remove","8","32","5","10","1024","1083331859","945.232056","12864821","0"
"reference-protocol-v4-20260807-155736","6d7edc7c29a60a94c59effeeb2b78d8b95038135","default-hasher:de0de3506157cdeb","rustc 1.97.0 (2d8144b78 2026-07-07)","x86_64-unknown-linux-gnu","Linux 7.0.11-76070011-generic x86_64","Intel(R) Core(TM) Ultra 7 155H","/dev/nvme0n1p3[/tmp] ext4   rw,nosuid,nodev,noatime,errors=remount-ro","/tmp/pigment-db-durability-bench","mutex_file_reference","append_plus_barrier","key_map","file","minimal_callback","1","32","5","0","1024","1061957685","964.256876","1028673","0"
"reference-protocol-v4-20260807-155736","6d7edc7c29a60a94c59effeeb2b78d8b95038135","default-hasher:de0de3506157cdeb","rustc 1.97.0 (2d8144b78 2026-07-07)","x86_64-unknown-linux-gnu","Linux 7.0.11-76070011-generic x86_64","Intel(R) Core(TM) Ultra 7 155H","/dev/nvme0n1p3[/tmp] ext4   rw,nosuid,nodev,noatime,errors=remount-ro","/tmp/pigment-db-durability-bench","mutex_file_reference","append_plus_barrier","key_map","file","minimal_callback","1","32","5","1","1024","1027644658","996.453387","1014543","0"
"reference-protocol-v4-20260807-155736","6d7edc7c29a60a94c59effeeb2b78d8b95038135","default-hasher:de0de3506157cdeb","rustc 1.97.0 (2d8144b78 2026-07-07)","x86_64-unknown-linux-gnu","Linux 7.0.11-76070011-generic x86_64","Intel(R) Core(TM) Ultra 7 155H","/dev/nvme0n1p3[/tmp] ext4   rw,nosuid,nodev,noatime,errors=remount-ro","/tmp/pigment-db-durability-bench","mutex_file_reference","append_plus_barrier","key_map","file","minimal_callback","1","32","5","2","1024","1038681696","985.865067","993189","0"
"reference-protocol-v4-20260807-155736","6d7edc7c29a60a94c59effeeb2b78d8b95038135","default-hasher:de0de3506157cdeb","rustc 1.97.0 (2d8144b78 2026-07-07)","x86_64-unknown-linux-gnu","Linux 7.0.11-76070011-generic x86_64","Intel(R) Core(TM) Ultra 7 155H","/dev/nvme0n1p3[/tmp] ext4   rw,nosuid,nodev,noatime,errors=remount-ro","/tmp/pigment-db-durability-bench","mutex_file_reference","append_plus_barrier","key_map","file","minimal_callback","1","32","5","3","1024","1061802297","964.397989","1072707","0"
"reference-protocol-v4-20260807-155736","6d7edc7c29a60a94c59effeeb2b78d8b95038135","default-hasher:de0de3506157cdeb","rustc 1.97.0 (2d8144b78 2026-07-07)","x86_64-unknown-linux-gnu","Linux 7.0.11-76070011-generic x86_64","Intel(R) Core(TM) Ultra 7 155H","/dev/nvme0n1p3[/tmp] ext4   rw,nosuid,nodev,noatime,errors=remount-ro","/tmp/pigment-db-durability-bench","mutex_file_reference","append_plus_barrier","key_map","file","minimal_callback","1","32","5","4","1024","1052933930","972.520659","991918","0"
"reference-protocol-v4-20260807-155736","6d7edc7c29a60a94c59effeeb2b78d8b95038135","default-hasher:de0de3506157cdeb","rustc 1.97.0 (2d8144b78 2026-07-07)","x86_64-unknown-linux-gnu","Linux 7.0.11-76070011-generic x86_64","Intel(R) Core(TM) Ultra 7 155H","/dev/nvme0n1p3[/tmp] ext4   rw,nosuid,nodev,noatime,errors=remount-ro","/tmp/pigment-db-durability-bench","mutex_file_reference","append_plus_barrier","key_map","file","minimal_callback","1","32","5","5","1024","1276703598","802.065571","2795306","0"
"reference-protocol-v4-20260807-155736","6d7edc7c29a60a94c59effeeb2b78d8b95038135","default-hasher:de0de3506157cdeb","rustc 1.97.0 (2d8144b78 2026-07-07)","x86_64-unknown-linux-gnu","Linux 7.0.11-76070011-generic x86_64","Intel(R) Core(TM) Ultra 7 155H","/dev/nvme0n1p3[/tmp] ext4   rw,nosuid,nodev,noatime,errors=remount-ro","/tmp/pigment-db-durability-bench","mutex_file_reference","append_plus_barrier","key_map","file","minimal_callback","1","32","5","6","1024","1035726788","988.677721","1022520","0"
"reference-protocol-v4-20260807-155736","6d7edc7c29a60a94c59effeeb2b78d8b95038135","default-hasher:de0de3506157cdeb","rustc 1.97.0 (2d8144b78 2026-07-07)","x86_64-unknown-linux-gnu","Linux 7.0.11-76070011-generic x86_64","Intel(R) Core(TM) Ultra 7 155H","/dev/nvme0n1p3[/tmp] ext4   rw,nosuid,nodev,noatime,errors=remount-ro","/tmp/pigment-db-durability-bench","mutex_file_reference","append_plus_barrier","key_map","file","minimal_callback","1","32","5","7","1024","1022236087","1001.725544","986211","0"
"reference-protocol-v4-20260807-155736","6d7edc7c29a60a94c59effeeb2b78d8b95038135","default-hasher:de0de3506157cdeb","rustc 1.97.0 (2d8144b78 2026-07-07)","x86_64-unknown-linux-gnu","Linux 7.0.11-76070011-generic x86_64","Intel(R) Core(TM) Ultra 7 155H","/dev/nvme0n1p3[/tmp] ext4   rw,nosuid,nodev,noatime,errors=remount-ro","/tmp/pigment-db-durability-bench","mutex_file_reference","append_plus_barrier","key_map","file","minimal_callback","1","32","5","8","1024","1025922997","998.125593","1015439","0"
"reference-protocol-v4-20260807-155736","6d7edc7c29a60a94c59effeeb2b78d8b95038135","default-hasher:de0de3506157cdeb","rustc 1.97.0 (2d8144b78 2026-07-07)","x86_64-unknown-linux-gnu","Linux 7.0.11-76070011-generic x86_64","Intel(R) Core(TM) Ultra 7 155H","/dev/nvme0n1p3[/tmp] ext4   rw,nosuid,nodev,noatime,errors=remount-ro","/tmp/pigment-db-durability-bench","mutex_file_reference","append_plus_barrier","key_map","file","minimal_callback","1","32","5","9","1024","1036472649","987.966254","993082","0"
"reference-protocol-v4-20260807-155736","6d7edc7c29a60a94c59effeeb2b78d8b95038135","default-hasher:de0de3506157cdeb","rustc 1.97.0 (2d8144b78 2026-07-07)","x86_64-unknown-linux-gnu","Linux 7.0.11-76070011-generic x86_64","Intel(R) Core(TM) Ultra 7 155H","/dev/nvme0n1p3[/tmp] ext4   rw,nosuid,nodev,noatime,errors=remount-ro","/tmp/pigment-db-durability-bench","mutex_file_reference","append_plus_barrier","key_map","file","minimal_callback","1","32","5","10","1024","1023632226","1000.359283","1009138","0"
"reference-protocol-v4-20260807-155736","6d7edc7c29a60a94c59effeeb2b78d8b95038135","default-hasher:de0de3506157cdeb","rustc 1.97.0 (2d8144b78 2026-07-07)","x86_64-unknown-linux-gnu","Linux 7.0.11-76070011-generic x86_64","Intel(R) Core(TM) Ultra 7 155H","/dev/nvme0n1p3[/tmp] ext4   rw,nosuid,nodev,noatime,errors=remount-ro","/tmp/pigment-db-durability-bench","mutex_file_reference","append_plus_barrier","key_map","file","minimal_callback","8","32","5","0","1024","1077261254","950.558647","13773831","0"
"reference-protocol-v4-20260807-155736","6d7edc7c29a60a94c59effeeb2b78d8b95038135","default-hasher:de0de3506157cdeb","rustc 1.97.0 (2d8144b78 2026-07-07)","x86_64-unknown-linux-gnu","Linux 7.0.11-76070011-generic x86_64","Intel(R) Core(TM) Ultra 7 155H","/dev/nvme0n1p3[/tmp] ext4   rw,nosuid,nodev,noatime,errors=remount-ro","/tmp/pigment-db-durability-bench","mutex_file_reference","append_plus_barrier","key_map","file","minimal_callback","8","32","5","1","1024","1076013466","951.660953","13714905","0"
"reference-protocol-v4-20260807-155736","6d7edc7c29a60a94c59effeeb2b78d8b95038135","default-hasher:de0de3506157cdeb","rustc 1.97.0 (2d8144b78 2026-07-07)","x86_64-unknown-linux-gnu","Linux 7.0.11-76070011-generic x86_64","Intel(R) Core(TM) Ultra 7 155H","/dev/nvme0n1p3[/tmp] ext4   rw,nosuid,nodev,noatime,errors=remount-ro","/tmp/pigment-db-durability-bench","mutex_file_reference","append_plus_barrier","key_map","file","minimal_callback","8","32","5","2","1024","1077061984","950.734512","13695079","0"
"reference-protocol-v4-20260807-155736","6d7edc7c29a60a94c59effeeb2b78d8b95038135","default-hasher:de0de3506157cdeb","rustc 1.97.0 (2d8144b78 2026-07-07)","x86_64-unknown-linux-gnu","Linux 7.0.11-76070011-generic x86_64","Intel(R) Core(TM) Ultra 7 155H","/dev/nvme0n1p3[/tmp] ext4   rw,nosuid,nodev,noatime,errors=remount-ro","/tmp/pigment-db-durability-bench","mutex_file_reference","append_plus_barrier","key_map","file","minimal_callback","8","32","5","3","1024","1080292689","947.891262","13631904","0"
"reference-protocol-v4-20260807-155736","6d7edc7c29a60a94c59effeeb2b78d8b95038135","default-hasher:de0de3506157cdeb","rustc 1.97.0 (2d8144b78 2026-07-07)","x86_64-unknown-linux-gnu","Linux 7.0.11-76070011-generic x86_64","Intel(R) Core(TM) Ultra 7 155H","/dev/nvme0n1p3[/tmp] ext4   rw,nosuid,nodev,noatime,errors=remount-ro","/tmp/pigment-db-durability-bench","mutex_file_reference","append_plus_barrier","key_map","file","minimal_callback","8","32","5","4","1024","1075417117","952.188675","13294054","0"
"reference-protocol-v4-20260807-155736","6d7edc7c29a60a94c59effeeb2b78d8b95038135","default-hasher:de0de3506157cdeb","rustc 1.97.0 (2d8144b78 2026-07-07)","x86_64-unknown-linux-gnu","Linux 7.0.11-76070011-generic x86_64","Intel(R) Core(TM) Ultra 7 155H","/dev/nvme0n1p3[/tmp] ext4   rw,nosuid,nodev,noatime,errors=remount-ro","/tmp/pigment-db-durability-bench","mutex_file_reference","append_plus_barrier","key_map","file","minimal_callback","8","32","5","5","1024","1076593744","951.148013","12895992","0"
"reference-protocol-v4-20260807-155736","6d7edc7c29a60a94c59effeeb2b78d8b95038135","default-hasher:de0de3506157cdeb","rustc 1.97.0 (2d8144b78 2026-07-07)","x86_64-unknown-linux-gnu","Linux 7.0.11-76070011-generic x86_64","Intel(R) Core(TM) Ultra 7 155H","/dev/nvme0n1p3[/tmp] ext4   rw,nosuid,nodev,noatime,errors=remount-ro","/tmp/pigment-db-durability-bench","mutex_file_reference","append_plus_barrier","key_map","file","minimal_callback","8","32","5","6","1024","1040778045","983.879325","10082636","0"
"reference-protocol-v4-20260807-155736","6d7edc7c29a60a94c59effeeb2b78d8b95038135","default-hasher:de0de3506157cdeb","rustc 1.97.0 (2d8144b78 2026-07-07)","x86_64-unknown-linux-gnu","Linux 7.0.11-76070011-generic x86_64","Intel(R) Core(TM) Ultra 7 155H","/dev/nvme0n1p3[/tmp] ext4   rw,nosuid,nodev,noatime,errors=remount-ro","/tmp/pigment-db-durability-bench","mutex_file_reference","append_plus_barrier","key_map","file","minimal_callback","8","32","5","7","1024","1075915189","951.747880","12096374","0"
"reference-protocol-v4-20260807-155736","6d7edc7c29a60a94c59effeeb2b78d8b95038135","default-hasher:de0de3506157cdeb","rustc 1.97.0 (2d8144b78 2026-07-07)","x86_64-unknown-linux-gnu","Linux 7.0.11-76070011-generic x86_64","Intel(R) Core(TM) Ultra 7 155H","/dev/nvme0n1p3[/tmp] ext4   rw,nosuid,nodev,noatime,errors=remount-ro","/tmp/pigment-db-durability-bench","mutex_file_reference","append_plus_barrier","key_map","file","minimal_callback","8","32","5","8","1024","1077373590","950.459534","13543210","0"
"reference-protocol-v4-20260807-155736","6d7edc7c29a60a94c59effeeb2b78d8b95038135","default-hasher:de0de3506157cdeb","rustc 1.97.0 (2d8144b78 2026-07-07)","x86_64-unknown-linux-gnu","Linux 7.0.11-76070011-generic x86_64","Intel(R) Core(TM) Ultra 7 155H","/dev/nvme0n1p3[/tmp] ext4   rw,nosuid,nodev,noatime,errors=remount-ro","/tmp/pigment-db-durability-bench","mutex_file_reference","append_plus_barrier","key_map","file","minimal_callback","8","32","5","9","1024","1046760104","978.256619","13046735","0"
"reference-protocol-v4-20260807-155736","6d7edc7c29a60a94c59effeeb2b78d8b95038135","default-hasher:de0de3506157cdeb","rustc 1.97.0 (2d8144b78 2026-07-07)","x86_64-unknown-linux-gnu","Linux 7.0.11-76070011-generic x86_64","Intel(R) Core(TM) Ultra 7 155H","/dev/nvme0n1p3[/tmp] ext4   rw,nosuid,nodev,noatime,errors=remount-ro","/tmp/pigment-db-durability-bench","mutex_file_reference","append_plus_barrier","key_map","file","minimal_callback","8","32","5","10","1024","1085462157","943.376969","12950856","0"
